month,date,variant,cutoff_month,remaining_reserves_start_msm3oe,production_forecast_msm3oe,remaining_reserves_end_msm3oe,production_was_clipped,fuel_gas_forecast_msm3,fuel_gas_forecast_sm3,fuel_forecast_method,fuel_source_field,fuel_zero_from_month,fuel_zero_override_applied,production_forecast_msm3oe_q10,production_forecast_msm3oe_q30,production_forecast_msm3oe_q50,production_forecast_msm3oe_q70,production_forecast_msm3oe_q90,fuel_gas_forecast_msm3_q10,fuel_gas_forecast_msm3_q30,fuel_gas_forecast_msm3_q50,fuel_gas_forecast_msm3_q70,fuel_gas_forecast_msm3_q90,remaining_reserves_end_msm3oe_q10,remaining_reserves_end_msm3oe_q30,remaining_reserves_end_msm3oe_q50,remaining_reserves_end_msm3oe_q70,remaining_reserves_end_msm3oe_q90
2026-04,2026-04-01,global_mlp,2026-03,12.518446,0.11709554865956306,12.401350498199463,False,0.0,0.0,reported_conditioned_mlp,EDVARD GRIEG,,False,0.0827200248837471,0.10282767713069915,0.11709554865956306,0.13553897887468336,0.1646699473261833,0.0,0.0,0.0,0.140926194190979,0.3741230428218843,12.353776168823241,12.382907104492187,12.401350498199463,12.415617942810059,12.435726070404053
2026-05,2026-05-01,global_mlp,2026-03,12.518446,0.10964280366897583,12.295180797576904,False,0.0,0.0,reported_conditioned_mlp,EDVARD GRIEG,,False,0.07458658814430237,0.0919090449810028,0.10964280366897583,0.1309683412313461,0.16252187639474872,0.0,0.0,0.0,0.14313598126173013,0.4042687416076661,12.197793006896973,12.25083818435669,12.295180797576904,12.320903396606445,12.354935836791991
2026-06,2026-06-01,global_mlp,2026-03,12.518446,0.1036750003695488,12.19050931930542,False,0.0,0.0,reported_conditioned_mlp,EDVARD GRIEG,,False,0.06623109951615334,0.08560315072536469,0.1036750003695488,0.12241809889674186,0.15570051223039627,0.0,0.0,0.0,0.1011007584631443,0.3705587238073352,12.049481773376465,12.133937072753906,12.19050931930542,12.234689807891845,12.281677150726319
2026-07,2026-07-01,global_mlp,2026-03,12.518446,0.10517585277557373,12.085742473602295,False,0.0,0.0,reported_conditioned_mlp,EDVARD GRIEG,,False,0.06258801482617855,0.08493574485182762,0.10517585277557373,0.1268222615122795,0.15870332419872285,0.0,0.0,0.0,0.1473835438489913,0.4310416251420976,11.897325134277343,12.005668926239014,12.085742473602295,12.149515438079835,12.212810802459718
2026-08,2026-08-01,global_mlp,2026-03,12.518446,0.09658680111169815,11.981975078582764,False,0.0,0.0,reported_conditioned_mlp,EDVARD GRIEG,,False,0.05771347396075726,0.0763937383890152,0.09658680111169815,0.12641079723834991,0.16055123805999758,0.0,0.0,0.0,0.08925037384033195,0.42556098401546494,11.740922355651856,11.883109092712402,11.981975078582764,12.074761962890625,12.1476544380188
2026-09,2026-09-01,global_mlp,2026-03,12.518446,0.09609679877758026,11.879352569580078,False,0.0,0.0,reported_conditioned_mlp,EDVARD GRIEG,,False,0.0529497116804123,0.07403326034545898,0.09609679877758026,0.12702545523643488,0.1571648553013802,0.0,0.0,0.0,0.14152022451162333,0.45811446607112905,11.591596031188965,11.755894756317138,11.879352569580078,11.998114585876465,12.088203239440919
2026-10,2026-10-01,global_mlp,2026-03,12.518446,0.09568297490477562,11.775137901306152,False,0.0,0.0,reported_conditioned_mlp,EDVARD GRIEG,,False,0.04967255964875222,0.07209315076470375,0.09568297490477562,0.12367340624332424,0.15843722075223923,0.0,0.0,0.0,0.13848455548286434,0.5603631496429443,11.437858390808106,11.643467903137207,11.775137901306152,11.92646017074585,12.022882461547852
2026-11,2026-11-01,global_mlp,2026-03,12.518446,0.09679515659809113,11.678646564483643,False,0.0,0.0,reported_conditioned_mlp,EDVARD GRIEG,,False,0.04796675965189934,0.06979701891541482,0.09679515659809113,0.11994526237249373,0.15753144025802612,0.0,0.0,0.0,0.012622094713151455,0.28776159584522326,11.290636920928955,11.5267183303833,11.678646564483643,11.85694751739502,11.966556549072266
2026-12,2026-12-01,global_mlp,2026-03,12.518446,0.1020098626613617,11.581257820129395,False,0.0,0.0,reported_conditioned_mlp,EDVARD GRIEG,,False,0.042664821818470956,0.07074044272303581,0.1020098626613617,0.12984961420297622,0.16494136154651645,0.0,0.0,0.0,0.0,0.2348560586571694,11.121407985687256,11.400761127471924,11.581257820129395,11.775155830383301,11.90925579071045
2027-01,2027-01-01,global_mlp,2026-03,12.518446,0.09940166771411896,11.473423480987549,False,0.0,0.0,reported_conditioned_mlp,EDVARD GRIEG,,False,0.03804599866271019,0.06750715747475625,0.09940166771411896,0.12841620743274687,0.1635624945163727,0.0,0.0,0.0,0.0,0.2614814609289173,10.964642524719238,11.283721351623536,11.473423480987549,11.69227352142334,11.853384304046632
2027-02,2027-02-01,global_mlp,2026-03,12.518446,0.09694802388548851,11.370241641998291,False,0.0,0.0,reported_conditioned_mlp,EDVARD GRIEG,,False,0.03218387179076672,0.06609086170792579,0.09694802388548851,0.1246045134961605,0.16439622938632967,0.0,0.0,0.0,0.0,0.3168578296899797,10.8136568069458,11.151390838623048,11.370241641998291,11.623157310485839,11.797516345977783
2027-03,2027-03-01,global_mlp,2026-03,12.518446,0.09078693017363548,11.272482872009277,False,0.0,0.0,reported_conditioned_mlp,EDVARD GRIEG,,False,0.02312730289995671,0.05791927948594093,0.09078693017363548,0.11860792934894561,0.16097002774477007,0.0,0.0,0.0,0.0173084028065204,0.36109767854213715,10.66399164199829,11.0320574760437,11.272482872009277,11.571100234985352,11.758005523681641
2027-04,2027-04-01,global_mlp,2026-03,12.518446,0.08067784830927849,11.189466953277588,False,0.0,0.0,reported_conditioned_mlp,EDVARD GRIEG,,False,0.038828295096755026,0.060433464124798775,0.08067784830927849,0.10750492960214614,0.13933559805154802,0.0,0.0,0.0,0.1692007198929786,0.5005869269371034,10.526743698120118,10.92455768585205,11.189466953277588,11.506233024597167,11.698622131347657
2027-05,2027-05-01,global_mlp,2026-03,12.518446,0.07390834391117096,11.114797115325928,False,0.0,0.0,reported_conditioned_mlp,EDVARD GRIEG,,False,0.03291238807141781,0.05535244084894656,0.07390834391117096,0.09560548439621921,0.13339938074350358,0.0,0.0,0.0,0.1843680113554,0.559451174736023,10.395515632629394,10.81722812652588,11.114797115325928,11.462596988677978,11.657818508148194
2027-06,2027-06-01,global_mlp,2026-03,12.518446,0.06962712481617928,11.03939151763916,False,0.0,0.0,reported_conditioned_mlp,EDVARD GRIEG,,False,0.02888408489525318,0.05154647305607796,0.06962712481617928,0.09321086555719374,0.12959867864847185,0.0,0.0,0.0,0.1588992625474929,0.48380278646945957,10.311016273498534,10.731051063537597,11.03939151763916,11.397667694091798,11.624730491638184
2027-07,2027-07-01,global_mlp,2026-03,12.518446,0.06866085529327393,10.970149993896484,False,0.0,0.0,reported_conditioned_mlp,EDVARD GRIEG,,False,0.0263405729085207,0.05181297063827515,0.06866085529327393,0.09346153363585467,0.1265301153063775,0.0,0.0,0.0,0.1755831986665723,0.4935004353523258,10.20311803817749,10.644916534423828,10.970149993896484,11.335245609283447,11.582766342163087
2027-08,2027-08-01,global_mlp,2026-03,12.518446,0.06760150194168091,10.897403717041016,False,0.0,0.0,reported_conditioned_mlp,EDVARD GRIEG,,False,0.02513181269168854,0.048697354272007935,0.06760150194168091,0.09023386910557744,0.13070808798074723,0.0,0.0,0.0,0.07689713910222047,0.37171835899353034,10.093156433105468,10.572408294677734,10.897403717041016,11.279872512817382,11.547958374023438
2027-09,2027-09-01,global_mlp,2026-03,12.518446,0.06784223765134811,10.842663764953613,False,0.0,0.0,reported_conditioned_mlp,EDVARD GRIEG,,False,0.02379890661686659,0.047199472784996026,0.06784223765134811,0.09184609055519102,0.13784005790948878,0.0,0.0,0.0,0.11977471411228176,0.4681065678596497,9.967562580108643,10.501291751861572,10.842663764953613,11.231839656829834,11.512892818450927
2027-10,2027-10-01,global_mlp,2026-03,12.518446,0.06751254573464394,10.77828073501587,False,0.0,0.0,reported_conditioned_mlp,EDVARD GRIEG,,False,0.01851328499615193,0.044706976413726805,0.06751254573464394,0.09231456145644186,0.13195132166147233,0.0,0.0,0.0,0.12166436761617652,0.45930356383323667,9.868201637268067,10.423574829101563,10.77828073501587,11.167148971557618,11.472618675231933
2027-11,2027-11-01,global_mlp,2026-03,12.518446,0.06613625213503838,10.7276029586792,False,0.0,0.0,reported_conditioned_mlp,EDVARD GRIEG,,False,0.01761575173586607,0.04200449511408805,0.06613625213503838,0.09075584486126895,0.14416159838438036,0.0,0.0,0.0,0.02345806155353775,0.31413901150226603,9.765128993988037,10.34886302947998,10.7276029586792,11.108517837524413,11.44889039993286
2027-12,2027-12-01,global_mlp,2026-03,12.518446,0.06525983661413193,10.643186092376709,False,0.0,0.0,reported_conditioned_mlp,EDVARD GRIEG,,False,0.01909545324742794,0.04249535016715526,0.06525983661413193,0.09772120639681814,0.1418701618909836,0.0,0.0,0.0,0.0,0.1988489270210266,9.676708889007568,10.255120944976806,10.643186092376709,11.042840194702148,11.410215473175048
2028-01,2028-01-01,global_mlp,2026-03,12.518446,0.06631742790341377,10.5910964012146,False,0.0,0.0,reported_conditioned_mlp,EDVARD GRIEG,,False,0.012873176019638777,0.03938301429152489,0.06631742790341377,0.09762886092066765,0.1421764612197876,0.0,0.0,0.0,0.007468228042125671,0.3230901867151261,9.543613815307618,10.152823448181152,10.5910964012146,11.001340770721436,11.380443668365478
2028-02,2028-02-01,global_mlp,2026-03,12.518446,0.06604312732815742,10.511346817016602,False,0.0,0.0,reported_conditioned_mlp,EDVARD GRIEG,,False,0.01211850475519896,0.039453475549817076,0.06604312732815742,0.09445917829871175,0.1421864077448845,0.0,0.0,0.0,0.011229800153523654,0.41701925098896037,9.419937419891358,10.081257724761963,10.511346817016602,10.933958053588867,11.364426803588868
2028-03,2028-03-01,global_mlp,2026-03,12.518446,0.06160174869000912,10.440869808197021,False,0.0,0.0,reported_conditioned_mlp,EDVARD GRIEG,,False,0.00984969483688474,0.03787739425897598,0.06160174869000912,0.09050867110490798,0.14082937687635425,0.0,0.0,0.0,0.022912333533167687,0.4023576796054841,9.309055042266845,9.991687393188476,10.440869808197021,10.892276954650878,11.326932334899903
2028-04,2028-04-01,global_mlp,2026-03,12.518446,0.0585577841848135,10.379027366638184,False,0.0,0.0,reported_conditioned_mlp,EDVARD GRIEG,,False,0.018725579790771007,0.03844606876373291,0.0585577841848135,0.08220838010311125,0.13165136128664018,0.0,0.0,0.0,0.24809064716100654,0.6349488973617562,9.21492567062378,9.909384441375732,10.379027366638184,10.82727689743042,11.297658157348632
2028-05,2028-05-01,global_mlp,2026-03,12.518446,0.05367371253669262,10.316773891448975,False,0.0,0.0,reported_conditioned_mlp,EDVARD GRIEG,,False,0.016471168771386147,0.03761016465723514,0.05367371253669262,0.07472543865442276,0.12154549509286881,0.0,0.0,0.0,0.2584772616624832,0.6838906884193422,9.120311546325684,9.831498908996583,10.316773891448975,10.789991474151611,11.264840507507325
2028-06,2028-06-01,global_mlp,2026-03,12.518446,0.05338117852807045,10.262311458587646,False,0.0,0.0,reported_conditioned_mlp,EDVARD GRIEG,,False,0.016457599960267546,0.03532039150595665,0.05338117852807045,0.07310338914394375,0.12382361516356474,0.0,0.0,0.0,0.20872973799705477,0.5800940036773682,9.014118003845216,9.765927505493163,10.262311458587646,10.717476654052733,11.239843463897705
2028-07,2028-07-01,global_mlp,2026-03,12.518446,0.05222717858850956,10.199257373809814,False,0.0,0.0,reported_conditioned_mlp,EDVARD GRIEG,,False,0.012779926043003799,0.03448634408414364,0.05222717858850956,0.07695364207029341,0.11925197467207915,0.0,0.0,0.0,0.2873496830463409,0.6587608397006991,8.915386867523193,9.668225574493409,10.199257373809814,10.674923706054686,11.231404113769532
2028-08,2028-08-01,global_mlp,2026-03,12.518446,0.047808464616537094,10.142834663391113,False,0.0,0.0,reported_conditioned_mlp,EDVARD GRIEG,,False,0.009680489636957649,0.03155489601194858,0.047808464616537094,0.07418586313724516,0.11856265142560006,0.0,0.0,0.0,0.1496911212801933,0.5695335030555729,8.833238220214843,9.61644926071167,10.142834663391113,10.638937950134277,11.21883430480957
2028-09,2028-09-01,global_mlp,2026-03,12.518446,0.05001821555197239,10.087397575378418,False,0.0,0.0,reported_conditioned_mlp,EDVARD GRIEG,,False,0.006227133190259339,0.030655750073492527,0.05001821555197239,0.07336539551615709,0.12195485457777977,0.0,0.0,0.0,0.1683206737041472,0.6195507168769839,8.69239559173584,9.548919677734375,10.087397575378418,10.587753105163575,11.200459003448486
2028-10,2028-10-01,global_mlp,2026-03,12.518446,0.04555036872625351,10.039099216461182,False,0.0,0.0,reported_conditioned_mlp,EDVARD GRIEG,,False,0.00617263549938798,0.027013289183378218,0.04555036872625351,0.06811396405100821,0.11731255128979685,0.0,0.0,0.0,0.17042388767004002,0.6501752674579621,8.592172622680664,9.49068841934204,10.039099216461182,10.561468982696534,11.184298229217529
2028-11,2028-11-01,global_mlp,2026-03,12.518446,0.043628865852952003,9.99635362625122,False,0.0,0.0,reported_conditioned_mlp,EDVARD GRIEG,,False,0.006348822498694062,0.027105702459812163,0.043628865852952003,0.07041118219494817,0.11345181763172152,0.0,0.0,0.0,0.013330812100320978,0.38992125391960164,8.484321212768554,9.399697399139404,9.99635362625122,10.52104148864746,11.160927772521973
2028-12,2028-12-01,global_mlp,2026-03,12.518446,0.044059501960873604,9.949398040771484,False,0.0,0.0,reported_conditioned_mlp,EDVARD GRIEG,,False,0.0018344515352509943,0.025682514905929564,0.044059501960873604,0.07378193065524101,0.11770448014140131,0.0,0.0,0.0,0.0,0.3474155128002167,8.375584506988526,9.338878726959228,9.949398040771484,10.489396572113037,11.134198093414307
2029-01,2029-01-01,global_mlp,2026-03,12.518446,0.0471950639039278,9.899832248687744,False,0.0,0.0,reported_conditioned_mlp,EDVARD GRIEG,,False,0.0004900647967588171,0.026435503922402855,0.0471950639039278,0.07114003449678416,0.127913336455822,0.0,0.0,0.0,0.0,0.43981139659881596,8.260526084899903,9.279518127441406,9.899832248687744,10.480579853057861,11.116453647613525
2029-02,2029-02-01,global_mlp,2026-03,12.518446,0.0436773095279932,9.856039047241211,False,0.0,0.0,reported_conditioned_mlp,EDVARD GRIEG,,False,0.0,0.02422500345855951,0.0436773095279932,0.07273723706603044,0.12363948523998261,0.0,0.0,0.0,0.004863877105526462,0.4406224578619012,8.156353855133057,9.224407863616943,9.856039047241211,10.441937160491943,11.116453647613525
2029-03,2029-03-01,global_mlp,2026-03,12.518446,0.04290980473160744,9.797497272491455,False,0.0,0.0,reported_conditioned_mlp,EDVARD GRIEG,,False,0.0001032432410283952,0.020401244051754464,0.04290980473160744,0.06830825507640838,0.12383565604686737,0.0,0.0,0.0,0.08470617756247494,0.4522451043128968,8.03676462173462,9.158160781860351,9.797497272491455,10.413917350769044,11.10697774887085
2029-04,2029-04-01,global_mlp,2026-03,12.518446,0.03955287113785744,9.75218677520752,False,0.08378060534596443,83780.60534596443,reported_conditioned_mlp,EDVARD GRIEG,,False,0.009376201964914798,0.025903257541358464,0.03955287113785744,0.06206357032060622,0.1050010971724987,0.0,0.0,0.08378060534596443,0.40217363536357864,0.9208686530590059,7.936812973022461,9.094838047027588,9.75218677520752,10.375056171417235,11.065717887878417
2029-05,2029-05-01,global_mlp,2026-03,12.518446,0.03982829675078392,9.703871250152588,False,0.0,0.0,reported_conditioned_mlp,EDVARD GRIEG,,False,0.007006907416507602,0.02387661579996347,0.03982829675078392,0.05860599540174005,0.09476016461849213,0.0,0.0,0.0,0.29991225898265833,0.7877602517604829,7.860763263702393,9.019930648803712,9.703871250152588,10.342378234863281,11.047324180603027
2029-06,2029-06-01,global_mlp,2026-03,12.518446,0.037561941891908646,9.671937942504883,False,0.0,0.0,reported_conditioned_mlp,EDVARD GRIEG,,False,0.004602164728567006,0.022953119128942483,0.037561941891908646,0.05756011754274367,0.09336075484752655,0.0,0.0,0.0,0.28201461434364306,0.5898092329502106,7.7814126968383786,8.993050289154052,9.671937942504883,10.307756996154785,11.036939907073975
2029-07,2029-07-01,global_mlp,2026-03,12.518446,0.035436131060123444,9.645012855529785,False,0.0,0.0,reported_conditioned_mlp,EDVARD GRIEG,,False,0.001176978263538331,0.019906768575310704,0.035436131060123444,0.05532860681414603,0.09493441730737687,0.0,0.0,0.0,0.33221683204174,0.7724028527736667,7.6992017269134525,8.951373481750489,9.645012855529785,10.27038345336914,11.0179292678833
2029-08,2029-08-01,global_mlp,2026-03,12.518446,0.0344358179718256,9.620545864105225,False,0.0,0.0,reported_conditioned_mlp,EDVARD GRIEG,,False,0.0,0.017017884366214257,0.0344358179718256,0.056786477193236345,0.08893814310431482,0.0,0.0,0.0,0.15704493969678857,0.5433881163597112,7.655409955978394,8.913595294952392,9.620545864105225,10.213601207733154,10.97857608795166
2029-09,2029-09-01,global_mlp,2026-03,12.518446,0.03587808273732662,9.597294330596924,False,0.0,0.0,reported_conditioned_mlp,EDVARD GRIEG,,False,0.0011281234910711663,0.017845307290554044,0.03587808273732662,0.054439109936356526,0.08937918320298195,0.0,0.0,0.0,0.19051675796508738,0.5646180331707001,7.600541067123413,8.844088268280029,9.597294330596924,10.189057064056396,10.954374694824219
2029-10,2029-10-01,global_mlp,2026-03,12.518446,0.031361913308501244,9.583632469177246,False,0.0,0.0,reported_conditioned_mlp,EDVARD GRIEG,,False,0.0,0.015477531682699918,0.031361913308501244,0.05481840781867504,0.09675185829401017,0.0,0.0,0.0,0.2751151919364928,0.8438182651996615,7.506418704986572,8.781128120422363,9.583632469177246,10.142966365814207,10.93535852432251
2029-11,2029-11-01,global_mlp,2026-03,12.518446,0.03428901173174381,9.55355453491211,False,0.0,0.0,reported_conditioned_mlp,EDVARD GRIEG,,False,0.0,0.01593262683600187,0.03428901173174381,0.05418757013976573,0.09422195777297022,0.0,0.0,0.0,0.08052179515361782,0.4683623671531679,7.436103391647339,8.727762222290039,9.55355453491211,10.127347087860107,10.92212791442871
2029-12,2029-12-01,global_mlp,2026-03,12.518446,0.032566580921411514,9.537652015686035,False,0.0,0.0,reported_conditioned_mlp,EDVARD GRIEG,,False,0.0,0.014359393157064913,0.032566580921411514,0.056605418398976315,0.0933044366538525,0.0,0.0,0.0,0.0,0.3248985022306444,7.364472723007202,8.680874919891357,9.537652015686035,10.096423244476318,10.888805580139161
2030-01,2030-01-01,global_mlp,2026-03,12.518446,0.03387912176549435,9.510334491729736,False,0.0,0.0,reported_conditioned_mlp,EDVARD GRIEG,,False,0.0,0.017375458776950837,0.03387912176549435,0.05664729103446006,0.09401424601674083,0.0,0.0,0.0,0.001165460818446996,0.3280146479606629,7.287345218658447,8.620365715026855,9.510334491729736,10.053822708129882,10.872930717468261
2030-02,2030-02-01,global_mlp,2026-03,12.518446,0.03367367759346962,9.487589836120605,False,0.0,0.0,reported_conditioned_mlp,EDVARD GRIEG,,False,0.0,0.01551525555551052,0.03367367759346962,0.055716903135180455,0.08989268466830254,0.0,0.0,0.0,0.021856077387928913,0.5156639099121096,7.219218969345093,8.534326553344727,9.487589836120605,10.036353302001952,10.856700611114501
2030-03,2030-03-01,global_mlp,2026-03,12.518446,0.028652542270720005,9.433095932006836,False,0.0,0.0,reported_conditioned_mlp,EDVARD GRIEG,,False,0.0,0.009814194496721029,0.028652542270720005,0.049750449880957594,0.09208531305193905,0.0,0.0,0.0,0.05250729955732771,0.5796031892299658,7.113489294052124,8.477702140808105,9.433095932006836,10.019274520874022,10.841649723052978
2030-04,2030-04-01,global_mlp,2026-03,12.518446,0.030600497499108315,9.411157608032227,False,0.1018138937652111,101813.8937652111,reported_conditioned_mlp,EDVARD GRIEG,,False,0.0025252470746636416,0.01706397123634815,0.030600497499108315,0.04825946763157843,0.08509392812848092,0.0,0.0,0.1018138937652111,0.4541092693805692,0.9951077520847328,7.029330587387085,8.441126537322997,9.411157608032227,9.9978533744812,10.811216640472413
2030-05,2030-05-01,global_mlp,2026-03,12.518446,0.028627741150557995,9.398948669433594,False,0.0,0.0,reported_conditioned_mlp,EDVARD GRIEG,,False,0.004241778398863974,0.016810766421258446,0.028627741150557995,0.04556317143142221,0.07257065773010254,0.0,0.0,0.0,0.4421343684196472,0.8416480004787446,6.955389928817749,8.394037246704102,9.398948669433594,9.961797714233398,10.802941989898681
2030-06,2030-06-01,global_mlp,2026-03,12.518446,0.028225595131516457,9.370898723602295,False,0.0,0.0,reported_conditioned_mlp,EDVARD GRIEG,,False,0.0029190384317189463,0.016510052420198918,0.028225595131516457,0.0446661602705717,0.0781414143741131,0.0,0.0,0.0,0.35692864954471576,0.6708106815814974,6.894115304946899,8.351667785644532,9.370898723602295,9.940104770660401,10.774465465545655
2030-07,2030-07-01,global_mlp,2026-03,12.518446,0.02756828162819147,9.326537132263184,False,0.0,0.0,reported_conditioned_mlp,EDVARD GRIEG,,False,0.0011533891665749254,0.015169051475822924,0.02756828162819147,0.04187638647854326,0.07100861594080927,0.0,0.0,0.0,0.4093960344791409,0.8903997957706452,6.843175601959229,8.302396869659423,9.326537132263184,9.908060550689697,10.74078187942505
2030-08,2030-08-01,global_mlp,2026-03,12.518446,0.024226326495409012,9.301058292388916,False,0.0,0.0,reported_conditioned_mlp,EDVARD GRIEG,,False,0.0009702912997454412,0.013228979520499706,0.024226326495409012,0.03924163654446602,0.07185050174593934,0.0,0.0,0.0,0.22536169588565827,0.6170004963874821,6.798271036148071,8.27863426208496,9.301058292388916,9.885391044616698,10.727000617980957
2030-09,2030-09-01,global_mlp,2026-03,12.518446,0.025953632779419422,9.27722454071045,False,0.0,0.0,reported_conditioned_mlp,EDVARD GRIEG,,False,0.0,0.012629203218966722,0.025953632779419422,0.04149576164782047,0.07375623658299447,0.0,0.0,0.0,0.31771480441093436,0.863391810655595,6.752918386459351,8.2501859664917,9.27722454071045,9.860031795501708,10.711001205444337
2030-10,2030-10-01,global_mlp,2026-03,12.518446,0.023812713101506233,9.247889518737793,False,0.0,0.0,reported_conditioned_mlp,EDVARD GRIEG,,False,0.0,0.01055255467072129,0.023812713101506233,0.039580490440130234,0.06958229243755343,0.0,0.0,0.0,0.3780559301376341,1.035120534896851,6.695756673812866,8.218603515625,9.247889518737793,9.84250087738037,10.68785972595215
2030-11,2030-11-01,global_mlp,2026-03,12.518446,0.02373595628887415,9.211184978485107,False,0.0,0.0,reported_conditioned_mlp,EDVARD GRIEG,,False,0.0,0.011250888090580698,0.02373595628887415,0.04048388339579105,0.08077599629759792,0.0,0.0,0.0,0.1462575301527976,0.5196166932582861,6.648362350463867,8.200289630889893,9.211184978485107,9.807897186279297,10.680669784545898
2030-12,2030-12-01,global_mlp,2026-03,12.518446,0.021038050763309002,9.148516178131104,False,0.0,0.0,reported_conditioned_mlp,EDVARD GRIEG,,False,0.0,0.009423977788537739,0.021038050763309002,0.03871962651610372,0.07614514753222466,0.0,0.0,0.0,0.05700515471398827,0.47866674661636355,6.59251127243042,8.157254409790038,9.148516178131104,9.790603733062744,10.670793533325195
2031-01,2031-01-01,global_mlp,2026-03,12.518446,0.025377484038472176,9.135459899902344,False,0.0,0.0,reported_conditioned_mlp,EDVARD GRIEG,,False,0.0,0.009113746415823696,0.025377484038472176,0.03916620463132858,0.07507594600319863,0.0,0.0,0.0,0.07288534268736838,0.6338093459606172,6.5219627857208256,8.14290838241577,9.135459899902344,9.755338382720947,10.650444412231446
2031-02,2031-02-01,global_mlp,2026-03,12.518446,0.02383953519165516,9.125106811523438,False,0.0,0.0,reported_conditioned_mlp,EDVARD GRIEG,,False,0.0,0.009346968680620193,0.02383953519165516,0.04037452675402164,0.08036768212914466,0.0,0.0,0.0,0.09788347333669642,0.6476720213890078,6.4570732593536375,8.104724979400634,9.125106811523438,9.743875503540037,10.631332015991212
2031-03,2031-03-01,global_mlp,2026-03,12.518446,0.02176811173558235,9.081262111663818,False,0.0,0.0,reported_conditioned_mlp,EDVARD GRIEG,,False,0.0,0.006634615454822777,0.02176811173558235,0.03580241538584232,0.07335701286792756,0.0,0.0,0.0,0.17788003534078564,0.6636049866676335,6.388095760345459,8.080094718933106,9.081262111663818,9.710462951660157,10.613433933258058
2031-04,2031-04-01,global_mlp,2026-03,12.518446,0.02392770256847143,9.050725936889648,False,0.06467581912875175,64675.819128751755,reported_conditioned_mlp,EDVARD GRIEG,,False,0.0028862723149359233,0.013606959767639634,0.02392770256847143,0.037700625881552687,0.07195037454366686,0.0,0.0,0.06467581912875175,0.5148730039596557,1.1246002435684213,6.3385378360748295,8.023854827880859,9.050725936889648,9.688545227050781,10.58821725845337
2031-05,2031-05-01,global_mlp,2026-03,12.518446,0.02277152892202139,9.031496524810791,False,0.0,0.0,reported_conditioned_mlp,EDVARD GRIEG,,False,0.0011649011285044255,0.012928566243499516,0.02277152892202139,0.03826909661293029,0.06836841404438024,0.0,0.0,0.0,0.4243143618106839,0.9018954277038576,6.303474283218384,7.976042604446411,9.031496524810791,9.678516483306884,10.569368648529053
2031-06,2031-06-01,global_mlp,2026-03,12.518446,0.022491839714348316,8.999270915985107,False,0.0,0.0,reported_conditioned_mlp,EDVARD GRIEG,,False,0.00017923474879353343,0.009322570078074929,0.022491839714348316,0.036306998133659354,0.07144827768206596,0.0,0.0,0.0,0.28749422729015345,0.6854828596115115,6.252411937713624,7.928496980667115,8.999270915985107,9.669121742248535,10.555109214782716
2031-07,2031-07-01,global_mlp,2026-03,12.518446,0.02368120104074478,8.978584289550781,False,0.0,0.0,reported_conditioned_mlp,EDVARD GRIEG,,False,0.0,0.01078731296584009,0.02368120104074478,0.039033279940485936,0.07213329970836639,0.0,0.0,0.0,0.3844076752662658,0.8338847219944,6.208679294586182,7.90689058303833,8.978584289550781,9.639822101593017,10.546854305267335
2031-08,2031-08-01,global_mlp,2026-03,12.518446,0.01982173975557089,8.9380784034729,False,0.0,0.0,reported_conditioned_mlp,EDVARD GRIEG,,False,0.0,0.0058865484781563246,0.01982173975557089,0.03482351489365101,0.06380287781357767,0.0,0.0,0.0,0.18455180525779707,0.7560855150222779,6.151095008850098,7.886529922485352,8.9380784034729,9.617845249176025,10.532147979736328
2031-09,2031-09-01,global_mlp,2026-03,12.518446,0.020100031048059464,8.89907455444336,False,0.0,0.0,reported_conditioned_mlp,EDVARD GRIEG,,False,0.0,0.006096237897872924,0.020100031048059464,0.03798345290124416,0.06700047031044962,0.0,0.0,0.0,0.29070447683334344,0.8086638450622563,6.09853367805481,7.8658558368682865,8.89907455444336,9.590908336639405,10.513351726531983
2031-10,2031-10-01,global_mlp,2026-03,12.518446,0.015358977019786835,8.89611291885376,False,0.0,0.0,reported_conditioned_mlp,EDVARD GRIEG,,False,0.0,0.003561406047083436,0.015358977019786835,0.032727858796715734,0.06215194538235665,0.0,0.0,0.0,0.36444228291511493,0.985882329940796,5.998086595535279,7.839051818847656,8.89611291885376,9.584754753112794,10.50828857421875
2031-11,2031-11-01,global_mlp,2026-03,12.518446,0.019821416586637497,8.8535475730896,False,0.0,0.0,reported_conditioned_mlp,EDVARD GRIEG,,False,0.0,0.005460432870313521,0.019821416586637497,0.037606387212872495,0.06798956841230393,0.0,0.0,0.0,0.09311354160308838,0.6403129041194917,5.922316932678223,7.801689767837524,8.8535475730896,9.5667893409729,10.5000545501709
2031-12,2031-12-01,global_mlp,2026-03,12.518446,0.019739419221878052,8.82669973373413,False,0.0,0.0,reported_conditioned_mlp,EDVARD GRIEG,,False,0.0,0.002461409778334199,0.019739419221878052,0.03716158680617809,0.06516815871000292,0.0,0.0,0.0,0.0,0.42881902754306833,5.859673404693604,7.760925960540772,8.82669973373413,9.53101224899292,10.483089351654053
2032-01,2032-01-01,global_mlp,2026-03,12.518446,0.01984462793916464,8.787877082824707,False,0.0,0.0,reported_conditioned_mlp,EDVARD GRIEG,,False,0.0,0.0035170559072867035,0.01984462793916464,0.04004293531179428,0.07102138251066209,0.0,0.0,0.0,0.03927521929144809,0.5729688823223116,5.8103992462158205,7.729062700271606,8.787877082824707,9.505313777923583,10.447251987457276
2032-02,2032-02-01,global_mlp,2026-03,12.518446,0.01879331562668085,8.769549369812012,False,0.0,0.0,reported_conditioned_mlp,EDVARD GRIEG,,False,0.0,0.0019226729054935237,0.01879331562668085,0.03803793713450432,0.065084046125412,0.0,0.0,0.0,0.0355097487568855,0.5570347368717196,5.771013879776001,7.70881290435791,8.769549369812012,9.497847557067871,10.429559516906739
2032-03,2032-03-01,global_mlp,2026-03,12.518446,0.01580144464969635,8.74417495727539,False,0.0,0.0,reported_conditioned_mlp,EDVARD GRIEG,,False,0.0,0.0,0.01580144464969635,0.033619192242622366,0.061965619400143626,0.0,0.0,0.0,0.11218592375516864,0.7756784856319439,5.7469888687133786,7.681541013717651,8.74417495727539,9.491780281066895,10.426010608673096
2032-04,2032-04-01,global_mlp,2026-03,12.518446,0.0197290126234293,8.712999820709229,False,0.18570271879434586,185702.71879434586,reported_conditioned_mlp,EDVARD GRIEG,,False,0.0,0.010854062531143427,0.0197290126234293,0.03330764956772327,0.05325904600322247,0.0,0.0,0.18570271879434586,0.6488333106040953,1.2427365899086,5.7120836734771725,7.659404850006103,8.712999820709229,9.470415019989014,10.409382057189942
2032-05,2032-05-01,global_mlp,2026-03,12.518446,0.020122749730944633,8.676416873931885,False,0.0006879098946228623,687.9098946228623,reported_conditioned_mlp,EDVARD GRIEG,,False,0.0,0.010759941488504409,0.020122749730944633,0.031513052433729156,0.05275124870240692,0.0,0.0,0.0006879098946228623,0.5316904366016385,0.9871287107467653,5.680736970901489,7.624211645126342,8.676416873931885,9.460550308227539,10.397235012054443
2032-06,2032-06-01,global_mlp,2026-03,12.518446,0.019508044235408306,8.662138938903809,False,0.0,0.0,reported_conditioned_mlp,EDVARD GRIEG,,False,0.0,0.009753407817333935,0.019508044235408306,0.03123149219900369,0.05534858852624894,0.0,0.0,0.0,0.3764521092176434,0.8124891042709351,5.655877780914307,7.600742244720459,8.662138938903809,9.449106788635254,10.370001029968263
2032-07,2032-07-01,global_mlp,2026-03,12.518446,0.019669638946652412,8.636705875396729,False,0.0,0.0,reported_conditioned_mlp,EDVARD GRIEG,,False,0.0,0.007378782844170927,0.019669638946652412,0.031366994604468346,0.05409206114709378,0.0,0.0,0.0,0.49018974304199214,1.0094023108482364,5.627649116516113,7.58393406867981,8.636705875396729,9.439659881591796,10.338888454437257
2032-08,2032-08-01,global_mlp,2026-03,12.518446,0.01648489572107792,8.629026412963867,False,0.0,0.0,reported_conditioned_mlp,EDVARD GRIEG,,False,0.0,0.005013884603977203,0.01648489572107792,0.029104838892817494,0.04961208179593088,0.0,0.0,0.0,0.29348148703575117,0.8552770912647252,5.609953546524048,7.568408584594726,8.629026412963867,9.43139009475708,10.302106380462646
2032-09,2032-09-01,global_mlp,2026-03,12.518446,0.017160845920443535,8.615063667297363,False,0.0,0.0,reported_conditioned_mlp,EDVARD GRIEG,,False,0.0,0.00614342256449163,0.017160845920443535,0.03176062256097793,0.05443469323217873,0.0,0.0,0.0,0.38102175891399365,0.9478363990783694,5.590913915634156,7.529243421554566,8.615063667297363,9.39191493988037,10.271449565887451
2032-10,2032-10-01,global_mlp,2026-03,12.518446,0.015112252440303564,8.594110488891602,False,0.026675020344555378,26675.020344555378,reported_conditioned_mlp,EDVARD GRIEG,,False,0.0,0.005008255923166869,0.015112252440303564,0.02797142229974269,0.05312792323529723,0.0,0.0,0.026675020344555378,0.5208944797515868,1.1346454143524174,5.562050437927246,7.466379928588867,8.594110488891602,9.379152965545654,10.252739143371583
2032-11,2032-11-01,global_mlp,2026-03,12.518446,0.015434418804943562,8.563089847564697,False,0.0,0.0,reported_conditioned_mlp,EDVARD GRIEG,,False,0.0,0.005402553966268896,0.015434418804943562,0.03122184537351131,0.05580732263624668,0.0,0.0,0.0,0.19263017028570156,0.7020045816898347,5.537301635742188,7.432256126403808,8.563089847564697,9.343327808380126,10.217901134490967
2032-12,2032-12-01,global_mlp,2026-03,12.518446,0.01642854232341051,8.551406383514404,False,0.0,0.0,reported_conditioned_mlp,EDVARD GRIEG,,False,0.0,0.0010280223330482827,0.01642854232341051,0.030877278000116328,0.0537280447781086,0.0,0.0,0.0,0.012987089343368877,0.4261659175157549,5.4808948040008545,7.4096221923828125,8.551406383514404,9.333731269836425,10.210179996490478
2033-01,2033-01-01,global_mlp,2026-03,12.518446,0.016498603858053684,8.533991813659668,False,0.0,0.0,reported_conditioned_mlp,EDVARD GRIEG,,False,0.0,0.0011838452483061666,0.016498603858053684,0.03004204966127872,0.060288373753428465,0.0,0.0,0.0,0.10029977187514297,0.5049173355102541,5.455089950561524,7.379724216461182,8.533991813659668,9.317906188964844,10.207866287231445
2033-02,2033-02-01,global_mlp,2026-03,12.518446,0.01732123363763094,8.525625705718994,False,0.0,0.0,reported_conditioned_mlp,EDVARD GRIEG,,False,0.0,0.0,0.01732123363763094,0.029051110707223392,0.05476168915629387,0.0,0.0,0.0,0.12421750947833042,0.6829805910587313,5.448693656921387,7.362617492675781,8.525625705718994,9.287951278686524,10.173102855682373
2033-03,2033-03-01,global_mlp,2026-03,12.518446,0.014039384201169014,8.513811588287354,False,0.0,0.0,reported_conditioned_mlp,EDVARD GRIEG,,False,0.0,0.0,0.014039384201169014,0.030176904797554,0.051947233453393,0.0,0.0,0.0,0.21849568635225272,0.8635413944721223,5.446321725845337,7.331807994842529,8.513811588287354,9.260015773773194,10.155845451354981
2033-04,2033-04-01,global_mlp,2026-03,12.518446,0.019287309609353542,8.483107089996338,False,0.2589346468448639,258934.6468448639,reported_conditioned_mlp,EDVARD GRIEG,,False,0.0,0.009926950931549073,0.019287309609353542,0.02889813892543315,0.04746305085718634,0.0,0.0,0.2589346468448639,0.8839738070964812,1.4961780905723574,5.417264366149903,7.316059732437134,8.483107089996338,9.225875759124756,10.11663465499878
2033-05,2033-05-01,global_mlp,2026-03,12.518446,0.018618466332554817,8.458271503448486,False,0.16050739586353302,160507.39586353302,reported_conditioned_mlp,EDVARD GRIEG,,False,0.0,0.008815797232091426,0.018618466332554817,0.028956471383571623,0.04811412990093232,0.0,0.0,0.16050739586353302,0.7160246670246122,1.2136571764945991,5.3970873832702635,7.296967554092407,8.458271503448486,9.208356380462646,10.095630836486816
2033-06,2033-06-01,global_mlp,2026-03,12.518446,0.01727199461311102,8.446590423583984,False,0.06085037253797054,60850.37253797054,reported_conditioned_mlp,EDVARD GRIEG,,False,0.0,0.007885855063796044,0.01727199461311102,0.02728194650262594,0.04920641779899598,0.0,0.0,0.06085037253797054,0.5043590545654293,0.998124259710312,5.384118318557739,7.265081405639648,8.446590423583984,9.187883186340333,10.078248310089112
2033-07,2033-07-01,global_mlp,2026-03,12.518446,0.014643519651144743,8.428135871887207,False,0.09712877869606018,97128.77869606018,reported_conditioned_mlp,EDVARD GRIEG,,False,0.0,0.005751832155510782,0.014643519651144743,0.026797977648675433,0.04808022491633892,0.0,0.0,0.09712877869606018,0.5413914978504177,1.3464940786361694,5.379001617431641,7.247323083877563,8.428135871887207,9.155108261108397,10.047374629974366
2033-08,2033-08-01,global_mlp,2026-03,12.518446,0.01344660809263587,8.41157865524292,False,0.0,0.0,reported_conditioned_mlp,EDVARD GRIEG,,False,0.0,0.004340423038229342,0.01344660809263587,0.025349934399127954,0.048401989415287984,0.0,0.0,0.0,0.41275597512721995,0.998707133531571,5.361000299453735,7.230085563659668,8.41157865524292,9.14467830657959,10.011881923675539
2033-09,2033-09-01,global_mlp,2026-03,12.518446,0.012166366912424564,8.391863346099854,False,0.0,0.0,reported_conditioned_mlp,EDVARD GRIEG,,False,0.0,0.0016266546561382693,0.012166366912424564,0.027394516393542272,0.04953451454639438,0.0,0.0,0.0,0.4911991655826565,1.1325067281723025,5.315220642089844,7.2227822780609126,8.391863346099854,9.123649501800537,10.00541172027588
2033-10,2033-10-01,global_mlp,2026-03,12.518446,0.010634878650307655,8.368762493133545,False,0.07758358865976334,77583.58865976334,reported_conditioned_mlp,EDVARD GRIEG,,False,0.0,0.0,0.010634878650307655,0.024682635627686973,0.04733498878777028,0.0,0.0,0.07758358865976334,0.6104694724082942,1.5528990507125862,5.292393636703491,7.20126166343689,8.368762493133545,9.090883541107177,10.003055095672607
2033-11,2033-11-01,global_mlp,2026-03,12.518446,0.01261442480608821,8.34023141860962,False,0.0,0.0,reported_conditioned_mlp,EDVARD GRIEG,,False,0.0,0.0002170795545680414,0.01261442480608821,0.025961078144609913,0.05213884748518467,0.0,0.0,0.0,0.22414871901273714,0.760909706354142,5.284990072250366,7.170695972442627,8.34023141860962,9.072360038757324,10.000171947479249
2033-12,2033-12-01,global_mlp,2026-03,12.518446,0.011415885761380196,8.33438491821289,False,0.0,0.0,reported_conditioned_mlp,EDVARD GRIEG,,False,0.0,0.0,0.011415885761380196,0.027053167112171646,0.05601188167929652,0.0,0.0,0.0,0.08602751716971392,0.5342092573642732,5.264737462997437,7.148621320724487,8.33438491821289,9.053484916687012,9.982522010803223
2034-01,2034-01-01,global_mlp,2026-03,12.518446,0.014023846480995417,8.313644409179688,False,0.0,0.0,reported_conditioned_mlp,EDVARD GRIEG,,False,0.0,0.0,0.014023846480995417,0.028739695250987997,0.05308889374136925,0.0,0.0,0.0,0.15394564270973185,0.7564483046531678,5.2186767101287845,7.093021965026855,8.313644409179688,9.033653545379638,9.981371116638183
2034-02,2034-02-01,global_mlp,2026-03,12.518446,0.012666255701333284,8.28428030014038,False,0.0,0.0,reported_conditioned_mlp,EDVARD GRIEG,,False,0.0,0.0,0.012666255701333284,0.029758673347532745,0.05069256573915482,0.0,0.0,0.0,0.17636049985885616,0.713046926259996,5.205520868301392,7.07942304611206,8.28428030014038,9.023322200775146,9.96241626739502
2034-03,2034-03-01,global_mlp,2026-03,12.518446,0.011485768016427755,8.232085704803467,False,0.0,0.0,reported_conditioned_mlp,EDVARD GRIEG,,False,0.0,0.0,0.011485768016427755,0.024619500711560247,0.04919104538857938,0.0,0.0,0.0,0.2372747406363484,0.9316793739795695,5.19517149925232,7.063582086563111,8.232085704803467,9.00720443725586,9.940291690826417
2034-04,2034-04-01,global_mlp,2026-03,12.518446,0.014587196987122297,8.202477931976318,False,0.38502316176891327,385023.16176891327,reported_conditioned_mlp,EDVARD GRIEG,,False,0.0,0.0062787813134491405,0.014587196987122297,0.024554100818932053,0.044297249615192415,0.0,0.0,0.38502316176891327,1.0815053582191467,1.6841475009918216,5.181848001480103,7.052181148529052,8.202477931976318,8.989746189117431,9.938709735870361
2034-05,2034-05-01,global_mlp,2026-03,12.518446,0.015089384280145168,8.160941123962402,False,0.22007714956998825,220077.14956998825,reported_conditioned_mlp,EDVARD GRIEG,,False,0.0,0.007313044415786861,0.015089384280145168,0.02342971600592136,0.04282205998897553,0.0,0.0,0.22007714956998825,0.7565252542495726,1.3703627824783327,5.148377180099487,7.039296531677246,8.160941123962402,8.977421379089355,9.929259109497071
2034-06,2034-06-01,global_mlp,2026-03,12.518446,0.013394825626164675,8.124400615692139,False,0.20768442749977112,207684.42749977112,reported_conditioned_mlp,EDVARD GRIEG,,False,0.0,0.005169357080012559,0.013394825626164675,0.02536458820104599,0.04957477822899819,0.0,0.0,0.20768442749977112,0.5645370483398434,1.1123966336250306,5.1235603332519535,7.012183427810669,8.124400615692139,8.965015506744384,9.8934401512146
2034-07,2034-07-01,global_mlp,2026-03,12.518446,0.013785366900265217,8.074106693267822,False,0.15957748889923096,159577.48889923096,reported_conditioned_mlp,EDVARD GRIEG,,False,0.0,0.004737171949818729,0.013785366900265217,0.023863879404962055,0.0447219330817461,0.0,0.0,0.15957748889923096,0.7127976357936858,1.222722399234772,5.075273561477661,6.978139400482178,8.074106693267822,8.964290523529053,9.873575973510743
2034-08,2034-08-01,global_mlp,2026-03,12.518446,0.011214855127036572,8.032401084899902,False,0.0553408470004797,55340.8470004797,reported_conditioned_mlp,EDVARD GRIEG,,False,0.0,0.001834022381808608,0.011214855127036572,0.02332869637757539,0.04274163581430913,0.0,0.0,0.0553408470004797,0.46480273604392985,1.0768356204032898,5.066230821609497,6.9508161544799805,8.032401084899902,8.951902484893798,9.872097206115722
2034-09,2034-09-01,global_mlp,2026-03,12.518446,0.012851244304329157,8.014679431915283,False,0.07497457042336464,74974.57042336464,reported_conditioned_mlp,EDVARD GRIEG,,False,0.0,0.0020989497657865276,0.012851244304329157,0.023158020153641698,0.044760994985699666,0.0,0.0,0.07497457042336464,0.6313772261142728,1.327425599098206,5.063564682006836,6.91297755241394,8.014679431915283,8.943314266204833,9.84207639694214
2034-10,2034-10-01,global_mlp,2026-03,12.518446,0.00908202352002263,8.006047248840332,False,0.26050934195518494,260509.34195518494,reported_conditioned_mlp,EDVARD GRIEG,,False,0.0,0.00017707511578919348,0.00908202352002263,0.020234208181500433,0.042433626577258125,0.0,0.0,0.26050934195518494,0.7458717942237854,1.4280906796455386,5.026849317550659,6.871492099761963,8.006047248840332,8.92746467590332,9.822616004943848
2034-11,2034-11-01,global_mlp,2026-03,12.518446,0.011952824890613556,8.006047248840332,False,0.0,0.0,reported_conditioned_mlp,EDVARD GRIEG,,False,0.0,8.155124742188359e-05,0.011952824890613556,0.023771721683442593,0.04950445964932442,0.0,0.0,0.0,0.3510509759187698,1.0773272037506105,5.005845355987549,6.824772119522095,8.006047248840332,8.912693500518799,9.822616004943848
2034-12,2034-12-01,global_mlp,2026-03,12.518446,0.011797354556620121,8.006047248840332,False,0.0,0.0,reported_conditioned_mlp,EDVARD GRIEG,,False,0.0,0.0,0.011797354556620121,0.02353426422923803,0.04741891473531724,0.0,0.0,0.0,0.16860574185848234,0.6321956872940067,5.00269570350647,6.819565916061401,8.006047248840332,8.897364139556885,9.821543979644776
2035-01,2035-01-01,global_mlp,2026-03,12.518446,0.014100166037678719,7.991893291473389,False,0.0,0.0,reported_conditioned_mlp,EDVARD GRIEG,,False,0.0,0.0,0.014100166037678719,0.02498070020228624,0.05354952961206436,0.0,0.0,0.0,0.26222374141216276,0.7998833119869233,4.9590491771698,6.773496437072754,7.991893291473389,8.865588951110839,9.819996452331544
2035-02,2035-02-01,global_mlp,2026-03,12.518446,0.01126064546406269,7.983289480209351,False,0.0,0.0,reported_conditioned_mlp,EDVARD GRIEG,,False,0.0,0.0,0.01126064546406269,0.02488801889121531,0.04882377758622171,0.0,0.0,0.0,0.2893189579248425,0.822903472185135,4.9454567432403564,6.730541229248047,7.983289480209351,8.846219062805176,9.787060356140138
2035-03,2035-03-01,global_mlp,2026-03,12.518446,0.00959097221493721,7.953771591186523,False,0.0,0.0,reported_conditioned_mlp,EDVARD GRIEG,,False,0.0,0.0,0.00959097221493721,0.022277400270104407,0.0458353940397501,0.0,0.0,0.0,0.4065960615873335,1.1337675809860237,4.910075950622558,6.727366018295288,7.953771591186523,8.835768890380859,9.767489814758301
2035-04,2035-04-01,global_mlp,2026-03,12.518446,0.01583980955183506,7.926783084869385,False,0.4506816565990448,450681.6565990448,reported_conditioned_mlp,EDVARD GRIEG,,False,0.0,0.007682950980961323,0.01583980955183506,0.025120452418923377,0.046876474469900155,0.0,0.0,0.4506816565990448,1.111824595928192,1.8430620908737183,4.835966873168945,6.697558355331421,7.926783084869385,8.8290864944458,9.76188497543335
2035-05,2035-05-01,global_mlp,2026-03,12.518446,0.016577583737671375,7.891643524169922,False,0.12096980586647987,120969.80586647987,reported_conditioned_mlp,EDVARD GRIEG,,False,0.0,0.006959167495369911,0.016577583737671375,0.02746088691055773,0.048916374146938335,0.0,0.0,0.12096980586647987,0.8722279310226435,1.516563737392426,4.816168689727784,6.695508098602295,7.891643524169922,8.825201797485352,9.752149200439453
2035-06,2035-06-01,global_mlp,2026-03,12.518446,0.014789974316954613,7.885030508041382,False,0.0,0.0,reported_conditioned_mlp,EDVARD GRIEG,,False,0.0,0.007214146526530381,0.014789974316954613,0.027635003998875616,0.049987900257110605,0.0,0.0,0.0,0.6590514123439787,1.1781190872192384,4.788759851455689,6.688003396987915,7.885030508041382,8.819530582427978,9.74050989151001
2035-07,2035-07-01,global_mlp,2026-03,12.518446,0.013943945989012718,7.870777368545532,False,0.0,0.0,reported_conditioned_mlp,EDVARD GRIEG,,False,0.0,0.004581014532595867,0.013943945989012718,0.02555814757943152,0.045992171391844756,0.0,0.0,0.0,0.7537617862224575,1.4094876527786255,4.780235481262208,6.674152088165283,7.870777368545532,8.79031467437744,9.705202007293702
2035-08,2035-08-01,global_mlp,2026-03,12.518446,0.013179096393287182,7.8624255657196045,False,0.0,0.0,reported_conditioned_mlp,EDVARD GRIEG,,False,0.0,0.0018011803622357539,0.013179096393287182,0.023212311416864393,0.047690391167998315,0.0,0.0,0.0,0.49347201287746384,1.1130157947540285,4.771313905715943,6.630666971206665,7.8624255657196045,8.774915885925292,9.701781749725344
2035-09,2035-09-01,global_mlp,2026-03,12.518446,0.015177292749285698,7.850461006164551,False,0.04581875912845135,45818.75912845135,reported_conditioned_mlp,EDVARD GRIEG,,False,0.0,0.0013213684898801138,0.015177292749285698,0.02595356330275534,0.04949751906096937,0.0,0.0,0.04581875912845135,0.668794226646423,1.2837304949760442,4.763027954101563,6.599698972702026,7.850461006164551,8.757023334503174,9.700750350952148
2035-10,2035-10-01,global_mlp,2026-03,12.518446,0.012535900808870792,7.826003074645996,False,0.27884627878665924,278846.27878665924,reported_conditioned_mlp,EDVARD GRIEG,,False,0.0,0.000764763250481336,0.012535900808870792,0.023997762054204935,0.045019628852605825,0.0,0.0,0.27884627878665924,0.9093884110450744,1.6579711318016062,4.736285686492921,6.579848337173462,7.826003074645996,8.745129489898682,9.69833288192749
2035-11,2035-11-01,global_mlp,2026-03,12.518446,0.013259108178317547,7.789214611053467,False,0.0,0.0,reported_conditioned_mlp,EDVARD GRIEG,,False,0.0,0.0013688720588106579,0.013259108178317547,0.026492481864988773,0.05142743550240994,0.0,0.0,0.0,0.39378188550472254,1.1404016017913825,4.731424236297608,6.542621231079101,7.789214611053467,8.72292423248291,9.697877120971679
2035-12,2035-12-01,global_mlp,2026-03,12.518446,0.013097275979816914,7.779399394989014,False,0.0,0.0,reported_conditioned_mlp,EDVARD GRIEG,,False,0.0,0.0,0.013097275979816914,0.025163447111845018,0.046662812307477,0.0,0.0,0.0,0.17259177118539787,0.7203797936439517,4.7003058910369875,6.5093889236450195,7.779399394989014,8.705244731903075,9.690808391571045
2036-01,2036-01-01,global_mlp,2026-03,12.518446,0.01593366265296936,7.750744104385376,False,0.0,0.0,reported_conditioned_mlp,EDVARD GRIEG,,False,0.0,0.0013464381685480472,0.01593366265296936,0.029090533405542372,0.051020342856645584,0.0,0.0,0.0,0.21268047243356675,1.0261838436126711,4.668621253967285,6.470321798324584,7.750744104385376,8.686923027038574,9.675784015655518
2036-02,2036-02-01,global_mlp,2026-03,12.518446,0.013245157431811094,7.719219923019409,False,0.0,0.0,reported_conditioned_mlp,EDVARD GRIEG,,False,0.0,0.00015947505889925937,0.013245157431811094,0.025861556641757467,0.04889129549264908,0.0,0.0,0.0,0.27448417544364895,0.9456416487693791,4.635539102554321,6.44403600692749,7.719219923019409,8.639822387695313,9.662251472473145
2036-03,2036-03-01,global_mlp,2026-03,12.518446,0.011915212962776423,7.7057044506073,False,0.0,0.0,reported_conditioned_mlp,EDVARD GRIEG,,False,0.0,0.0,0.011915212962776423,0.023496487177908417,0.045508637651801125,0.0,0.0,0.0,0.42694536745548184,1.2158547639846804,4.611964416503906,6.442821359634399,7.7057044506073,8.612703323364258,9.64984073638916
2036-04,2036-04-01,global_mlp,2026-03,12.518446,0.016031806357204914,7.6870856285095215,False,0.21333038061857224,213330.38061857224,reported_conditioned_mlp,EDVARD GRIEG,,False,0.0,0.008067528065294028,0.016031806357204914,0.024577040784060946,0.042845039814710634,0.0,0.0,0.21333038061857224,0.9592075943946822,1.8039549708366396,4.567293167114258,6.4238677501678465,7.6870856285095215,8.583671283721923,9.593934917449952
2036-05,2036-05-01,global_mlp,2026-03,12.518446,0.014789863023906946,7.680369138717651,False,0.0,0.0,reported_conditioned_mlp,EDVARD GRIEG,,False,0.0,0.006891699507832527,0.014789863023906946,0.025434875302016734,0.041202935576438914,0.0,0.0,0.0,0.8643930613994592,1.5570826411247258,4.536755561828613,6.412914037704467,7.680369138717651,8.572623443603515,9.560677909851075
2036-06,2036-06-01,global_mlp,2026-03,12.518446,0.015419749077409506,7.663444757461548,False,0.0,0.0,reported_conditioned_mlp,EDVARD GRIEG,,False,0.0,0.005606767302379009,0.015419749077409506,0.025987619906663893,0.04197621271014215,0.0,0.0,0.0,0.6574514269828793,1.1754404187202458,4.506660747528077,6.406262588500976,7.663444757461548,8.562689113616944,9.539040565490723
2036-07,2036-07-01,global_mlp,2026-03,12.518446,0.014022442512214184,7.65304970741272,False,0.0,0.0,reported_conditioned_mlp,EDVARD GRIEG,,False,0.0,0.004521688167005777,0.014022442512214184,0.024105326086282727,0.04360442496836186,0.0,0.0,0.0,0.662648057937622,1.4367269992828373,4.481346225738526,6.390587425231933,7.65304970741272,8.55255126953125,9.5379487991333
2036-08,2036-08-01,global_mlp,2026-03,12.518446,0.012069787830114365,7.638535022735596,False,0.0,0.0,reported_conditioned_mlp,EDVARD GRIEG,,False,0.0,0.0017890527145937075,0.012069787830114365,0.022841368056833743,0.04226503297686577,0.0,0.0,0.0,0.5185010373592376,1.2476012706756594,4.462766313552857,6.370836067199707,7.638535022735596,8.546585941314698,9.537770843505859
2036-09,2036-09-01,global_mlp,2026-03,12.518446,0.01217797352001071,7.572156190872192,False,0.0,0.0,reported_conditioned_mlp,EDVARD GRIEG,,False,0.0,0.0019458751892670976,0.01217797352001071,0.022743626311421374,0.04203036464750769,0.0,0.0,0.0,0.6362252950668333,1.5067886590957644,4.448367309570313,6.336185550689697,7.572156190872192,8.528953266143798,9.494546508789064
2036-10,2036-10-01,global_mlp,2026-03,12.518446,0.011750640347599983,7.540926456451416,False,0.12994636595249176,129946.36595249176,reported_conditioned_mlp,EDVARD GRIEG,,False,0.0,3.381322494533375e-05,0.011750640347599983,0.022271279990673062,0.04014908745884895,0.0,0.0,0.12994636595249176,0.8434516489505766,1.6362010002136238,4.434420680999756,6.3158402919769285,7.540926456451416,8.52598304748535,9.472567653656007
2036-11,2036-11-01,global_mlp,2026-03,12.518446,0.012894509360194206,7.520252227783203,False,0.0,0.0,reported_conditioned_mlp,EDVARD GRIEG,,False,0.0,0.0,0.012894509360194206,0.02594413440674543,0.04749798104166986,0.0,0.0,0.0,0.39277034997939986,1.115931785106659,4.403642225265504,6.288168478012085,7.520252227783203,8.519898509979248,9.47101812362671
2036-12,2036-12-01,global_mlp,2026-03,12.518446,0.013722485397011042,7.491999626159668,False,0.0,0.0,reported_conditioned_mlp,EDVARD GRIEG,,False,0.0,0.0007704433810431468,0.013722485397011042,0.026236354559659954,0.04986051544547083,0.0,0.0,0.0,0.19283837527036668,0.8524557650089265,4.373427248001098,6.286511373519898,7.491999626159668,8.487440490722655,9.440087223052979
2037-01,2037-01-01,global_mlp,2026-03,12.518446,0.014292774721980095,7.485383033752441,False,0.0,0.0,reported_conditioned_mlp,EDVARD GRIEG,,False,0.0,3.908589060301829e-05,0.014292774721980095,0.028005345910787554,0.05037463568150998,0.0,0.0,0.0,0.22950278371572483,0.8922543287277229,4.358323955535889,6.279471206665039,7.485383033752441,8.481933307647704,9.430682754516603
2037-02,2037-02-01,global_mlp,2026-03,12.518446,0.013184989336878061,7.472976207733154,False,0.0,0.0,reported_conditioned_mlp,EDVARD GRIEG,,False,0.0,0.0,0.013184989336878061,0.026193394511938084,0.04732223302125931,0.0,0.0,0.0,0.2421993717551231,0.947220540046692,4.357114171981812,6.256498193740844,7.472976207733154,8.440798187255858,9.430530452728272
2037-03,2037-03-01,global_mlp,2026-03,12.518446,0.012060814071446657,7.450271844863892,False,0.0,0.0,reported_conditioned_mlp,EDVARD GRIEG,,False,0.0,0.0,0.012060814071446657,0.024090281501412385,0.04423277191817761,0.0,0.0,0.0,0.40636899173259733,1.11279993057251,4.333270835876465,6.237145042419433,7.450271844863892,8.436787605285643,9.42795114517212
2037-04,2037-04-01,global_mlp,2026-03,12.518446,0.017495608888566494,7.424095392227173,False,0.49746376276016235,497463.76276016235,reported_conditioned_mlp,EDVARD GRIEG,,False,0.0,0.00963778058066964,0.017495608888566494,0.02610033601522445,0.04256248213350776,0.0,0.0,0.49746376276016235,1.1450819134712216,1.8619787693023682,4.314098453521729,6.217430925369262,7.424095392227173,8.423044681549072,9.399132442474365
2037-05,2037-05-01,global_mlp,2026-03,12.518446,0.017222918570041656,7.413780450820923,False,0.15428710728883743,154287.10728883743,reported_conditioned_mlp,EDVARD GRIEG,,False,0.0,0.008474407345056533,0.017222918570041656,0.02589899003505706,0.04171192273497583,0.0,0.0,0.15428710728883743,0.9495182275772095,1.5620923280715946,4.284233951568604,6.1980949401855465,7.413780450820923,8.417991447448731,9.366514015197755
2037-06,2037-06-01,global_mlp,2026-03,12.518446,0.017052155919373035,7.386871099472046,False,0.06661203317344189,66612.03317344189,reported_conditioned_mlp,EDVARD GRIEG,,False,0.0,0.006903137080371378,0.017052155919373035,0.02718316465616226,0.046422341465950034,0.0,0.0,0.06661203317344189,0.702099150419235,1.2256148338317872,4.256280183792114,6.170777606964111,7.386871099472046,8.379156589508057,9.324104309082031
2037-07,2037-07-01,global_mlp,2026-03,12.518446,0.014733413700014353,7.383154392242432,False,0.12906073778867722,129060.73778867722,reported_conditioned_mlp,EDVARD GRIEG,,False,0.0,0.005129052186384796,0.014733413700014353,0.02592489924281835,0.044130751118063936,0.0,0.0,0.12906073778867722,0.78802433013916,1.4110649108886721,4.2363427639007565,6.164957761764526,7.383154392242432,8.337113761901854,9.313853740692139
2037-08,2037-08-01,global_mlp,2026-03,12.518446,0.013846393208950758,7.381507396697998,False,0.008375706151127815,8375.706151127815,reported_conditioned_mlp,EDVARD GRIEG,,False,0.0,0.002471615141257642,0.013846393208950758,0.025592943094670764,0.041851898655295386,0.0,0.0,0.008375706151127815,0.50656658411026,1.0918676376342773,4.2123260498046875,6.136482572555542,7.381507396697998,8.321000099182129,9.292934894561768
2037-09,2037-09-01,global_mlp,2026-03,12.518446,0.013833711855113506,7.379502773284912,False,0.0,0.0,reported_conditioned_mlp,EDVARD GRIEG,,False,0.0,0.0024715875741094335,0.013833711855113506,0.025825804844498618,0.045737745612859725,0.0,0.0,0.0,0.7292975962162013,1.428023719787598,4.198967838287354,6.117979240417481,7.379502773284912,8.312069225311278,9.24784631729126
2037-10,2037-10-01,global_mlp,2026-03,12.518446,0.012342805042862892,7.372252464294434,False,0.1886596381664276,188659.6381664276,reported_conditioned_mlp,EDVARD GRIEG,,False,0.0,0.0022848324384540245,0.012342805042862892,0.022388367168605323,0.0406472533941269,0.0,0.0,0.1886596381664276,0.9199809610843657,1.6738263726234437,4.183957862854004,6.109751558303833,7.372252464294434,8.291950035095214,9.223479652404786
2037-11,2037-11-01,global_mlp,2026-03,12.518446,0.012847344856709242,7.3668859004974365,False,0.0,0.0,reported_conditioned_mlp,EDVARD GRIEG,,False,0.0,0.0014719389379024494,0.012847344856709242,0.026785971410572526,0.045927245914936105,0.0,0.0,0.0,0.46810176968574513,1.1098477125167847,4.16426682472229,6.102925634384155,7.3668859004974365,8.2559757232666,9.19944019317627
2037-12,2037-12-01,global_mlp,2026-03,12.518446,0.013769177254289389,7.361675024032593,False,0.0,0.0,reported_conditioned_mlp,EDVARD GRIEG,,False,0.0,0.002107973094098268,0.013769177254289389,0.02751139272004366,0.04539074301719666,0.0,0.0,0.0,0.24628916233778,0.8270333588123323,4.154775857925415,6.093303394317626,7.361675024032593,8.24678316116333,9.182670593261719
2038-01,2038-01-01,global_mlp,2026-03,12.518446,0.013869484420865774,7.348520278930664,False,0.0,0.0,reported_conditioned_mlp,EDVARD GRIEG,,False,0.0,0.0006643873406574093,0.013869484420865774,0.0289855159819126,0.049185499176383034,0.0,0.0,0.0,0.32369202971458394,0.9984894633293152,4.115033769607544,6.065766239166259,7.348520278930664,8.230747413635253,9.162390327453613
2038-02,2038-02-01,global_mlp,2026-03,12.518446,0.012969971168786287,7.3377461433410645,False,0.0,0.0,reported_conditioned_mlp,EDVARD GRIEG,,False,0.0,0.0,0.012969971168786287,0.025212557613849627,0.047996338829398175,0.0,0.0,0.0,0.3499234706163401,1.082568693161011,4.090210628509522,6.0256311893463135,7.3377461433410645,8.2148943901062,9.14344482421875
2038-03,2038-03-01,global_mlp,2026-03,12.518446,0.011255708988755941,7.333523273468018,False,0.0,0.0,reported_conditioned_mlp,EDVARD GRIEG,,False,0.0,0.0,0.011255708988755941,0.024245359934866425,0.042346815392375003,0.0,0.0,0.0,0.4506194055080402,1.3238386034965515,4.078527307510376,6.009882307052612,7.333523273468018,8.197524833679198,9.135446548461914
2038-04,2038-04-01,global_mlp,2026-03,12.518446,0.015158574562519789,7.313218832015991,False,0.571422815322876,571422.815322876,reported_conditioned_mlp,EDVARD GRIEG,,False,0.0,0.00626816814765334,0.015158574562519789,0.02539325654506683,0.04260910898447037,0.0,0.0,0.571422815322876,1.160063338279724,1.9592203378677375,4.056739330291748,5.98742356300354,7.313218832015991,8.174516582489012,9.113987159729003
2038-05,2038-05-01,global_mlp,2026-03,12.518446,0.014789870008826256,7.2944655418396,False,0.3141799718141556,314179.9718141556,reported_conditioned_mlp,EDVARD GRIEG,,False,0.0,0.006578212697058916,0.014789870008826256,0.02569104991853237,0.04541786313056946,0.0,0.0,0.3141799718141556,1.0037513136863705,1.6289685487747192,4.037153673171997,5.986812734603882,7.2944655418396,8.156961822509766,9.086185932159424
2038-06,2038-06-01,global_mlp,2026-03,12.518446,0.01527665788307786,7.266955375671387,False,0.09155617281794548,91556.17281794548,reported_conditioned_mlp,EDVARD GRIEG,,False,0.0,0.004818606004118918,0.01527665788307786,0.02498280759900807,0.04443178474903108,0.0,0.0,0.09155617281794548,0.7831836104393003,1.3428142905235292,4.018835878372192,5.973607349395752,7.266955375671387,8.140354251861572,9.066616439819336
2038-07,2038-07-01,global_mlp,2026-03,12.518446,0.011731031816452742,7.258700609207153,False,0.15822682529687881,158226.82529687881,reported_conditioned_mlp,EDVARD GRIEG,,False,0.0,0.002857560897246002,0.011731031816452742,0.023225768283009523,0.04440337009727955,0.0,0.0,0.15822682529687881,0.8824894845485687,1.617671573162079,4.0095621109008786,5.972984933853149,7.258700609207153,8.107370662689208,9.049937438964843
2038-08,2038-08-01,global_mlp,2026-03,12.518446,0.012007847893983126,7.240290403366089,False,0.017365762032568455,17365.762032568455,reported_conditioned_mlp,EDVARD GRIEG,,False,0.0,0.0005009096086723726,0.012007847893983126,0.021048844419419763,0.04272076934576037,0.0,0.0,0.017365762032568455,0.6923858106136321,1.3455285787582398,3.986397767066956,5.95265998840332,7.240290403366089,8.085705280303955,9.032289695739745
2038-09,2038-09-01,global_mlp,2026-03,12.518446,0.012079370208084583,7.22670316696167,False,0.11998679488897324,119986.79488897324,reported_conditioned_mlp,EDVARD GRIEG,,False,0.0,0.0011194386170245705,0.012079370208084583,0.02317163925617932,0.045648284628987366,0.0,0.0,0.11998679488897324,0.7319687426090232,1.5561443328857423,3.963543748855591,5.949467658996582,7.22670316696167,8.069832897186279,9.013045501708984
2038-10,2038-10-01,global_mlp,2026-03,12.518446,0.0083038997836411,7.218010902404785,False,0.34960295259952545,349602.95259952545,reported_conditioned_mlp,EDVARD GRIEG,,False,0.0,0.0,0.0083038997836411,0.020803018286824224,0.04332067929208279,0.0,0.0,0.34960295259952545,1.0224607944488524,1.842844092845917,3.944603943824768,5.924630832672119,7.218010902404785,8.05341396331787,8.999140453338624
2038-11,2038-11-01,global_mlp,2026-03,12.518446,0.012015864253044128,7.205852270126343,False,0.05730880796909332,57308.80796909332,reported_conditioned_mlp,EDVARD GRIEG,,False,0.0,0.0,0.012015864253044128,0.02453239411115645,0.05160028785467149,0.0,0.0,0.05730880796909332,0.5471583127975461,1.3727234601974494,3.9223304748535157,5.910411214828491,7.205852270126343,8.053149890899657,8.984755516052246
2038-12,2038-12-01,global_mlp,2026-03,12.518446,0.013754050713032484,7.189862489700317,False,0.0,0.0,reported_conditioned_mlp,EDVARD GRIEG,,False,0.0,0.0010125343920662979,0.013754050713032484,0.02682502474635838,0.052538417652249335,0.0,0.0,0.0,0.2844573289155955,1.0705960035324098,3.8976826906204227,5.9056293010711665,7.189862489700317,8.036750984191894,8.963303279876708
2039-01,2039-01-01,global_mlp,2026-03,12.518446,0.013879410456866026,7.16712760925293,False,0.0,0.0,reported_conditioned_mlp,EDVARD GRIEG,,False,0.0,0.00028625297127291244,0.013879410456866026,0.027417761273682114,0.05175332315266133,0.0,0.0,0.0,0.42154577076435074,1.2033013939857484,3.87366578578949,5.8603868007659905,7.16712760925293,8.00606527328491,8.936917781829834
2039-02,2039-02-01,global_mlp,2026-03,12.518446,0.013905982952564955,7.13721776008606,False,0.0,0.0,reported_conditioned_mlp,EDVARD GRIEG,,False,0.0,0.0,0.013905982952564955,0.02595173493027687,0.05068998225033284,0.0,0.0,0.0,0.3997817158699033,1.3384388685226445,3.866225838661194,5.839076519012451,7.13721776008606,7.988588905334472,8.92308588027954
2039-03,2039-03-01,global_mlp,2026-03,12.518446,0.011096368078142405,7.117677688598633,False,0.0,0.0,reported_conditioned_mlp,EDVARD GRIEG,,False,0.0,0.0,0.011096368078142405,0.022220026701688756,0.04433822967112066,0.0,0.0,0.0,0.5613089501857753,1.6038579463958758,3.824902319908142,5.8262856006622314,7.117677688598633,7.9732660293579105,8.898581218719482
2039-04,2039-04-01,global_mlp,2026-03,12.518446,0.01524355262517929,7.102006196975708,False,0.3756226897239685,375622.6897239685,reported_conditioned_mlp,EDVARD GRIEG,,False,0.0,0.006162796122953294,0.01524355262517929,0.024500663205981252,0.04557301141321661,0.0,0.0,0.3756226897239685,1.2226343631744383,2.1478492975235,3.823150420188904,5.78911075592041,7.102006196975708,7.962871360778808,8.88363733291626
2039-05,2039-05-01,global_mlp,2026-03,12.518446,0.015438749454915524,7.084945917129517,False,0.04673103615641594,46731.03615641594,reported_conditioned_mlp,EDVARD GRIEG,,False,0.0,0.006151196267455816,0.015438749454915524,0.02608777564018965,0.046880334615707404,0.0,0.0,0.04673103615641594,1.0865388393402096,1.9025375962257398,3.820777463912964,5.751110649108886,7.084945917129517,7.943316221237183,8.863114929199218
2039-06,2039-06-01,global_mlp,2026-03,12.518446,0.013607471715658903,7.0745744705200195,False,0.002001864602789283,2001.8646027892828,reported_conditioned_mlp,EDVARD GRIEG,,False,0.0,0.004089516075327992,0.013607471715658903,0.023685362748801706,0.04624067209661009,0.0,0.0,0.002001864602789283,0.789894950389862,1.3597456336021425,3.7463157892227175,5.722235488891601,7.0745744705200195,7.933726358413696,8.85372543334961
2039-07,2039-07-01,global_mlp,2026-03,12.518446,0.01120348321273923,7.064864873886108,False,0.03791121579706669,37911.21579706669,reported_conditioned_mlp,EDVARD GRIEG,,False,0.0,0.001284043304622173,0.01120348321273923,0.022049910388886925,0.044067230820655875,0.0,0.0,0.03791121579706669,0.8691139400005334,1.6177769303321847,3.7333611726760867,5.672086906433106,7.064864873886108,7.9279783248901365,8.85372543334961
2039-08,2039-08-01,global_mlp,2026-03,12.518446,0.01109478622674942,7.046497583389282,False,0.0,0.0,reported_conditioned_mlp,EDVARD GRIEG,,False,0.0,0.0008088819391559796,0.01109478622674942,0.021948092430829992,0.04599046371877193,0.0,0.0,0.0,0.6038384020328521,1.3878984808921826,3.7315867185592655,5.6377403259277346,7.046497583389282,7.914230918884277,8.839060020446778
2039-09,2039-09-01,global_mlp,2026-03,12.518446,0.00915878638625145,7.030141592025757,False,0.0016599870286881924,1659.9870286881924,reported_conditioned_mlp,EDVARD GRIEG,,False,0.0,0.0,0.00915878638625145,0.022699725441634653,0.0466672793030739,0.0,0.0,0.0016599870286881924,0.8431843817234034,1.7394546985626231,3.728908729553223,5.628933143615723,7.030141592025757,7.8990052223205565,8.832824420928956
2039-10,2039-10-01,global_mlp,2026-03,12.518446,0.008066313341259956,7.013890981674194,False,0.032241164706647396,32241.164706647396,reported_conditioned_mlp,EDVARD GRIEG,,False,0.0,0.0,0.008066313341259956,0.020450185984373082,0.0418741412460804,0.0,0.0,0.032241164706647396,0.9396594285964958,2.1592154502868652,3.712628293037415,5.627090978622436,7.013890981674194,7.86315016746521,8.810565376281739
2039-11,2039-11-01,global_mlp,2026-03,12.518446,0.009132872801274061,7.002329111099243,False,0.0,0.0,reported_conditioned_mlp,EDVARD GRIEG,,False,0.0,0.0,0.009132872801274061,0.024540999531745905,0.04833546690642834,0.0,0.0,0.0,0.513864070177078,1.3273939847946168,3.6889739990234376,5.586540269851684,7.002329111099243,7.846158123016356,8.810076332092285
2039-12,2039-12-01,global_mlp,2026-03,12.518446,0.010023431852459908,6.9771411418914795,False,0.0,0.0,reported_conditioned_mlp,EDVARD GRIEG,,False,0.0,0.0,0.010023431852459908,0.02315062321722507,0.04774780347943307,0.0,0.0,0.0,0.34010409712791423,1.1290477514266983,3.6747979879379273,5.57409701347351,6.9771411418914795,7.832358312606811,8.793176078796387
2040-01,2040-01-01,global_mlp,2026-03,12.518446,0.011343562975525856,6.931775093078613,False,0.0,0.0,reported_conditioned_mlp,EDVARD GRIEG,,False,0.0,0.0,0.011343562975525856,0.025887701474130154,0.0484088908880949,0.0,0.0,0.0,0.30742478668689716,1.2922194242477434,3.6707130908966064,5.557308006286621,6.931775093078613,7.809138011932372,8.791468143463135
2040-02,2040-02-01,global_mlp,2026-03,12.518446,0.009518510662019253,6.8928821086883545,False,0.0,0.0,reported_conditioned_mlp,EDVARD GRIEG,,False,0.0,0.0,0.009518510662019253,0.02631322667002676,0.0467184029519558,0.0,0.0,0.0,0.34565996527671794,1.2033871293067937,3.670495367050171,5.539602613449096,6.8928821086883545,7.784768629074096,8.791468143463135
2040-03,2040-03-01,global_mlp,2026-03,12.518446,0.006371348863467574,6.864554405212402,False,0.0,0.0,reported_conditioned_mlp,EDVARD GRIEG,,False,0.0,0.0,0.006371348863467574,0.021570743247866613,0.043978103995323196,0.0,0.0,0.0,0.48533835411071713,1.6360515356063843,3.670495367050171,5.524518156051636,6.864554405212402,7.7655779838562005,8.772510051727295
2040-04,2040-04-01,global_mlp,2026-03,12.518446,0.014252600260078907,6.847574472427368,False,0.40265533328056335,402655.33328056335,reported_conditioned_mlp,EDVARD GRIEG,,False,0.0,0.006787418341264129,0.014252600260078907,0.02171754613518715,0.04336015395820141,0.0,0.0,0.40265533328056335,1.16956728696823,1.8436453819274905,3.669896125793457,5.505658721923828,6.847574472427368,7.750387573242186,8.74590997695923
2040-05,2040-05-01,global_mlp,2026-03,12.518446,0.013584171887487173,6.836604118347168,False,0.10512500628829002,105125.00628829002,reported_conditioned_mlp,EDVARD GRIEG,,False,0.0,0.006462182756513356,0.013584171887487173,0.023800557479262338,0.043282036483287815,0.0,0.0,0.10512500628829002,0.9691135764122009,1.5421110510826115,3.669072127342224,5.489287614822388,6.836604118347168,7.744602155685425,8.721527290344238
2040-06,2040-06-01,global_mlp,2026-03,12.518446,0.012204962316900492,6.83217453956604,False,0.0,0.0,reported_conditioned_mlp,EDVARD GRIEG,,False,0.0,0.005202125059440731,0.012204962316900492,0.02204470504075286,0.04815269559621811,0.0,0.0,0.0,0.7409267246723172,1.3507020354270936,3.643373990058899,5.478084087371826,6.83217453956604,7.730788516998291,8.679785537719727
2040-07,2040-07-01,global_mlp,2026-03,12.518446,0.011028072331100702,6.826147556304932,False,0.0,0.0,reported_conditioned_mlp,EDVARD GRIEG,,False,0.0,0.00252936747856438,0.011028072331100702,0.02083824798464774,0.04435707964003086,0.0,0.0,0.0,0.8241191506385802,1.4934620857238772,3.631345105171204,5.47314076423645,6.826147556304932,7.706441354751586,8.661500072479248
2040-08,2040-08-01,global_mlp,2026-03,12.518446,0.010064955335110426,6.818533420562744,False,0.0,0.0,reported_conditioned_mlp,EDVARD GRIEG,,False,0.0,9.411269129486723e-05,0.010064955335110426,0.02177195027470587,0.04185228645801544,0.0,0.0,0.0,0.6068376719951621,1.1996122002601624,3.545610785484314,5.455465221405029,6.818533420562744,7.673044633865357,8.65027141571045
2040-09,2040-09-01,global_mlp,2026-03,12.518446,0.009881469886749983,6.797405004501343,False,0.0,0.0,reported_conditioned_mlp,EDVARD GRIEG,,False,0.0,0.0,0.009881469886749983,0.021628322824835775,0.04446104802191257,0.0,0.0,0.0,0.7386034786701196,1.5651990413665773,3.5342893600463867,5.438685464859008,6.797405004501343,7.651614665985107,8.61422119140625
2040-10,2040-10-01,global_mlp,2026-03,12.518446,0.009100169874727726,6.78271484375,False,0.04729940742254257,47299.40742254257,reported_conditioned_mlp,EDVARD GRIEG,,False,0.0,0.0,0.009100169874727726,0.021037182584404943,0.04425582066178322,0.0,0.0,0.04729940742254257,0.9645324349403379,1.7209694862365732,3.5196002721786503,5.424431753158569,6.78271484375,7.646171712875366,8.577837371826172
2040-11,2040-11-01,global_mlp,2026-03,12.518446,0.011658099945634604,6.763488531112671,False,0.0,0.0,reported_conditioned_mlp,EDVARD GRIEG,,False,0.0,0.0,0.011658099945634604,0.024499839730560774,0.051161965355277075,0.0,0.0,0.0,0.442467069625854,1.3402612328529362,3.4786816120147708,5.410030460357666,6.763488531112671,7.633077907562256,8.565669441223145
2040-12,2040-12-01,global_mlp,2026-03,12.518446,0.010962281376123428,6.743624210357666,False,0.0,0.0,reported_conditioned_mlp,EDVARD GRIEG,,False,0.0,0.0,0.010962281376123428,0.024006876535713668,0.045238022506237034,0.0,0.0,0.0,0.2402819976210591,0.8442833423614513,3.424764847755432,5.382113075256347,6.743624210357666,7.6242630004882805,8.532779979705811
2041-01,2041-01-01,global_mlp,2026-03,12.518446,0.010276467073708773,6.730297327041626,False,0.0,0.0,reported_conditioned_mlp,EDVARD GRIEG,,False,0.0,0.0,0.010276467073708773,0.02306119520217179,0.0472900077700615,0.0,0.0,0.0,0.2763266742229459,0.9774586498737335,3.368799424171448,5.348754739761352,6.730297327041626,7.6176585197448725,8.505911827087402
2041-02,2041-02-01,global_mlp,2026-03,12.518446,0.011720344424247742,6.706430196762085,False,0.0,0.0,reported_conditioned_mlp,EDVARD GRIEG,,False,0.0,0.0,0.011720344424247742,0.025103748589754078,0.0500242829322815,0.0,0.0,0.0,0.29869998395442926,1.214779543876648,3.3247620820999146,5.334281396865844,6.706430196762085,7.578921794891357,8.480550861358642
2041-03,2041-03-01,global_mlp,2026-03,12.518446,0.010250303894281387,6.690660715103149,False,0.0,0.0,reported_conditioned_mlp,EDVARD GRIEG,,False,0.0,0.0,0.010250303894281387,0.022227873653173445,0.045885121822357176,0.0,0.0,0.0,0.48670900762081093,1.362033796310425,3.263878583908081,5.300803327560424,6.690660715103149,7.567299365997314,8.449205780029297
2041-04,2041-04-01,global_mlp,2026-03,12.518446,0.01505065057426691,6.665860652923584,False,0.4593086838722229,459308.6838722229,reported_conditioned_mlp,EDVARD GRIEG,,False,0.0,0.007679496007040142,0.01505065057426691,0.023639479652047147,0.04278757385909561,0.0,0.0,0.4593086838722229,1.159088134765625,1.9792472600936892,3.216403865814209,5.223329401016235,6.665860652923584,7.534148025512693,8.435593414306641
2041-05,2041-05-01,global_mlp,2026-03,12.518446,0.01407105615362525,6.65070652961731,False,0.09489903599023819,94899.03599023819,reported_conditioned_mlp,EDVARD GRIEG,,False,0.0,0.006783660361543297,0.01407105615362525,0.02348612286150455,0.0436539076268673,0.0,0.0,0.09489903599023819,1.0309134244918818,1.7784834027290357,3.1745901346206664,5.2179341316223145,6.65070652961731,7.498358869552611,8.412132263183594
2041-06,2041-06-01,global_mlp,2026-03,12.518446,0.015620993915945292,6.631679058074951,False,0.03942403942346573,39424.03942346573,reported_conditioned_mlp,EDVARD GRIEG,,False,0.0,0.004831517115235329,0.015620993915945292,0.024108039401471604,0.03999925553798678,0.0,0.0,0.03942403942346573,0.7968852221965789,1.4679280757904054,3.1511997461318972,5.187860918045044,6.631679058074951,7.46007137298584,8.393116855621338
2041-07,2041-07-01,global_mlp,2026-03,12.518446,0.012933640275150537,6.61420202255249,False,0.041289208456873894,41289.208456873894,reported_conditioned_mlp,EDVARD GRIEG,,False,0.0,0.004506958462297914,0.012933640275150537,0.023806305602192858,0.04020294435322285,0.0,0.0,0.041289208456873894,0.8775613546371455,1.6507449626922608,3.1140047311782837,5.170038318634033,6.61420202255249,7.4383530616760245,8.368322849273682
2041-08,2041-08-01,global_mlp,2026-03,12.518446,0.010485559701919556,6.595026969909668,False,0.0,0.0,reported_conditioned_mlp,EDVARD GRIEG,,False,0.0,0.002284750668331981,0.010485559701919556,0.021060727722942825,0.04005503691732887,0.0,0.0,0.0,0.6399946272373197,1.2796293973922743,3.112214517593384,5.123261308670044,6.595026969909668,7.421061372756957,8.357850074768066
2041-09,2041-09-01,global_mlp,2026-03,12.518446,0.011155278887599707,6.570167303085327,False,0.058744775131344795,58744.775131344795,reported_conditioned_mlp,EDVARD GRIEG,,False,0.0,0.0014459033962339145,0.011155278887599707,0.02356160189956426,0.04103649668395524,0.0,0.0,0.058744775131344795,0.7906029820442197,1.74155091047287,3.1110435962677006,5.099495649337768,6.570167303085327,7.4039386749267555,8.33898983001709
2041-10,2041-10-01,global_mlp,2026-03,12.518446,0.009637033101171255,6.535606384277344,False,0.16296710819005966,162967.10819005966,reported_conditioned_mlp,EDVARD GRIEG,,False,0.0,0.0,0.009637033101171255,0.020649707131087776,0.039836329594254524,0.0,0.0,0.16296710819005966,1.1423066616058346,2.00496838092804,3.044304609298706,5.077788639068603,6.535606384277344,7.382753944396972,8.326978302001953
2041-11,2041-11-01,global_mlp,2026-03,12.518446,0.012875403743237257,6.512904405593872,False,0.0,0.0,reported_conditioned_mlp,EDVARD GRIEG,,False,0.0,0.0,0.012875403743237257,0.024604576081037496,0.044391898810863514,0.0,0.0,0.0,0.5959018945693969,1.3859073877334602,3.008927607536316,5.042503213882446,6.512904405593872,7.37305097579956,8.32560691833496
2041-12,2041-12-01,global_mlp,2026-03,12.518446,0.011796485166996717,6.480509996414185,False,0.0,0.0,reported_conditioned_mlp,EDVARD GRIEG,,False,0.0,0.0,0.011796485166996717,0.024006162956357,0.04767922386527063,0.0,0.0,0.0,0.4004066377878188,1.2772375702857974,2.968185639381409,5.02005352973938,6.480509996414185,7.366389989852905,8.317682552337647
2042-01,2042-01-01,global_mlp,2026-03,12.518446,0.01186783704906702,6.461592435836792,False,0.0,0.0,reported_conditioned_mlp,EDVARD GRIEG,,False,0.0,0.0,0.01186783704906702,0.023453569971024987,0.0473511550575495,0.0,0.0,0.0,0.4236699283123016,1.3889966845512391,2.9251997709274296,5.004694557189941,6.461592435836792,7.363672304153442,8.29024362564087
2042-02,2042-02-01,global_mlp,2026-03,12.518446,0.009870965033769608,6.445194959640503,False,0.0,0.0,reported_conditioned_mlp,EDVARD GRIEG,,False,0.0,0.0,0.009870965033769608,0.02458151187747714,0.047580112144351046,0.0,0.0,0.0,0.3915229707956311,1.2354208707809455,2.92207362651825,4.994845914840698,6.445194959640503,7.363672304153442,8.269299793243409
2042-03,2042-03-01,global_mlp,2026-03,12.518446,0.008755593094974756,6.421332120895386,False,0.0,0.0,reported_conditioned_mlp,EDVARD GRIEG,,False,0.0,0.0,0.008755593094974756,0.02153766527771949,0.04134488143026829,0.0,0.0,0.0,0.5189553856849669,1.499737370014191,2.8793447971344,4.990890455245972,6.421332120895386,7.351293659210205,8.246316528320312
2042-04,2042-04-01,global_mlp,2026-03,12.518446,0.015662704594433308,6.386711120605469,False,0.4795389324426651,479538.9324426651,reported_conditioned_mlp,EDVARD GRIEG,,False,0.0,0.008498485293239355,0.015662704594433308,0.02505764123052358,0.04620616137981415,0.0,0.0,0.4795389324426651,1.1864446997642513,2.044879364967347,2.85529112815857,4.980174684524536,6.386711120605469,7.33417854309082,8.244669437408447
2042-05,2042-05-01,global_mlp,2026-03,12.518446,0.015273524913936853,6.33673357963562,False,0.17250283062458038,172502.83062458038,reported_conditioned_mlp,EDVARD GRIEG,,False,0.0,0.007058441080152987,0.015273524913936853,0.02529135849326848,0.04671703316271305,0.0,0.0,0.17250283062458038,1.0253946900367734,1.714164328575135,2.7752210855484014,4.969965076446533,6.33673357963562,7.3015011787414545,8.243301677703858
2042-06,2042-06-01,global_mlp,2026-03,12.518446,0.014297519344836473,6.31682825088501,False,0.009618435055017471,9618.435055017471,reported_conditioned_mlp,EDVARD GRIEG,,False,0.0,0.005502660572528838,0.014297519344836473,0.024652077630162233,0.04745720215141774,0.0,0.0,0.009618435055017471,0.8453474044799792,1.3857680201530458,2.6899206399917603,4.941951751708984,6.31682825088501,7.258190250396728,8.18376159667969
2042-07,2042-07-01,global_mlp,2026-03,12.518446,0.014073384925723076,6.299053430557251,False,0.05346667394042015,53466.67394042015,reported_conditioned_mlp,EDVARD GRIEG,,False,0.0,0.004906293097883459,0.014073384925723076,0.02285906635224819,0.04537087976932526,0.0,0.0,0.05346667394042015,0.854496210813522,1.6236647844314582,2.6561267137527467,4.934153604507446,6.299053430557251,7.239537382125855,8.164116764068606
2042-08,2042-08-01,global_mlp,2026-03,12.518446,0.01148841017857194,6.281450271606445,False,0.0,0.0,reported_conditioned_mlp,EDVARD GRIEG,,False,0.0,0.0006077125086449074,0.01148841017857194,0.022439296916127192,0.04537770897150042,0.0,0.0,0.0,0.5846431136131285,1.3349689841270451,2.6157442331314087,4.91027307510376,6.281450271606445,7.219780206680298,8.141753482818604
2042-09,2042-09-01,global_mlp,2026-03,12.518446,0.012954744510352612,6.281450271606445,False,0.0,0.0,reported_conditioned_mlp,EDVARD GRIEG,,False,0.0,0.0018864260637201367,0.012954744510352612,0.024095659516751754,0.044899836555123335,0.0,0.0,0.0,0.8079410493373866,1.6232926011085513,2.611075592041016,4.900921154022217,6.281450271606445,7.205852460861205,8.1369779586792
2042-10,2042-10-01,global_mlp,2026-03,12.518446,0.011919151525944471,6.265963077545166,False,0.16653817892074585,166538.17892074585,reported_conditioned_mlp,EDVARD GRIEG,,False,0.0,0.0,0.011919151525944471,0.02313192840665579,0.047830484434962295,0.0,0.0,0.16653817892074585,1.055962574481964,2.093536424636841,2.611075592041016,4.894473648071289,6.265963077545166,7.195527172088623,8.11962661743164
2042-11,2042-11-01,global_mlp,2026-03,12.518446,0.013383749406784773,6.225789546966553,False,0.048121122643351555,48121.122643351555,reported_conditioned_mlp,EDVARD GRIEG,,False,0.0,0.0012202177837025287,0.013383749406784773,0.025088396109640587,0.05357357859611511,0.0,0.0,0.048121122643351555,0.6663241863250732,1.545129144191742,2.611075592041016,4.861918544769287,6.225789546966553,7.158289766311645,8.10736484527588
2042-12,2042-12-01,global_mlp,2026-03,12.518446,0.013456829357892275,6.195703744888306,False,0.0,0.0,reported_conditioned_mlp,EDVARD GRIEG,,False,0.0,0.0,0.013456829357892275,0.02661527097225189,0.055066977813839936,0.0,0.0,0.0,0.45833391547202995,1.2894474506378182,2.5801435947418216,4.837449550628662,6.195703744888306,7.139385938644409,8.077672576904298
2043-01,2043-01-01,global_mlp,2026-03,12.518446,0.015629278495907784,6.156678676605225,False,0.0,0.0,reported_conditioned_mlp,EDVARD GRIEG,,False,0.0,0.00016307460464304047,0.015629278495907784,0.029343898221850385,0.05616760961711407,0.0,0.0,0.0,0.465731644630432,1.3312772631645207,2.550608587265015,4.81717209815979,6.156678676605225,7.1193948745727536,8.077672576904298
2043-02,2043-02-01,global_mlp,2026-03,12.518446,0.015459293033927679,6.131243705749512,False,0.0,0.0,reported_conditioned_mlp,EDVARD GRIEG,,False,0.0,0.0,0.015459293033927679,0.027705553174018852,0.052773801609873786,0.0,0.0,0.0,0.4388553619384765,1.3123996615409854,2.5504471302032474,4.804306936264038,6.131243705749512,7.092026424407959,8.077510261535647
2043-03,2043-03-01,global_mlp,2026-03,12.518446,0.012804756872355938,6.112536907196045,False,0.0,0.0,reported_conditioned_mlp,EDVARD GRIEG,,False,0.0,0.0,0.012804756872355938,0.02379901409149168,0.044929273799061774,0.0,0.0,0.0,0.5935218572616565,1.5277661442756658,2.5504471302032474,4.782020425796508,6.112536907196045,7.073240900039672,8.071428298950197
2043-04,2043-04-01,global_mlp,2026-03,12.518446,0.013668547850102186,6.08800482749939,False,0.4241335839033127,424133.5839033127,reported_conditioned_mlp,EDVARD GRIEG,,False,0.0,0.007346828933805227,0.013668547850102186,0.02275752983987329,0.04484897665679456,0.0,0.0,0.4241335839033127,1.2710219502449027,2.2287193536758427,2.531229138374329,4.7675727844238285,6.08800482749939,7.073240900039672,8.061035633087158
2043-05,2043-05-01,global_mlp,2026-03,12.518446,0.013942431192845106,6.062764406204224,False,0.17021094262599945,170210.94262599945,reported_conditioned_mlp,EDVARD GRIEG,,False,0.0,0.004639195743948221,0.013942431192845106,0.02510178741067647,0.0447739414870739,0.0,0.0,0.17021094262599945,1.1185680031776428,1.9064965486526495,2.5100805997848514,4.723407125473022,6.062764406204224,7.073240900039672,8.049443244934082
2043-06,2043-06-01,global_mlp,2026-03,12.518446,0.012457662727683783,6.056047439575195,False,0.067521583288908,67521.583288908,reported_conditioned_mlp,EDVARD GRIEG,,False,0.0,0.004435143852606415,0.012457662727683783,0.023292462527751915,0.04749925024807458,0.0,0.0,0.067521583288908,0.8540169715881346,1.6566508889198304,2.459539556503296,4.705176544189452,6.056047439575195,7.053220605850219,8.018329048156739
2043-07,2043-07-01,global_mlp,2026-03,12.518446,0.010893632657825947,6.051458120346069,False,0.044467493891716,44467.493891716,reported_conditioned_mlp,EDVARD GRIEG,,False,0.0,0.0023601863300427794,0.010893632657825947,0.021455194056034087,0.04558244906365872,0.0,0.0,0.044467493891716,0.922770196199417,1.8562506437301645,2.419085693359375,4.614006948471069,6.051458120346069,7.033359813690185,7.994007539749147
2043-08,2043-08-01,global_mlp,2026-03,12.518446,0.01024016784504056,6.042749643325806,False,0.0,0.0,reported_conditioned_mlp,EDVARD GRIEG,,False,0.0,0.0,0.01024016784504056,0.021384819410741322,0.04131143577396871,0.0,0.0,0.0,0.6945971846580503,1.5773909330368046,2.3880599260330206,4.58735876083374,6.042749643325806,7.0254141807556145,7.974035406112672
2043-09,2043-09-01,global_mlp,2026-03,12.518446,0.00903506064787507,6.019786834716797,False,0.10532756522297859,105327.56522297859,reported_conditioned_mlp,EDVARD GRIEG,,False,0.0,0.0,0.00903506064787507,0.022419818863272656,0.04687932319939138,0.0,0.0,0.10532756522297859,0.9515529334545134,1.8966791749000549,2.362807726860047,4.583644008636474,6.019786834716797,7.015561199188232,7.972125005722047
2043-10,2043-10-01,global_mlp,2026-03,12.518446,0.009903586469590664,6.0028228759765625,False,0.23659037053585052,236590.37053585052,reported_conditioned_mlp,EDVARD GRIEG,,False,0.0,0.0,0.009903586469590664,0.02117440067231653,0.04072528928518297,0.0,0.0,0.23659037053585052,1.2706575751304614,2.3131159782409676,2.333154010772706,4.5752357006072994,6.0028228759765625,6.9889976501464846,7.962363529205322
2043-11,2043-11-01,global_mlp,2026-03,12.518446,0.008297883439809084,5.986214637756348,False,0.0,0.0,reported_conditioned_mlp,EDVARD GRIEG,,False,0.0,0.0,0.008297883439809084,0.02095769252628088,0.046700610220432315,0.0,0.0,0.0,0.6475698590278626,1.629625976085663,2.3089513540267954,4.5225996494293215,5.986214637756348,6.974516868591309,7.95024266242981
2043-12,2043-12-01,global_mlp,2026-03,12.518446,0.009999822359532118,5.9727795124053955,False,0.0,0.0,reported_conditioned_mlp,EDVARD GRIEG,,False,0.0,0.0,0.009999822359532118,0.022257700748741602,0.04700044132769108,0.0,0.0,0.0,0.4460812598466872,1.2266948580741883,2.1595372200012206,4.500058603286743,5.9727795124053955,6.944740724563598,7.945018672943116
2044-01,2044-01-01,global_mlp,2026-03,12.518446,0.009309813380241394,5.945850133895874,False,0.0,0.0,reported_conditioned_mlp,EDVARD GRIEG,,False,0.0,0.0,0.009309813380241394,0.021961493790149687,0.04733604602515698,0.0,0.0,0.0,0.5235955655574798,1.4640393018722535,2.1507169246673588,4.496935653686523,5.945850133895874,6.915978193283081,7.912681007385254
2044-02,2044-02-01,global_mlp,2026-03,12.518446,0.00905495136976242,5.93326997756958,False,0.0,0.0,reported_conditioned_mlp,EDVARD GRIEG,,False,0.0,0.0,0.00905495136976242,0.022914823889732358,0.04653435125947,0.0,0.0,0.0,0.46862497627735106,1.399982488155366,2.1493981122970585,4.496935653686523,5.93326997756958,6.8982450485229485,7.875598573684693
2044-03,2044-03-01,global_mlp,2026-03,12.518446,0.005011063534766436,5.9086174964904785,False,0.0,0.0,reported_conditioned_mlp,EDVARD GRIEG,,False,0.0,0.0,0.005011063534766436,0.02051045652478932,0.04273342825472355,0.0,0.0,0.0,0.5267461061477656,1.6317396640777602,2.134282732009888,4.485717105865478,5.9086174964904785,6.8639292240142815,7.854550981521607
2044-04,2044-04-01,global_mlp,2026-03,12.518446,0.01495632017031312,5.884833097457886,False,0.5065811723470688,506581.1723470688,reported_conditioned_mlp,EDVARD GRIEG,,False,0.0,0.005951839964836834,0.01495632017031312,0.024853753857314587,0.04420734420418739,0.0,0.0,0.5065811723470688,1.3885524988174427,2.246865630149842,2.108396363258362,4.481117582321167,5.884833097457886,6.844679927825927,7.838724040985108
2044-05,2044-05-01,global_mlp,2026-03,12.518446,0.015462681651115417,5.85828971862793,False,0.11780931428074837,117809.31428074837,reported_conditioned_mlp,EDVARD GRIEG,,False,0.0,0.0063179574906825995,0.015462681651115417,0.02447772994637488,0.04248895570635798,0.0,0.0,0.11780931428074837,1.1368181228637693,1.9461844801902772,2.0974544286727905,4.464737272262573,5.85828971862793,6.837705516815185,7.831673049926758
2044-06,2044-06-01,global_mlp,2026-03,12.518446,0.013989035040140152,5.83918309211731,False,0.0,0.0,reported_conditioned_mlp,EDVARD GRIEG,,False,0.0,0.004294422827661035,0.013989035040140152,0.023835272341966616,0.042143220081925406,0.0,0.0,0.0,0.8781924247741694,1.459437417984009,2.0974544286727905,4.449934959411621,5.83918309211731,6.81829137802124,7.802512884140015
2044-07,2044-07-01,global_mlp,2026-03,12.518446,0.01199052995070815,5.81156587600708,False,0.0,0.0,reported_conditioned_mlp,EDVARD GRIEG,,False,0.0,0.0020284130005165896,0.01199052995070815,0.023204582929611205,0.04418627247214319,0.0,0.0,0.0,1.0393083572387691,1.7785642027854922,2.0974544286727905,4.424381256103516,5.81156587600708,6.7969162940979,7.790754508972168
2044-08,2044-08-01,global_mlp,2026-03,12.518446,0.010697704739868641,5.792668581008911,False,0.0,0.0,reported_conditioned_mlp,EDVARD GRIEG,,False,0.0,0.0,0.010697704739868641,0.023921092227101304,0.045717786625027665,0.0,0.0,0.0,0.777820014953613,1.599927866458893,2.0974544286727905,4.411670589447021,5.792668581008911,6.774194765090942,7.778110027313232
2044-09,2044-09-01,global_mlp,2026-03,12.518446,0.011634018737822771,5.7870306968688965,False,0.059987885877490044,59987.885877490044,reported_conditioned_mlp,EDVARD GRIEG,,False,0.0,0.0,0.011634018737822771,0.02545812204480171,0.04542630836367608,0.0,0.0,0.059987885877490044,0.9410495340824119,1.7347627282142641,2.0820645570755003,4.378205919265747,5.7870306968688965,6.745726013183592,7.755792093276978
2044-10,2044-10-01,global_mlp,2026-03,12.518446,0.012087492272257805,5.785257339477539,False,0.16066959500312805,160669.59500312805,reported_conditioned_mlp,EDVARD GRIEG,,False,0.0,0.0,0.012087492272257805,0.023760134726762767,0.042576274275779744,0.0,0.0,0.16066959500312805,1.2519097924232478,2.2523652791976936,2.071429216861725,4.370165872573852,5.785257339477539,6.721066951751708,7.744463634490967
2044-11,2044-11-01,global_mlp,2026-03,12.518446,0.010945197194814682,5.775609731674194,False,0.07104365527629852,71043.65527629852,reported_conditioned_mlp,EDVARD GRIEG,,False,0.0,0.0,0.010945197194814682,0.026542827486991865,0.04767493382096292,0.0,0.0,0.07104365527629852,0.6729381740093231,1.7313200950622578,2.0163776159286506,4.370165872573852,5.775609731674194,6.705740451812744,7.730423784255982
2044-12,2044-12-01,global_mlp,2026-03,12.518446,0.011650772765278816,5.752100706100464,False,0.012066394090652466,12066.394090652466,reported_conditioned_mlp,EDVARD GRIEG,,False,0.0,0.0,0.011650772765278816,0.02586331423372029,0.047951195389032364,0.0,0.0,0.012066394090652466,0.5072790741920464,1.365013551712037,1.9303529977798464,4.370165872573852,5.752100706100464,6.7019346237182615,7.70961389541626
2045-01,2045-01-01,global_mlp,2026-03,12.518446,0.011046359781175852,5.721980810165405,False,0.0,0.0,reported_conditioned_mlp,EDVARD GRIEG,,False,0.0,0.0,0.011046359781175852,0.027620701491832725,0.05139717236161232,0.0,0.0,0.0,0.54192316532135,1.6743821620941166,1.9274316549301151,4.355449295043945,5.721980810165405,6.660616397857665,7.683562994003296
2045-02,2045-02-01,global_mlp,2026-03,12.518446,0.01281380420550704,5.702927589416504,False,0.0,0.0,reported_conditioned_mlp,EDVARD GRIEG,,False,0.0,0.0,0.01281380420550704,0.026962805539369583,0.04748910777270795,0.0,0.0,0.0,0.5474674940109249,1.5825983524322529,1.9247359752655033,4.337482738494872,5.702927589416504,6.648053503036499,7.668619823455811
2045-03,2045-03-01,global_mlp,2026-03,12.518446,0.01018046261742711,5.690435409545898,False,0.0,0.0,reported_conditioned_mlp,EDVARD GRIEG,,False,0.0,0.0,0.01018046261742711,0.02308397293090818,0.042851725220680245,0.0,0.0,0.0,0.5762826442718502,1.7020275473594688,1.9215373039245611,4.296991634368896,5.690435409545898,6.6121828079223635,7.662670993804932
2045-04,2045-04-01,global_mlp,2026-03,12.518446,0.013609965331852436,5.669672250747681,False,0.6026520431041718,602652.0431041718,reported_conditioned_mlp,EDVARD GRIEG,,False,0.0,0.006121901562437414,0.013609965331852436,0.021779612265527243,0.04182477444410325,0.0,0.0,0.6026520431041718,1.4083762288093564,2.3697190999984747,1.913351273536683,4.2827730655670155,5.669672250747681,6.583403587341309,7.653585386276245
2045-05,2045-05-01,global_mlp,2026-03,12.518446,0.01183054456487298,5.6573779582977295,False,0.14007573574781418,140075.73574781418,reported_conditioned_mlp,EDVARD GRIEG,,False,0.0,0.0035587324295192958,0.01183054456487298,0.023269749060273168,0.04155941791832447,0.0,0.0,0.14007573574781418,1.1523683428764344,1.9445364713668827,1.9102524518966686,4.2710703849792475,5.6573779582977295,6.567673397064208,7.645086193084717
2045-06,2045-06-01,global_mlp,2026-03,12.518446,0.011509994976222515,5.647361516952515,False,0.0,0.0,reported_conditioned_mlp,EDVARD GRIEG,,False,0.0,0.0015871039358898893,0.011509994976222515,0.022088874503970145,0.040358293056488054,0.0,0.0,0.0,0.8557793438434599,1.6240095257759102,1.9102524518966686,4.259985494613647,5.647361516952515,6.547091722488402,7.637545680999756
2045-07,2045-07-01,global_mlp,2026-03,12.518446,0.009962913580238819,5.626908302307129,False,0.10634679347276688,106346.79347276688,reported_conditioned_mlp,EDVARD GRIEG,,False,0.0,3.1622579263057066e-05,0.009962913580238819,0.02263083476573228,0.04380417130887509,0.0,0.0,0.10634679347276688,1.0627657890319824,1.83693779706955,1.9102524518966686,4.232015562057495,5.626908302307129,6.531456184387207,7.619751310348511
2045-08,2045-08-01,global_mlp,2026-03,12.518446,0.00876692496240139,5.609350204467773,False,0.0,0.0,reported_conditioned_mlp,EDVARD GRIEG,,False,0.0,0.0,0.00876692496240139,0.02178814504295587,0.03915577530860905,0.0,0.0,0.0,0.7469113111495972,1.5996189951896669,1.9074883818626414,4.184314870834351,5.609350204467773,6.519572830200195,7.616179037094117
2045-09,2045-09-01,global_mlp,2026-03,12.518446,0.008865782991051674,5.587491273880005,False,0.18535029143095016,185350.29143095016,reported_conditioned_mlp,EDVARD GRIEG,,False,0.0,0.0,0.008865782991051674,0.020716668665409076,0.04278563670814039,0.0,0.0,0.18535029143095016,1.0198250532150266,1.9616791844367985,1.9074883818626414,4.144741487503051,5.587491273880005,6.502086925506592,7.610865688323975
2045-10,2045-10-01,global_mlp,2026-03,12.518446,0.005599533673375845,5.555822134017944,False,0.13103841245174408,131038.41245174408,reported_conditioned_mlp,EDVARD GRIEG,,False,0.0,0.0,0.005599533673375845,0.01783039420843123,0.03751951679587364,0.0,0.0,0.13103841245174408,1.141610693931577,2.075591921806336,1.9074883818626414,4.112992191314697,5.555822134017944,6.469908189773559,7.609924173355103
2045-11,2045-11-01,global_mlp,2026-03,12.518446,0.007244698470458388,5.541715383529663,False,0.06849594786763191,68495.94786763191,reported_conditioned_mlp,EDVARD GRIEG,,False,0.0,0.0,0.007244698470458388,0.02200722489506006,0.046813716739416124,0.0,0.0,0.06849594786763191,0.7266817986965179,1.6389586210250862,1.9074883818626414,4.068854284286499,5.541715383529663,6.452269840240478,7.5854819297790534
2045-12,2045-12-01,global_mlp,2026-03,12.518446,0.008505119942128658,5.5117316246032715,False,0.0,0.0,reported_conditioned_mlp,EDVARD GRIEG,,False,0.0,0.0,0.008505119942128658,0.023332261852920054,0.04673599712550641,0.0,0.0,0.0,0.5415499031543731,1.4425433754920993,1.9074883818626414,4.049709033966065,5.5117316246032715,6.41711368560791,7.576793098449707
2046-01,2046-01-01,global_mlp,2026-03,12.518446,0.01074250414967537,5.495881080627441,False,0.0,0.0,reported_conditioned_mlp,EDVARD GRIEG,,False,0.0,0.0,0.01074250414967537,0.023060071840882247,0.04927665889263153,0.0,0.0,0.0,0.45793387889862047,1.332122039794922,1.8935434699058542,4.027394485473633,5.495881080627441,6.411135530471801,7.56657075881958
2046-02,2046-02-01,global_mlp,2026-03,12.518446,0.007208547322079539,5.495881080627441,False,0.0,0.0,reported_conditioned_mlp,EDVARD GRIEG,,False,0.0,0.0,0.007208547322079539,0.020764909498393522,0.04837435446679593,0.0,0.0,0.0,0.5036145150661466,1.5455519795417787,1.8560425400733955,4.014919328689575,5.495881080627441,6.391118574142456,7.5551765918731695
2046-03,2046-03-01,global_mlp,2026-03,12.518446,0.006346122128888965,5.4546263217926025,False,0.0,0.0,reported_conditioned_mlp,EDVARD GRIEG,,False,0.0,0.0,0.006346122128888965,0.018962342850863925,0.0472877036780119,0.0,0.0,0.0,0.6085228204727169,1.7690680861473087,1.8437627434730537,4.0044341564178465,5.4546263217926025,6.358571338653564,7.534754657745362
2046-04,2046-04-01,global_mlp,2026-03,12.518446,0.014282129239290953,5.441987037658691,False,0.772665411233902,772665.411233902,reported_conditioned_mlp,EDVARD GRIEG,,False,0.0,0.005960800591856241,0.014282129239290953,0.02309599444270134,0.04319066703319551,0.0,0.0,0.772665411233902,1.5168085455894469,2.4832973718643196,1.8367593288421638,3.9879071712493896,5.441987037658691,6.338353633880615,7.53362455368042
2046-05,2046-05-01,global_mlp,2026-03,12.518446,0.013363854493945837,5.431389093399048,False,0.2690907269716263,269090.7269716263,reported_conditioned_mlp,EDVARD GRIEG,,False,0.0,0.005838273838162419,0.013363854493945837,0.023744781501591202,0.04561539217829705,0.0,0.0,0.2690907269716263,1.2827303171157838,2.0321126222610473,1.8061610937118537,3.9682689428329465,5.431389093399048,6.3179790496826165,7.517982006072998
2046-06,2046-06-01,global_mlp,2026-03,12.518446,0.012358321342617273,5.423582077026367,False,0.07890789210796356,78907.89210796356,reported_conditioned_mlp,EDVARD GRIEG,,False,0.0,0.0036832396639510986,0.012358321342617273,0.022968826442956922,0.042987979203462603,0.0,0.0,0.07890789210796356,0.9888283908367157,1.7930915355682373,1.7580140113830574,3.944981527328491,5.423582077026367,6.301360273361206,7.503028202056885
2046-07,2046-07-01,global_mlp,2026-03,12.518446,0.009704696480184793,5.385468244552612,False,0.05438632145524025,54386.32145524025,reported_conditioned_mlp,EDVARD GRIEG,,False,0.0,0.001581591588910668,0.009704696480184793,0.02266474347561597,0.04629317484796047,0.0,0.0,0.05438632145524025,1.1307927966117859,1.9646011590957648,1.719178450107575,3.9164119005203246,5.385468244552612,6.253930711746215,7.500520324707031
2046-08,2046-08-01,global_mlp,2026-03,12.518446,0.01133173843845725,5.350749731063843,False,0.0,0.0,reported_conditioned_mlp,EDVARD GRIEG,,False,0.0,0.0010248289792798458,0.01133173843845725,0.024051789194345474,0.04443264566361905,0.0,0.0,0.0,0.8336942017078389,1.8147777795791626,1.673724734783173,3.910923719406128,5.350749731063843,6.224509382247924,7.490964269638062
2046-09,2046-09-01,global_mlp,2026-03,12.518446,0.012373617850244045,5.347254276275635,False,0.16217178851366043,162171.78851366043,reported_conditioned_mlp,EDVARD GRIEG,,False,0.0,0.0,0.012373617850244045,0.023797984607517704,0.04372288621962071,0.0,0.0,0.16217178851366043,1.1205645918846128,2.1601909875869763,1.6406792759895326,3.899468278884888,5.347254276275635,6.209232330322266,7.480237579345704
2046-10,2046-10-01,global_mlp,2026-03,12.518446,0.0096431327983737,5.34014105796814,False,0.23044005036354065,230440.05036354065,reported_conditioned_mlp,EDVARD GRIEG,,False,0.0,0.0,0.0096431327983737,0.02282171323895454,0.04458331428468232,0.0,0.0,0.23044005036354065,1.297106635570526,2.5648920059204103,1.609952998161316,3.887096095085144,5.34014105796814,6.2018232345581055,7.470130586624146
2046-11,2046-11-01,global_mlp,2026-03,12.518446,0.01166786439716816,5.321959972381592,False,0.11234081536531448,112340.81536531448,reported_conditioned_mlp,EDVARD GRIEG,,False,0.0,0.0,0.01166786439716816,0.025029328651726235,0.045586594566702845,0.0,0.0,0.11234081536531448,0.8710266411304474,2.0702354907989515,1.6047194838523868,3.8776201486587523,5.321959972381592,6.196972179412842,7.434570741653443
2046-12,2046-12-01,global_mlp,2026-03,12.518446,0.011761366855353117,5.291448354721069,False,0.0,0.0,reported_conditioned_mlp,EDVARD GRIEG,,False,0.0,0.0,0.011761366855353117,0.024770027585327623,0.04666019827127458,0.0,0.0,0.0,0.6348376870155332,1.8167559504508974,1.5218535184860231,3.8653209686279295,5.291448354721069,6.18158688545227,7.406576871871949
2047-01,2047-01-01,global_mlp,2026-03,12.518446,0.010158232413232327,5.275538444519043,False,0.0,0.0,reported_conditioned_mlp,EDVARD GRIEG,,False,0.0,0.0,0.010158232413232327,0.023864530399441714,0.05093344561755659,0.0,0.0,0.0,0.7388569951057422,1.7865713119506856,1.5189057469367986,3.8483638048171995,5.275538444519043,6.1651284217834466,7.3873450756073
2047-02,2047-02-01,global_mlp,2026-03,12.518446,0.011725619435310364,5.261365175247192,False,0.0,0.0,reported_conditioned_mlp,EDVARD GRIEG,,False,0.0,0.0,0.011725619435310364,0.024790894798934458,0.04389805980026723,0.0,0.0,0.0,0.6913024604320523,1.6138919115066535,1.5188420176506046,3.816508269309997,5.261365175247192,6.136565923690796,7.365469264984132
2047-03,2047-03-01,global_mlp,2026-03,12.518446,0.008548089768737555,5.2308783531188965,False,0.0,0.0,reported_conditioned_mlp,EDVARD GRIEG,,False,0.0,0.0,0.008548089768737555,0.02101658340543508,0.04352651052176953,0.0,0.0,0.0,0.684088164567947,2.0143381834030154,1.496226489543915,3.7620089054107666,5.2308783531188965,6.1060996532440175,7.30673589706421
2047-04,2047-04-01,global_mlp,2026-03,12.518446,0.015532915014773607,5.209275007247925,False,0.8205968141555786,820596.8141555786,reported_conditioned_mlp,EDVARD GRIEG,,False,0.0,0.006806814577430485,0.015532915014773607,0.024394116923213003,0.04226050861179829,0.0,0.07354322671890257,0.8205968141555786,1.5377679109573357,2.404509925842285,1.4864883780479432,3.739313745498657,5.209275007247925,6.0875734806060775,7.283487606048585
2047-05,2047-05-01,global_mlp,2026-03,12.518446,0.01522670267149806,5.18472146987915,False,0.36597366631031036,365973.66631031036,reported_conditioned_mlp,EDVARD GRIEG,,False,0.0,0.006083204317837953,0.01522670267149806,0.025852289795875543,0.042136691510677345,0.0,0.0,0.36597366631031036,1.3302756667137146,2.1483177423477176,1.4862834811210635,3.709961438179016,5.18472146987915,6.068061017990112,7.264072132110596
2047-06,2047-06-01,global_mlp,2026-03,12.518446,0.01420864649116993,5.138311862945557,False,0.26593053340911865,265930.53340911865,reported_conditioned_mlp,EDVARD GRIEG,,False,0.0,0.0057195472065359335,0.01420864649116993,0.025885804370045656,0.04484373405575755,0.0,0.0,0.26593053340911865,1.0739257693290702,1.9018718957901004,1.4862834811210635,3.6862035512924196,5.138311862945557,6.051499938964843,7.24241075515747
2047-07,2047-07-01,global_mlp,2026-03,12.518446,0.01239850977435708,5.110654830932617,False,0.1934545785188675,193454.5785188675,reported_conditioned_mlp,EDVARD GRIEG,,False,0.0,0.0024777303449809553,0.01239850977435708,0.023660787940025324,0.044209940358996426,0.0,0.0,0.1934545785188675,1.0532511591911309,2.107825231552124,1.4824362277984622,3.6704082012176515,5.110654830932617,6.032845830917358,7.22666392326355
2047-08,2047-08-01,global_mlp,2026-03,12.518446,0.013038352597504854,5.0781261920928955,False,0.10938630998134613,109386.30998134613,reported_conditioned_mlp,EDVARD GRIEG,,False,0.0,0.001413287024479358,0.013038352597504854,0.023882634937763214,0.046219760179519655,0.0,0.0,0.10938630998134613,0.9793753862380963,2.036563897132874,1.4824362277984622,3.6640707731246946,5.0781261920928955,6.014757490158081,7.214280986785889
2047-09,2047-09-01,global_mlp,2026-03,12.518446,0.011980411596596241,5.02546501159668,False,0.10123170912265778,101231.70912265778,reported_conditioned_mlp,EDVARD GRIEG,,False,0.0,1.2224093916301883e-05,0.011980411596596241,0.025960754044353943,0.047383550927042974,0.0,0.0,0.10123170912265778,1.0794319152832015,2.3791934251785283,1.478209173679352,3.6544615507125853,5.02546501159668,6.003399419784545,7.173065853118897
2047-10,2047-10-01,global_mlp,2026-03,12.518446,0.009365934878587723,5.0015857219696045,False,0.14833439886569977,148334.39886569977,reported_conditioned_mlp,EDVARD GRIEG,,False,0.0,0.0,0.009365934878587723,0.02364848013967275,0.04545468650758268,0.0,0.0,0.14833439886569977,1.31472487449646,2.3841611385345463,1.47210248708725,3.6476450443267816,5.0015857219696045,5.9958930015563965,7.14778413772583
2047-11,2047-11-01,global_mlp,2026-03,12.518446,0.011843128595501184,4.989812135696411,False,0.16996294260025024,169962.94260025024,reported_conditioned_mlp,EDVARD GRIEG,,False,0.0,0.0,0.011843128595501184,0.026173019036650653,0.050785111635923384,0.0,0.0,0.16996294260025024,0.9991484820842742,2.3230223178863536,1.4652632832527162,3.6237238407135006,4.989812135696411,5.980354166030883,7.123210144042969
2047-12,2047-12-01,global_mlp,2026-03,12.518446,0.015892915427684784,4.9719154834747314,False,0.09267682582139969,92676.82582139969,reported_conditioned_mlp,EDVARD GRIEG,,False,0.0,0.0,0.015892915427684784,0.02964115627110001,0.052433918043971066,0.0,0.0,0.09267682582139969,0.704721736907959,1.960017848014832,1.4598278403282166,3.5904642581939696,4.9719154834747314,5.965233850479126,7.07902889251709
2048-01,2048-01-01,global_mlp,2026-03,12.518446,0.013632978312671185,4.9388508796691895,False,0.04986593686044216,49865.93686044216,reported_conditioned_mlp,EDVARD GRIEG,,False,0.0,0.0,0.013632978312671185,0.029025674797594544,0.05453493148088457,0.0,0.0,0.04986593686044216,0.8620842814445493,2.034514379501343,1.4491796612739563,3.5838792085647584,4.9388508796691895,5.951481342315674,7.036560344696046
2048-02,2048-02-01,global_mlp,2026-03,12.518446,0.011163067072629929,4.924753665924072,False,0.0006927257054485381,692.7257054485381,reported_conditioned_mlp,EDVARD GRIEG,,False,0.0,0.0,0.011163067072629929,0.0273792702704668,0.05440538376569748,0.0,0.0,0.0006927257054485381,0.7303879022598266,1.9280952811241159,1.4471799492836,3.5783432006835936,4.924753665924072,5.908454751968383,7.028647041320801
2048-03,2048-03-01,global_mlp,2026-03,12.518446,0.010846850462257862,4.895795583724976,False,0.0,0.0,reported_conditioned_mlp,EDVARD GRIEG,,False,0.0,0.0,0.010846850462257862,0.024197703599929794,0.04960339181125165,0.0,0.0,0.0,0.9664579987525935,2.0732331275939955,1.4471044659614565,3.555170178413391,4.895795583724976,5.895728015899659,7.0246514797210695
2048-04,2048-04-01,global_mlp,2026-03,12.518446,0.018094858154654503,4.878357410430908,False,0.6527325510978699,652732.5510978699,reported_conditioned_mlp,EDVARD GRIEG,,False,0.0,0.008094972185790538,0.018094858154654503,0.028232827968895403,0.04579032771289349,0.0,0.018298677355051,0.6527325510978699,1.6031391143798823,2.461340308189393,1.422157096862793,3.5233443498611448,4.878357410430908,5.8742838382720945,6.989188194274902
2048-05,2048-05-01,global_mlp,2026-03,12.518446,0.017509663477540016,4.851135969161987,False,0.24375513195991516,243755.13195991516,reported_conditioned_mlp,EDVARD GRIEG,,False,0.0,0.007078951131552454,0.017509663477540016,0.027700720168650148,0.046973439678549764,0.0,0.0,0.24375513195991516,1.3669371128082273,2.357101392745972,1.405423665046692,3.4904024839401244,4.851135969161987,5.855359363555907,6.974052000045776
2048-06,2048-06-01,global_mlp,2026-03,12.518446,0.014746386557817459,4.834735870361328,False,0.0343863544985652,34386.3544985652,reported_conditioned_mlp,EDVARD GRIEG,,False,0.0,0.004750837292522191,0.014746386557817459,0.025580240972340098,0.046199492365121844,0.0,0.0,0.0343863544985652,1.0548437952995298,1.7803700923919685,1.379170393943787,3.4736522197723385,4.834735870361328,5.844533348083496,6.972847366333008
2048-07,2048-07-01,global_mlp,2026-03,12.518446,0.013249709736555815,4.801581859588623,False,0.13289020955562592,132890.20955562592,reported_conditioned_mlp,EDVARD GRIEG,,False,0.0,0.0021160822594538326,0.013249709736555815,0.024280968122184273,0.04726556874811649,0.0,0.0,0.13289020955562592,1.1328987836837754,2.0942470073699955,1.320363450050354,3.4564103603363034,4.801581859588623,5.819983720779419,6.969491052627563
2048-08,2048-08-01,global_mlp,2026-03,12.518446,0.013019934762269258,4.789527654647827,False,0.0,0.0,reported_conditioned_mlp,EDVARD GRIEG,,False,0.0,0.0016083324328064897,0.013019934762269258,0.02524053659290075,0.04387464597821236,0.0,0.0,0.0,0.88760666847229,1.9278638362884537,1.2997422575950626,3.440874934196472,4.789527654647827,5.797321987152099,6.94838924407959
2048-09,2048-09-01,global_mlp,2026-03,12.518446,0.011502979788929224,4.776872873306274,False,0.20999235659837723,209992.35659837723,reported_conditioned_mlp,EDVARD GRIEG,,False,0.0,0.0012947141425684082,0.011502979788929224,0.023355092480778696,0.046433119848370556,0.0,0.0,0.20999235659837723,1.1410681247711179,2.4154076337814336,1.2725084543228151,3.433115339279175,4.776872873306274,5.7859996318817135,6.9306704044342045
2048-10,2048-10-01,global_mlp,2026-03,12.518446,0.01101239025592804,4.7628138065338135,False,0.24249175935983658,242491.75935983658,reported_conditioned_mlp,EDVARD GRIEG,,False,0.0,0.0007584520848467939,0.01101239025592804,0.023084985464811313,0.04401504285633564,0.0,0.0,0.24249175935983658,1.3835727214813223,2.475328230857852,1.2396530032157898,3.4292914152145384,4.7628138065338135,5.772355222702026,6.924263572692872
2048-11,2048-11-01,global_mlp,2026-03,12.518446,0.011893382295966148,4.754918575286865,False,0.23158634454011917,231586.34454011917,reported_conditioned_mlp,EDVARD GRIEG,,False,0.0,0.0,0.011893382295966148,0.024500774592161156,0.04749456122517586,0.0,0.0,0.23158634454011917,0.9607891440391537,2.0462716817855835,1.220265293121338,3.4137271165847776,4.754918575286865,5.762557172775268,6.910973596572876
2048-12,2048-12-01,global_mlp,2026-03,12.518446,0.013471846468746662,4.726715087890625,False,0.09352988749742508,93529.88749742508,reported_conditioned_mlp,EDVARD GRIEG,,False,0.0,0.00037817010597791367,0.013471846468746662,0.026513388939201823,0.045126374438405045,0.0,0.0,0.09352988749742508,0.7904254674911498,1.932343900203705,1.2067659139633182,3.3795280933380125,4.726715087890625,5.747194004058836,6.8882842540740965
2049-01,2049-01-01,global_mlp,2026-03,12.518446,0.01454733032733202,4.723045587539673,False,0.051591044291853905,51591.044291853905,reported_conditioned_mlp,EDVARD GRIEG,,False,0.0,0.0001425975176971399,0.01454733032733202,0.02526863012462853,0.04797478131949902,0.0,0.0,0.051591044291853905,0.8190998017787933,1.9990783095359808,1.1919763088226323,3.3551487445831296,4.723045587539673,5.729793405532837,6.874943733215332
2049-02,2049-02-01,global_mlp,2026-03,12.518446,0.014731182251125574,4.695536851882935,False,0.003501215949654579,3501.215949654579,reported_conditioned_mlp,EDVARD GRIEG,,False,0.0,0.0,0.014731182251125574,0.026542622223496435,0.05051300823688512,0.0,0.0,0.003501215949654579,0.8647069633007047,2.028430962562562,1.0875099062919618,3.33655948638916,4.695536851882935,5.693411922454834,6.871427154541016
2049-03,2049-03-01,global_mlp,2026-03,12.518446,0.010605447459965944,4.692361116409302,False,0.0,0.0,reported_conditioned_mlp,EDVARD GRIEG,,False,0.0,0.0,0.010605447459965944,0.02469984628260135,0.04803699366748334,0.0,0.0,0.0,0.8256412267684936,2.0767279386520388,1.0441922187805182,3.32012083530426,4.692361116409302,5.670681095123289,6.864132118225098
2049-04,2049-04-01,global_mlp,2026-03,12.518446,0.016397717408835888,4.676637887954712,False,0.7089789807796478,708978.9807796478,reported_conditioned_mlp,EDVARD GRIEG,,False,0.0,0.008366481121629476,0.016397717408835888,0.024901635758578775,0.04371406063437462,0.0,0.0021901205182075422,0.7089789807796478,1.5951993823051451,2.5406741142272953,1.0153395652771,3.2987868309021,4.676637887954712,5.658106374740599,6.821097326278687
2049-05,2049-05-01,global_mlp,2026-03,12.518446,0.0162576325237751,4.647511720657349,False,0.27401813864707947,274018.13864707947,reported_conditioned_mlp,EDVARD GRIEG,,False,0.0,0.0065398800652474165,0.0162576325237751,0.026283104717731473,0.04524496048688889,0.0,0.0,0.27401813864707947,1.359104025363922,2.4136869192123416,0.988383096456528,3.273016333580017,4.647511720657349,5.647986316680907,6.76390905380249
2049-06,2049-06-01,global_mlp,2026-03,12.518446,0.015749475918710232,4.624068975448608,False,0.14779310673475266,147793.10673475266,reported_conditioned_mlp,EDVARD GRIEG,,False,0.0,0.0067624134011566635,0.015749475918710232,0.026365963183343402,0.05273505188524725,0.0,0.0,0.14779310673475266,1.144931387901306,1.9276461482048035,0.9387428641319275,3.255664014816284,4.624068975448608,5.629109621047974,6.7248281955719
2049-07,2049-07-01,global_mlp,2026-03,12.518446,0.014624146278947592,4.593843460083008,False,0.14419016242027283,144190.16242027283,reported_conditioned_mlp,EDVARD GRIEG,,False,0.0,0.0038463786942884324,0.014624146278947592,0.02648645900189876,0.04941545426845552,0.0,0.0,0.14419016242027283,1.2507779359817501,2.2811339139938354,0.8906782388687137,3.228281283378601,4.593843460083008,5.58862452507019,6.694853305816651
2049-08,2049-08-01,global_mlp,2026-03,12.518446,0.01270331209525466,4.567192077636719,False,0.08543036133050919,85430.36133050919,reported_conditioned_mlp,EDVARD GRIEG,,False,0.0,0.0015695289708673949,0.01270331209525466,0.025540751591324806,0.04538000449538231,0.0,0.0,0.08543036133050919,1.1178162455558767,2.0608735799789435,0.8507785201072694,3.2133486747741697,4.567192077636719,5.573067283630371,6.694853305816651
2049-09,2049-09-01,global_mlp,2026-03,12.518446,0.009354928974062204,4.549295663833618,False,0.18645796924829483,186457.96924829483,reported_conditioned_mlp,EDVARD GRIEG,,False,0.0,0.00011733262799680042,0.009354928974062204,0.024451683089137064,0.044506113976240165,0.0,0.0,0.18645796924829483,1.2070765018463134,2.0993526935577407,0.8398099601268773,3.185569977760315,4.549295663833618,5.55265803337097,6.691006422042847
2049-10,2049-10-01,global_mlp,2026-03,12.518446,0.010420947335660458,4.525145530700684,False,0.22092349082231522,220923.49082231522,reported_conditioned_mlp,EDVARD GRIEG,,False,0.0,0.0,0.010420947335660458,0.024315175786614407,0.044474347680807144,0.0,0.0,0.22092349082231522,1.3577039003372189,2.531933045387269,0.779283463954926,3.165685606002808,4.525145530700684,5.5375879287719725,6.676867103576661
2049-11,2049-11-01,global_mlp,2026-03,12.518446,0.012752264272421598,4.48481011390686,False,0.18183117359876633,181831.17359876633,reported_conditioned_mlp,EDVARD GRIEG,,False,0.0,0.0,0.012752264272421598,0.02778511457145214,0.05314840599894525,0.0,0.0,0.18183117359876633,1.0059156060218806,2.2414902925491336,0.7246564626693727,3.1465748548507686,4.48481011390686,5.53441252708435,6.676621818542481
2049-12,2049-12-01,global_mlp,2026-03,12.518446,0.014065727591514587,4.454126596450806,False,0.04403340816497803,44033.40816497803,reported_conditioned_mlp,EDVARD GRIEG,,False,0.0,0.0,0.014065727591514587,0.027843001484870896,0.05226693451404573,0.0,0.0,0.04403340816497803,0.7690446615219114,2.029793930053712,0.6494081497192383,3.1126127004623414,4.454126596450806,5.5001762866973865,6.671530389785767
2050-01,2050-01-01,global_mlp,2026-03,12.518446,0.0141032999381423,4.430678606033325,False,0.03137206565588713,31372.065655887127,reported_conditioned_mlp,EDVARD GRIEG,,False,0.0,0.0,0.0141032999381423,0.026977288350462897,0.05242364667356017,0.0,0.0,0.03137206565588713,0.9373412132263184,2.065632629394531,0.6191929876804355,3.1008055210113525,4.430678606033325,5.488714170455932,6.6697978496551515
2050-02,2050-02-01,global_mlp,2026-03,12.518446,0.013505255803465843,4.402731895446777,False,0.020664356648921967,20664.356648921967,reported_conditioned_mlp,EDVARD GRIEG,,False,0.0,0.0,0.013505255803465843,0.02790848910808563,0.05147388875484468,0.0,0.0,0.020664356648921967,0.8957237541675565,1.9303760290145882,0.5867379665374759,3.100064277648926,4.402731895446777,5.4747984409332275,6.664318180084228
2050-03,2050-03-01,global_mlp,2026-03,12.518446,0.01022246154025197,4.3861095905303955,False,0.03841334767639637,38413.34767639637,reported_conditioned_mlp,EDVARD GRIEG,,False,0.0,0.0,0.01022246154025197,0.026049756631255146,0.049956980347633365,0.0,0.0,0.03841334767639637,0.9762277483940118,2.0876921892166136,0.5623192429542543,3.066128706932068,4.3861095905303955,5.461201286315918,6.6328990936279295
2050-04,2050-04-01,global_mlp,2026-03,12.518446,0.01726726070046425,4.349875450134277,False,0.617047905921936,617047.905921936,reported_conditioned_mlp,EDVARD GRIEG,,False,0.0,0.00858542900532484,0.01726726070046425,0.02690398041158914,0.04558515883982182,0.0,0.08200012445449825,0.617047905921936,1.4882348299026487,2.525628805160523,0.5620540380477907,3.0542483568191527,4.349875450134277,5.438753128051757,6.602645540237427
2050-05,2050-05-01,global_mlp,2026-03,12.518446,0.01737603358924389,4.327345132827759,False,0.26283639669418335,262836.39669418335,reported_conditioned_mlp,EDVARD GRIEG,,False,0.0,0.00833907751366496,0.01737603358924389,0.026955167949199676,0.04225356020033361,0.0,0.0,0.26283639669418335,1.3480241298675533,2.4031465768814093,0.5607140302658083,3.049572944641113,4.327345132827759,5.398422765731811,6.586811494827272
2050-06,2050-06-01,global_mlp,2026-03,12.518446,0.01570216566324234,4.293689012527466,False,0.03958210535347462,39582.10535347462,reported_conditioned_mlp,EDVARD GRIEG,,False,0.0,0.005900638038292523,0.01570216566324234,0.025581275671720503,0.04533571451902391,0.0,0.0,0.03958210535347462,1.0184861898422242,1.9441533565521245,0.5594966113567356,3.043249678611755,4.293689012527466,5.39260516166687,6.567093372344972
2050-07,2050-07-01,global_mlp,2026-03,12.518446,0.014552442822605371,4.263221025466919,False,0.10090111196041107,100901.11196041107,reported_conditioned_mlp,EDVARD GRIEG,,False,0.0,0.004644768498837948,0.014552442822605371,0.02537290845066309,0.04143442027270794,0.0,0.0,0.10090111196041107,1.095131504535675,2.1204198360443116,0.5583503127098087,3.0377063274383542,4.263221025466919,5.381529140472412,6.551886272430421
2050-08,2050-08-01,global_mlp,2026-03,12.518446,0.014166844543069601,4.226261377334595,False,0.0,0.0,reported_conditioned_mlp,EDVARD GRIEG,,False,0.0,0.002953569474630055,0.014166844543069601,0.02502411901950835,0.04304508343338967,0.0,0.0,0.0,0.8166732609272002,1.938732874393463,0.5574866205453877,3.029067778587341,4.226261377334595,5.367967414855957,6.538571643829346
2050-09,2050-09-01,global_mlp,2026-03,12.518446,0.012476959265768528,4.225569248199463,False,0.11712739989161491,117127.39989161491,reported_conditioned_mlp,EDVARD GRIEG,,False,0.0,0.001374031160958111,0.012476959265768528,0.0273649949580431,0.044588578492403046,0.0,0.0,0.11712739989161491,1.0294024467468252,2.364271688461304,0.5565911471843724,3.000689339637756,4.225569248199463,5.330117321014404,6.528590774536133
2050-10,2050-10-01,global_mlp,2026-03,12.518446,0.012406765017658472,4.201848268508911,False,0.1530546471476555,153054.6471476555,reported_conditioned_mlp,EDVARD GRIEG,,False,0.0,0.0,0.012406765017658472,0.02533195614814758,0.048988049104809764,0.0,0.0,0.1530546471476555,1.2522650718688941,2.6057408332824714,0.47766478955745706,2.9869091272354122,4.201848268508911,5.297083759307861,6.511243438720703
2050-11,2050-11-01,global_mlp,2026-03,12.518446,0.013429619371891022,4.176069259643555,False,0.2704908773303032,270490.8773303032,reported_conditioned_mlp,EDVARD GRIEG,,False,0.0,0.0,0.013429619371891022,0.026804320700466622,0.04918967299163342,0.0,0.0,0.2704908773303032,0.9913329243659971,2.156393313407899,0.47601169049739855,2.9428465604782104,4.176069259643555,5.2822296619415265,6.478109884262086
2050-12,2050-12-01,global_mlp,2026-03,12.518446,0.013215295039117336,4.153243780136108,False,0.06341385655105114,63413.85655105114,reported_conditioned_mlp,EDVARD GRIEG,,False,0.0,7.937456393847113e-05,0.013215295039117336,0.026107606105506408,0.052775723114609735,0.0,0.0,0.06341385655105114,0.8289504885673523,2.127203845977783,0.47569979429245013,2.915214133262634,4.153243780136108,5.248919200897217,6.44890513420105
2051-01,2051-01-01,global_mlp,2026-03,12.518446,0.013286104425787926,4.14472222328186,False,0.00817269179970026,8172.69179970026,reported_conditioned_mlp,EDVARD GRIEG,,False,0.0,0.0,0.013286104425787926,0.027502706646919246,0.04746512956917286,0.0,0.0,0.00817269179970026,0.8777448296546936,2.223574137687685,0.47468088567256955,2.8973386049270626,4.14472222328186,5.221139240264892,6.427049684524537
2051-02,2051-02-01,global_mlp,2026-03,12.518446,0.013672440312802792,4.1335108280181885,False,0.0,0.0,reported_conditioned_mlp,EDVARD GRIEG,,False,0.0,0.0,0.013672440312802792,0.02781336139887571,0.054799671471118944,0.0,0.0,0.0,0.6884091317653649,2.0561341762542726,0.4194515496492387,2.8962302684783934,4.1335108280181885,5.204715538024902,6.416648435592652
2051-03,2051-03-01,global_mlp,2026-03,12.518446,0.010525728575885296,4.126205921173096,False,0.007062096614390612,7062.096614390612,reported_conditioned_mlp,EDVARD GRIEG,,False,0.0,0.0,0.010525728575885296,0.026048797555267792,0.05115107856690884,0.0,0.0,0.007062096614390612,0.8132968008518211,2.0968743562698364,0.4073014646768572,2.8796444416046136,4.126205921173096,5.161850881576538,6.416626453399658
