month,date,variant,cutoff_month,remaining_reserves_start_msm3oe,production_forecast_msm3oe,remaining_reserves_end_msm3oe,production_was_clipped,fuel_gas_forecast_msm3,fuel_gas_forecast_sm3,fuel_forecast_method,fuel_source_field,fuel_zero_from_month,fuel_zero_override_applied,production_forecast_msm3oe_q10,production_forecast_msm3oe_q30,production_forecast_msm3oe_q50,production_forecast_msm3oe_q70,production_forecast_msm3oe_q90,fuel_gas_forecast_msm3_q10,fuel_gas_forecast_msm3_q30,fuel_gas_forecast_msm3_q50,fuel_gas_forecast_msm3_q70,fuel_gas_forecast_msm3_q90,remaining_reserves_end_msm3oe_q10,remaining_reserves_end_msm3oe_q30,remaining_reserves_end_msm3oe_q50,remaining_reserves_end_msm3oe_q70,remaining_reserves_end_msm3oe_q90
2026-04,2026-04-01,global_mlp,2026-03,86.11406600000001,0.9363192617893219,85.17774963378906,False,7.943262100219727,7943262.100219727,reported_conditioned_mlp,JOHAN CASTBERG,,False,0.7046319901943207,0.8414937317371368,0.9363192617893219,1.0527316212654112,1.2212674617767334,4.437254047393799,6.5122779369354244,7.943262100219727,9.121631336212156,10.80516529083252,84.89279708862304,85.06133499145508,85.17774963378906,85.27257461547852,85.40943756103516
2026-05,2026-05-01,global_mlp,2026-03,86.11406600000001,0.8957170248031616,84.28903579711914,False,6.498722791671753,6498722.791671753,reported_conditioned_mlp,JOHAN CASTBERG,,False,0.6538852274417878,0.7988813698291779,0.8957170248031616,1.0091216206550597,1.2348972082138063,1.6035722970962525,3.9353780984878535,6.498722791671753,8.14460229873657,10.267486476898194,83.67102279663087,84.10417251586914,84.28903579711914,84.45260391235351,84.70703735351563
2026-06,2026-06-01,global_mlp,2026-03,86.11406600000001,0.8907653391361237,83.39961624145508,False,7.187191963195801,7187191.963195801,reported_conditioned_mlp,JOHAN CASTBERG,,False,0.6611671626567841,0.7928215146064758,0.8907653391361237,0.9952154517173767,1.2246485948562622,1.7226866722106935,4.647546958923339,7.187191963195801,8.877287578582763,10.80516529083252,82.53510513305665,83.12614135742187,83.39961624145508,83.60450668334961,84.00845947265626
2026-07,2026-07-01,global_mlp,2026-03,86.11406600000001,0.8956052362918854,82.48107147216797,False,6.793903112411499,6793903.112411499,reported_conditioned_mlp,JOHAN CASTBERG,,False,0.6337148189544678,0.7804432809352875,0.8956052362918854,1.0100816845893859,1.2078899145126345,2.1172360658645633,5.056270027160644,6.793903112411499,8.699326038360596,10.80516529083252,81.38914337158204,82.11099395751953,82.48107147216797,82.83449935913086,83.36076583862305
2026-08,2026-08-01,global_mlp,2026-03,86.11406600000001,0.8694920837879181,81.64067459106445,False,7.3292765617370605,7329276.561737061,reported_conditioned_mlp,JOHAN CASTBERG,,False,0.6374775409698487,0.7673232674598693,0.8694920837879181,0.974218899011612,1.1760288953781128,2.346420955657959,5.459319639205932,7.3292765617370605,8.626004886627197,10.80516529083252,80.21658935546876,81.19699172973633,81.64067459106445,82.02155990600586,82.63151321411132
2026-09,2026-09-01,global_mlp,2026-03,86.11406600000001,0.8784631490707397,80.7252311706543,False,8.499700546264648,8499700.546264648,reported_conditioned_mlp,JOHAN CASTBERG,,False,0.5975517451763154,0.7691022753715515,0.8784631490707397,0.9875549733638763,1.2498629927635192,2.468127298355103,6.298240661621092,8.499700546264648,10.299785995483397,10.80516529083252,78.98290939331055,80.21484909057617,80.7252311706543,81.26352615356446,81.96994552612304
2026-10,2026-10-01,global_mlp,2026-03,86.11406600000001,0.853642612695694,79.86735534667969,False,3.6993606090545654,3699360.6090545654,reported_conditioned_mlp,JOHAN CASTBERG,,False,0.5766062021255494,0.7391537308692931,0.853642612695694,0.9725512921810149,1.2347777485847473,0.6967658400535585,2.3680415868759153,3.6993606090545654,5.148461246490478,7.618552398681642,77.77840805053711,79.28975982666016,79.86735534667969,80.45085220336914,81.35631790161133
2026-11,2026-11-01,global_mlp,2026-03,86.11406600000001,0.8771052360534668,78.97942733764648,False,2.6766273975372314,2676627.3975372314,reported_conditioned_mlp,JOHAN CASTBERG,,False,0.6346728563308716,0.7727486073970795,0.8771052360534668,1.0176288962364197,1.2797343730926514,0.33986011147499096,1.488371193408966,2.6766273975372314,4.037255620956419,6.704913759231568,76.57751083374023,78.32723236083984,78.97942733764648,79.69516143798828,80.65854187011719
2026-12,2026-12-01,global_mlp,2026-03,86.11406600000001,0.8761044144630432,78.10609817504883,False,4.585576295852661,4585576.295852661,reported_conditioned_mlp,JOHAN CASTBERG,,False,0.5768917858600616,0.7456495642662048,0.8761044144630432,0.9723712742328643,1.2268421411514283,1.0633270323276525,3.049108052253723,4.585576295852661,6.164076805114744,8.418258857727052,75.3677848815918,77.37415618896485,78.10609817504883,78.80153274536133,80.01875915527344
2027-01,2027-01-01,global_mlp,2026-03,86.11406600000001,0.8480575680732727,77.21060180664062,False,6.4316442012786865,6431644.2012786865,reported_conditioned_mlp,JOHAN CASTBERG,,False,0.5244867503643037,0.7105209589004516,0.8480575680732727,0.9901256620883938,1.3074777364730836,1.9895603775978095,4.923806619644164,6.4316442012786865,7.688619375228882,10.210313701629644,74.13981552124024,76.41040802001953,77.21060180664062,77.99686660766602,79.41846084594727
2027-02,2027-02-01,global_mlp,2026-03,86.11406600000001,0.8629582524299622,76.35667419433594,False,6.796839714050293,6796839.714050293,reported_conditioned_mlp,JOHAN CASTBERG,,False,0.5224924623966217,0.7300187170505523,0.8629582524299622,0.98979474902153,1.2336493492126466,2.234853458404542,5.153024911880493,6.796839714050293,8.707381725311278,10.80516529083252,72.96273040771484,75.4549331665039,76.35667419433594,77.22500457763672,78.8192855834961
2027-03,2027-03-01,global_mlp,2026-03,86.11406600000001,0.8588680326938629,75.4703369140625,False,7.39523458480835,7395234.58480835,reported_conditioned_mlp,JOHAN CASTBERG,,False,0.4733011364936829,0.7190186142921448,0.8588680326938629,1.0107260465621948,1.2499739050865175,2.0100960373878483,5.670816087722779,7.39523458480835,9.252781009674072,10.80516529083252,71.87108840942383,74.48523559570313,75.4703369140625,76.50011749267578,78.23658676147461
2027-04,2027-04-01,global_mlp,2026-03,86.11406600000001,0.8782070875167847,74.57714080810547,False,3.3636386394500732,3363638.6394500732,reported_conditioned_mlp,JOHAN CASTBERG,,False,0.5140946686267853,0.7428070306777954,0.8782070875167847,1.011870551109314,1.3201272130012516,0.15256185233592992,1.1427570343017577,3.3636386394500732,5.527842664718626,8.409381103515626,70.56197357177734,73.54682159423828,74.57714080810547,75.73887100219727,77.55097885131836
2027-05,2027-05-01,global_mlp,2026-03,86.11406600000001,0.8296364545822144,73.75381851196289,False,0.5216284692287445,521628.4692287445,reported_conditioned_mlp,JOHAN CASTBERG,,False,0.44352007806301125,0.678049635887146,0.8296364545822144,0.9795743942260741,1.2525677561759951,0.0,0.14170194715261455,0.5216284692287445,1.4175157427787772,4.488814687728882,69.47769317626953,72.56407928466797,73.75381851196289,75.05200424194337,77.0397331237793
2027-06,2027-06-01,global_mlp,2026-03,86.11406600000001,0.8046996593475342,72.97184371948242,False,1.2163347601890564,1216334.7601890564,reported_conditioned_mlp,JOHAN CASTBERG,,False,0.46209341883659366,0.6610252499580384,0.8046996593475342,0.9595642209053037,1.237395167350769,0.0,0.4991547256708145,1.2163347601890564,2.9384928226470928,6.064294767379763,68.34229354858398,71.63122787475587,72.97184371948242,74.31761169433594,76.50320053100586
2027-07,2027-07-01,global_mlp,2026-03,86.11406600000001,0.7801327705383301,72.23477935791016,False,0.6554752886295319,655475.2886295319,reported_conditioned_mlp,JOHAN CASTBERG,,False,0.4239536702632904,0.6406601667404174,0.7801327705383301,0.9129877150058746,1.2044357657432558,0.0,0.2563975572586059,0.6554752886295319,1.6771265864372245,3.930415463447571,67.2364990234375,70.74221343994141,72.23477935791016,73.5782585144043,76.02339630126953
2027-08,2027-08-01,global_mlp,2026-03,86.11406600000001,0.7743407785892487,71.42753219604492,False,0.3832712024450302,383271.2024450302,reported_conditioned_mlp,JOHAN CASTBERG,,False,0.41071617007255556,0.6208338975906372,0.7743407785892487,0.9413519263267517,1.2396546840667726,0.0,0.06530435904860493,0.3832712024450302,1.072340130805969,3.023406958580018,66.12955703735352,69.82791137695312,71.42753219604492,72.8821418762207,75.62172164916993
2027-09,2027-09-01,global_mlp,2026-03,86.11406600000001,0.7686640322208405,70.63864135742188,False,0.471942737698555,471942.737698555,reported_conditioned_mlp,JOHAN CASTBERG,,False,0.3969979524612427,0.627024245262146,0.7686640322208405,0.9383188247680664,1.22301961183548,0.0,0.19100412577390669,0.471942737698555,1.2820915818214413,3.4732786655426025,65.12450866699218,68.9626350402832,70.63864135742188,72.18292922973633,75.11825561523438
2027-10,2027-10-01,global_mlp,2026-03,86.11406600000001,0.7351991534233093,69.82725143432617,False,0.12064452096819878,120644.52096819878,reported_conditioned_mlp,JOHAN CASTBERG,,False,0.36705374121665957,0.5857645571231842,0.7351991534233093,0.8861853539943694,1.1782002329826355,0.0,0.0,0.12064452096819878,0.3581427484750747,1.1274540424346926,64.078466796875,68.09436416625977,69.82725143432617,71.65007781982422,74.58756790161134
2027-11,2027-11-01,global_mlp,2026-03,86.11406600000001,0.7374802231788635,69.04167175292969,False,0.04362481273710728,43624.81273710728,reported_conditioned_mlp,JOHAN CASTBERG,,False,0.3618687093257905,0.5842918932437896,0.7374802231788635,0.9096455037593841,1.2357990503311158,0.0,0.0,0.04362481273710728,0.23200209140777583,0.8615363776683813,62.72110595703125,67.09370346069336,69.04167175292969,70.91304016113281,74.26299743652343
2027-12,2027-12-01,global_mlp,2026-03,86.11406600000001,0.7143104672431946,68.32262420654297,False,0.1114937886595726,111493.7886595726,reported_conditioned_mlp,JOHAN CASTBERG,,False,0.3093566328287125,0.5621443688869476,0.7143104672431946,0.8734368562698364,1.1815884947776796,0.0,0.0,0.1114937886595726,0.3683893740177151,1.5175020337104812,61.79028739929199,66.36832885742187,68.32262420654297,70.35934295654297,74.05329360961915
2028-01,2028-01-01,global_mlp,2026-03,86.11406600000001,0.7221061885356903,67.56884002685547,False,0.2809412181377411,280941.2181377411,reported_conditioned_mlp,JOHAN CASTBERG,,False,0.3465290486812592,0.561944168806076,0.7221061885356903,0.8683323442935941,1.24519602060318,0.0,0.03129611015319824,0.2809412181377411,0.6625041544437408,2.033554029464723,60.7402458190918,65.42850189208984,67.56884002685547,69.76758499145508,73.51668167114258
2028-02,2028-02-01,global_mlp,2026-03,86.11406600000001,0.7147188186645508,66.88991928100586,False,0.2815045118331909,281504.5118331909,reported_conditioned_mlp,JOHAN CASTBERG,,False,0.36289967596530914,0.5553457081317902,0.7147188186645508,0.871145176887512,1.2567463874816895,0.0,0.0001584612211445321,0.2815045118331909,0.8964374125003813,2.0888382434844974,59.52225341796875,64.49567947387695,66.88991928100586,69.0514289855957,73.01117172241212
2028-03,2028-03-01,global_mlp,2026-03,86.11406600000001,0.712364912033081,66.19721221923828,False,0.3626629561185837,362662.9561185837,reported_conditioned_mlp,JOHAN CASTBERG,,False,0.33068996071815493,0.5662915587425231,0.712364912033081,0.8937396287918087,1.221679723262787,0.0,0.04309486001729955,0.3626629561185837,0.9565587520599362,2.495968031883242,58.55457611083985,63.64074211120605,66.19721221923828,68.4207275390625,72.62067108154297
2028-04,2028-04-01,global_mlp,2026-03,86.11406600000001,0.7173859775066376,65.49612045288086,False,0.18261391669511795,182613.91669511795,reported_conditioned_mlp,JOHAN CASTBERG,,False,0.3569061726331711,0.5861392438411712,0.7173859775066376,0.8589169144630432,1.1850266933441163,0.0,0.03116968981921672,0.18261391669511795,0.3350614458322525,0.839822441339493,57.430406951904295,62.660791015625,65.49612045288086,67.87554779052735,72.1957405090332
2028-05,2028-05-01,global_mlp,2026-03,86.11406600000001,0.6552265584468842,64.88492584228516,False,0.0756922997534275,75692.2997534275,reported_conditioned_mlp,JOHAN CASTBERG,,False,0.3358509242534638,0.5095548808574676,0.6552265584468842,0.7922311723232264,1.0797858595848084,0.0,0.0,0.0756922997534275,0.24650140106678003,0.6682217240333558,56.346405029296875,61.94342956542969,64.88492584228516,67.32597122192382,71.73508987426759
2028-06,2028-06-01,global_mlp,2026-03,86.11406600000001,0.6364955008029938,64.21943283081055,False,0.09513245895504951,95132.45895504951,reported_conditioned_mlp,JOHAN CASTBERG,,False,0.29695484340190886,0.49593636095523835,0.6364955008029938,0.7856387257575989,1.0405673503875734,0.0,0.0,0.09513245895504951,0.2980334311723708,0.6926657974720004,55.30065994262696,61.24100952148437,64.21943283081055,66.751456451416,71.36185607910156
2028-07,2028-07-01,global_mlp,2026-03,86.11406600000001,0.6020480990409851,63.576467514038086,False,0.06552702561020851,65527.02561020851,reported_conditioned_mlp,JOHAN CASTBERG,,False,0.2891672343015671,0.47041904628276826,0.6020480990409851,0.7541467428207397,1.0194790244102478,0.0,0.0,0.06552702561020851,0.20413686484098428,0.479636287689209,54.32823486328125,60.59174118041992,63.576467514038086,66.22425994873046,70.72479629516602
2028-08,2028-08-01,global_mlp,2026-03,86.11406600000001,0.6007750928401947,62.9716854095459,False,0.0,0.0,reported_conditioned_mlp,JOHAN CASTBERG,,False,0.28554144203662873,0.4596377968788147,0.6007750928401947,0.7402354836463928,1.043628525733948,0.0,0.0,0.0,0.12691509574651713,0.38873316049575835,53.333641052246094,59.874432754516604,62.9716854095459,65.64283599853515,70.22363815307617
2028-09,2028-09-01,global_mlp,2026-03,86.11406600000001,0.5819480419158936,62.4835262298584,False,0.04599924385547638,45999.24385547638,reported_conditioned_mlp,JOHAN CASTBERG,,False,0.3056073784828186,0.46111113131046294,0.5819480419158936,0.7355778694152831,1.0344137191772462,0.0,0.0,0.04599924385547638,0.2000317841768264,0.5336910367012027,52.4482421875,59.060397720336915,62.4835262298584,65.12223892211914,69.73490371704102
2028-10,2028-10-01,global_mlp,2026-03,86.11406600000001,0.6017635762691498,61.91166877746582,False,0.0870138518512249,87013.8518512249,reported_conditioned_mlp,JOHAN CASTBERG,,False,0.30723392963409424,0.45882678329944604,0.6017635762691498,0.7171861529350279,1.041079616546631,0.0,0.0,0.0870138518512249,0.23738774210214614,0.579333907365799,51.435752868652344,58.330061721801755,61.91166877746582,64.72211303710937,69.09779205322266
2028-11,2028-11-01,global_mlp,2026-03,86.11406600000001,0.5902025699615479,61.36056137084961,False,0.01384611427783966,13846.11427783966,reported_conditioned_mlp,JOHAN CASTBERG,,False,0.3205546587705612,0.4604210764169693,0.5902025699615479,0.7289899408817291,1.0071176767349244,0.0,0.0,0.01384611427783966,0.15514736473560325,0.6733953356742859,50.4334831237793,57.73344345092773,61.36056137084961,64.31533508300781,68.62627792358398
2028-12,2028-12-01,global_mlp,2026-03,86.11406600000001,0.5549630224704742,60.741220474243164,False,0.0,0.0,reported_conditioned_mlp,JOHAN CASTBERG,,False,0.30258255004882817,0.4443339496850967,0.5549630224704742,0.6856214523315428,0.9771023213863375,0.0,0.0,0.0,0.11799399405717848,0.6291985511779791,49.3912052154541,57.03534698486328,60.741220474243164,63.69519119262694,68.15302658081055
2029-01,2029-01-01,global_mlp,2026-03,86.11406600000001,0.5604368448257446,60.23259353637695,False,0.07890297472476959,78902.97472476959,reported_conditioned_mlp,JOHAN CASTBERG,,False,0.28636770248413085,0.4393724322319031,0.5604368448257446,0.7166320264339446,1.0107495546340945,0.0,0.0,0.07890297472476959,0.2943140536546702,1.2846851587295534,48.49006385803223,56.43478851318359,60.23259353637695,63.28258476257324,67.71691207885742
2029-02,2029-02-01,global_mlp,2026-03,86.11406600000001,0.5793037116527557,59.68739128112793,False,0.05858458951115608,58584.58951115608,reported_conditioned_mlp,JOHAN CASTBERG,,False,0.2892516374588013,0.4624859482049942,0.5793037116527557,0.7096878230571747,0.9926131963729861,0.0,0.0,0.05858458951115608,0.25598216652870154,1.2149289608001712,47.590876770019534,55.61175346374512,59.68739128112793,62.79205245971679,67.16805572509766
2029-03,2029-03-01,global_mlp,2026-03,86.11406600000001,0.5673463046550751,59.21283721923828,False,0.10346077382564545,103460.77382564545,reported_conditioned_mlp,JOHAN CASTBERG,,False,0.24998556673526764,0.43788182735443115,0.5673463046550751,0.691342794895172,1.0195874214172365,0.0,0.0,0.10346077382564545,0.4110800623893737,1.3985368371009843,46.772364425659184,55.07895927429199,59.21283721923828,62.481817626953124,66.81257247924805
2029-04,2029-04-01,global_mlp,2026-03,86.11406600000001,0.5824318528175354,58.5524959564209,False,0.24519998580217361,245199.9858021736,reported_conditioned_mlp,JOHAN CASTBERG,,False,0.17721549868583683,0.44579330384731286,0.5824318528175354,0.7073574900627135,0.9619836986064912,0.0,0.094539837539196,0.24519998580217361,0.45924910604953745,1.1422289490699769,46.05704193115235,54.40691795349121,58.5524959564209,62.15871238708496,66.32468643188477
2029-05,2029-05-01,global_mlp,2026-03,86.11406600000001,0.545363187789917,57.96148872375488,False,0.1073276475071907,107327.6475071907,reported_conditioned_mlp,JOHAN CASTBERG,,False,0.2068167328834534,0.4154187887907028,0.545363187789917,0.6720157504081723,0.8735894083976748,0.0,0.0,0.1073276475071907,0.31353343427181235,0.8646597146987918,45.56228675842285,53.86980285644531,57.96148872375488,61.84182624816894,65.88839111328124
2029-06,2029-06-01,global_mlp,2026-03,86.11406600000001,0.51309934258461,57.46195983886719,False,0.08436616510152817,84366.16510152817,reported_conditioned_mlp,JOHAN CASTBERG,,False,0.17558886855840686,0.3893757164478302,0.51309934258461,0.6302293300628662,0.8425862729549413,0.0,0.0,0.08436616510152817,0.266540178656578,0.6579721868038183,45.16275596618652,53.21821327209473,57.46195983886719,61.28944435119629,65.399609375
2029-07,2029-07-01,global_mlp,2026-03,86.11406600000001,0.5048605501651764,56.94683074951172,False,0.10229538753628731,102295.38753628731,reported_conditioned_mlp,JOHAN CASTBERG,,False,0.1777473792433739,0.40123446881771085,0.5048605501651764,0.614983999729156,0.8630823373794556,0.0,0.0,0.10229538753628731,0.2909178137779236,0.6408707201480867,44.34878768920898,52.62208557128906,56.94683074951172,60.85828819274902,64.9678352355957
2029-08,2029-08-01,global_mlp,2026-03,86.11406600000001,0.4988795667886734,56.473323822021484,False,0.08202901482582092,82029.01482582092,reported_conditioned_mlp,JOHAN CASTBERG,,False,0.1684141457080841,0.4013893514871597,0.4988795667886734,0.6020687222480773,0.8507182896137241,0.0,0.0,0.08202901482582092,0.24425147175788872,0.6188931763172153,43.73289070129395,52.08979454040527,56.473323822021484,60.39440155029297,64.58017120361328
2029-09,2029-09-01,global_mlp,2026-03,86.11406600000001,0.4885955899953842,55.9782829284668,False,0.1618046835064888,161804.6835064888,reported_conditioned_mlp,JOHAN CASTBERG,,False,0.17387185692787174,0.39024620950222016,0.4885955899953842,0.596069610118866,0.8364854812622071,0.0,0.006013046670705074,0.1618046835064888,0.32461913526058195,0.8446900427341466,43.14428634643555,51.50245056152344,55.9782829284668,59.807003784179685,64.32452087402345
2029-10,2029-10-01,global_mlp,2026-03,86.11406600000001,0.4862613379955292,55.57330131530762,False,0.1266944482922554,126694.4482922554,reported_conditioned_mlp,JOHAN CASTBERG,,False,0.20765546262264253,0.39306785762310026,0.4862613379955292,0.587829941511154,0.8634892582893372,0.0,0.0,0.1266944482922554,0.3474093645811081,0.7940780818462374,42.47315521240235,50.94285850524902,55.57330131530762,59.33954429626465,63.80746574401856
2029-11,2029-11-01,global_mlp,2026-03,86.11406600000001,0.4980407804250717,55.12075424194336,False,0.011153674684464931,11153.674684464931,reported_conditioned_mlp,JOHAN CASTBERG,,False,0.2014438793063164,0.38958183526992796,0.4980407804250717,0.6026168942451476,0.8198464095592501,0.0,0.0,0.011153674684464931,0.14598427861928923,0.5464153647422793,41.46567993164062,50.630109786987305,55.12075424194336,58.91102905273437,63.59425735473633
2029-12,2029-12-01,global_mlp,2026-03,86.11406600000001,0.48519204556941986,54.52111053466797,False,0.0,0.0,reported_conditioned_mlp,JOHAN CASTBERG,,False,0.1684202760457993,0.384449428319931,0.48519204556941986,0.597869324684143,0.8010071635246283,0.0,0.0,0.0,0.09016063809394834,0.4577185720205308,40.79540023803711,50.10606231689453,54.52111053466797,58.45560569763183,63.30708808898926
2030-01,2030-01-01,global_mlp,2026-03,86.11406600000001,0.49407537281513214,54.09907913208008,False,0.0,0.0,reported_conditioned_mlp,JOHAN CASTBERG,,False,0.18755138218402864,0.3674213737249374,0.49407537281513214,0.5990821301937104,0.8532720685005193,0.0,0.0,0.0,0.1042065605521202,0.4974905610084535,40.1765552520752,49.660152435302734,54.09907913208008,58.0156494140625,62.86167755126953
2030-02,2030-02-01,global_mlp,2026-03,86.11406600000001,0.5049126744270325,53.560909271240234,False,0.0,0.0,reported_conditioned_mlp,JOHAN CASTBERG,,False,0.18493834137916568,0.37765591144561766,0.5049126744270325,0.6048460066318512,0.826419323682785,0.0,0.0,0.0,0.13696615695953368,0.7059291422367097,39.47680015563965,48.995679473876955,53.560909271240234,57.60616264343261,62.47698707580567
2030-03,2030-03-01,global_mlp,2026-03,86.11406600000001,0.4705008566379547,53.11772155761719,False,0.031593089923262596,31593.089923262596,reported_conditioned_mlp,JOHAN CASTBERG,,False,0.1450202852487564,0.35031881928443903,0.4705008566379547,0.5919218361377716,0.834739911556244,0.0,0.0,0.031593089923262596,0.20827095210552207,0.7971600651741034,38.71884727478027,48.522040939331056,53.11772155761719,57.13236808776855,61.675453948974614
2030-04,2030-04-01,global_mlp,2026-03,86.11406600000001,0.4857574999332428,52.610443115234375,False,0.21426260471343994,214262.60471343994,reported_conditioned_mlp,JOHAN CASTBERG,,False,0.10286565497517587,0.3374434769153595,0.4857574999332428,0.6048482596874236,0.8016732215881349,0.0,0.05867091566324234,0.21426260471343994,0.42625856995582556,0.8893467605113984,37.890069580078126,48.020660400390625,52.610443115234375,56.6724452972412,61.27125091552735
2030-05,2030-05-01,global_mlp,2026-03,86.11406600000001,0.44755326211452484,52.14508056640625,False,0.12142350524663925,121423.50524663925,reported_conditioned_mlp,JOHAN CASTBERG,,False,0.14641742408275604,0.33464811742305756,0.44755326211452484,0.5583549201488494,0.7455607295036316,0.0,0.0,0.12142350524663925,0.3029636919498442,0.7075216889381409,37.366054916381835,47.59589500427246,52.14508056640625,56.196372985839844,60.890555953979494
2030-06,2030-06-01,global_mlp,2026-03,86.11406600000001,0.43984514474868774,51.68955612182617,False,0.08864877745509148,88648.77745509148,reported_conditioned_mlp,JOHAN CASTBERG,,False,0.11679994687438018,0.2912268906831741,0.43984514474868774,0.5464201271533966,0.7247173190116882,0.0,0.0,0.08864877745509148,0.24178697764873486,0.5728862822055819,37.054541015625006,47.1000473022461,51.68955612182617,55.77781219482422,60.50475425720215
2030-07,2030-07-01,global_mlp,2026-03,86.11406600000001,0.4330778867006302,51.233564376831055,False,0.1033465750515461,103346.5750515461,reported_conditioned_mlp,JOHAN CASTBERG,,False,0.12041903212666512,0.3125088721513748,0.4330778867006302,0.534665310382843,0.7110060930252076,0.0,0.0,0.1033465750515461,0.22997807264328002,0.5348978161811829,36.768305969238284,46.59735832214355,51.233564376831055,55.47205848693847,60.271188735961914
2030-08,2030-08-01,global_mlp,2026-03,86.11406600000001,0.4292905330657959,50.81026077270508,False,0.060692962259054184,60692.962259054184,reported_conditioned_mlp,JOHAN CASTBERG,,False,0.1244086429476738,0.30661806166172023,0.4292905330657959,0.5293965756893154,0.7094539761543274,0.0,0.0,0.060692962259054184,0.2090200200676918,0.5143410384655001,36.15655784606934,46.14183044433594,50.81026077270508,55.16544723510742,59.84256172180176
2030-09,2030-09-01,global_mlp,2026-03,86.11406600000001,0.42262032628059387,50.48957061767578,False,0.14175961911678314,141759.61911678314,reported_conditioned_mlp,JOHAN CASTBERG,,False,0.13399258553981783,0.3192036092281341,0.42262032628059387,0.5316418468952179,0.7188607335090638,0.0,0.0,0.14175961911678314,0.35143083930015545,0.7405492782592774,35.76283149719239,45.83121299743652,50.48957061767578,54.82976760864258,59.392729949951175
2030-10,2030-10-01,global_mlp,2026-03,86.11406600000001,0.4259272515773773,50.03794479370117,False,0.1410887911915779,141088.7911915779,reported_conditioned_mlp,JOHAN CASTBERG,,False,0.13089988082647325,0.32463862895965573,0.4259272515773773,0.5326179504394529,0.733663010597229,0.0,0.0,0.1410887911915779,0.32084994018077845,0.6913761973381044,35.04297637939453,45.35032844543457,50.03794479370117,54.33407707214355,59.10186767578125
2030-11,2030-11-01,global_mlp,2026-03,86.11406600000001,0.43475116789340973,49.54985427856445,False,0.0,0.0,reported_conditioned_mlp,JOHAN CASTBERG,,False,0.13210682272911073,0.3290370136499405,0.43475116789340973,0.5469394743442535,0.7311417043209076,0.0,0.0,0.0,0.15183553099632258,0.5492074310779577,34.30186309814453,44.8361515045166,49.54985427856445,53.77566375732422,58.75149993896484
2030-12,2030-12-01,global_mlp,2026-03,86.11406600000001,0.42049092054367065,49.22629356384277,False,0.0,0.0,reported_conditioned_mlp,JOHAN CASTBERG,,False,0.1478151634335518,0.33308023214340204,0.42049092054367065,0.5312139391899109,0.7109479606151581,0.0,0.0,0.0,0.12187111079692826,0.6172275066375733,33.79448013305664,44.33185234069824,49.22629356384277,53.2935546875,58.4978443145752
2031-01,2031-01-01,global_mlp,2026-03,86.11406600000001,0.4284234046936035,48.82098960876465,False,0.008407515939325094,8407.515939325094,reported_conditioned_mlp,JOHAN CASTBERG,,False,0.15615881234407425,0.3269501149654388,0.4284234046936035,0.5392674446105954,0.7572561442852022,0.0,0.0,0.008407515939325094,0.17285272181034086,0.48074687123298726,33.31791534423828,43.78253746032715,48.82098960876465,52.90066833496093,57.72599716186524
2031-02,2031-02-01,global_mlp,2026-03,86.11406600000001,0.4305880665779114,48.24972152709961,False,0.009267760906368494,9267.760906368494,reported_conditioned_mlp,JOHAN CASTBERG,,False,0.15705720931291586,0.3203671157360077,0.4305880665779114,0.5409199953079223,0.7851092994213105,0.0,0.0,0.009267760906368494,0.2535520315170287,0.8156276226043706,32.79769783020019,43.39171752929687,48.24972152709961,52.447520065307614,57.22958679199219
2031-03,2031-03-01,global_mlp,2026-03,86.11406600000001,0.4127345532178879,47.73270225524902,False,0.11593098565936089,115930.98565936089,reported_conditioned_mlp,JOHAN CASTBERG,,False,0.12653997316956522,0.2987692475318908,0.4127345532178879,0.5415556013584136,0.7453240156173706,0.0,0.0,0.11593098565936089,0.3387937247753143,1.1521143555641187,32.2440544128418,42.897543334960936,47.73270225524902,52.063644027709955,56.90507621765137
2031-04,2031-04-01,global_mlp,2026-03,86.11406600000001,0.40990492701530457,47.230634689331055,False,0.2401917576789856,240191.7576789856,reported_conditioned_mlp,JOHAN CASTBERG,,False,0.08464856445789337,0.2669448673725128,0.40990492701530457,0.5153578162193297,0.7626818776130676,0.0,0.061054018139839135,0.2401917576789856,0.4125925481319427,0.8441680312156679,31.66358642578125,42.357387924194335,47.230634689331055,51.545247650146486,56.65357437133789
2031-05,2031-05-01,global_mlp,2026-03,86.11406600000001,0.39186830818653107,46.813039779663086,False,0.08702114969491959,87021.14969491959,reported_conditioned_mlp,JOHAN CASTBERG,,False,0.10143752321600914,0.2643790543079376,0.39186830818653107,0.5082547843456267,0.7250714600086212,0.0,0.0,0.08702114969491959,0.28281075954437235,0.7914436459541326,31.070564842224123,41.920789337158205,46.813039779663086,51.215453720092775,56.30637016296387
2031-06,2031-06-01,global_mlp,2026-03,86.11406600000001,0.381295382976532,46.26692771911621,False,0.0667579360306263,66757.9360306263,reported_conditioned_mlp,JOHAN CASTBERG,,False,0.08596531525254252,0.24125857353210442,0.381295382976532,0.4866852551698683,0.7061234772205354,0.0,0.0,0.0667579360306263,0.23364624530076977,0.617701256275177,30.559404373168945,41.482438278198245,46.26692771911621,51.0419002532959,55.965156936645506
2031-07,2031-07-01,global_mlp,2026-03,86.11406600000001,0.38180768489837646,45.8665657043457,False,0.08077210187911987,80772.10187911987,reported_conditioned_mlp,JOHAN CASTBERG,,False,0.09215600788593294,0.26261853575706473,0.38180768489837646,0.5112051904201507,0.6610976338386536,0.0,0.0,0.08077210187911987,0.22805624902248378,0.6311013102531435,29.88562183380127,41.29426918029785,45.8665657043457,50.66455955505371,55.576952362060545
2031-08,2031-08-01,global_mlp,2026-03,86.11406600000001,0.3770665228366852,45.55111885070801,False,0.051332490518689156,51332.490518689156,reported_conditioned_mlp,JOHAN CASTBERG,,False,0.09230820909142495,0.25626390874385835,0.3770665228366852,0.4889279931783675,0.6593186080455781,0.0,0.0,0.051332490518689156,0.21635115295648563,0.5870096623897553,29.361348342895507,40.89775428771973,45.55111885070801,50.253061294555664,55.18262138366699
2031-09,2031-09-01,global_mlp,2026-03,86.11406600000001,0.3914443552494049,45.172433853149414,False,0.1156790442764759,115679.0442764759,reported_conditioned_mlp,JOHAN CASTBERG,,False,0.10579696446657182,0.28420375287532806,0.3914443552494049,0.5071443796157837,0.6650855600833895,0.0,0.0,0.1156790442764759,0.29655100703239434,0.7866232633590702,28.85016632080078,40.439683532714845,45.172433853149414,49.758353805541994,54.663555526733404
2031-10,2031-10-01,global_mlp,2026-03,86.11406600000001,0.39865173399448395,44.79204750061035,False,0.09323995187878609,93239.95187878609,reported_conditioned_mlp,JOHAN CASTBERG,,False,0.11508498489856721,0.2790825337171554,0.39865173399448395,0.5007401883602142,0.7085787117481235,0.0,0.0,0.09323995187878609,0.3019473105669018,0.6510895133018496,28.389793968200685,39.89441146850586,44.79204750061035,49.41490440368652,54.22638282775879
2031-11,2031-11-01,global_mlp,2026-03,86.11406600000001,0.4028107672929764,44.379669189453125,False,0.0,0.0,reported_conditioned_mlp,JOHAN CASTBERG,,False,0.11938538402318957,0.29618185162544247,0.4028107672929764,0.5008075356483459,0.6913524448871613,0.0,0.0,0.0,0.12274112179875353,0.49957351982593534,27.88044147491455,39.45154800415039,44.379669189453125,48.99712982177734,53.60555076599121
2031-12,2031-12-01,global_mlp,2026-03,86.11406600000001,0.37660789489746094,44.06382942199707,False,0.0,0.0,reported_conditioned_mlp,JOHAN CASTBERG,,False,0.13984098881483079,0.2941084593534469,0.37660789489746094,0.4912838310003281,0.6642702639102938,0.0,0.0,0.0,0.1023707903921603,0.4940102815628052,27.66993274688721,38.95484657287597,44.06382942199707,48.60333595275879,53.18787689208985
2032-01,2032-01-01,global_mlp,2026-03,86.11406600000001,0.4028661996126175,43.74147605895996,False,0.0,0.0,reported_conditioned_mlp,JOHAN CASTBERG,,False,0.14429699629545212,0.29399847984313965,0.4028661996126175,0.5191447675228116,0.7529960036277775,0.0,0.0,0.0,0.13152223974466318,0.5849280297756195,26.958184814453126,38.61892242431641,43.74147605895996,48.268009948730466,52.836412048339845
2032-02,2032-02-01,global_mlp,2026-03,86.11406600000001,0.40489307045936584,43.0394401550293,False,0.010567856021225452,10567.856021225452,reported_conditioned_mlp,JOHAN CASTBERG,,False,0.14757681190967561,0.29473324716091154,0.40489307045936584,0.5003407359123229,0.7081491589546205,0.0,0.0,0.010567856021225452,0.1893371254205703,0.7871578693389901,26.551572799682617,38.25708122253418,43.0394401550293,47.92133636474609,52.391007614135745
2032-03,2032-03-01,global_mlp,2026-03,86.11406600000001,0.37282395362854004,42.59226608276367,False,0.061837466433644295,61837.466433644295,reported_conditioned_mlp,JOHAN CASTBERG,,False,0.10572775974869729,0.2725535005331039,0.37282395362854004,0.490013512969017,0.7278179109096528,0.0,0.0,0.061837466433644295,0.3506327301263806,1.1555786490440374,26.14822883605957,37.906890869140625,42.59226608276367,47.40982284545898,52.100840377807614
2032-04,2032-04-01,global_mlp,2026-03,86.11406600000001,0.3541894853115082,42.15864372253418,False,0.18554463237524033,185544.63237524033,reported_conditioned_mlp,JOHAN CASTBERG,,False,0.06822472214698792,0.2228009611368179,0.3541894853115082,0.4982525765895843,0.69829540848732,0.0,0.028090162761509413,0.18554463237524033,0.3936802953481672,0.8760510206222536,25.591649436950686,37.63640518188477,42.15864372253418,47.06312713623047,51.821746063232425
2032-05,2032-05-01,global_mlp,2026-03,86.11406600000001,0.35718803107738495,41.779191970825195,False,0.03051873669028282,30518.73669028282,reported_conditioned_mlp,JOHAN CASTBERG,,False,0.08844459652900698,0.21692274659872054,0.35718803107738495,0.4746973723173141,0.651869809627533,0.0,0.0,0.03051873669028282,0.21116029024124142,0.5483027040958407,25.02983856201172,37.06996116638184,41.779191970825195,46.65694160461426,51.50106353759766
2032-06,2032-06-01,global_mlp,2026-03,86.11406600000001,0.33194032311439514,41.3770866394043,False,0.03861621767282486,38616.21767282486,reported_conditioned_mlp,JOHAN CASTBERG,,False,0.06802257150411609,0.19091837555170058,0.33194032311439514,0.4423774808645248,0.6116645097732545,0.0,0.0,0.03861621767282486,0.17571986019611346,0.5273644447326664,24.800780487060546,36.92615165710449,41.3770866394043,46.375048828124996,51.10731582641601
2032-07,2032-07-01,global_mlp,2026-03,86.11406600000001,0.3388417065143585,41.04711151123047,False,0.04998833313584328,49988.33313584328,reported_conditioned_mlp,JOHAN CASTBERG,,False,0.06782535687088967,0.1946080133318901,0.3388417065143585,0.45802205502986904,0.6568211615085604,0.0,0.0,0.04998833313584328,0.2029320418834686,0.5106336951255799,24.493342018127443,36.66894645690918,41.04711151123047,45.978780364990236,50.52093505859376
2032-08,2032-08-01,global_mlp,2026-03,86.11406600000001,0.33389271795749664,40.69424629211426,False,0.03208333160728216,32083.33160728216,reported_conditioned_mlp,JOHAN CASTBERG,,False,0.07417620569467548,0.2050251007080078,0.33389271795749664,0.4361791461706161,0.6047476172447206,0.0,0.0,0.03208333160728216,0.18842007219791396,0.4765329480171212,24.176122856140136,36.364418029785156,40.69424629211426,45.60200386047363,50.1403305053711
2032-09,2032-09-01,global_mlp,2026-03,86.11406600000001,0.3529665619134903,40.212297439575195,False,0.10261233896017075,102612.33896017075,reported_conditioned_mlp,JOHAN CASTBERG,,False,0.07911610454320908,0.2240243539214134,0.3529665619134903,0.4722115039825439,0.6326570749282837,0.0,0.0,0.10261233896017075,0.23900393992662416,0.5821083724498749,23.946611595153808,36.01154556274414,40.212297439575195,45.25726585388183,49.83804550170899
2032-10,2032-10-01,global_mlp,2026-03,86.11406600000001,0.36137455701828003,39.77349281311035,False,0.059884943068027496,59884.943068027496,reported_conditioned_mlp,JOHAN CASTBERG,,False,0.09727445915341378,0.2512611091136932,0.36137455701828003,0.47019526958465546,0.6558547079563144,0.0,0.0,0.059884943068027496,0.20203588455915444,0.5519672334194186,23.76131572723389,35.65327911376953,39.77349281311035,44.864393615722655,49.411787033081055
2032-11,2032-11-01,global_mlp,2026-03,86.11406600000001,0.36178621649742126,39.45303535461426,False,0.0,0.0,reported_conditioned_mlp,JOHAN CASTBERG,,False,0.09316970854997636,0.24116082191467283,0.36178621649742126,0.4660519242286678,0.6314820289611818,0.0,0.0,0.0,0.125438009947538,0.40140434503555317,23.507455825805664,35.203440475463864,39.45303535461426,44.474148178100585,49.09526672363281
2032-12,2032-12-01,global_mlp,2026-03,86.11406600000001,0.3521939218044281,39.127498626708984,False,0.0,0.0,reported_conditioned_mlp,JOHAN CASTBERG,,False,0.1149154894053936,0.24843216240406035,0.3521939218044281,0.4739082425832748,0.6283082485198976,0.0,0.0,0.0,0.046483498439192625,0.34002840220928204,23.193382644653322,34.76593437194824,39.127498626708984,44.05302429199218,48.81456336975098
2033-01,2033-01-01,global_mlp,2026-03,86.11406600000001,0.36925768852233887,38.79707336425781,False,0.0,0.0,reported_conditioned_mlp,JOHAN CASTBERG,,False,0.10615025907754899,0.2673277616500854,0.36925768852233887,0.4892338365316389,0.6819879055023195,0.0,0.0,0.0,0.07547250464558596,0.33968378901481644,22.904315567016603,34.39652442932129,38.79707336425781,43.83032455444336,48.489708328247076
2033-02,2033-02-01,global_mlp,2026-03,86.11406600000001,0.3630068153142929,38.420053482055664,False,0.0,0.0,reported_conditioned_mlp,JOHAN CASTBERG,,False,0.11915845498442651,0.2536261230707168,0.3630068153142929,0.467640122771263,0.6661483764648439,0.0,0.0,0.0,0.1543285936117172,0.5517725110054018,22.511873245239258,33.921108627319335,38.420053482055664,43.29140167236328,48.224547958374025
2033-03,2033-03-01,global_mlp,2026-03,86.11406600000001,0.34908977150917053,38.053470611572266,False,0.05996721610426903,59967.21610426903,reported_conditioned_mlp,JOHAN CASTBERG,,False,0.09130052179098129,0.23882612586021418,0.34908977150917053,0.46210540831089,0.6432994425296785,0.0,0.0,0.05996721610426903,0.2598111778497696,0.7809603571891788,22.086595726013186,33.601556396484376,38.053470611572266,42.71914367675781,47.932412719726564
2033-04,2033-04-01,global_mlp,2026-03,86.11406600000001,0.3396041542291641,37.593034744262695,False,0.19608554989099503,196085.54989099503,reported_conditioned_mlp,JOHAN CASTBERG,,False,0.04747171998023987,0.19900572299957275,0.3396041542291641,0.4753646910190582,0.6307922184467317,0.0,0.024239974282681927,0.19608554989099503,0.3828055351972579,0.8706323087215427,21.525596618652344,33.297316741943355,37.593034744262695,42.2744888305664,47.5061336517334
2033-05,2033-05-01,global_mlp,2026-03,86.11406600000001,0.3127078264951706,37.23018264770508,False,0.039945103228092194,39945.10322809219,reported_conditioned_mlp,JOHAN CASTBERG,,False,0.07611086219549179,0.2112354815006256,0.3127078264951706,0.42591372132301314,0.5875800430774689,0.0,0.0,0.039945103228092194,0.17803504765033687,0.6183351874351501,21.052348136901855,32.91683158874512,37.23018264770508,41.87909278869628,47.18901481628418
2033-06,2033-06-01,global_mlp,2026-03,86.11406600000001,0.3040531873703003,36.91977882385254,False,0.03861323557794094,38613.23557794094,reported_conditioned_mlp,JOHAN CASTBERG,,False,0.05301395803689957,0.1796998187899589,0.3040531873703003,0.3972796320915222,0.5611064493656159,0.0,0.0,0.03861323557794094,0.17989521920680995,0.4631401330232621,20.71301021575928,32.53539199829101,36.91977882385254,41.555681228637695,47.09095077514649
2033-07,2033-07-01,global_mlp,2026-03,86.11406600000001,0.32392673194408417,36.63037872314453,False,0.08327221497893333,83272.21497893333,reported_conditioned_mlp,JOHAN CASTBERG,,False,0.05997401289641858,0.1899488791823387,0.32392673194408417,0.4410283237695694,0.5936994254589081,0.0,0.0,0.08327221497893333,0.213074193894863,0.4839906632900239,20.49387607574463,32.18072814941406,36.63037872314453,41.188665008544916,46.6834041595459
2033-08,2033-08-01,global_mlp,2026-03,86.11406600000001,0.3006124049425125,36.24637031555176,False,0.037041060626506805,37041.060626506805,reported_conditioned_mlp,JOHAN CASTBERG,,False,0.06854422613978392,0.2002097442746162,0.3006124049425125,0.4196739435195923,0.5546932876110077,0.0,0.0,0.037041060626506805,0.15980467051267616,0.4715565532445908,20.322868537902835,31.74909839630127,36.24637031555176,40.723229980468744,46.33736114501953
2033-09,2033-09-01,global_mlp,2026-03,86.11406600000001,0.3167199343442917,35.90130424499512,False,0.08434787392616272,84347.87392616272,reported_conditioned_mlp,JOHAN CASTBERG,,False,0.06151225455105306,0.21080215573310848,0.3167199343442917,0.41516089737415307,0.5820835411548615,0.0,0.0,0.08434787392616272,0.23411618918180446,0.5718426346778874,19.81618137359619,31.640302085876463,35.90130424499512,40.479454803466794,45.96930847167969
2033-10,2033-10-01,global_mlp,2026-03,86.11406600000001,0.33459633588790894,35.587236404418945,False,0.07736924290657043,77369.24290657043,reported_conditioned_mlp,JOHAN CASTBERG,,False,0.06867315098643305,0.21860192418098448,0.33459633588790894,0.4474451512098312,0.5909572780132296,0.0,0.0,0.07736924290657043,0.23174786567687966,0.6248314142227174,19.779239463806157,31.20474281311035,35.587236404418945,40.0680549621582,45.64606628417969
2033-11,2033-11-01,global_mlp,2026-03,86.11406600000001,0.32655516266822815,35.26614761352539,False,0.0,0.0,reported_conditioned_mlp,JOHAN CASTBERG,,False,0.0651038207113743,0.22154305130243301,0.32655516266822815,0.4226420074701308,0.582518756389618,0.0,0.0,0.0,0.1065844543278217,0.3636441826820376,19.75255165100098,30.913282585144042,35.26614761352539,39.75998802185058,45.280033111572266
2033-12,2033-12-01,global_mlp,2026-03,86.11406600000001,0.32665951550006866,34.938974380493164,False,0.0,0.0,reported_conditioned_mlp,JOHAN CASTBERG,,False,0.0921721413731575,0.22346666604280468,0.32665951550006866,0.43090879619121547,0.5931089460849764,0.0,0.0,0.0,0.039407654479145966,0.3760110378265383,19.456997108459475,30.65835304260254,34.938974380493164,39.4111400604248,44.87015953063965
2034-01,2034-01-01,global_mlp,2026-03,86.11406600000001,0.3314085453748703,34.56420707702637,False,0.0,0.0,reported_conditioned_mlp,JOHAN CASTBERG,,False,0.10609542950987816,0.22958241999149323,0.3314085453748703,0.424181255698204,0.6028976738452911,0.0,0.0,0.0,0.08896844238042828,0.33044548630714426,19.060833549499513,30.407658576965332,34.56420707702637,39.18649635314941,44.4857177734375
2034-02,2034-02-01,global_mlp,2026-03,86.11406600000001,0.32053177058696747,34.26325798034668,False,0.008933470118790865,8933.470118790865,reported_conditioned_mlp,JOHAN CASTBERG,,False,0.10655363872647287,0.22507476210594177,0.32053177058696747,0.422587713599205,0.6094401538372041,0.0,0.0,0.008933470118790865,0.16404383182525625,0.5556445479393008,18.73916301727295,29.989797973632808,34.26325798034668,38.76277389526367,44.13210220336914
2034-03,2034-03-01,global_mlp,2026-03,86.11406600000001,0.30085623264312744,33.846256256103516,False,0.04936235584318638,49362.35584318638,reported_conditioned_mlp,JOHAN CASTBERG,,False,0.07921721711754799,0.21132318675518033,0.30085623264312744,0.40681818127632136,0.592600727081299,0.0,0.0,0.04936235584318638,0.26078978180885315,0.7625156998634341,18.54310131072998,29.583749198913573,33.846256256103516,38.3790542602539,43.616495513916014
2034-04,2034-04-01,global_mlp,2026-03,86.11406600000001,0.28201913833618164,33.47319221496582,False,0.18580365926027298,185803.65926027298,reported_conditioned_mlp,JOHAN CASTBERG,,False,0.040408399328589445,0.141221384704113,0.28201913833618164,0.39528988301754,0.5650729000568391,0.0,0.022135954722762065,0.18580365926027298,0.3499837428331375,0.7772285521030426,18.429922676086427,29.21659870147705,33.47319221496582,38.058655166625975,43.25239219665528
2034-05,2034-05-01,global_mlp,2026-03,86.11406600000001,0.2746742069721222,33.16107368469238,False,0.04261151887476444,42611.51887476444,reported_conditioned_mlp,JOHAN CASTBERG,,False,0.06333787068724635,0.15311703532934187,0.2746742069721222,0.3778859317302703,0.5324881911277771,0.0,0.0,0.04261151887476444,0.18487336039543148,0.5791433155536654,18.039157104492187,28.77891311645508,33.16107368469238,37.59842643737793,43.09340209960938
2034-06,2034-06-01,global_mlp,2026-03,86.11406600000001,0.24528083205223083,32.91493034362793,False,0.046282168477773666,46282.16847777367,reported_conditioned_mlp,JOHAN CASTBERG,,False,0.05017393492162228,0.1333944857120514,0.24528083205223083,0.36117184460163115,0.5252617597579958,0.0,0.0,0.046282168477773666,0.1639418631792067,0.45179741084575664,17.894755554199218,28.287648773193357,32.91493034362793,37.43792686462402,42.789194107055664
2034-07,2034-07-01,global_mlp,2026-03,86.11406600000001,0.2673194855451584,32.61683654785156,False,0.07765017077326775,77650.17077326775,reported_conditioned_mlp,JOHAN CASTBERG,,False,0.04955621622502804,0.13969554752111424,0.2673194855451584,0.38866918087005614,0.5523075103759766,0.0,0.0,0.07765017077326775,0.19772488921880715,0.42753451168537143,17.755662727355958,28.098297309875488,32.61683654785156,37.09500350952148,42.54234733581543
2034-08,2034-08-01,global_mlp,2026-03,86.11406600000001,0.25067775696516037,32.51857376098633,False,0.031809127889573574,31809.127889573574,reported_conditioned_mlp,JOHAN CASTBERG,,False,0.04678115136921406,0.15291494578123094,0.25067775696516037,0.3637973606586455,0.5247718870639801,0.0,0.0,0.031809127889573574,0.1501082479953766,0.4199117034673691,17.69733009338379,27.995011901855467,32.51857376098633,36.810329055786134,42.34768943786621
2034-09,2034-09-01,global_mlp,2026-03,86.11406600000001,0.2782488167285919,32.27078056335449,False,0.07365331426262856,73653.31426262856,reported_conditioned_mlp,JOHAN CASTBERG,,False,0.05459177643060685,0.15687074065208434,0.2782488167285919,0.369530063867569,0.5396219015121461,0.0,0.0,0.07365331426262856,0.27018946111202236,0.5904511153697973,17.615679550170903,27.59579448699951,32.27078056335449,36.50295944213867,42.21244735717774
2034-10,2034-10-01,global_mlp,2026-03,86.11406600000001,0.29379697144031525,31.950369834899902,False,0.0653790533542633,65379.053354263306,reported_conditioned_mlp,JOHAN CASTBERG,,False,0.05509559549391273,0.1564683809876442,0.29379697144031525,0.39015989899635306,0.543500965833664,0.0,0.0,0.0653790533542633,0.20907850116491314,0.5564065098762513,17.49170894622803,27.089430427551267,31.950369834899902,36.145738220214845,41.901313400268556
2034-11,2034-11-01,global_mlp,2026-03,86.11406600000001,0.28041909635066986,31.68398952484131,False,0.0,0.0,reported_conditioned_mlp,JOHAN CASTBERG,,False,0.062246674299240114,0.18692922592163078,0.28041909635066986,0.3921682745218277,0.551996111869812,0.0,0.0,0.0,0.1347916260361671,0.41295139789581314,17.00345230102539,26.58168849945068,31.68398952484131,35.73559074401855,41.61999549865723
2034-12,2034-12-01,global_mlp,2026-03,86.11406600000001,0.2868001461029053,31.35405445098877,False,0.0,0.0,reported_conditioned_mlp,JOHAN CASTBERG,,False,0.0750626802444458,0.18879915326833724,0.2868001461029053,0.3811038345098495,0.5478957891464233,0.0,0.0,0.0,0.06441123634576777,0.3115509569644931,16.965704727172852,26.220770454406736,31.35405445098877,35.3460994720459,41.153947067260745
2035-01,2035-01-01,global_mlp,2026-03,86.11406600000001,0.3033306747674942,31.039579391479492,False,0.0,0.0,reported_conditioned_mlp,JOHAN CASTBERG,,False,0.07828055173158649,0.19907105714082718,0.3033306747674942,0.39454042911529535,0.5650098621845246,0.0,0.0,0.0,0.08932662233710287,0.3885119378566743,16.93894100189209,25.960926818847657,31.039579391479492,34.777901458740224,40.764873886108404
2035-02,2035-02-01,global_mlp,2026-03,86.11406600000001,0.29435470700263977,30.89024543762207,False,0.0030194210121408105,3019.4210121408105,reported_conditioned_mlp,JOHAN CASTBERG,,False,0.07804261818528176,0.1979922965168953,0.29435470700263977,0.3790800184011459,0.5373879849910737,0.0,0.0,0.0030194210121408105,0.18646768629550906,0.5548789739608768,16.88100280761719,25.590271377563475,30.89024543762207,34.455017471313475,40.52452621459961
2035-03,2035-03-01,global_mlp,2026-03,86.11406600000001,0.2664221376180649,30.576457977294922,False,0.08779972046613693,87799.72046613693,reported_conditioned_mlp,JOHAN CASTBERG,,False,0.04939019605517388,0.15343342423439024,0.2664221376180649,0.3645588994026184,0.5415144681930543,0.0,0.0,0.08779972046613693,0.2832172989845276,0.7775416612625122,16.866116523742676,25.265511894226073,30.576457977294922,34.11668510437011,40.13208541870117
2035-04,2035-04-01,global_mlp,2026-03,86.11406600000001,0.24117331951856613,30.260883331298828,False,0.1711653769016266,171165.3769016266,reported_conditioned_mlp,JOHAN CASTBERG,,False,0.03736565336585045,0.09799737259745597,0.24117331951856613,0.3657727479934692,0.5269963562488557,0.0,0.018001196812838256,0.1711653769016266,0.34346686899661993,0.7042371511459351,16.670195198059083,25.060752868652344,30.260883331298828,33.79460220336914,39.85324172973633
2035-05,2035-05-01,global_mlp,2026-03,86.11406600000001,0.23742740601301193,30.011513710021973,False,0.022212225012481213,22212.225012481213,reported_conditioned_mlp,JOHAN CASTBERG,,False,0.037713184952735915,0.12280873432755471,0.23742740601301193,0.34886327087879176,0.5038122415542603,0.0,0.0,0.022212225012481213,0.16122857034206375,0.4430629372596742,16.564750862121585,24.81459312438965,30.011513710021973,33.421889495849605,39.545287704467775
2035-06,2035-06-01,global_mlp,2026-03,86.11406600000001,0.20719296485185623,29.750486373901367,False,0.006947079440578818,6947.079440578818,reported_conditioned_mlp,JOHAN CASTBERG,,False,0.03332139626145363,0.09330756887793541,0.20719296485185623,0.3193377435207364,0.45894998013973237,0.0,0.0,0.006947079440578818,0.16426980495452867,0.3804802268743516,16.525502395629886,24.61736183166504,29.750486373901367,33.095913314819335,39.114306640625
2035-07,2035-07-01,global_mlp,2026-03,86.11406600000001,0.2163945436477661,29.482699394226074,False,0.04560626670718193,45606.26670718193,reported_conditioned_mlp,JOHAN CASTBERG,,False,0.02899060752242804,0.09718715548515319,0.2163945436477661,0.3499368339776992,0.4999534875154496,0.0,0.0,0.04560626670718193,0.1604523003101348,0.4060814023017884,16.214385414123534,24.399304389953613,29.482699394226074,32.74699363708496,38.89411582946778
2035-08,2035-08-01,global_mlp,2026-03,86.11406600000001,0.21380224078893661,29.262022018432617,False,0.0,0.0,reported_conditioned_mlp,JOHAN CASTBERG,,False,0.03229222539812328,0.10460113063454626,0.21380224078893661,0.3264278411865234,0.45948060750961306,0.0,0.0,0.0,0.12158768400549883,0.33269718587398533,16.149854278564455,24.1877477645874,29.262022018432617,32.42891311645508,38.66164131164551
2035-09,2035-09-01,global_mlp,2026-03,86.11406600000001,0.22413916140794754,29.01778221130371,False,0.08385730907320976,83857.30907320976,reported_conditioned_mlp,JOHAN CASTBERG,,False,0.03685268722474575,0.11094441786408422,0.22413916140794754,0.33670152425765976,0.47420474886894237,0.0,0.0,0.08385730907320976,0.21544791162013996,0.412011855840683,16.079025077819825,23.868024253845213,29.01778221130371,32.1769660949707,38.492665481567386
2035-10,2035-10-01,global_mlp,2026-03,86.11406600000001,0.2371000424027443,28.685986518859863,False,0.062742555513978,62742.555513978004,reported_conditioned_mlp,JOHAN CASTBERG,,False,0.0380466040223837,0.11995823010802269,0.2371000424027443,0.34570624828338614,0.4885337352752686,0.0,0.0,0.062742555513978,0.2105278849601745,0.4856163561344148,15.847440052032471,23.61890640258789,28.685986518859863,31.974101638793943,38.172882843017575
2035-11,2035-11-01,global_mlp,2026-03,86.11406600000001,0.24668926745653152,28.465187072753906,False,0.0,0.0,reported_conditioned_mlp,JOHAN CASTBERG,,False,0.03676252774894238,0.12327063083648682,0.24668926745653152,0.3630049347877502,0.5021532893180848,0.0,0.0,0.0,0.0736003577709198,0.3146601289510727,15.676161479949952,23.3315336227417,28.465187072753906,31.648381233215332,37.93331336975098
2035-12,2035-12-01,global_mlp,2026-03,86.11406600000001,0.25322894752025604,28.182997703552246,False,0.0,0.0,reported_conditioned_mlp,JOHAN CASTBERG,,False,0.04999934881925586,0.12934393137693406,0.25322894752025604,0.3775900572538376,0.5055753469467164,0.0,0.0,0.0,0.045273381099104816,0.25600027143955295,15.442630290985107,23.113300323486328,28.182997703552246,31.266067123413084,37.43592643737793
2036-01,2036-01-01,global_mlp,2026-03,86.11406600000001,0.2604236900806427,27.826675415039062,False,0.0,0.0,reported_conditioned_mlp,JOHAN CASTBERG,,False,0.058305617794394506,0.16690832674503325,0.2604236900806427,0.38234648704528806,0.5286022663116455,0.0,0.0,0.0,0.06482075974345185,0.26580845713615425,15.214573192596436,22.84501705169678,27.826675415039062,30.926799011230468,37.15051956176758
2036-02,2036-02-01,global_mlp,2026-03,86.11406600000001,0.2620214968919754,27.481019020080566,False,0.0,0.0,reported_conditioned_mlp,JOHAN CASTBERG,,False,0.047636885941028606,0.16148204356431956,0.2620214968919754,0.3621578663587569,0.5008492410182953,0.0,0.0,0.0,0.15434178113937366,0.4496775120496752,14.90317554473877,22.46447162628174,27.481019020080566,30.591285705566406,36.98275451660156
2036-03,2036-03-01,global_mlp,2026-03,86.11406600000001,0.22691652923822403,27.313478469848633,False,0.0613716896623373,61371.6896623373,reported_conditioned_mlp,JOHAN CASTBERG,,False,0.034500109031796455,0.13225391656160354,0.22691652923822403,0.33830239176750176,0.5110546588897705,0.0,0.0,0.0613716896623373,0.23902463167905724,0.6085768699645998,14.452862548828126,22.184373474121095,27.313478469848633,30.433813285827632,36.82477722167969
2036-04,2036-04-01,global_mlp,2026-03,86.11406600000001,0.21341736614704132,27.013358116149902,False,0.16565600037574768,165656.00037574768,reported_conditioned_mlp,JOHAN CASTBERG,,False,0.025816827639937402,0.08617171719670295,0.21341736614704132,0.3202415347099304,0.5010020554065706,0.0,0.028225132264196862,0.16565600037574768,0.31572846770286556,0.5800822854042055,14.351936435699466,22.002900314331054,27.013358116149902,30.242835044860833,36.43349418640137
2036-05,2036-05-01,global_mlp,2026-03,86.11406600000001,0.2057029828429222,26.876225471496582,False,0.014408232178539038,14408.232178539038,reported_conditioned_mlp,JOHAN CASTBERG,,False,0.03526616543531418,0.09814485609531402,0.2057029828429222,0.30094975233078003,0.4440160781145097,0.0,0.0,0.014408232178539038,0.14996287375688516,0.39092705547809614,13.902803993225097,21.723810768127443,26.876225471496582,30.05439891815185,36.1092472076416
2036-06,2036-06-01,global_mlp,2026-03,86.11406600000001,0.18263716250658035,26.634894371032715,False,0.021201840601861477,21201.840601861477,reported_conditioned_mlp,JOHAN CASTBERG,,False,0.0215327313169837,0.08559592217206953,0.18263716250658035,0.27452943027019494,0.43320752382278443,0.0,0.0,0.021201840601861477,0.12051208168268203,0.34369753897190103,13.87267370223999,21.495707511901855,26.634894371032715,29.83579616546631,35.88048553466797
2036-07,2036-07-01,global_mlp,2026-03,86.11406600000001,0.1975519210100174,26.491350173950195,False,0.045210618525743484,45210.618525743484,reported_conditioned_mlp,JOHAN CASTBERG,,False,0.018989570438861847,0.08032923340797424,0.1975519210100174,0.3047373622655868,0.4728437215089798,0.0,0.0,0.045210618525743484,0.18326456546783443,0.41391878426074985,13.810277462005615,21.3192850112915,26.491350173950195,29.76070213317871,35.633632278442384
2036-08,2036-08-01,global_mlp,2026-03,86.11406600000001,0.19241004437208176,26.26718521118164,False,0.010366276372224092,10366.276372224092,reported_conditioned_mlp,JOHAN CASTBERG,,False,0.02189452890306712,0.08549835607409474,0.19241004437208176,0.27733872234821316,0.4608417421579361,0.0,0.0,0.010366276372224092,0.13421829342842084,0.3344268053770067,13.715929126739502,21.08360538482666,26.26718521118164,29.61016635894775,35.17085418701172
2036-09,2036-09-01,global_mlp,2026-03,86.11406600000001,0.1990428790450096,25.98190212249756,False,0.03646252118051052,36462.52118051052,reported_conditioned_mlp,JOHAN CASTBERG,,False,0.021651318483054658,0.09530579969286918,0.1990428790450096,0.2927915900945663,0.44446468949317935,0.0,0.0,0.03646252118051052,0.2092473536729812,0.48204899132251744,13.68208875656128,20.945550155639648,25.98190212249756,29.439350128173828,34.861921310424805
2036-10,2036-10-01,global_mlp,2026-03,86.11406600000001,0.21597014367580414,25.766756057739258,False,0.054354509338736534,54354.509338736534,reported_conditioned_mlp,JOHAN CASTBERG,,False,0.030092217400670057,0.1105504773557186,0.21597014367580414,0.3123823374509811,0.4638887405395508,0.0,0.0,0.054354509338736534,0.19017378091812134,0.4410538792610169,13.501353549957276,20.669078445434568,25.766756057739258,29.24394645690918,34.606813812255865
2036-11,2036-11-01,global_mlp,2026-03,86.11406600000001,0.20966345071792603,25.48588752746582,False,0.0,0.0,reported_conditioned_mlp,JOHAN CASTBERG,,False,0.022204278595745565,0.10460306331515311,0.20966345071792603,0.3122569441795348,0.4719491362571717,0.0,0.0,0.0,0.07053607553243638,0.3211528688669205,13.34235315322876,20.350829315185546,25.48588752746582,29.006665229797363,34.37023696899414
2036-12,2036-12-01,global_mlp,2026-03,86.11406600000001,0.2190084606409073,25.169082641601562,False,0.0,0.0,reported_conditioned_mlp,JOHAN CASTBERG,,False,0.040059583261609105,0.1283909097313881,0.2190084606409073,0.30362523198127733,0.4560753881931306,0.0,0.0,0.0,0.038831543177366014,0.3059055179357534,13.03683204650879,20.12998237609863,25.169082641601562,28.61546459197998,34.12840270996094
2037-01,2037-01-01,global_mlp,2026-03,86.11406600000001,0.23309560865163803,24.944098472595215,False,0.0,0.0,reported_conditioned_mlp,JOHAN CASTBERG,,False,0.049088684096932414,0.14967151582241056,0.23309560865163803,0.3319271445274352,0.4768148481845856,0.0,0.0,0.0,0.0531583227217197,0.2750156432390214,12.783056735992432,19.82891216278076,24.944098472595215,28.421914482116694,33.928995513916014
2037-02,2037-02-01,global_mlp,2026-03,86.11406600000001,0.2283908799290657,24.666333198547363,False,0.003197961486876011,3197.961486876011,reported_conditioned_mlp,JOHAN CASTBERG,,False,0.06584868282079698,0.14566331058740614,0.2283908799290657,0.31947827041149135,0.4889525324106217,0.0,0.0,0.003197961486876011,0.16029521822929368,0.4972580552101135,12.62497091293335,19.661680984497067,24.666333198547363,28.090466117858877,33.65744514465332
2037-03,2037-03-01,global_mlp,2026-03,86.11406600000001,0.19448202848434448,24.277141571044922,False,0.06019262783229351,60192.62783229351,reported_conditioned_mlp,JOHAN CASTBERG,,False,0.028957625292241582,0.11524012982845305,0.19448202848434448,0.29474493861198425,0.4726959317922594,0.0,0.0,0.06019262783229351,0.2418833300471302,0.676176238059998,12.495481777191163,19.40645065307617,24.277141571044922,27.87497100830078,33.41179313659668
2037-04,2037-04-01,global_mlp,2026-03,86.11406600000001,0.16637194156646729,23.979025840759277,False,0.17262516915798187,172625.16915798187,reported_conditioned_mlp,JOHAN CASTBERG,,False,0.031718781590461737,0.076065344363451,0.16637194156646729,0.2996106237173079,0.4275833576917649,0.0,0.040868562087416634,0.17262516915798187,0.3492533266544342,0.6794860720634461,12.368189430236816,19.3544921875,23.979025840759277,27.496639633178706,33.06650505065918
2037-05,2037-05-01,global_mlp,2026-03,86.11406600000001,0.17540618777275085,23.807652473449707,False,0.019070778042078018,19070.77804207802,reported_conditioned_mlp,JOHAN CASTBERG,,False,0.03290313743054867,0.09109861701726912,0.17540618777275085,0.2765241801738738,0.41313451230525977,0.0,0.0,0.019070778042078018,0.15269337594509122,0.40071181356906893,12.221294784545899,19.053763008117674,23.807652473449707,27.155536460876462,32.78891983032227
2037-06,2037-06-01,global_mlp,2026-03,86.11406600000001,0.1395292431116104,23.524009704589844,False,0.0267237089574337,26723.7089574337,reported_conditioned_mlp,JOHAN CASTBERG,,False,0.0229616554453969,0.07023578286170959,0.1395292431116104,0.24847042858600615,0.3874482452869417,0.0,0.0,0.0267237089574337,0.14984831213951108,0.39303783476352705,12.104737281799316,18.802220916748045,23.524009704589844,26.956907272338867,32.516150665283206
2037-07,2037-07-01,global_mlp,2026-03,86.11406600000001,0.133814737200737,23.283883094787598,False,0.047398654744029045,47398.654744029045,reported_conditioned_mlp,JOHAN CASTBERG,,False,0.013360220845788718,0.07233798429369924,0.133814737200737,0.27266599535942077,0.4393573313951494,0.0,0.0,0.047398654744029045,0.181202733516693,0.4615150988101959,12.01161594390869,18.718673706054688,23.283883094787598,26.743375205993644,32.23306694030762
2037-08,2037-08-01,global_mlp,2026-03,86.11406600000001,0.16237115114927292,23.014982223510742,False,0.005138137144967914,5138.137144967914,reported_conditioned_mlp,JOHAN CASTBERG,,False,0.01802813950926066,0.08140678778290748,0.16237115114927292,0.26297068893909437,0.40781719088554386,0.0,0.0,0.005138137144967914,0.1351568967103957,0.431618732213974,11.906425380706787,18.519454193115234,23.014982223510742,26.665151405334466,32.041527175903326
2037-09,2037-09-01,global_mlp,2026-03,86.11406600000001,0.15873510390520096,22.7811918258667,False,0.05324018932878971,53240.18932878971,reported_conditioned_mlp,JOHAN CASTBERG,,False,0.019900423847138884,0.0842532254755497,0.15873510390520096,0.27132373452186576,0.43105269968509696,0.0,0.0,0.05324018932878971,0.23260923773050285,0.5229446649551392,11.765438175201416,18.363956260681153,22.7811918258667,26.497872734069823,31.78114337921143
2037-10,2037-10-01,global_mlp,2026-03,86.11406600000001,0.17189092189073563,22.56229591369629,False,0.051773883402347565,51773.883402347565,reported_conditioned_mlp,JOHAN CASTBERG,,False,0.023929438740015053,0.08493654876947403,0.17189092189073563,0.2942487150430677,0.43886064589023593,0.0,0.0,0.051773883402347565,0.19262826591730114,0.44156439006328596,11.621449851989746,18.1905366897583,22.56229591369629,26.396105575561524,31.398903465271005
2037-11,2037-11-01,global_mlp,2026-03,86.11406600000001,0.16867422312498093,22.41265869140625,False,0.0,0.0,reported_conditioned_mlp,JOHAN CASTBERG,,False,0.019797426089644438,0.08008371293544769,0.16867422312498093,0.28977629840373986,0.44040573835372926,0.0,0.0,0.0,0.08339335024356842,0.3592899292707446,11.52921371459961,17.899009323120115,22.41265869140625,26.213368988037107,31.109903144836434
2037-12,2037-12-01,global_mlp,2026-03,86.11406600000001,0.19112090021371841,22.146488189697266,False,0.0,0.0,reported_conditioned_mlp,JOHAN CASTBERG,,False,0.02641884721815586,0.0973997637629509,0.19112090021371841,0.28531265556812274,0.44344071745872504,0.0,0.0,0.0,0.0305298281833529,0.31552851200103776,11.394219493865966,17.72182636260986,22.146488189697266,25.973279190063476,30.825272369384773
2038-01,2038-01-01,global_mlp,2026-03,86.11406600000001,0.2103593423962593,21.881381034851074,False,0.0,0.0,reported_conditioned_mlp,JOHAN CASTBERG,,False,0.046208059042692186,0.1169912189245224,0.2103593423962593,0.3090337663888929,0.468043401837349,0.0,0.0,0.0,0.04803565554320807,0.26282029747962954,11.249096393585205,17.42685852050781,21.881381034851074,25.786957550048825,30.56706943511963
2038-02,2038-02-01,global_mlp,2026-03,86.11406600000001,0.18824437260627747,21.71151638031006,False,0.0,0.0,reported_conditioned_mlp,JOHAN CASTBERG,,False,0.04770054668188097,0.11211046874523163,0.18824437260627747,0.27869302928447715,0.44166341722011593,0.0,0.0,0.0,0.1421695962548256,0.4247653305530548,11.151783657073976,17.149497413635252,21.71151638031006,25.482359504699705,30.23140506744385
2038-03,2038-03-01,global_mlp,2026-03,86.11406600000001,0.16568659245967865,21.361084938049316,False,0.0711670033633709,71167.0033633709,reported_conditioned_mlp,JOHAN CASTBERG,,False,0.021671587973833086,0.07475580796599388,0.16568659245967865,0.2585758119821546,0.4313821256160737,0.0,0.0,0.0711670033633709,0.25219165682792644,0.6663337111473085,11.009390449523925,16.928593635559082,21.361084938049316,25.27523899078369,30.13436107635498
2038-04,2038-04-01,global_mlp,2026-03,86.11406600000001,0.12966789305210114,21.0366153717041,False,0.15608804672956467,156088.04672956467,reported_conditioned_mlp,JOHAN CASTBERG,,False,0.014561078883707527,0.06462273821234701,0.12966789305210114,0.24310579001903532,0.388682821393013,0.0,0.0,0.15608804672956467,0.2862113773822784,0.5404974818229675,10.979577636718751,16.781260871887206,21.0366153717041,25.035381126403806,29.884761047363288
2038-05,2038-05-01,global_mlp,2026-03,86.11406600000001,0.13961336761713028,20.76992893218994,False,0.030144461430609226,30144.461430609226,reported_conditioned_mlp,JOHAN CASTBERG,,False,0.024608347751200202,0.07670274004340172,0.13961336761713028,0.2421004444360733,0.3919839709997178,0.0,0.0,0.030144461430609226,0.12516148835420607,0.3632306367158892,10.892388248443606,16.664440536499022,20.76992893218994,24.884891510009762,29.59425296783448
2038-06,2038-06-01,global_mlp,2026-03,86.11406600000001,0.11696645244956017,20.576090812683105,False,0.02497573383152485,24975.73383152485,reported_conditioned_mlp,JOHAN CASTBERG,,False,0.012481929641216995,0.06515188068151473,0.11696645244956017,0.21398579329252235,0.37305821478366874,0.0,0.0,0.02497573383152485,0.14572214484214768,0.3450689107179643,10.787472248077394,16.543069648742676,20.576090812683105,24.80069046020507,29.338945198059086
2038-07,2038-07-01,global_mlp,2026-03,86.11406600000001,0.11522064730525017,20.484535217285156,False,0.062028057873249054,62028.057873249054,reported_conditioned_mlp,JOHAN CASTBERG,,False,0.009978791698813438,0.053547355905175203,0.11522064730525017,0.24029657542705535,0.42950170636177065,0.0,0.0,0.062028057873249054,0.17430708557367322,0.39098953306674983,10.603367137908936,16.387019920349122,20.484535217285156,24.692793273925776,29.157510185241698
2038-08,2038-08-01,global_mlp,2026-03,86.11406600000001,0.1250184401869774,20.301098823547363,False,0.012642860878258944,12642.860878258944,reported_conditioned_mlp,JOHAN CASTBERG,,False,0.011884287837892776,0.06449314504861832,0.1250184401869774,0.22654201090335846,0.3982322543859482,0.0,0.0,0.012642860878258944,0.13904587775468816,0.3792841732501984,10.491871356964111,16.206756019592284,20.301098823547363,24.54419784545898,28.894465446472168
2038-09,2038-09-01,global_mlp,2026-03,86.11406600000001,0.1291993260383606,20.235013008117676,False,0.050393132492899895,50393.132492899895,reported_conditioned_mlp,JOHAN CASTBERG,,False,0.015415673051029444,0.06942972540855408,0.1291993260383606,0.23324318677186956,0.3870174318552018,0.0,0.0,0.050393132492899895,0.20159463286399823,0.46329862475395206,10.364607048034669,16.05877571105957,20.235013008117676,24.214908981323237,28.57337760925293
2038-10,2038-10-01,global_mlp,2026-03,86.11406600000001,0.13766025751829147,20.04711627960205,False,0.028196049854159355,28196.049854159355,reported_conditioned_mlp,JOHAN CASTBERG,,False,0.012108998000621806,0.07228885516524315,0.13766025751829147,0.25393076539039605,0.40950340032577515,0.0,0.0,0.028196049854159355,0.15323238521814336,0.37677647769451167,10.27260971069336,15.899977779388427,20.04711627960205,24.02681446075439,28.295268058776855
2038-11,2038-11-01,global_mlp,2026-03,86.11406600000001,0.1380765661597252,19.92989444732666,False,0.0,0.0,reported_conditioned_mlp,JOHAN CASTBERG,,False,0.0029465091181919015,0.06938526108860969,0.1380765661597252,0.2515867412090301,0.4078370064496995,0.0,0.0,0.0,0.06011991426348682,0.342033722996712,10.211185550689697,15.745304298400878,19.92989444732666,23.810664749145502,27.855272674560553
2038-12,2038-12-01,global_mlp,2026-03,86.11406600000001,0.1561344638466835,19.763134002685547,False,0.0,0.0,reported_conditioned_mlp,JOHAN CASTBERG,,False,0.020895190909504893,0.08538340181112289,0.1561344638466835,0.26161586344242094,0.39438993930816657,0.0,0.0,0.0,0.02228596787899732,0.2362120211124422,10.075603580474853,15.558522605895996,19.763134002685547,23.59230861663818,27.585367202758796
2039-01,2039-01-01,global_mlp,2026-03,86.11406600000001,0.1676885113120079,19.57856845855713,False,0.0,0.0,reported_conditioned_mlp,JOHAN CASTBERG,,False,0.02431986406445506,0.10129291340708732,0.1676885113120079,0.2639703869819641,0.42683251500129704,0.0,0.0,0.0,0.0621268905699249,0.3163079112768174,10.014320182800294,15.361027908325195,19.57856845855713,23.36572399139404,27.434571647644045
2039-02,2039-02-01,global_mlp,2026-03,86.11406600000001,0.1651856228709221,19.38451385498047,False,0.0,0.0,reported_conditioned_mlp,JOHAN CASTBERG,,False,0.042761208489537246,0.10795839726924897,0.1651856228709221,0.2460804268717765,0.38317288756370554,0.0,0.0,0.0,0.1256395831704139,0.5246595978736878,9.809987640380859,15.179366874694825,19.38451385498047,23.199424362182615,27.222001838684083
2039-03,2039-03-01,global_mlp,2026-03,86.11406600000001,0.13488174974918365,19.181516647338867,False,0.05626669339835644,56266.69339835644,reported_conditioned_mlp,JOHAN CASTBERG,,False,0.011045322753489024,0.07128853201866149,0.13488174974918365,0.2300772458314895,0.369015407562256,0.0,0.0,0.05626669339835644,0.25582464635372143,0.6465580284595491,9.607008457183838,14.984753608703613,19.181516647338867,22.99954662322998,27.059972190856936
2039-04,2039-04-01,global_mlp,2026-03,86.11406600000001,0.09680642187595367,19.031646728515625,False,0.13630947470664978,136309.47470664978,reported_conditioned_mlp,JOHAN CASTBERG,,False,0.009003150835633286,0.05458838865160942,0.09680642187595367,0.20257414281368238,0.33565995991230013,0.0,0.0,0.13630947470664978,0.29817871749401087,0.6639998257160188,9.519119834899902,14.86818618774414,19.031646728515625,22.793763923645017,26.925328445434573
2039-05,2039-05-01,global_mlp,2026-03,86.11406600000001,0.11077064275741577,18.807616233825684,False,0.016378451138734818,16378.451138734818,reported_conditioned_mlp,JOHAN CASTBERG,,False,0.02058380693197251,0.06536983400583267,0.11077064275741577,0.19816381931304927,0.32885403037071237,0.0,0.0,0.016378451138734818,0.11706712692975994,0.35325454771518716,9.434744358062744,14.667109775543212,18.807616233825684,22.58985214233398,26.61554794311524
2039-06,2039-06-01,global_mlp,2026-03,86.11406600000001,0.08942944929003716,18.610612869262695,False,0.007794765057042241,7794.765057042241,reported_conditioned_mlp,JOHAN CASTBERG,,False,0.011027563642710455,0.04966386929154396,0.08942944929003716,0.17070809900760647,0.32003170251846313,0.0,0.0,0.007794765057042241,0.11563259735703464,0.3350761055946351,9.364690780639648,14.559599590301513,18.610612869262695,22.50144519805908,26.346228981018072
2039-07,2039-07-01,global_mlp,2026-03,86.11406600000001,0.08534971997141838,18.494999885559082,False,0.047343067824840546,47343.067824840546,reported_conditioned_mlp,JOHAN CASTBERG,,False,0.007663624593988065,0.04368584714829922,0.08534971997141838,0.18231079727411267,0.34841386079788217,0.0,0.0,0.047343067824840546,0.1678117960691452,0.4275854825973512,9.313014507293701,14.408016204833984,18.494999885559082,22.3285774230957,26.093047523498537
2039-08,2039-08-01,global_mlp,2026-03,86.11406600000001,0.0924304760992527,18.39023208618164,False,0.0,0.0,reported_conditioned_mlp,JOHAN CASTBERG,,False,0.006337838526815178,0.0476962711662054,0.0924304760992527,0.17960371226072294,0.328713184595108,0.0,0.0,0.0,0.10335505530238115,0.36095674037933373,9.247225189208985,14.268867683410644,18.39023208618164,22.11399154663086,25.756471633911136
2039-09,2039-09-01,global_mlp,2026-03,86.11406600000001,0.09799947589635849,18.31808567047119,False,0.02460582833737135,24605.82833737135,reported_conditioned_mlp,JOHAN CASTBERG,,False,0.009656313620507718,0.05672417394816875,0.09799947589635849,0.18665690720081324,0.35117237865924844,0.0,0.0,0.02460582833737135,0.18730235099792475,0.433646908402443,9.169888401031494,14.078778171539305,18.31808567047119,21.903315162658693,25.539580154418946
2039-10,2039-10-01,global_mlp,2026-03,86.11406600000001,0.11467479541897774,18.12448501586914,False,0.011512795928865671,11512.795928865671,reported_conditioned_mlp,JOHAN CASTBERG,,False,0.007559373835101725,0.059372089430689806,0.11467479541897774,0.20742005109786987,0.3591719776391983,0.0,0.0,0.011512795928865671,0.15774211287498463,0.41438494920730606,9.06907777786255,13.880775642395019,18.12448501586914,21.70725860595703,25.45000591278076
2039-11,2039-11-01,global_mlp,2026-03,86.11406600000001,0.11079072207212448,17.999402046203613,False,0.0,0.0,reported_conditioned_mlp,JOHAN CASTBERG,,False,0.011585004441440115,0.060131597518920894,0.11079072207212448,0.20070587098598475,0.3562558323144914,0.0,0.0,0.0,0.05363609455525866,0.29263511300086986,8.996980762481689,13.803987121582031,17.999402046203613,21.414240837097164,25.335421943664553
2039-12,2039-12-01,global_mlp,2026-03,86.11406600000001,0.11997420340776443,17.760669708251953,False,0.0,0.0,reported_conditioned_mlp,JOHAN CASTBERG,,False,0.019052629545331,0.06802259683609009,0.11997420340776443,0.19924538880586623,0.3373202115297318,0.0,0.0,0.0,0.024345491826534154,0.2862379848957065,8.974074649810792,13.711060523986816,17.760669708251953,21.25829448699951,25.176105117797853
2040-01,2040-01-01,global_mlp,2026-03,86.11406600000001,0.14135608822107315,17.676530838012695,False,0.0,0.0,reported_conditioned_mlp,JOHAN CASTBERG,,False,0.020218314230442066,0.08148156553506851,0.14135608822107315,0.21529675126075745,0.35615306794643414,0.0,0.0,0.0,0.04181424006819715,0.24132022112608018,8.905129718780518,13.577979278564452,17.676530838012695,21.046666526794432,25.025052070617676
2040-02,2040-02-01,global_mlp,2026-03,86.11406600000001,0.1363874152302742,17.510533332824707,False,0.0,0.0,reported_conditioned_mlp,JOHAN CASTBERG,,False,0.030019515193998828,0.08878896310925484,0.1363874152302742,0.20784451365470874,0.3658869206905366,0.0,0.0,0.0,0.10766356587409971,0.39423963129520423,8.592867755889893,13.47041358947754,17.510533332824707,20.87313594818115,24.84927291870117
2040-03,2040-03-01,global_mlp,2026-03,86.11406600000001,0.11232906579971313,17.389577865600586,False,0.015428544487804174,15428.544487804174,reported_conditioned_mlp,JOHAN CASTBERG,,False,0.005287165986374025,0.06649203076958655,0.11232906579971313,0.18819110393524163,0.3146497815847399,0.0,0.0,0.015428544487804174,0.23971161097288132,0.5887403607368478,8.343131065368652,13.341082286834716,17.389577865600586,20.677943420410156,24.7842041015625
2040-04,2040-04-01,global_mlp,2026-03,86.11406600000001,0.07621323689818382,17.292417526245117,False,0.14080986380577087,140809.86380577087,reported_conditioned_mlp,JOHAN CASTBERG,,False,0.011264684144407518,0.048200701549649234,0.07621323689818382,0.14267076700925813,0.310371607542038,0.0,0.0,0.14080986380577087,0.29660776853561394,0.5642372906208039,8.231818866729737,13.28159418106079,17.292417526245117,20.589158248901366,24.57914848327637
2040-05,2040-05-01,global_mlp,2026-03,86.11406600000001,0.08921550214290619,17.08547592163086,False,0.0,0.0,reported_conditioned_mlp,JOHAN CASTBERG,,False,0.011681954562664033,0.06110348254442215,0.08921550214290619,0.15211276113986966,0.28793968558311467,0.0,0.0,0.0,0.09975492060184477,0.33439841866493236,8.176788234710694,13.1516752243042,17.08547592163086,20.344858551025382,24.42429389953613
2040-06,2040-06-01,global_mlp,2026-03,86.11406600000001,0.08455867692828178,16.908113479614258,False,0.010068494826555252,10068.494826555252,reported_conditioned_mlp,JOHAN CASTBERG,,False,0.006630588928237559,0.05202627554535865,0.08455867692828178,0.14225649684667582,0.27278964519500737,0.0,0.0,0.010068494826555252,0.1384882912039756,0.3417147457599641,8.09282078742981,13.022984313964843,16.908113479614258,20.24854164123535,24.31415195465088
2040-07,2040-07-01,global_mlp,2026-03,86.11406600000001,0.07448984310030937,16.651631355285645,False,0.0012605837546288967,1260.5837546288967,reported_conditioned_mlp,JOHAN CASTBERG,,False,0.0011456406558863841,0.046391787752509114,0.07448984310030937,0.13853621035814284,0.2881095975637437,0.0,0.0,0.0012605837546288967,0.14336898624897002,0.3702494859695437,7.984483575820923,12.902063751220703,16.651631355285645,20.062934684753415,24.253207778930665
2040-08,2040-08-01,global_mlp,2026-03,86.11406600000001,0.08065713942050934,16.45491123199463,False,0.0,0.0,reported_conditioned_mlp,JOHAN CASTBERG,,False,0.010542356222867966,0.05030798576772213,0.08065713942050934,0.14803011119365683,0.29341028630733496,0.0,0.0,0.0,0.1019317120313643,0.3079178780317309,7.875441551208496,12.797059440612793,16.45491123199463,19.97396297454834,24.19542179107666
2040-09,2040-09-01,global_mlp,2026-03,86.11406600000001,0.08376681432127953,16.339853286743164,False,0.020856821909546852,20856.821909546852,reported_conditioned_mlp,JOHAN CASTBERG,,False,0.0016143767628818853,0.052744238078594206,0.08376681432127953,0.14834165573120112,0.2878850907087327,0.0,0.0,0.020856821909546852,0.15239217430353155,0.3836667567491533,7.867819166183472,12.712738132476806,16.339853286743164,19.807682418823237,24.16624927520752
2040-10,2040-10-01,global_mlp,2026-03,86.11406600000001,0.09680793806910515,16.14864444732666,False,0.0,0.0,reported_conditioned_mlp,JOHAN CASTBERG,,False,0.009259632788598541,0.0547491081058979,0.09680793806910515,0.1623878970742225,0.32472243010997776,0.0,0.0,0.0,0.13988472670316696,0.3817349761724473,7.862693738937379,12.624479007720947,16.14864444732666,19.66022090911865,23.992743492126465
2040-11,2040-11-01,global_mlp,2026-03,86.11406600000001,0.08760956674814224,15.966076374053955,False,0.0,0.0,reported_conditioned_mlp,JOHAN CASTBERG,,False,0.001952425960917027,0.05188106782734394,0.08760956674814224,0.1594242066144943,0.2995070487260819,0.0,0.0,0.0,0.04513136707246296,0.20425931066274663,7.698351049423218,12.503836917877196,15.966076374053955,19.51428985595703,23.90224723815918
2040-12,2040-12-01,global_mlp,2026-03,86.11406600000001,0.11101700738072395,15.804491996765137,False,0.0,0.0,reported_conditioned_mlp,JOHAN CASTBERG,,False,0.014584311842918397,0.06481501013040541,0.11101700738072395,0.17405356764793387,0.30245288312435153,0.0,0.0,0.0,0.0313226347789168,0.2519926846027375,7.565648603439331,12.43566961288452,15.804491996765137,19.375477981567382,23.783294677734375
2041-01,2041-01-01,global_mlp,2026-03,86.11406600000001,0.12622451782226562,15.66787576675415,False,0.0,0.0,reported_conditioned_mlp,JOHAN CASTBERG,,False,0.014745968207716946,0.07526129633188247,0.12622451782226562,0.18807879239320752,0.32094887495040897,0.0,0.0,0.0,0.024485757015645468,0.24049905836582194,7.497563934326172,12.33614797592163,15.66787576675415,19.230694007873534,23.574298858642578
2041-02,2041-02-01,global_mlp,2026-03,86.11406600000001,0.12666549533605576,15.46129560470581,False,0.0,0.0,reported_conditioned_mlp,JOHAN CASTBERG,,False,0.020365663990378396,0.08186838626861573,0.12666549533605576,0.18137099742889398,0.2933068752288819,0.0,0.0,0.0,0.12851857095956798,0.4641418516635895,7.387089681625366,12.258935260772706,15.46129560470581,19.140864753723143,23.435543060302738
2041-03,2041-03-01,global_mlp,2026-03,86.11406600000001,0.1016145832836628,15.192896842956543,False,0.000624627573415637,624.627573415637,reported_conditioned_mlp,JOHAN CASTBERG,,False,0.0,0.05367938615381717,0.1016145832836628,0.15830581188201903,0.28933285474777226,0.0,0.0,0.000624627573415637,0.25060557276010503,0.632632738351822,7.261872148513794,12.222649192810058,15.192896842956543,19.024891471862794,23.309358787536624
2041-04,2041-04-01,global_mlp,2026-03,86.11406600000001,0.07019058987498283,15.121635437011719,False,0.16032624244689941,160326.2424468994,reported_conditioned_mlp,JOHAN CASTBERG,,False,0.0036973707610741266,0.04280221164226532,0.07019058987498283,0.11261069476604456,0.29415785968303687,0.0,0.0,0.16032624244689941,0.31693702936172485,0.5953695178031921,7.0974598884582525,12.14878978729248,15.121635437011719,18.922327613830564,23.156235694885254
2041-05,2041-05-01,global_mlp,2026-03,86.11406600000001,0.07914740219712257,15.088194847106934,False,0.0,0.0,reported_conditioned_mlp,JOHAN CASTBERG,,False,0.013789662346243878,0.05192508138716221,0.07914740219712257,0.12197968512773504,0.2723100513219833,0.0,0.0,0.0,0.11108049973845473,0.3095683068037033,6.995458269119264,12.051153373718261,15.088194847106934,18.85323257446289,22.886410713195804
2041-06,2041-06-01,global_mlp,2026-03,86.11406600000001,0.06761040166020393,14.971044063568115,False,0.0,0.0,reported_conditioned_mlp,JOHAN CASTBERG,,False,0.005527419224381449,0.039724206179380404,0.06761040166020393,0.10368650108575818,0.22544057816267019,0.0,0.0,0.0,0.12627792656421655,0.3351385921239853,6.975787591934205,11.909828662872314,14.971044063568115,18.81895046234131,22.684233474731453
2041-07,2041-07-01,global_mlp,2026-03,86.11406600000001,0.06269305944442749,14.810734748840332,False,0.006451601395383477,6451.601395383477,reported_conditioned_mlp,JOHAN CASTBERG,,False,0.0,0.03366135880351066,0.06269305944442749,0.1040466487407684,0.25234664380550387,0.0,0.0,0.006451601395383477,0.15072752982378004,0.3703514724969864,6.6992142677307145,11.822201538085935,14.810734748840332,18.586913871765137,22.658110237121587
2041-08,2041-08-01,global_mlp,2026-03,86.11406600000001,0.07081050053238869,14.70082950592041,False,0.0,0.0,reported_conditioned_mlp,JOHAN CASTBERG,,False,0.0,0.04229186214506626,0.07081050053238869,0.11273046433925628,0.25513032972812655,0.0,0.0,0.0,0.07339835762977596,0.3142486304044727,6.614359807968142,11.746025466918942,14.70082950592041,18.28905792236328,22.46703681945801
2041-09,2041-09-01,global_mlp,2026-03,86.11406600000001,0.07562794536352158,14.660004615783691,False,0.04080445505678654,40804.45505678654,reported_conditioned_mlp,JOHAN CASTBERG,,False,0.000839368731249128,0.04319038726389408,0.07562794536352158,0.11943263188004491,0.2676944464445114,0.0,0.0,0.04080445505678654,0.18321696519851674,0.4078102499246601,6.406543111801148,11.650672531127928,14.660004615783691,18.1344669342041,22.122450065612796
2041-10,2041-10-01,global_mlp,2026-03,86.11406600000001,0.07532446831464767,14.565919399261475,False,0.0,0.0,reported_conditioned_mlp,JOHAN CASTBERG,,False,0.0,0.0450753167271614,0.07532446831464767,0.13172712773084638,0.3023593485355378,0.0,0.0,0.0,0.11820695549249645,0.39232278466224685,6.251337718963624,11.467317199707031,14.565919399261475,17.959133529663085,21.88411865234375
2041-11,2041-11-01,global_mlp,2026-03,86.11406600000001,0.08263301104307175,14.449204921722412,False,0.0,0.0,reported_conditioned_mlp,JOHAN CASTBERG,,False,0.0,0.04940021038055419,0.08263301104307175,0.123159172385931,0.2837071746587754,0.0,0.0,0.0,0.031449116207659174,0.29620623588562023,5.960932731628418,11.33959684371948,14.449204921722412,17.749864959716795,21.731480407714844
2041-12,2041-12-01,global_mlp,2026-03,86.11406600000001,0.09460816532373428,14.258578777313232,False,0.0,0.0,reported_conditioned_mlp,JOHAN CASTBERG,,False,0.008903295733034612,0.05594475157558918,0.09460816532373428,0.14943324029445648,0.28018545210361495,0.0,0.0,0.0,0.033422742784023275,0.26653844416141514,5.857920742034912,11.07549591064453,14.258578777313232,17.597705841064453,21.591237258911136
2042-01,2042-01-01,global_mlp,2026-03,86.11406600000001,0.1117032989859581,13.997483730316162,False,0.0,0.0,reported_conditioned_mlp,JOHAN CASTBERG,,False,0.007564916042611005,0.07077237889170646,0.1117032989859581,0.16551445275545112,0.3203124016523362,0.0,0.0,0.0,0.029334135167300626,0.2515594691038133,5.815428209304811,10.965587520599364,13.997483730316162,17.466712570190428,21.466150093078614
2042-02,2042-02-01,global_mlp,2026-03,86.11406600000001,0.10971666127443314,13.877559185028076,False,0.0,0.0,reported_conditioned_mlp,JOHAN CASTBERG,,False,0.01959500312805176,0.07468703389167786,0.10971666127443314,0.1721608594059944,0.29885023534297944,0.0,0.0,0.0,0.1263631075620651,0.40928207039833076,5.571320962905885,10.83005781173706,13.877559185028076,17.313092041015622,21.246180152893068
2042-03,2042-03-01,global_mlp,2026-03,86.11406600000001,0.08781571686267853,13.861467838287354,False,0.032517677173018456,32517.677173018456,reported_conditioned_mlp,JOHAN CASTBERG,,False,0.0,0.04891773946583271,0.08781571686267853,0.12789012938737856,0.2755647659301758,0.0,0.0,0.032517677173018456,0.21543570160865783,0.5739576220512391,5.347206163406372,10.663943099975587,13.861467838287354,17.168032073974604,21.2118314743042
2042-04,2042-04-01,global_mlp,2026-03,86.11406600000001,0.07053086906671524,13.803930759429932,False,0.14608928561210632,146089.28561210632,reported_conditioned_mlp,JOHAN CASTBERG,,False,0.002876843791455034,0.042601910606026645,0.07053086906671524,0.10968627780675883,0.25846614539623264,0.0,0.0027134594274684344,0.14608928561210632,0.2615086287260054,0.5251602351665497,5.274752378463746,10.601055526733399,13.803930759429932,17.062482452392576,21.16645660400391
2042-05,2042-05-01,global_mlp,2026-03,86.11406600000001,0.07663622871041298,13.704658508300781,False,0.0,0.0,reported_conditioned_mlp,JOHAN CASTBERG,,False,0.009673079289495946,0.04501552060246468,0.07663622871041298,0.11714898496866226,0.24256125241518026,0.0,0.0,0.0,0.1017053492367267,0.31018280684947974,5.1277991771698,10.538897800445556,13.704658508300781,16.927291679382325,21.04952564239502
2042-06,2042-06-01,global_mlp,2026-03,86.11406600000001,0.06307924911379814,13.488661289215088,False,0.0,0.0,reported_conditioned_mlp,JOHAN CASTBERG,,False,0.002730535157024862,0.03616351969540119,0.06307924911379814,0.09891587793827056,0.22816838622093202,0.0,0.0,0.0,0.08540457189083096,0.36874628961086275,5.116878032684327,10.37286376953125,13.488661289215088,16.822956848144532,20.97858543395996
2042-07,2042-07-01,global_mlp,2026-03,86.11406600000001,0.06037669815123081,13.420400619506836,False,0.04767393879592419,47673.93879592419,reported_conditioned_mlp,JOHAN CASTBERG,,False,0.0,0.03166214637458324,0.06037669815123081,0.10010432675480836,0.23648566007614144,0.0,0.0,0.04767393879592419,0.15518016964197154,0.4348509699106217,5.039524269104005,10.233056831359864,13.420400619506836,16.75903148651123,20.77134780883789
2042-08,2042-08-01,global_mlp,2026-03,86.11406600000001,0.06399912759661674,13.320311546325684,False,0.0,0.0,reported_conditioned_mlp,JOHAN CASTBERG,,False,0.0,0.03844288773834705,0.06399912759661674,0.10419598594307894,0.2519454538822175,0.0,0.0,0.0,0.08087475970387453,0.3320256292819977,4.882968902587891,10.170397663116455,13.320311546325684,16.630797576904296,20.6461820602417
2042-09,2042-09-01,global_mlp,2026-03,86.11406600000001,0.06556173786520958,13.274011611938477,False,0.0,0.0,reported_conditioned_mlp,JOHAN CASTBERG,,False,0.002739580208435672,0.03689958713948727,0.06556173786520958,0.10813008174300194,0.2578878432512286,0.0,0.0,0.0,0.13106449991464605,0.4113027662038805,4.856837511062623,10.118543243408203,13.274011611938477,16.57636089324951,20.502605247497563
2042-10,2042-10-01,global_mlp,2026-03,86.11406600000001,0.07646875083446503,13.196589469909668,False,0.007589929271489382,7589.929271489382,reported_conditioned_mlp,JOHAN CASTBERG,,False,0.0026908094761893325,0.04261162020266056,0.07646875083446503,0.1281966924667358,0.2794162303209305,0.0,0.0,0.007589929271489382,0.12426927536725976,0.36798855662345886,4.798021841049195,9.989288806915283,13.196589469909668,16.469125366210935,20.436460113525392
2042-11,2042-11-01,global_mlp,2026-03,86.11406600000001,0.07689469680190086,13.058400630950928,False,0.0,0.0,reported_conditioned_mlp,JOHAN CASTBERG,,False,0.0,0.04803804904222488,0.07689469680190086,0.13270445615053175,0.26111406087875366,0.0,0.0,0.0,0.03991051651537417,0.27919599115848553,4.759040021896363,9.893629169464111,13.058400630950928,16.421454238891602,20.20665912628174
2042-12,2042-12-01,global_mlp,2026-03,86.11406600000001,0.09334638342261314,12.989477157592773,False,0.0,0.0,reported_conditioned_mlp,JOHAN CASTBERG,,False,0.0007518364407587844,0.055074965581297874,0.09334638342261314,0.14336847364902489,0.2827300101518631,0.0,0.0,0.0,0.025522897392511193,0.22768080830574056,4.58537917137146,9.824233531951904,12.989477157592773,16.261841011047363,19.994485664367676
2043-01,2043-01-01,global_mlp,2026-03,86.11406600000001,0.11068061739206314,12.910262107849121,False,0.0,0.0,reported_conditioned_mlp,JOHAN CASTBERG,,False,0.008418410411104563,0.06700046956539155,0.11068061739206314,0.1611202239990234,0.3097292721271515,0.0,0.0,0.0,0.019865677133202458,0.2600684612989426,4.460739088058473,9.713910675048828,12.910262107849121,16.159269714355467,19.79032096862793
2043-02,2043-02-01,global_mlp,2026-03,86.11406600000001,0.11215868592262268,12.861772060394287,False,0.0,0.0,reported_conditioned_mlp,JOHAN CASTBERG,,False,0.002783323859330272,0.06640286743640897,0.11215868592262268,0.15111450254917141,0.27133868932724,0.0,0.0,0.0,0.11552471220493314,0.422441041469574,4.3367146968841555,9.570552825927734,12.861772060394287,16.005344009399412,19.687645721435548
2043-03,2043-03-01,global_mlp,2026-03,86.11406600000001,0.07753155007958412,12.814686298370361,False,0.049560483545064926,49560.483545064926,reported_conditioned_mlp,JOHAN CASTBERG,,False,0.0,0.04259568862617016,0.07753155007958412,0.12347034290432929,0.25084379613399516,0.0,0.0,0.049560483545064926,0.23058703690767285,0.5070254445075992,4.236026000976564,9.471006488800048,12.814686298370361,15.824969196319579,19.553494644165042
2043-04,2043-04-01,global_mlp,2026-03,86.11406600000001,0.06127497926354408,12.68329906463623,False,0.1704518049955368,170451.8049955368,reported_conditioned_mlp,JOHAN CASTBERG,,False,1.4251767970563468e-05,0.03741694130003452,0.06127497926354408,0.10075900927186011,0.23357888013124475,0.0,0.0,0.1704518049955368,0.3125591903924942,0.5588048994541169,4.1989564418792735,9.42506446838379,12.68329906463623,15.72413673400879,19.46892604827881
2043-05,2043-05-01,global_mlp,2026-03,86.11406600000001,0.06901325285434723,12.603529930114746,False,0.004654442076571286,4654.442076571286,reported_conditioned_mlp,JOHAN CASTBERG,,False,0.0,0.04374186806380748,0.06901325285434723,0.10637484565377234,0.21245298534631743,0.0,0.0,0.004654442076571286,0.10093029513955112,0.29731853902339944,3.988425540924073,9.338336849212647,12.603529930114746,15.623518562316892,19.290205383300783
2043-06,2043-06-01,global_mlp,2026-03,86.11406600000001,0.05123074725270271,12.481863021850586,False,0.0,0.0,reported_conditioned_mlp,JOHAN CASTBERG,,False,0.0,0.031279494240880015,0.05123074725270271,0.08215769678354262,0.20386856347322466,0.0,0.0,0.0,0.11991500854492157,0.3113242238759997,3.919951391220095,9.259109401702881,12.481863021850586,15.566898536682128,19.14018726348877
2043-07,2043-07-01,global_mlp,2026-03,86.11406600000001,0.047332147136330605,12.448975086212158,False,0.025163755752146244,25163.755752146244,reported_conditioned_mlp,JOHAN CASTBERG,,False,0.0,0.02676688507199287,0.047332147136330605,0.09288918897509574,0.19967483580112458,0.0,0.0,0.025163755752146244,0.14214704632759084,0.38167866766452807,3.8823265314102198,9.188224697113036,12.448975086212158,15.551252555847167,19.008777046203612
2043-08,2043-08-01,global_mlp,2026-03,86.11406600000001,0.06080305203795433,12.372893333435059,False,0.0,0.0,reported_conditioned_mlp,JOHAN CASTBERG,,False,0.0,0.030600739270448683,0.06080305203795433,0.098775015771389,0.19949332326650626,0.0,0.0,0.0,0.09880232065916059,0.3127066254615784,3.8552581071853664,9.108032608032227,12.372893333435059,15.453565406799315,18.942749214172363
2043-09,2043-09-01,global_mlp,2026-03,86.11406600000001,0.06775185838341713,12.28583288192749,False,0.008724233135581017,8724.233135581017,reported_conditioned_mlp,JOHAN CASTBERG,,False,0.0,0.03957284651696682,0.06775185838341713,0.10006759986281394,0.21033396124839795,0.0,0.0,0.008724233135581017,0.11853602305054663,0.34493285119533545,3.6981701374053975,8.98909854888916,12.28583288192749,15.362332820892332,18.835086822509766
2043-10,2043-10-01,global_mlp,2026-03,86.11406600000001,0.07103770226240158,12.205721855163574,False,0.01059463107958436,10594.63107958436,reported_conditioned_mlp,JOHAN CASTBERG,,False,0.0,0.04034368321299552,0.07103770226240158,0.11718082651495931,0.21888469904661179,0.0,0.0,0.01059463107958436,0.12776835113763796,0.39565564692020433,3.525305891036988,8.929871654510498,12.205721855163574,15.287172317504881,18.70944004058838
2043-11,2043-11-01,global_mlp,2026-03,86.11406600000001,0.06834563240408897,12.133068561553955,False,0.0,0.0,reported_conditioned_mlp,JOHAN CASTBERG,,False,0.0,0.033391983807086946,0.06834563240408897,0.11089133545756334,0.212156243622303,0.0,0.0,0.0,0.030641780048608687,0.2806401044130326,3.3575763940811156,8.86877212524414,12.133068561553955,15.086901569366455,18.482742881774907
2043-12,2043-12-01,global_mlp,2026-03,86.11406600000001,0.0765904076397419,12.053277492523193,False,0.0,0.0,reported_conditioned_mlp,JOHAN CASTBERG,,False,0.0,0.045324241369962694,0.0765904076397419,0.13099819719791408,0.22736612558364874,0.0,0.0,0.0,0.0,0.1660670429468155,3.2969761371612556,8.79201374053955,12.053277492523193,14.963729095458984,18.402487945556643
2044-01,2044-01-01,global_mlp,2026-03,86.11406600000001,0.09070470184087753,11.915229797363281,False,0.0,0.0,reported_conditioned_mlp,JOHAN CASTBERG,,False,0.0,0.05542249418795108,0.09070470184087753,0.14414333701133725,0.24498584419488909,0.0,0.0,0.0,0.019415405951440305,0.21701796501874931,3.1704328298568734,8.666520404815673,11.915229797363281,14.849280834197996,18.393391990661623
2044-02,2044-02-01,global_mlp,2026-03,86.11406600000001,0.09610883891582489,11.746617317199707,False,0.0,0.0,reported_conditioned_mlp,JOHAN CASTBERG,,False,0.0,0.06259533204138279,0.09610883891582489,0.1446630641818046,0.23932159990072255,0.0,0.0,0.0,0.08304939568042749,0.31912379860878004,2.9422698974609376,8.545936775207519,11.746617317199707,14.735261917114252,18.286345100402833
2044-03,2044-03-01,global_mlp,2026-03,86.11406600000001,0.06702733039855957,11.631568431854248,False,0.0,0.0,reported_conditioned_mlp,JOHAN CASTBERG,,False,0.0,0.036734189838171005,0.06702733039855957,0.11244120448827737,0.20186660736799242,0.0,0.0,0.0,0.21159705221652983,0.5158470153808595,2.9340895175933843,8.483259868621825,11.631568431854248,14.592188453674316,18.21356620788574
2044-04,2044-04-01,global_mlp,2026-03,86.11406600000001,0.05461431108415127,11.540465831756592,False,0.1503707468509674,150370.7468509674,reported_conditioned_mlp,JOHAN CASTBERG,,False,0.0,0.033930209651589396,0.05461431108415127,0.08858413398265835,0.2127167165279389,0.0,0.0,0.1503707468509674,0.30112323462963075,0.6467487752437596,2.88561761379242,8.361946773529052,11.540465831756592,14.5255802154541,17.928366279602052
2044-05,2044-05-01,global_mlp,2026-03,86.11406600000001,0.06144203618168831,11.477901458740234,False,0.0,0.0,reported_conditioned_mlp,JOHAN CASTBERG,,False,0.0,0.03621870465576649,0.06144203618168831,0.09841791912913311,0.2023379534482956,0.0,0.0,0.0,0.10785918161273002,0.3713002294301987,2.7804183959960938,8.217004108428954,11.477901458740234,14.477603435516357,17.868757438659667
2044-06,2044-06-01,global_mlp,2026-03,86.11406600000001,0.04958263598382473,11.40572452545166,False,0.0,0.0,reported_conditioned_mlp,JOHAN CASTBERG,,False,0.0,0.02807055935263633,0.04958263598382473,0.08924379944801329,0.17373147904872896,0.0,0.0,0.0,0.10351706370711324,0.3491751044988633,2.755495619773865,8.15202283859253,11.40572452545166,14.424192428588865,17.71861801147461
2044-07,2044-07-01,global_mlp,2026-03,86.11406600000001,0.04763524979352951,11.351851463317871,False,0.06217575632035732,62175.75632035732,reported_conditioned_mlp,JOHAN CASTBERG,,False,0.0,0.02571288030594587,0.04763524979352951,0.08428394198417662,0.18233172446489343,0.0,0.0,0.06217575632035732,0.18205321580171582,0.4366546988487244,2.700514030456544,8.0738392829895,11.351851463317871,14.347091388702392,17.67758369445801
2044-08,2044-08-01,global_mlp,2026-03,86.11406600000001,0.05230479873716831,11.284717559814453,False,0.0,0.0,reported_conditioned_mlp,JOHAN CASTBERG,,False,0.0,0.02591393124312162,0.05230479873716831,0.08936614915728568,0.1982166573405266,0.0,0.0,0.0,0.09820050224661815,0.340465322136879,2.6352160692215,8.014471960067748,11.284717559814453,14.261308670043945,17.581379318237307
2044-09,2044-09-01,global_mlp,2026-03,86.11406600000001,0.05315057188272476,11.183704376220703,False,0.011495488230139017,11495.488230139017,reported_conditioned_mlp,JOHAN CASTBERG,,False,0.0,0.027079951576888556,0.05315057188272476,0.09497608765959735,0.20230290144681945,0.0,0.0,0.011495488230139017,0.1290789291262626,0.38497950136661546,2.5046360611915626,7.930725526809691,11.183704376220703,14.198759651184082,17.5190824508667
2044-10,2044-10-01,global_mlp,2026-03,86.11406600000001,0.058980828151106834,11.058276653289795,False,0.0,0.0,reported_conditioned_mlp,JOHAN CASTBERG,,False,0.0,0.031162403710186477,0.058980828151106834,0.09656312763690936,0.21698029637336738,0.0,0.0,0.0,0.13930527865886644,0.4289162039756775,2.3902576923370393,7.754208040237427,11.058276653289795,14.093170642852781,17.50083122253418
2044-11,2044-11-01,global_mlp,2026-03,86.11406600000001,0.06196172721683979,10.944876194000244,False,0.0,0.0,reported_conditioned_mlp,JOHAN CASTBERG,,False,0.0,0.03217310309410094,0.06196172721683979,0.10600758045911784,0.20194808393716823,0.0,0.0,0.0,0.04874111786484704,0.27176665067672756,1.7802385926246642,7.673422813415527,10.944876194000244,13.93457384109497,17.45641384124756
2044-12,2044-12-01,global_mlp,2026-03,86.11406600000001,0.07401658594608307,10.929051399230957,False,0.0,0.0,reported_conditioned_mlp,JOHAN CASTBERG,,False,0.0,0.036808076500892635,0.07401658594608307,0.12232426553964613,0.23249351680278782,0.0,0.0,0.0,0.01549381297081706,0.26254598796367656,1.720291113853455,7.634668397903441,10.929051399230957,13.78072509765625,17.416964530944824
2045-01,2045-01-01,global_mlp,2026-03,86.11406600000001,0.08124396577477455,10.905417919158936,False,0.0,0.0,reported_conditioned_mlp,JOHAN CASTBERG,,False,0.0,0.04158036708831787,0.08124396577477455,0.1388466715812683,0.25790660381317143,0.0,0.0,0.0,0.0132884903810918,0.2371666625142101,1.6870180845260625,7.6168901920318595,10.905417919158936,13.69572992324829,17.354698371887206
2045-02,2045-02-01,global_mlp,2026-03,86.11406600000001,0.09228324145078659,10.811091899871826,False,0.0,0.0,reported_conditioned_mlp,JOHAN CASTBERG,,False,0.0,0.05448646992444991,0.09228324145078659,0.1435232505202293,0.23994262814521788,0.0,0.0,0.0,0.08630007132887817,0.36323057115078,1.6371240258216873,7.4720635414123535,10.811091899871826,13.638546180725095,17.28408718109131
2045-03,2045-03-01,global_mlp,2026-03,86.11406600000001,0.05895126797258854,10.70216178894043,False,0.0,0.0,reported_conditioned_mlp,JOHAN CASTBERG,,False,0.0,0.022067853063344956,0.05895126797258854,0.11021461337804783,0.1965460702776909,0.0,0.0,0.0,0.2037382304668426,0.46472695469856273,1.5231035947799696,7.439322519302368,10.70216178894043,13.484291934967038,17.243425178527833
2045-04,2045-04-01,global_mlp,2026-03,86.11406600000001,0.05090537667274475,10.550507068634033,False,0.12413150444626808,124131.50444626808,reported_conditioned_mlp,JOHAN CASTBERG,,False,0.0,0.025805283896625036,0.05090537667274475,0.09076900407671923,0.19690980613231665,0.0,0.0,0.12413150444626808,0.27134402096271476,0.551801133155823,1.2728032469749455,7.384354066848754,10.550507068634033,13.430680751800535,17.13852710723877
2045-05,2045-05-01,global_mlp,2026-03,86.11406600000001,0.055565930902957916,10.496983528137207,False,0.0,0.0,reported_conditioned_mlp,JOHAN CASTBERG,,False,0.0,0.029978355951607225,0.055565930902957916,0.0954247422516346,0.1782767400145531,0.0,0.0,0.0,0.0960760414600372,0.3116056948900225,1.0550590157508852,7.330843114852905,10.496983528137207,13.347898960113524,17.00997066497803
2045-06,2045-06-01,global_mlp,2026-03,86.11406600000001,0.0465357955545187,10.368494033813477,False,0.0,0.0,reported_conditioned_mlp,JOHAN CASTBERG,,False,0.0,0.02240095343440771,0.0465357955545187,0.07823791056871406,0.15468369722366337,0.0,0.0,0.0,0.11108064800500853,0.3361227214336395,0.9453142285346992,7.288609409332275,10.368494033813477,13.244525051116943,16.821725654602055
2045-07,2045-07-01,global_mlp,2026-03,86.11406600000001,0.0420235451310873,10.172150611877441,False,0.001176130841486156,1176.130841486156,reported_conditioned_mlp,JOHAN CASTBERG,,False,0.0,0.019846056960523127,0.0420235451310873,0.0741059578955172,0.16643652021884936,0.0,0.0,0.001176130841486156,0.1551239728927612,0.3795892357826235,0.8242611646652223,7.255279874801635,10.172150611877441,13.18328685760498,16.755466651916507
2045-08,2045-08-01,global_mlp,2026-03,86.11406600000001,0.05075373500585556,10.135095119476318,False,0.0,0.0,reported_conditioned_mlp,JOHAN CASTBERG,,False,0.0,0.02695299033075571,0.05075373500585556,0.08566414788365359,0.17517264336347585,0.0,0.0,0.0,0.07093786373734472,0.30433089733123786,0.7750420749187479,7.128909015655517,10.135095119476318,13.105176830291748,16.71499309539795
2045-09,2045-09-01,global_mlp,2026-03,86.11406600000001,0.052268581464886665,10.061275482177734,False,0.0,0.0,reported_conditioned_mlp,JOHAN CASTBERG,,False,0.0,0.03020828422158956,0.052268581464886665,0.08815022408962248,0.1671237096190453,0.0,0.0,0.0,0.1376214101910591,0.41801349818706535,0.7213389337062852,7.042313623428344,10.061275482177734,13.032537746429442,16.546495628356936
2045-10,2045-10-01,global_mlp,2026-03,86.11406600000001,0.05791343189775944,10.013246536254883,False,0.0,0.0,reported_conditioned_mlp,JOHAN CASTBERG,,False,0.0,0.029942434839904306,0.05791343189775944,0.09707629010081291,0.19854183048009874,0.0,0.0,0.0,0.10431719124317165,0.3531246900558472,0.6700917720794699,6.9939567089080805,10.013246536254883,12.950431823730467,16.345776176452638
2045-11,2045-11-01,global_mlp,2026-03,86.11406600000001,0.054754629731178284,9.927889347076416,False,0.0,0.0,reported_conditioned_mlp,JOHAN CASTBERG,,False,0.0,0.031022682413458815,0.054754629731178284,0.09486545994877811,0.185136890411377,0.0,0.0,0.0,0.01692166645079836,0.28799075782299055,0.3333986878395081,6.959167003631592,9.927889347076416,12.89751558303833,16.182698059082032
2045-12,2045-12-01,global_mlp,2026-03,86.11406600000001,0.0699060745537281,9.819108963012695,False,0.0,0.0,reported_conditioned_mlp,JOHAN CASTBERG,,False,0.0,0.04018892161548138,0.0699060745537281,0.11367811784148213,0.20624697208404544,0.0,0.0,0.0,0.0013489189557731036,0.23916410654783277,0.2765847802162188,6.935146188735962,9.819108963012695,12.64431524276733,16.056885910034183
2046-01,2046-01-01,global_mlp,2026-03,86.11406600000001,0.0783592201769352,9.736788272857666,False,0.0,0.0,reported_conditioned_mlp,JOHAN CASTBERG,,False,0.0,0.0446016427129507,0.0783592201769352,0.12713383585214608,0.24204590618610386,0.0,0.0,0.0,0.021362793445587128,0.23800131678581243,0.01362342238426217,6.830595970153808,9.736788272857666,12.4879225730896,16.027488136291506
2046-02,2046-02-01,global_mlp,2026-03,86.11406600000001,0.08194852247834206,9.665342807769775,False,0.0,0.0,reported_conditioned_mlp,JOHAN CASTBERG,,False,0.0,0.04766960628330707,0.08194852247834206,0.12942224740982053,0.2175050243735314,0.0,0.0,0.0,0.08348833769559846,0.4370157092809683,0.0,6.752321434020995,9.665342807769775,12.394913673400875,15.980041217803956
2046-03,2046-03-01,global_mlp,2026-03,86.11406600000001,0.05759527534246445,9.572423934936523,False,0.0,0.0,reported_conditioned_mlp,JOHAN CASTBERG,,False,0.0,0.026302583143115038,0.05759527534246445,0.10280319526791569,0.18917131870985032,0.0,0.0,0.0,0.18292624801397322,0.5388917028903966,0.0,6.725729036331177,9.572423934936523,12.335940837860102,15.937045764923097
2046-04,2046-04-01,global_mlp,2026-03,86.11406600000001,0.047646913677453995,9.504059791564941,False,0.1308349221944809,130834.9221944809,reported_conditioned_mlp,JOHAN CASTBERG,,False,0.0,0.024028901569545267,0.047646913677453995,0.08178818449378013,0.17092912793159493,0.0,0.0,0.1308349221944809,0.28245027363300323,0.5632310867309577,0.0,6.65825047492981,9.504059791564941,12.25391454696655,15.91927709579468
2046-05,2046-05-01,global_mlp,2026-03,86.11406600000001,0.05040571838617325,9.444489002227783,False,0.0,0.0,reported_conditioned_mlp,JOHAN CASTBERG,,False,0.0,0.028822206705808633,0.05040571838617325,0.08488942459225651,0.18462415933609008,0.0,0.0,0.0,0.09998269081115706,0.2772004574537279,0.0,6.50814471244812,9.444489002227783,12.21776371002197,15.875531578063965
2046-06,2046-06-01,global_mlp,2026-03,86.11406600000001,0.04167234152555466,9.409980297088623,False,0.0,0.0,reported_conditioned_mlp,JOHAN CASTBERG,,False,0.0,0.016457716748118394,0.04167234152555466,0.06973229870200157,0.1360944837331772,0.0,0.0,0.0,0.11349778845906248,0.34965897500514986,0.0,6.350790262222288,9.409980297088623,12.169458293914795,15.748016738891604
2046-07,2046-07-01,global_mlp,2026-03,86.11406600000001,0.03918459452688694,9.32731008529663,False,0.0007047671242617071,704.7671242617071,reported_conditioned_mlp,JOHAN CASTBERG,,False,0.0,0.013867555651813737,0.03918459452688694,0.06692735850811003,0.1397351875901222,0.0,0.0,0.0007047671242617071,0.15364148765802374,0.4181047081947327,0.0,6.231313705444334,9.32731008529663,12.139897346496582,15.664663124084473
2046-08,2046-08-01,global_mlp,2026-03,86.11406600000001,0.04264676198363304,9.234316349029541,False,0.0,0.0,reported_conditioned_mlp,JOHAN CASTBERG,,False,0.0,0.01465285206213593,0.04264676198363304,0.07556444779038428,0.15693231523036957,0.0,0.0,0.0,0.07553641870617858,0.28842078447341946,0.0,6.031603050231934,9.234316349029541,12.081888580322266,15.37170324325562
2046-09,2046-09-01,global_mlp,2026-03,86.11406600000001,0.047934357076883316,9.124525547027588,False,0.0,0.0,reported_conditioned_mlp,JOHAN CASTBERG,,False,0.0,0.022394868358969686,0.047934357076883316,0.07881032302975655,0.15669716596603395,0.0,0.0,0.0,0.1269120931625366,0.3540915966033936,0.0,6.006907367706298,9.124525547027588,12.001006698608398,15.212876987457276
2046-10,2046-10-01,global_mlp,2026-03,86.11406600000001,0.051245154812932014,9.04443073272705,False,0.0,0.0,reported_conditioned_mlp,JOHAN CASTBERG,,False,0.0,0.021485026553273195,0.051245154812932014,0.08094747886061665,0.17398738712072376,0.0,0.0,0.0,0.11108288615941993,0.3507724791765214,0.0,5.929158496856688,9.04443073272705,11.832179260253906,15.141100215911866
2046-11,2046-11-01,global_mlp,2026-03,86.11406600000001,0.05038721673190594,8.938819885253906,False,0.0,0.0,reported_conditioned_mlp,JOHAN CASTBERG,,False,0.0,0.016763787716627107,0.05038721673190594,0.08317235335707664,0.17055991142988208,0.0,0.0,0.0,0.019589971378445394,0.29440999627113357,0.0,5.858305644989013,8.938819885253906,11.780523490905761,15.08397331237793
2046-12,2046-12-01,global_mlp,2026-03,86.11406600000001,0.058806682005524635,8.816474914550781,False,0.0,0.0,reported_conditioned_mlp,JOHAN CASTBERG,,False,0.0,0.024030421487987036,0.058806682005524635,0.09864796474575996,0.1746020942926407,0.0,0.0,0.0,0.0,0.23106272667646416,0.0,5.79153881072998,8.816474914550781,11.691386413574218,15.017262840270996
2047-01,2047-01-01,global_mlp,2026-03,86.11406600000001,0.0655965730547905,8.699399471282959,False,0.0,0.0,reported_conditioned_mlp,JOHAN CASTBERG,,False,0.0,0.030026007443666458,0.0655965730547905,0.11095893234014508,0.21014219522476202,0.0,0.0,0.0,0.0004267524409441934,0.22015570253133784,0.0,5.667482709884643,8.699399471282959,11.55314302444458,14.93387851715088
2047-02,2047-02-01,global_mlp,2026-03,86.11406600000001,0.07207027450203896,8.65165376663208,False,0.0,0.0,reported_conditioned_mlp,JOHAN CASTBERG,,False,0.0,0.038578915968537325,0.07207027450203896,0.11938399150967596,0.20434648245573048,0.0,0.0,0.0,0.07308246716856955,0.34044759273529057,0.0,5.611744737625122,8.65165376663208,11.420416450500486,14.839010620117188
2047-03,2047-03-01,global_mlp,2026-03,86.11406600000001,0.04928642883896828,8.585081100463867,False,0.0,0.0,reported_conditioned_mlp,JOHAN CASTBERG,,False,0.0,0.020200733281671997,0.04928642883896828,0.09255569875240324,0.15970679819583897,0.0,0.0,0.0,0.14558292031288142,0.5428660690784458,0.0,5.5560476779937735,8.585081100463867,11.335267066955563,14.73826084136963
2047-04,2047-04-01,global_mlp,2026-03,86.11406600000001,0.04779205471277237,8.480418682098389,False,0.14203788340091705,142037.88340091705,reported_conditioned_mlp,JOHAN CASTBERG,,False,0.0,0.023179448954761022,0.04779205471277237,0.07565106973052024,0.16593927145004272,0.0,0.0,0.14203788340091705,0.289969480037689,0.5487285375595093,0.0,5.405774354934692,8.480418682098389,11.28687124252319,14.677475261688235
2047-05,2047-05-01,global_mlp,2026-03,86.11406600000001,0.052124666050076485,8.442515850067139,False,0.0,0.0,reported_conditioned_mlp,JOHAN CASTBERG,,False,0.0,0.031073012202978128,0.052124666050076485,0.08429684862494467,0.16603687107563023,0.0,0.0,0.0,0.09477633014321321,0.34794017672538785,0.0,5.353481483459472,8.442515850067139,11.194015312194821,14.614056396484376
2047-06,2047-06-01,global_mlp,2026-03,86.11406600000001,0.04366437532007694,8.370321273803711,False,0.0,0.0,reported_conditioned_mlp,JOHAN CASTBERG,,False,0.0,0.02290221508592367,0.04366437532007694,0.07095519527792928,0.13240861147642136,0.0,0.0,0.0,0.10166213214397431,0.2836507797241212,0.0,5.297802686691284,8.370321273803711,11.101901245117185,14.514209175109865
2047-07,2047-07-01,global_mlp,2026-03,86.11406600000001,0.0408587958663702,8.284543991088867,False,0.0,0.0,reported_conditioned_mlp,JOHAN CASTBERG,,False,0.0,0.014074989967048165,0.0408587958663702,0.06222474090754984,0.13175658285617828,0.0,0.0,0.0,0.12168782278895376,0.36465881466865546,0.0,5.2366721630096436,8.284543991088867,10.993817901611324,14.483254528045656
2047-08,2047-08-01,global_mlp,2026-03,86.11406600000001,0.04285690560936928,8.227711200714111,False,0.0,0.0,reported_conditioned_mlp,JOHAN CASTBERG,,False,0.0,0.015647509880363942,0.04285690560936928,0.07151861041784285,0.14388440549373635,0.0,0.0,0.0,0.05064410418272008,0.2716185301542282,0.0,5.226959276199341,8.227711200714111,10.936057853698731,14.436539554595948
2047-09,2047-09-01,global_mlp,2026-03,86.11406600000001,0.05052316188812256,8.178492069244385,False,0.0,0.0,reported_conditioned_mlp,JOHAN CASTBERG,,False,0.0,0.01833147276192903,0.05052316188812256,0.07768719643354416,0.14812469184398652,0.0,0.0,0.0,0.08967275321483612,0.2789122581481934,0.0,5.181812143325805,8.178492069244385,10.833293533325195,14.351452159881593
2047-10,2047-10-01,global_mlp,2026-03,86.11406600000001,0.05069425515830517,8.076680660247803,False,0.0,0.0,reported_conditioned_mlp,JOHAN CASTBERG,,False,0.0,0.017726429924368844,0.05069425515830517,0.08429991006851192,0.163457365334034,0.0,0.0,0.0,0.07066944539546952,0.3163747608661652,0.0,5.143387651443481,8.076680660247803,10.754965019226074,14.304929828643798
2047-11,2047-11-01,global_mlp,2026-03,86.11406600000001,0.053106578066945076,7.978798151016235,False,0.0,0.0,reported_conditioned_mlp,JOHAN CASTBERG,,False,0.0,0.02184744458645579,0.053106578066945076,0.08688751459121688,0.17199540138244648,0.0,0.0,0.0,0.015743552707135674,0.2273123472929002,0.0,5.118540048599242,7.978798151016235,10.694740962982175,14.200186252593994
2047-12,2047-12-01,global_mlp,2026-03,86.11406600000001,0.05838848277926445,7.874231338500977,False,0.0,0.0,reported_conditioned_mlp,JOHAN CASTBERG,,False,0.0,0.024287886731326574,0.05838848277926445,0.0923199541866779,0.18541350513696683,0.0,0.0,0.0,0.0,0.20894328802824028,0.0,5.001791048049927,7.874231338500977,10.599653434753417,14.060916614532474
2048-01,2048-01-01,global_mlp,2026-03,86.11406600000001,0.07655775547027588,7.675347328186035,False,0.0,0.0,reported_conditioned_mlp,JOHAN CASTBERG,,False,0.0,0.03786019757390022,0.07655775547027588,0.1138852447271347,0.20468098670244228,0.0,0.0,0.0,0.0,0.18994434028863913,0.0,4.906530904769896,7.675347328186035,10.517223930358886,13.840688037872315
2048-02,2048-02-01,global_mlp,2026-03,86.11406600000001,0.08551985397934914,7.600742340087891,False,0.0,0.0,reported_conditioned_mlp,JOHAN CASTBERG,,False,0.0,0.039656834676861756,0.08551985397934914,0.11982192546129222,0.20935508310794837,0.0,0.0,0.0,0.05760040059685707,0.37973879575729375,0.0,4.721611213684082,7.600742340087891,10.423043155670166,13.744749450683596
2048-03,2048-03-01,global_mlp,2026-03,86.11406600000001,0.05507492832839489,7.509677410125732,False,0.0,0.0,reported_conditioned_mlp,JOHAN CASTBERG,,False,0.0,0.019792364351451385,0.05507492832839489,0.08467665314674376,0.17770380526781104,0.0,0.0,0.0,0.160682529211044,0.5530836284160615,0.0,4.688040924072265,7.509677410125732,10.362734699249268,13.699297809600834
2048-04,2048-04-01,global_mlp,2026-03,86.11406600000001,0.04493681341409683,7.436415195465088,False,0.09861988946795464,98619.88946795464,reported_conditioned_mlp,JOHAN CASTBERG,,False,0.0,0.02063992526382208,0.04493681341409683,0.07565525770187377,0.15596892386674882,0.0,0.0,0.09861988946795464,0.24164500236511224,0.5485517382621765,0.0,4.650799798965454,7.436415195465088,10.308532428741454,13.668449497222902
2048-05,2048-05-01,global_mlp,2026-03,86.11406600000001,0.05269462987780571,7.38529372215271,False,0.0,0.0,reported_conditioned_mlp,JOHAN CASTBERG,,False,0.0,0.028270410187542432,0.05269462987780571,0.08367026150226593,0.1622000649571419,0.0,0.0,0.0,0.10367294624447813,0.3126074641942979,0.0,4.475853204727173,7.38529372215271,10.263989543914795,13.421598529815677
2048-06,2048-06-01,global_mlp,2026-03,86.11406600000001,0.03955590911209583,7.316669702529907,False,0.0,0.0,reported_conditioned_mlp,JOHAN CASTBERG,,False,0.0,0.017663847282528875,0.03955590911209583,0.063467589020729,0.13401198834180839,0.0,0.0,0.0,0.0814643263816833,0.2703678667545319,0.0,4.329559087753296,7.316669702529907,10.187590122222899,13.366344642639161
2048-07,2048-07-01,global_mlp,2026-03,86.11406600000001,0.039732957258820534,7.237698554992676,False,0.0002207440120400861,220.7440120400861,reported_conditioned_mlp,JOHAN CASTBERG,,False,0.0,0.015968954097479567,0.039732957258820534,0.06578684225678441,0.13165134489536295,0.0,0.0,0.0002207440120400861,0.1208835802972316,0.3425767183303836,0.0,4.265604734420775,7.237698554992676,10.142246723175049,13.333224296569826
2048-08,2048-08-01,global_mlp,2026-03,86.11406600000001,0.04111707583069801,7.1775596141815186,False,0.0,0.0,reported_conditioned_mlp,JOHAN CASTBERG,,False,0.0,0.016596937179565428,0.04111707583069801,0.07151968777179714,0.13783649057149888,0.0,0.0,0.0,0.06820269152522086,0.256386721134186,0.0,4.213437414169309,7.1775596141815186,10.082266712188721,13.28211431503296
2048-09,2048-09-01,global_mlp,2026-03,86.11406600000001,0.04747603461146355,7.086368799209595,False,0.0,0.0,reported_conditioned_mlp,JOHAN CASTBERG,,False,0.0,0.017641394957900045,0.04747603461146355,0.07991643473505974,0.15162987112998963,0.0,0.0,0.0,0.11585409268736838,0.3241052687168126,0.0,4.120848035812378,7.086368799209595,10.0099027633667,13.22967176437378
2048-10,2048-10-01,global_mlp,2026-03,86.11406600000001,0.04856755584478378,7.05518364906311,False,0.0,0.0,reported_conditioned_mlp,JOHAN CASTBERG,,False,0.0,0.019551452621817584,0.04856755584478378,0.07754261866211891,0.16664551049470908,0.0,0.0,0.0,0.07846795544028261,0.29436688423156754,0.0,4.060755634307861,7.05518364906311,9.94355125427246,13.182733058929445
2048-11,2048-11-01,global_mlp,2026-03,86.11406600000001,0.05026409029960632,6.935170650482178,False,0.0,0.0,reported_conditioned_mlp,JOHAN CASTBERG,,False,0.0,0.020367735065519803,0.05026409029960632,0.08036559149622916,0.1542559176683426,0.0,0.0,0.0,0.0,0.20990295112133034,0.0,3.979847240447998,6.935170650482178,9.87690954208374,13.066626262664796
2048-12,2048-12-01,global_mlp,2026-03,86.11406600000001,0.05879124067723751,6.792177677154541,False,0.0,0.0,reported_conditioned_mlp,JOHAN CASTBERG,,False,0.0,0.02218920253217219,0.05879124067723751,0.09381475374102592,0.17665767967700963,0.0,0.0,0.0,0.0,0.24428567141294497,0.0,3.909212112426757,6.792177677154541,9.809622001647949,12.9516565322876
2049-01,2049-01-01,global_mlp,2026-03,86.11406600000001,0.06679047271609306,6.682821273803711,False,0.0,0.0,reported_conditioned_mlp,JOHAN CASTBERG,,False,0.0,0.02756750769913195,0.06679047271609306,0.10448034107685082,0.20222197771072387,0.0,0.0,0.0,0.0,0.17745545357465745,0.0,3.8076633453369135,6.682821273803711,9.695265769958494,12.908819675445557
2049-02,2049-02-01,global_mlp,2026-03,86.11406600000001,0.0742083489894867,6.596422433853149,False,0.0,0.0,reported_conditioned_mlp,JOHAN CASTBERG,,False,0.0,0.030358624272048457,0.0742083489894867,0.10897988528013228,0.18017747849226012,0.0,0.0,0.0,0.06996281743049607,0.3995407998561859,0.0,3.7606801986694336,6.596422433853149,9.598349285125732,12.762057399749759
2049-03,2049-03-01,global_mlp,2026-03,86.11406600000001,0.04910721629858017,6.524880647659302,False,0.0,0.0,reported_conditioned_mlp,JOHAN CASTBERG,,False,0.0,0.013602878525853155,0.04910721629858017,0.0840715683996677,0.15561661720275882,0.0,0.0,0.0,0.1414753913879394,0.5059384882450104,0.0,3.496129631996155,6.524880647659302,9.507248306274413,12.598738479614262
2049-04,2049-04-01,global_mlp,2026-03,86.11406600000001,0.04485747776925564,6.495366334915161,False,0.07426479458808899,74264.79458808899,reported_conditioned_mlp,JOHAN CASTBERG,,False,0.0,0.01551413293927908,0.04485747776925564,0.0693602547049522,0.13666726648807528,0.0,0.0,0.07426479458808899,0.24209172129631037,0.5279101729393005,0.0,3.4646490097045897,6.495366334915161,9.446001911163329,12.529986190795903
2049-05,2049-05-01,global_mlp,2026-03,86.11406600000001,0.04396379180252552,6.455056667327881,False,0.0,0.0,reported_conditioned_mlp,JOHAN CASTBERG,,False,0.0,0.014515710156410927,0.04396379180252552,0.08024941980838773,0.14501492381095887,0.0,0.0,0.0,0.07936960160732259,0.26446403264999396,0.0,3.4401827573776247,6.455056667327881,9.359745216369628,12.465482234954838
2049-06,2049-06-01,global_mlp,2026-03,86.11406600000001,0.036510998383164406,6.418891429901123,False,0.0,0.0,reported_conditioned_mlp,JOHAN CASTBERG,,False,0.0,0.007516334624961015,0.036510998383164406,0.06405639871954916,0.13057172298431396,0.0,0.0,0.0,0.0690641850233077,0.26590915620327,0.0,3.431801962852478,6.418891429901123,9.294377231597897,12.413910484313964
2049-07,2049-07-01,global_mlp,2026-03,86.11406600000001,0.034475525841116905,6.402254104614258,False,0.0,0.0,reported_conditioned_mlp,JOHAN CASTBERG,,False,0.0,0.007476900052279232,0.034475525841116905,0.06538067683577536,0.140207140147686,0.0,0.0,0.0,0.13772217631339997,0.40977920293807985,0.0,3.3982534170150758,6.402254104614258,9.193519783020019,12.373366641998292
2049-08,2049-08-01,global_mlp,2026-03,86.11406600000001,0.03649045154452324,6.350515127182007,False,0.0,0.0,reported_conditioned_mlp,JOHAN CASTBERG,,False,0.0,0.004432169394567605,0.03649045154452324,0.07009457424283026,0.1481462046504022,0.0,0.0,0.0,0.04832450076937673,0.22106561362743393,0.0,3.3610331058502187,6.350515127182007,9.134954452514648,12.331038188934327
2049-09,2049-09-01,global_mlp,2026-03,86.11406600000001,0.039363449439406395,6.308788537979126,False,0.0,0.0,reported_conditioned_mlp,JOHAN CASTBERG,,False,0.0,0.010200077667832371,0.039363449439406395,0.07323946356773375,0.14008760601282122,0.0,0.0,0.0,0.10238614082336416,0.39365926086902653,0.0,3.262649250030517,6.308788537979126,9.100471305847167,12.273788452148438
2049-10,2049-10-01,global_mlp,2026-03,86.11406600000001,0.0400694590061903,6.2841901779174805,False,0.0,0.0,reported_conditioned_mlp,JOHAN CASTBERG,,False,0.0,0.008666071016341446,0.0400694590061903,0.07593521773815154,0.14832242727279665,0.0,0.0,0.0,0.06541382148861868,0.29288911819458013,0.0,3.2436353445053094,6.2841901779174805,8.977527141571043,12.2162486076355
2049-11,2049-11-01,global_mlp,2026-03,86.11406600000001,0.03846363537013531,6.243016958236694,False,0.0,0.0,reported_conditioned_mlp,JOHAN CASTBERG,,False,0.0,0.004774461593478912,0.03846363537013531,0.0728084601461887,0.14807809591293336,0.0,0.0,0.0,0.0,0.18420600444078447,0.0,3.1907733917236327,6.243016958236694,8.931821632385253,12.157162094116211
2049-12,2049-12-01,global_mlp,2026-03,86.11406600000001,0.04754956439137459,6.223061561584473,False,0.0,0.0,reported_conditioned_mlp,JOHAN CASTBERG,,False,0.0,0.008864786941558121,0.04754956439137459,0.08577388748526558,0.17789142429828644,0.0,0.0,0.0,0.0,0.15054166913032535,0.0,3.1204810619354246,6.223061561584473,8.859076404571532,11.99472646713257
2050-01,2050-01-01,global_mlp,2026-03,86.11406600000001,0.05758364871144295,6.136991024017334,False,0.0,0.0,reported_conditioned_mlp,JOHAN CASTBERG,,False,0.0,0.015587908495217555,0.05758364871144295,0.10297013074159618,0.1900789588689806,0.0,0.0,0.0,0.0,0.18318948000669502,0.0,3.0442214727401726,6.136991024017334,8.768541431427002,11.887528419494629
2050-02,2050-02-01,global_mlp,2026-03,86.11406600000001,0.0659404844045639,6.029252052307129,False,0.0,0.0,reported_conditioned_mlp,JOHAN CASTBERG,,False,0.0,0.025861715897917744,0.0659404844045639,0.10472683310508724,0.1905895054340363,0.0,0.0,0.0,0.04228346608579136,0.32976444363594093,0.0,2.888281512260437,6.029252052307129,8.61473798751831,11.764289855957031
2050-03,2050-03-01,global_mlp,2026-03,86.11406600000001,0.042343683540821075,5.930057525634766,False,0.0,0.0,reported_conditioned_mlp,JOHAN CASTBERG,,False,0.0,0.0,0.042343683540821075,0.08248247057199476,0.1510544016957283,0.0,0.0,0.0,0.10323331132531166,0.4461245805025103,0.0,2.807804012298584,5.930057525634766,8.581881809234616,11.741309642791748
2050-04,2050-04-01,global_mlp,2026-03,86.11406600000001,0.04245084710419178,5.870906591415405,False,0.08500047028064728,85000.47028064728,reported_conditioned_mlp,JOHAN CASTBERG,,False,0.0,0.015552739705890413,0.04245084710419178,0.06540157049894332,0.14029264152050022,0.0,0.0,0.08500047028064728,0.24835210144519795,0.47502464354038254,0.0,2.703456282615661,5.870906591415405,8.475457668304442,11.712042427062988
2050-05,2050-05-01,global_mlp,2026-03,86.11406600000001,0.04044937901198864,5.8249382972717285,False,0.0,0.0,reported_conditioned_mlp,JOHAN CASTBERG,,False,0.0,0.010459342505782841,0.04044937901198864,0.06949131786823272,0.14196901172399523,0.0,0.0,0.0,0.07410214766860003,0.2542586356401444,0.0,2.6459645032882686,5.8249382972717285,8.351461601257322,11.63514051437378
2050-06,2050-06-01,global_mlp,2026-03,86.11406600000001,0.03432824648916721,5.725324630737305,False,0.0,0.0,reported_conditioned_mlp,JOHAN CASTBERG,,False,0.0,0.009125848114490508,0.03432824648916721,0.05799064785242079,0.11810063794255263,0.0,0.0,0.0,0.09845351800322528,0.28824337422847757,0.0,2.6239582777023305,5.725324630737305,8.200230503082272,11.571979808807376
2050-07,2050-07-01,global_mlp,2026-03,86.11406600000001,0.0321162436157465,5.691230058670044,False,0.0,0.0,reported_conditioned_mlp,JOHAN CASTBERG,,False,0.0,0.0076367820147424876,0.0321162436157465,0.05467813871800899,0.13692856878042223,0.0,0.0,0.0,0.10167214944958683,0.29284858703613287,0.0,2.5406399250030516,5.691230058670044,8.149691677093504,11.53920888900757
2050-08,2050-08-01,global_mlp,2026-03,86.11406600000001,0.03676232881844044,5.5886430740356445,False,0.0,0.0,reported_conditioned_mlp,JOHAN CASTBERG,,False,0.0,0.0053952882997691624,0.03676232881844044,0.06438964754343032,0.1416559398174286,0.0,0.0,0.0,0.05331941917538638,0.19198902696371084,0.0,2.443270182609558,5.5886430740356445,8.004355812072745,11.481681346893314
2050-09,2050-09-01,global_mlp,2026-03,86.11406600000001,0.03900695778429508,5.524909973144531,False,0.0,0.0,reported_conditioned_mlp,JOHAN CASTBERG,,False,0.0,0.00484407646581529,0.03900695778429508,0.0649730324745178,0.1337332144379616,0.0,0.0,0.0,0.10870938077569003,0.324149352312088,0.0,2.392815661430358,5.524909973144531,7.969831991195668,11.369466304779056
2050-10,2050-10-01,global_mlp,2026-03,86.11406600000001,0.04200288653373718,5.485820531845093,False,0.0,0.0,reported_conditioned_mlp,JOHAN CASTBERG,,False,0.0,0.004004132142290456,0.04200288653373718,0.07197773605585098,0.14827130436897287,0.0,0.0,0.0,0.06647261306643451,0.2936449557542801,0.0,2.337851524353027,5.485820531845093,7.855197620391844,11.26121644973755
2050-11,2050-11-01,global_mlp,2026-03,86.11406600000001,0.043597783893346786,5.337536573410034,False,0.0,0.0,reported_conditioned_mlp,JOHAN CASTBERG,,False,0.0,0.0013988308259285942,0.043597783893346786,0.07170425429940222,0.1531583398580552,0.0,0.0,0.0,0.0,0.23060492873191857,0.0,2.2864288091659546,5.337536573410034,7.709788179397579,11.17648859024048
2050-12,2050-12-01,global_mlp,2026-03,86.11406600000001,0.04645371437072754,5.182652473449707,False,0.0,0.0,reported_conditioned_mlp,JOHAN CASTBERG,,False,0.0,0.009037312120199195,0.04645371437072754,0.08432382717728613,0.16742625981569298,0.0,0.0,0.0,0.0,0.1819022506475449,0.0,2.195030069351196,5.182652473449707,7.651003360748287,11.041997909545898
2051-01,2051-01-01,global_mlp,2026-03,86.11406600000001,0.05984023027122021,5.154790639877319,False,0.0,0.0,reported_conditioned_mlp,JOHAN CASTBERG,,False,0.0,0.020027246512472608,0.05984023027122021,0.09736696705222127,0.17241612523794186,0.0,0.0,0.0,0.0,0.17810560166835787,0.0,2.070838022232054,5.154790639877319,7.602505064010618,10.930045604705812
2051-02,2051-02-01,global_mlp,2026-03,86.11406600000001,0.06748739257454872,5.0468316078186035,False,0.0,0.0,reported_conditioned_mlp,JOHAN CASTBERG,,False,0.0,0.02162754200398922,0.06748739257454872,0.10434078350663184,0.17228278815746326,0.0,0.0,0.0,0.08119953125715249,0.3529058396816255,0.0,1.8888898134231564,5.0468316078186035,7.546938896179198,10.816122627258302
2051-03,2051-03-01,global_mlp,2026-03,86.11406600000001,0.04219435900449753,5.006426095962524,False,0.0,0.0,reported_conditioned_mlp,JOHAN CASTBERG,,False,0.0,0.0,0.04219435900449753,0.07826273143291473,0.1544593721628191,0.0,0.0,0.0,0.15979687571525555,0.469423428177834,0.0,1.8586089253425597,5.006426095962524,7.448101186752318,10.73378200531006
