month,date,variant,cutoff_month,remaining_reserves_start_msm3oe,production_forecast_msm3oe,remaining_reserves_end_msm3oe,production_was_clipped,fuel_gas_forecast_msm3,fuel_gas_forecast_sm3,fuel_forecast_method,fuel_source_field,fuel_zero_from_month,fuel_zero_override_applied,production_forecast_msm3oe_q10,production_forecast_msm3oe_q30,production_forecast_msm3oe_q50,production_forecast_msm3oe_q70,production_forecast_msm3oe_q90,fuel_gas_forecast_msm3_q10,fuel_gas_forecast_msm3_q30,fuel_gas_forecast_msm3_q50,fuel_gas_forecast_msm3_q70,fuel_gas_forecast_msm3_q90,remaining_reserves_end_msm3oe_q10,remaining_reserves_end_msm3oe_q30,remaining_reserves_end_msm3oe_q50,remaining_reserves_end_msm3oe_q70,remaining_reserves_end_msm3oe_q90
2026-04,2026-04-01,global_mlp,2026-03,190.54183,3.197408080101013,187.34441375732422,False,0.10382919386029243,103829.19386029243,reported_conditioned_mlp,JOHAN SVERDRUP,,False,2.4367910861968993,2.8441468715667724,3.197408080101013,3.5318079710006716,4.042790460586548,0.0,0.04386061653494835,0.10382919386029243,0.24077309668064115,0.8579185962677006,186.49904022216796,187.0100128173828,187.34441375732422,187.6976760864258,188.10503234863282
2026-05,2026-05-01,global_mlp,2026-03,190.54183,3.0500794649124146,184.26895904541016,False,0.056259915232658386,56259.915232658386,reported_conditioned_mlp,JOHAN SVERDRUP,,False,2.308128499984741,2.7734247207641602,3.0500794649124146,3.296828532218933,3.8833574771881105,0.0,0.011605455260723825,0.056259915232658386,0.146045960485935,0.557321161031723,182.84509735107423,183.75550231933593,184.26895904541016,184.84517517089844,185.62159729003906
2026-06,2026-06-01,global_mlp,2026-03,190.54183,2.9616881608963013,181.32684326171875,False,0.03583673946559429,35836.73946559429,reported_conditioned_mlp,JOHAN SVERDRUP,,False,2.227535939216614,2.650170922279358,2.9616881608963013,3.232491493225097,3.7191169023513795,0.0,0.0032312208786606685,0.03583673946559429,0.1130264438688755,0.5898412048816681,179.38836212158202,180.65099334716797,181.32684326171875,182.0531967163086,183.24978637695312
2026-07,2026-07-01,global_mlp,2026-03,190.54183,2.9268821477890015,178.3451156616211,False,0.021933620795607567,21933.620795607567,reported_conditioned_mlp,JOHAN SVERDRUP,,False,2.1381411790847777,2.603194975852966,2.9268821477890015,3.244521403312683,3.720757079124451,0.0,0.0,0.021933620795607567,0.0881910853087902,0.6331895053386696,175.89202117919922,177.46583099365233,178.3451156616211,179.34058990478516,181.11944274902345
2026-08,2026-08-01,global_mlp,2026-03,190.54183,2.873247742652893,175.3238983154297,False,0.015129831619560719,15129.831619560719,reported_conditioned_mlp,JOHAN SVERDRUP,,False,2.0571150302886965,2.524357533454895,2.873247742652893,3.1875285625457765,3.642979502677919,0.0,0.0,0.015129831619560719,0.0750147953629493,0.4489126771688462,172.4582092285156,174.4831283569336,175.3238983154297,176.71806640625,178.6618850708008
2026-09,2026-09-01,global_mlp,2026-03,190.54183,2.9496591091156006,172.38706970214844,False,0.03377367928624153,33773.67928624153,reported_conditioned_mlp,JOHAN SVERDRUP,,False,2.100858545303345,2.644967555999756,2.9496591091156006,3.2827377796173094,3.8240768909454346,0.0,0.001223221735563122,0.03377367928624153,0.11659918874502181,0.6131346940994264,168.53889007568358,171.20225219726564,172.38706970214844,173.8852966308594,176.17464904785157
2026-10,2026-10-01,global_mlp,2026-03,190.54183,2.9472638368606567,169.38890838623047,False,0.007091331295669079,7091.331295669079,reported_conditioned_mlp,JOHAN SVERDRUP,,False,2.0059192895889284,2.6302056312561035,2.9472638368606567,3.2596998691558836,3.725782346725464,0.0,0.0,0.007091331295669079,0.052155509963631594,0.4469571262598041,165.13660278320313,168.02935638427735,169.38890838623047,171.25879974365233,173.9920837402344
2026-11,2026-11-01,global_mlp,2026-03,190.54183,2.9935628175735474,166.4118423461914,False,0.003945754026062787,3945.7540260627866,reported_conditioned_mlp,JOHAN SVERDRUP,,False,2.0493918657302856,2.6567065238952634,2.9935628175735474,3.3056918382644653,4.015747976303101,0.0,0.0,0.003945754026062787,0.056434741616249076,0.3253501176834109,161.12015838623046,164.91729431152345,166.4118423461914,168.3853729248047,171.91130523681642
2026-12,2026-12-01,global_mlp,2026-03,190.54183,3.067852258682251,163.25716400146484,False,0.00819717114791274,8197.17114791274,reported_conditioned_mlp,JOHAN SVERDRUP,,False,2.134601020812988,2.6874313831329344,3.067852258682251,3.4435293912887572,4.235759830474853,0.0,0.0,0.00819717114791274,0.06176105327904207,0.39897430539131173,157.28958129882812,161.4135528564453,163.25716400146484,165.25409851074218,169.65787353515626
2027-01,2027-01-01,global_mlp,2026-03,190.54183,2.990130066871643,160.20957946777344,False,0.028963369317352772,28963.36931735277,reported_conditioned_mlp,JOHAN SVERDRUP,,False,2.0843698978424072,2.6772053480148315,2.990130066871643,3.4906919240951533,4.19045844078064,0.0,0.0,0.028963369317352772,0.09527160376310334,0.5507959902286531,153.63211975097656,158.12242126464844,160.20957946777344,162.7646286010742,167.50636444091796
2027-02,2027-02-01,global_mlp,2026-03,190.54183,2.93322217464447,157.3948745727539,False,0.05444171838462353,54441.71838462353,reported_conditioned_mlp,JOHAN SVERDRUP,,False,1.9812054872512816,2.648864936828613,2.93322217464447,3.3909625291824335,4.061578464508057,0.0,0.003930781572125847,0.05444171838462353,0.15771536529064178,0.7290012955665593,149.30057678222656,154.7847412109375,157.3948745727539,160.06751403808593,165.28832092285157
2027-03,2027-03-01,global_mlp,2026-03,190.54183,2.9012694358825684,154.57025146484375,False,0.08811383321881294,88113.83321881294,reported_conditioned_mlp,JOHAN SVERDRUP,,False,1.7169979095458987,2.502827501296997,2.9012694358825684,3.3279238939285274,4.120167016983033,0.0,0.02204965017735958,0.08811383321881294,0.22935763299465148,0.8161809921264652,146.16868286132814,151.419287109375,154.57025146484375,157.42620544433595,163.17119750976562
2027-04,2027-04-01,global_mlp,2026-03,190.54183,2.4291627407073975,151.97811126708984,False,0.08185860887169838,81858.60887169838,reported_conditioned_mlp,JOHAN SVERDRUP,,False,1.5011465787887575,2.029112768173218,2.4291627407073975,2.85045952796936,3.4789323806762695,0.0,0.01313628377392888,0.08185860887169838,0.5676252186298367,1.1511900424957275,143.18457946777343,148.58660125732422,151.97811126708984,155.03019409179686,161.62073211669923
2027-05,2027-05-01,global_mlp,2026-03,190.54183,2.2893030643463135,149.589599609375,False,0.04284823685884476,42848.23685884476,reported_conditioned_mlp,JOHAN SVERDRUP,,False,1.2512795329093933,1.8152747869491577,2.2893030643463135,2.7023342847824097,3.4228178024291993,0.0,0.0036966420710086785,0.04284823685884476,0.45636709630489314,1.1511900424957275,140.19927825927735,146.02368774414063,149.589599609375,153.01567840576172,160.22755279541016
2027-06,2027-06-01,global_mlp,2026-03,190.54183,2.255211353302002,147.1240692138672,False,0.026189949363470078,26189.949363470078,reported_conditioned_mlp,JOHAN SVERDRUP,,False,1.2604874491691591,1.7844391942024231,2.255211353302002,2.716182446479797,3.2411190032958985,0.0,0.0,0.026189949363470078,0.3895555853843685,1.1511900424957275,137.5947021484375,143.67369995117187,147.1240692138672,150.99526977539062,158.70593719482423
2027-07,2027-07-01,global_mlp,2026-03,190.54183,2.1831759214401245,144.7945556640625,False,0.018900430761277676,18900.430761277676,reported_conditioned_mlp,JOHAN SVERDRUP,,False,1.2466822981834411,1.7742125272750855,2.1831759214401245,2.6502018451690668,3.323493885993958,0.0,0.0,0.018900430761277676,0.20887762457132256,1.1511900424957275,134.58547973632812,141.0213821411133,144.7945556640625,149.00350799560547,157.32127380371094
2027-08,2027-08-01,global_mlp,2026-03,190.54183,2.107146143913269,142.45718383789062,False,0.017847128212451935,17847.128212451935,reported_conditioned_mlp,JOHAN SVERDRUP,,False,1.2381731986999511,1.7169870615005491,2.107146143913269,2.5020955801010127,3.316105580329895,0.0,0.0,0.017847128212451935,0.1876245498657226,1.1511900424957275,132.1223617553711,138.84418334960938,142.45718383789062,146.8944900512695,155.93140716552733
2027-09,2027-09-01,global_mlp,2026-03,190.54183,2.252672791481018,139.82288360595703,False,0.03554602526128292,35546.02526128292,reported_conditioned_mlp,JOHAN SVERDRUP,,False,1.2524832725524904,1.7627264618873595,2.252672791481018,2.700830912590027,3.41529438495636,0.0,0.0040061393054202175,0.03554602526128292,0.24634156376123403,1.1511900424957275,128.70518341064454,135.84846038818358,139.82288360595703,144.89847869873046,154.33600006103515
2027-10,2027-10-01,global_mlp,2026-03,190.54183,2.279432535171509,137.3732147216797,False,0.013728097546845675,13728.097546845675,reported_conditioned_mlp,JOHAN SVERDRUP,,False,1.2449800968170166,1.8298492670059203,2.279432535171509,2.7577791213989253,3.5565463781356814,0.0,0.0,0.013728097546845675,0.11727662011980983,1.1511900424957275,125.68002624511719,132.86934967041014,137.3732147216797,143.2141555786133,153.30795440673828
2027-11,2027-11-01,global_mlp,2026-03,190.54183,2.387453079223633,135.03348541259766,False,0.010441325604915619,10441.325604915619,reported_conditioned_mlp,JOHAN SVERDRUP,,False,1.2551841259002687,1.9318103194236755,2.387453079223633,2.8580087900161733,3.7064775228500366,0.0,0.0,0.010441325604915619,0.12338478639721819,1.1511900424957275,121.62892303466796,130.37096099853517,135.03348541259766,140.88959045410155,151.8100601196289
2027-12,2027-12-01,global_mlp,2026-03,190.54183,2.3679332733154297,132.80797576904297,False,0.012805144768208265,12805.144768208265,reported_conditioned_mlp,JOHAN SVERDRUP,,False,1.2454434037208557,1.9614810705184935,2.3679332733154297,2.886553215980529,4.034673881530762,0.0,0.0,0.012805144768208265,0.14481883049011227,1.1511900424957275,117.77842864990234,127.355517578125,132.80797576904297,139.0491973876953,150.55533752441406
2028-01,2028-01-01,global_mlp,2026-03,190.54183,2.3606492280960083,130.06079864501953,False,0.031158371828496456,31158.371828496456,reported_conditioned_mlp,JOHAN SVERDRUP,,False,1.3419952750205995,1.96605327129364,2.3606492280960083,2.8879684925079343,3.89241921901703,0.0,0.0,0.031158371828496456,0.24897185266017863,1.1511900424957275,114.50846405029297,124.55571060180664,130.06079864501953,137.11278686523437,149.1851028442383
2028-02,2028-02-01,global_mlp,2026-03,190.54183,2.4335556030273438,127.43717956542969,False,0.04295607656240463,42956.07656240463,reported_conditioned_mlp,JOHAN SVERDRUP,,False,1.2713515281677246,1.9125957250595091,2.4335556030273438,2.9374052286148062,3.905461812019351,0.0,0.0010500558768399054,0.04295607656240463,0.2761218696832657,1.1511900424957275,110.06399307250977,121.60274047851563,127.43717956542969,134.96777038574217,147.64388580322264
2028-03,2028-03-01,global_mlp,2026-03,190.54183,2.272307276725769,125.1893539428711,False,0.05581120029091835,55811.20029091835,reported_conditioned_mlp,JOHAN SVERDRUP,,False,1.2101625561714173,1.7746397376060485,2.272307276725769,2.770879793167114,3.7064342021942145,0.0,0.003601150074973699,0.05581120029091835,0.3184057682752609,1.1511900424957275,106.61455917358398,118.70874481201172,125.1893539428711,132.9429214477539,146.06764221191406
2028-04,2028-04-01,global_mlp,2026-03,190.54183,1.655042827129364,123.41286087036133,False,1.1511900424957275,1151190.0424957275,reported_conditioned_mlp,JOHAN SVERDRUP,,False,0.9420267701148988,1.2865824222564697,1.655042827129364,2.0842403888702385,2.764468669891358,0.013053586520254616,0.49110179841518403,1.1511900424957275,1.1511900424957275,1.1511900424957275,103.38969039916992,116.62827224731446,123.41286087036133,131.33075408935548,145.25033569335938
2028-05,2028-05-01,global_mlp,2026-03,190.54183,1.53114515542984,121.72091293334961,False,1.0410833954811096,1041083.3954811096,reported_conditioned_mlp,JOHAN SVERDRUP,,False,0.8444318056106568,1.1933938026428221,1.53114515542984,1.8617684960365295,2.5925394058227553,0.0,0.1850897386670111,1.0410833954811096,1.1511900424957275,1.1511900424957275,101.0800994873047,114.5968635559082,121.72091293334961,129.79971923828126,144.25623168945313
2028-06,2028-06-01,global_mlp,2026-03,190.54183,1.482378363609314,120.20867538452148,False,0.9129168093204498,912916.8093204498,reported_conditioned_mlp,JOHAN SVERDRUP,,False,0.8665284633636475,1.2095910787582398,1.482378363609314,1.817501187324524,2.4217885971069344,0.0,0.12738101631402965,0.9129168093204498,1.1511900424957275,1.1511900424957275,98.75381317138672,112.96324462890625,120.20867538452148,128.79634704589844,143.18145751953125
2028-07,2028-07-01,global_mlp,2026-03,190.54183,1.5213994979858398,119.03793716430664,False,0.8223529160022736,822352.9160022736,reported_conditioned_mlp,JOHAN SVERDRUP,,False,0.8249325156211853,1.1771766781806945,1.5213994979858398,1.872475385665893,2.547952175140381,0.0,0.07979349941015233,0.8223529160022736,1.1511900424957275,1.1511900424957275,96.29779739379883,111.10011291503906,119.03793716430664,127.43223037719726,141.98843078613282
2028-08,2028-08-01,global_mlp,2026-03,190.54183,1.4821604490280151,117.58572769165039,False,0.8246802389621735,824680.2389621735,reported_conditioned_mlp,JOHAN SVERDRUP,,False,0.7930375516414643,1.170172333717346,1.4821604490280151,1.878350818157196,2.5244211673736574,0.0,0.09648988023400275,0.8246802389621735,1.1511900424957275,1.1511900424957275,94.33057250976563,109.31959838867188,117.58572769165039,126.09063568115234,140.6779006958008
2028-09,2028-09-01,global_mlp,2026-03,190.54183,1.4576423168182373,116.03267288208008,False,0.8538780808448792,853878.0808448792,reported_conditioned_mlp,JOHAN SVERDRUP,,False,0.7697845339775086,1.1252955079078675,1.4576423168182373,1.79170161485672,2.655678534507753,0.0,0.09358065053820606,0.8538780808448792,1.1511900424957275,1.1511900424957275,91.78129577636719,107.38186721801758,116.03267288208008,124.92607421875,139.90831298828124
2028-10,2028-10-01,global_mlp,2026-03,190.54183,1.5640670657157898,114.40265655517578,False,0.8639500439167023,863950.0439167023,reported_conditioned_mlp,JOHAN SVERDRUP,,False,0.745361739397049,1.1585859417915345,1.5640670657157898,1.9038982987403867,2.837430930137635,0.0,0.04251645617187022,0.8639500439167023,1.1511900424957275,1.1511900424957275,89.62870254516602,105.725634765625,114.40265655517578,123.63632049560546,138.8417190551758
2028-11,2028-11-01,global_mlp,2026-03,190.54183,1.5290334820747375,112.86351013183594,False,0.7445208430290222,744520.8430290222,reported_conditioned_mlp,JOHAN SVERDRUP,,False,0.7891621232032776,1.207456123828888,1.5290334820747375,2.0231083154678338,2.8867987632751464,0.0,0.04338514432311057,0.7445208430290222,1.1511900424957275,1.1511900424957275,87.02541046142578,103.7791030883789,112.86351013183594,121.97240676879882,137.79873504638672
2028-12,2028-12-01,global_mlp,2026-03,190.54183,1.6410380601882935,111.42264938354492,False,0.6954594850540161,695459.4850540161,reported_conditioned_mlp,JOHAN SVERDRUP,,False,0.8106407284736633,1.1786428093910217,1.6410380601882935,2.0966270208358755,3.1167983055114754,0.0,0.05786247886717319,0.6954594850540161,1.1511900424957275,1.1511900424957275,84.32284622192384,101.39229888916016,111.42264938354492,120.30546569824219,136.7832489013672
2029-01,2029-01-01,global_mlp,2026-03,190.54183,1.6395028829574585,109.5826416015625,False,0.8688689172267914,868868.9172267914,reported_conditioned_mlp,JOHAN SVERDRUP,,False,0.8265671193599701,1.2065178871154785,1.6395028829574585,2.0760316133499144,2.9245235204696667,0.0,0.0853370711207389,0.8688689172267914,1.1511900424957275,1.1511900424957275,80.91444549560548,99.75578155517577,109.5826416015625,118.90790252685547,135.65637969970703
2029-02,2029-02-01,global_mlp,2026-03,190.54183,1.5767107605934143,107.70660781860352,False,0.9126676321029663,912667.6321029663,reported_conditioned_mlp,JOHAN SVERDRUP,,False,0.8094093441963196,1.1935741066932677,1.5767107605934143,2.005061531066894,2.786288928985596,0.0,0.10020646601915349,0.9126676321029663,1.1511900424957275,1.1511900424957275,77.95002365112305,97.66412811279297,107.70660781860352,117.41999664306638,134.60028533935548
2029-03,2029-03-01,global_mlp,2026-03,190.54183,1.5209746360778809,105.98077774047852,False,0.8666207194328308,866620.7194328308,reported_conditioned_mlp,JOHAN SVERDRUP,,False,0.7573243916034699,1.1053945422172546,1.5209746360778809,1.941437232494354,2.81136202812195,0.0,0.08534860461950301,0.8666207194328308,1.1511900424957275,1.1511900424957275,75.67316284179688,96.14333267211914,105.98077774047852,115.99506530761718,133.69164123535157
2029-04,2029-04-01,global_mlp,2026-03,190.54183,1.1773201823234558,104.46043014526367,False,0.903024822473526,903024.822473526,reported_conditioned_mlp,JOHAN SVERDRUP,,False,0.6838039338588715,0.9450501203536987,1.1773201823234558,1.428617477416992,1.8940062522888184,0.04990992471575739,0.5787759125232697,0.903024822473526,1.1511900424957275,1.1511900424957275,74.21268005371094,94.89859008789062,104.46043014526367,114.8038734436035,132.61993560791015
2029-05,2029-05-01,global_mlp,2026-03,190.54183,1.0783764123916626,102.87118911743164,False,0.841786116361618,841786.116361618,reported_conditioned_mlp,JOHAN SVERDRUP,,False,0.6507614672183991,0.8802990257740021,1.0783764123916626,1.3424690365791319,1.7268814206123353,0.016143107414245607,0.43564715981483454,0.841786116361618,1.1511900424957275,1.1511900424957275,72.76600646972658,93.60100708007812,102.87118911743164,113.8559356689453,131.61527404785156
2029-06,2029-06-01,global_mlp,2026-03,190.54183,1.0658429265022278,101.74293518066406,False,0.7726313471794128,772631.3471794128,reported_conditioned_mlp,JOHAN SVERDRUP,,False,0.5829934298992158,0.8532311201095581,1.0658429265022278,1.253588855266571,1.590624022483826,0.0,0.3398497730493545,0.7726313471794128,1.1254017710685724,1.1511900424957275,71.46056518554688,92.44089202880859,101.74293518066406,112.8479995727539,131.00916900634766
2029-07,2029-07-01,global_mlp,2026-03,190.54183,1.09714013338089,100.70564651489258,False,0.6820900440216064,682090.0440216064,reported_conditioned_mlp,JOHAN SVERDRUP,,False,0.6249682903289795,0.8870522618293762,1.09714013338089,1.294912338256836,1.676752030849457,0.0,0.28933606743812557,0.6820900440216064,1.015146350860595,1.1511900424957275,70.19868316650391,91.08362274169922,100.70564651489258,112.01876907348633,130.46578826904297
2029-08,2029-08-01,global_mlp,2026-03,190.54183,1.0549383759498596,99.65213775634766,False,0.5925829410552979,592582.9410552979,reported_conditioned_mlp,JOHAN SVERDRUP,,False,0.5997951805591584,0.8328639566898346,1.0549383759498596,1.2443455338478087,1.7195510149002076,0.0,0.2736976444721222,0.5925829410552979,0.8909391820430752,1.1511900424957275,68.94820404052734,90.0504783630371,99.65213775634766,111.18611068725586,129.52263488769532
2029-09,2029-09-01,global_mlp,2026-03,190.54183,1.0370242595672607,98.51241302490234,False,0.6578583419322968,657858.3419322968,reported_conditioned_mlp,JOHAN SVERDRUP,,False,0.6100041687488557,0.842087185382843,1.0370242595672607,1.2718331813812256,1.6639377593994142,0.0,0.268440705537796,0.6578583419322968,1.0392916083335872,1.1511900424957275,67.6223159790039,88.86380081176758,98.51241302490234,110.28859329223631,128.04946594238282
2029-10,2029-10-01,global_mlp,2026-03,190.54183,1.0744837522506714,97.50159072875977,False,0.6645958423614502,664595.8423614502,reported_conditioned_mlp,JOHAN SVERDRUP,,False,0.6053473830223084,0.8532783389091492,1.0744837522506714,1.310103893280029,1.784083712100983,0.0,0.21570598781108838,0.6645958423614502,0.988255405426025,1.1511900424957275,66.45208740234375,87.58407669067383,97.50159072875977,109.18770141601561,127.19388198852539
2029-11,2029-11-01,global_mlp,2026-03,190.54183,1.051341474056244,96.44621276855469,False,0.46105068922042847,461050.68922042847,reported_conditioned_mlp,JOHAN SVERDRUP,,False,0.5636240541934968,0.8431902170181275,1.051341474056244,1.2983532071113582,1.887251400947571,0.0,0.11664844751358032,0.46105068922042847,0.8260224163532254,1.1511900424957275,64.75604248046875,86.2788475036621,96.44621276855469,108.20420913696289,126.63509902954102
2029-12,2029-12-01,global_mlp,2026-03,190.54183,1.0705561637878418,95.88520812988281,False,0.44923530519008636,449235.30519008636,reported_conditioned_mlp,JOHAN SVERDRUP,,False,0.5768345534801483,0.8450726866722107,1.0705561637878418,1.3427741169929504,1.904213643074036,0.0,0.12319213896989818,0.44923530519008636,0.8541886091232296,1.1511900424957275,62.045704269409185,85.08642272949218,95.88520812988281,107.29024047851561,126.07745132446288
2030-01,2030-01-01,global_mlp,2026-03,190.54183,1.1127249598503113,94.98814010620117,False,0.5421651899814606,542165.1899814606,reported_conditioned_mlp,JOHAN SVERDRUP,,False,0.5970430433750152,0.8618053555488586,1.1127249598503113,1.4318116188049317,2.0354537963867188,0.0,0.15792182385921477,0.5421651899814606,0.8562982857227324,1.1511900424957275,59.64325180053711,83.11015319824219,94.98814010620117,106.04321899414062,125.4593376159668
2030-02,2030-02-01,global_mlp,2026-03,190.54183,1.071162760257721,94.19954299926758,False,0.5230492353439331,523049.2353439331,reported_conditioned_mlp,JOHAN SVERDRUP,,False,0.5372004568576813,0.8704654335975646,1.071162760257721,1.3267594218254084,1.889608490467072,0.0,0.11402287408709523,0.5230492353439331,0.9145719289779662,1.1511900424957275,58.209510803222656,81.62721405029296,94.19954299926758,105.3254928588867,125.07530975341797
2030-03,2030-03-01,global_mlp,2026-03,190.54183,1.0542933940887451,93.25485229492188,False,0.5226259529590607,522625.95295906067,reported_conditioned_mlp,JOHAN SVERDRUP,,False,0.5448969602584839,0.8458885252475739,1.0542933940887451,1.3555362105369568,1.8924100875854493,0.0,0.09249826818704598,0.5226259529590607,1.0370439291000364,1.1511900424957275,56.58997840881348,80.76070785522461,93.25485229492188,104.49509506225584,124.27919540405274
2030-04,2030-04-01,global_mlp,2026-03,190.54183,0.9625062644481659,92.2301254272461,False,0.704963207244873,704963.207244873,reported_conditioned_mlp,JOHAN SVERDRUP,,False,0.5653271913528443,0.7811634719371795,0.9625062644481659,1.1492473006248474,1.4414936184883118,0.0694875754415989,0.42678782939910886,0.704963207244873,1.0405279159545897,1.1511900424957275,55.48638076782227,79.80427474975585,92.2301254272461,103.91022720336913,123.58220443725587
2030-05,2030-05-01,global_mlp,2026-03,190.54183,0.8999083638191223,91.38290405273438,False,0.6712767481803894,671276.7481803894,reported_conditioned_mlp,JOHAN SVERDRUP,,False,0.5223829805850982,0.7208353459835052,0.8999083638191223,1.0944679021835326,1.3860120773315432,0.033606735244393365,0.3404086798429489,0.6712767481803894,0.9904559373855589,1.1511900424957275,54.29756660461426,78.67353363037108,91.38290405273438,103.2533493041992,122.9695655822754
2030-06,2030-06-01,global_mlp,2026-03,190.54183,0.873704582452774,90.71417617797852,False,0.5505204498767853,550520.4498767853,reported_conditioned_mlp,JOHAN SVERDRUP,,False,0.5258970379829406,0.714439707994461,0.873704582452774,1.0322868466377257,1.32346203327179,0.012642609048634776,0.2433059304952621,0.5505204498767853,0.8928294956684113,1.1511900424957275,53.30332870483399,77.9635856628418,90.71417617797852,102.64730834960938,122.21211853027344
2030-07,2030-07-01,global_mlp,2026-03,190.54183,0.883992075920105,89.87554931640625,False,0.5129090845584869,512909.08455848694,reported_conditioned_mlp,JOHAN SVERDRUP,,False,0.5243290185928345,0.715028828382492,0.883992075920105,1.043893778324127,1.3334713459014895,0.0015624304418452183,0.21353848278522491,0.5129090845584869,0.8156135380268095,1.1511900424957275,51.97949066162109,76.8803352355957,89.87554931640625,102.06624679565428,121.46722259521486
2030-08,2030-08-01,global_mlp,2026-03,190.54183,0.8259572386741638,88.98117065429688,False,0.44015730917453766,440157.30917453766,reported_conditioned_mlp,JOHAN SVERDRUP,,False,0.4894678294658661,0.6932163417339324,0.8259572386741638,1.039424669742584,1.26794912815094,0.0,0.15123831480741487,0.44015730917453766,0.7450356006622313,1.1511900424957275,50.87561378479004,75.98699493408203,88.98117065429688,101.4332504272461,120.80272369384768
2030-09,2030-09-01,global_mlp,2026-03,190.54183,0.8630462288856506,87.99591827392578,False,0.3709813356399536,370981.3356399536,reported_conditioned_mlp,JOHAN SVERDRUP,,False,0.4556932091712952,0.6880911946296692,0.8630462288856506,1.0091537714004517,1.2980773448944092,0.0,0.12336303666234012,0.3709813356399536,0.7515220940113062,1.1511900424957275,49.8119743347168,74.95830307006835,87.99591827392578,100.71244430541992,120.27051086425783
2030-10,2030-10-01,global_mlp,2026-03,190.54183,0.8616428971290588,86.83373260498047,False,0.38927778601646423,389277.78601646423,reported_conditioned_mlp,JOHAN SVERDRUP,,False,0.47628012299537664,0.7286231875419616,0.8616428971290588,1.0485571026802059,1.4015658259391786,0.0,0.14341306090354916,0.38927778601646423,0.7367813825607299,1.1511900424957275,48.703485870361334,73.8540283203125,86.83373260498047,99.82855224609375,119.59612426757813
2030-11,2030-11-01,global_mlp,2026-03,190.54183,0.8702684640884399,85.8156623840332,False,0.22677558660507202,226775.58660507202,reported_conditioned_mlp,JOHAN SVERDRUP,,False,0.48003438711166385,0.7049279570579529,0.8702684640884399,1.0628787636756896,1.3732911944389345,0.0,0.07559112384915347,0.22677558660507202,0.5473159670829768,1.1511900424957275,47.32501411437988,72.92371215820312,85.8156623840332,99.04432525634765,118.89432678222657
2030-12,2030-12-01,global_mlp,2026-03,190.54183,0.8583231866359711,85.10692596435547,False,0.17541851103305817,175418.51103305817,reported_conditioned_mlp,JOHAN SVERDRUP,,False,0.4579679161310196,0.7229624330997466,0.8583231866359711,1.0763925552368163,1.3595372676849367,0.0,0.04418080337345599,0.17541851103305817,0.5001567423343657,1.1511900424957275,45.9223129272461,72.06910781860351,85.10692596435547,98.29852447509765,118.2421043395996
2031-01,2031-01-01,global_mlp,2026-03,190.54183,0.8593275845050812,84.38147735595703,False,0.28978686034679413,289786.8603467941,reported_conditioned_mlp,JOHAN SVERDRUP,,False,0.4462153673171998,0.6724980652332306,0.8593275845050812,1.0874247193336484,1.4387074947357177,0.0,0.09744859337806697,0.28978686034679413,0.6196720004081724,1.1511900424957275,44.603694915771484,70.58426589965819,84.38147735595703,97.2242393493652,117.63892440795898
2031-02,2031-02-01,global_mlp,2026-03,190.54183,0.8962908387184143,83.21412658691406,False,0.2570960819721222,257096.0819721222,reported_conditioned_mlp,JOHAN SVERDRUP,,False,0.4787232398986817,0.7025011658668517,0.8962908387184143,1.0804330945014953,1.5067226409912111,0.0,0.06795103326439855,0.2570960819721222,0.6192069649696349,1.1511900424957275,43.095406723022464,69.42552032470702,83.21412658691406,96.26579284667969,116.66368713378907
2031-03,2031-03-01,global_mlp,2026-03,190.54183,0.9037461578845978,82.10615158081055,False,0.23930542171001434,239305.42171001434,reported_conditioned_mlp,JOHAN SVERDRUP,,False,0.38982250094413756,0.6908727765083312,0.9037461578845978,1.0929956555366516,1.3996202945709229,0.0,0.039096720144152615,0.23930542171001434,0.628387987613678,1.1511900424957275,41.731360244750974,68.83394851684571,82.10615158081055,95.53710479736327,115.92816162109376
2031-04,2031-04-01,global_mlp,2026-03,190.54183,0.8434042930603027,81.34130096435547,False,0.8451533913612366,845153.3913612366,reported_conditioned_mlp,JOHAN SVERDRUP,,False,0.49764765501022346,0.7033268511295319,0.8434042930603027,1.0002160608768462,1.2006466269493103,0.08606344535946851,0.5031852543354034,0.8451533913612366,1.1511900424957275,1.1511900424957275,40.899915313720705,67.89600524902343,81.34130096435547,94.66535568237303,115.13943328857422
2031-05,2031-05-01,global_mlp,2026-03,190.54183,0.8132235109806061,80.80918502807617,False,0.7542948424816132,754294.8424816132,reported_conditioned_mlp,JOHAN SVERDRUP,,False,0.46074456870555885,0.6738865315914154,0.8132235109806061,0.9273296535015105,1.145346713066101,0.028828231245279324,0.4350156724452972,0.7542948424816132,1.1511900424957275,1.1511900424957275,40.233136367797854,66.85958786010742,80.80918502807617,93.92376708984374,114.4109115600586
2031-06,2031-06-01,global_mlp,2026-03,190.54183,0.7888518571853638,80.0815315246582,False,0.7041779160499573,704177.9160499573,reported_conditioned_mlp,JOHAN SVERDRUP,,False,0.44978292584419255,0.6423732876777649,0.7888518571853638,0.9381072103977203,1.1283979535102846,0.015121192485094071,0.3537567555904388,0.7041779160499573,1.1511900424957275,1.1511900424957275,39.29669189453125,65.98094482421875,80.0815315246582,93.23438262939452,113.72945022583008
2031-07,2031-07-01,global_mlp,2026-03,190.54183,0.8105191588401794,79.25016403198242,False,0.6487870514392853,648787.0514392853,reported_conditioned_mlp,JOHAN SVERDRUP,,False,0.42088223099708555,0.6552574276924132,0.8105191588401794,0.9555447816848752,1.2163663148880006,0.0055801705457270406,0.2937027364969253,0.6487870514392853,1.1511900424957275,1.1511900424957275,38.1042724609375,65.08593215942383,79.25016403198242,92.79762573242188,113.0150146484375
2031-08,2031-08-01,global_mlp,2026-03,190.54183,0.743275910615921,78.66462326049805,False,0.580651581287384,580651.581287384,reported_conditioned_mlp,JOHAN SVERDRUP,,False,0.40839328765869143,0.6105259537696838,0.743275910615921,0.9091517508029936,1.0831103801727295,0.0,0.24478950947523115,0.580651581287384,1.1511900424957275,1.1511900424957275,37.54077415466308,64.32387008666993,78.66462326049805,92.39507293701172,112.33207702636719
2031-09,2031-09-01,global_mlp,2026-03,190.54183,0.7891347110271454,77.70079040527344,False,0.6283034980297089,628303.4980297089,reported_conditioned_mlp,JOHAN SVERDRUP,,False,0.4433101534843445,0.6417115271091461,0.7891347110271454,0.907054603099823,1.1562990188598636,0.0,0.23287800550460813,0.6283034980297089,1.1511900424957275,1.1511900424957275,36.5571044921875,63.187569046020506,77.70079040527344,91.64746551513672,111.37167205810547
2031-10,2031-10-01,global_mlp,2026-03,190.54183,0.7979682981967926,76.70367813110352,False,0.6457876861095428,645787.6861095428,reported_conditioned_mlp,JOHAN SVERDRUP,,False,0.39049885869026185,0.6351885378360749,0.7979682981967926,0.9325963139533996,1.2192912340164186,0.0,0.25064431428909295,0.6457876861095428,1.1511900424957275,1.1511900424957275,35.483804321289064,62.478886413574216,76.70367813110352,90.55645904541015,110.59566574096681
2031-11,2031-11-01,global_mlp,2026-03,190.54183,0.749893993139267,75.99854278564453,False,0.4537898898124695,453789.8898124695,reported_conditioned_mlp,JOHAN SVERDRUP,,False,0.41049320101737974,0.6157379925251008,0.749893993139267,0.9218877494335174,1.1766578912734986,0.0,0.17780482470989226,0.4537898898124695,1.1511900424957275,1.1511900424957275,34.902099609375,61.27501029968261,75.99854278564453,89.4800651550293,109.98063125610352
2031-12,2031-12-01,global_mlp,2026-03,190.54183,0.7499396502971649,75.01994705200195,False,0.454740971326828,454740.971326828,reported_conditioned_mlp,JOHAN SVERDRUP,,False,0.3861166805028916,0.6018989682197571,0.7499396502971649,0.9259439587593078,1.1752817273139955,0.0,0.12510546669363973,0.454740971326828,1.1511900424957275,1.1511900424957275,34.51727142333985,60.10417747497558,75.01994705200195,88.60860519409178,109.48557357788086
2032-01,2032-01-01,global_mlp,2026-03,190.54183,0.7604798972606659,74.31369018554688,False,0.6212984025478363,621298.4025478363,reported_conditioned_mlp,JOHAN SVERDRUP,,False,0.3523082196712494,0.5978612959384918,0.7604798972606659,0.9086304247379302,1.2235754251480102,0.0,0.2328918904066085,0.6212984025478363,1.1511900424957275,1.1511900424957275,33.57884140014649,59.046765899658205,74.31369018554688,87.76634674072264,108.84709930419922
2032-02,2032-02-01,global_mlp,2026-03,190.54183,0.7516190409660339,73.59087753295898,False,0.5739271640777588,573927.1640777588,reported_conditioned_mlp,JOHAN SVERDRUP,,False,0.3572010457515717,0.6125949501991272,0.7516190409660339,0.9308550596237181,1.2556631088256835,0.0,0.17944156080484389,0.5739271640777588,1.1511900424957275,1.1511900424957275,32.9787899017334,58.27548103332519,73.59087753295898,86.95368041992187,108.2080451965332
2032-03,2032-03-01,global_mlp,2026-03,190.54183,0.7529737949371338,72.73246383666992,False,0.5277964770793915,527796.4770793915,reported_conditioned_mlp,JOHAN SVERDRUP,,False,0.31613798141479493,0.5967585384845732,0.7529737949371338,0.9146486401557922,1.2378334641456605,0.0,0.13936120420694342,0.5277964770793915,1.1511900424957275,1.1511900424957275,31.846141052246097,57.761698913574214,72.73246383666992,86.04955444335936,107.22427368164064
2032-04,2032-04-01,global_mlp,2026-03,190.54183,0.7487292289733887,71.91925811767578,False,0.8120977878570557,812097.7878570557,reported_conditioned_mlp,JOHAN SVERDRUP,,False,0.39882309436798097,0.6207908987998961,0.7487292289733887,0.9247704386711119,1.1493268251419069,0.09833892136812217,0.5176595449447631,0.8120977878570557,1.1511900424957275,1.1511900424957275,30.623765754699708,56.84160499572753,71.91925811767578,85.4490493774414,106.78834915161133
2032-05,2032-05-01,global_mlp,2026-03,190.54183,0.7184017300605774,71.2475471496582,False,0.7223404049873352,722340.4049873352,reported_conditioned_mlp,JOHAN SVERDRUP,,False,0.36716152131557467,0.5690196216106415,0.7184017300605774,0.8687898874282836,1.095835840702057,0.022416935674846185,0.37275716960430144,0.7223404049873352,1.1400907635688782,1.1511900424957275,29.700471687316895,55.958065032958984,71.2475471496582,84.87986297607421,105.98772430419922
2032-06,2032-06-01,global_mlp,2026-03,190.54183,0.7109635174274445,70.7945442199707,False,0.6824198663234711,682419.8663234711,reported_conditioned_mlp,JOHAN SVERDRUP,,False,0.35234663188457493,0.5793045163154602,0.7109635174274445,0.838217121362686,1.062148416042328,0.0,0.3486727863550186,0.6824198663234711,0.9807483196258544,1.1511900424957275,28.787588119506836,55.140864944458,70.7945442199707,84.30258560180664,105.14028396606446
2032-07,2032-07-01,global_mlp,2026-03,190.54183,0.7269332408905029,69.98873138427734,False,0.5857489109039307,585748.9109039307,reported_conditioned_mlp,JOHAN SVERDRUP,,False,0.3568296104669571,0.5716904461383819,0.7269332408905029,0.8668139278888701,1.0529804825782776,0.0,0.2658163547515869,0.5857489109039307,0.9045206367969512,1.1511900424957275,27.97830047607422,54.183692932128906,69.98873138427734,83.54240646362305,104.39051666259766
2032-08,2032-08-01,global_mlp,2026-03,190.54183,0.6793005168437958,69.06774139404297,False,0.5304920673370361,530492.0673370361,reported_conditioned_mlp,JOHAN SVERDRUP,,False,0.3142815142869949,0.5339787125587463,0.6793005168437958,0.7908516645431518,0.975423258543015,0.0,0.2222405165433883,0.5304920673370361,0.9189952850341794,1.1511900424957275,27.316007614135742,53.183550643920896,69.06774139404297,82.82760009765624,103.67828979492188
2032-09,2032-09-01,global_mlp,2026-03,190.54183,0.7131353914737701,68.18363189697266,False,0.6161048114299774,616104.8114299774,reported_conditioned_mlp,JOHAN SVERDRUP,,False,0.3415817141532898,0.5663927257061004,0.7131353914737701,0.8383877098560333,1.0321205854415896,0.0,0.22635680735111227,0.6161048114299774,0.9370925366878501,1.1511900424957275,26.40775966644287,52.44307327270508,68.18363189697266,82.02793350219726,102.83885726928712
2032-10,2032-10-01,global_mlp,2026-03,190.54183,0.7214077115058899,67.52545166015625,False,0.6371535360813141,637153.5360813141,reported_conditioned_mlp,JOHAN SVERDRUP,,False,0.33981689512729646,0.5710809230804443,0.7214077115058899,0.8713607370853425,1.1242861032485962,0.0,0.2677428752183914,0.6371535360813141,0.9901935279369354,1.1511900424957275,25.51493091583252,51.86467590332031,67.52545166015625,81.19167709350583,101.96947174072265
2032-11,2032-11-01,global_mlp,2026-03,190.54183,0.6966723799705505,66.98923110961914,False,0.4258818179368973,425881.8179368973,reported_conditioned_mlp,JOHAN SVERDRUP,,False,0.3466085821390152,0.5524852693080902,0.6966723799705505,0.8446724355220795,1.1350386738777163,0.0,0.16464726775884622,0.4258818179368973,0.924546182155609,1.1511900424957275,24.852375411987307,50.88263435363769,66.98923110961914,80.37036590576169,101.15624313354492
2032-12,2032-12-01,global_mlp,2026-03,190.54183,0.6893489956855774,66.37233352661133,False,0.36891865730285645,368918.65730285645,reported_conditioned_mlp,JOHAN SVERDRUP,,False,0.29589699208736425,0.5480222225189209,0.6893489956855774,0.8664536893367767,1.1246286034584045,0.0,0.10783218592405318,0.36891865730285645,0.7614218711853014,1.1511900424957275,23.88348846435547,49.996289825439455,66.37233352661133,79.46143569946288,100.49151306152343
2033-01,2033-01-01,global_mlp,2026-03,190.54183,0.7141377925872803,65.7158317565918,False,0.5424788296222687,542478.8296222687,reported_conditioned_mlp,JOHAN SVERDRUP,,False,0.276535177230835,0.5186693787574768,0.7141377925872803,0.8664515554904937,1.1624220132827763,0.0,0.23939425349235535,0.5424788296222687,0.9616034686565391,1.1511900424957275,23.156151580810548,49.242646026611325,65.7158317565918,78.47816390991211,99.6789176940918
2033-02,2033-02-01,global_mlp,2026-03,190.54183,0.7085493505001068,64.84210586547852,False,0.4907163679599762,490716.3679599762,reported_conditioned_mlp,JOHAN SVERDRUP,,False,0.28570622801780704,0.562177550792694,0.7085493505001068,0.8473917961120605,1.1725512623786927,0.0,0.17498037666082375,0.4907163679599762,0.9741240739822375,1.1511900424957275,22.29552516937256,48.577863693237305,64.84210586547852,77.88112640380857,98.93151473999023
2033-03,2033-03-01,global_mlp,2026-03,190.54183,0.6912655830383301,64.02258682250977,False,0.4804154187440872,480415.4187440872,reported_conditioned_mlp,JOHAN SVERDRUP,,False,0.2382173284888268,0.5463957011699676,0.6912655830383301,0.8799105823040008,1.1642893671989443,0.0,0.16429163813591,0.4804154187440872,1.0803661942481977,1.1511900424957275,20.915120315551757,47.90538330078125,64.02258682250977,77.00852584838866,98.02190780639648
2033-04,2033-04-01,global_mlp,2026-03,190.54183,0.7256238460540771,63.18170166015625,False,0.7484716475009918,748471.6475009918,reported_conditioned_mlp,JOHAN SVERDRUP,,False,0.3386214435100557,0.6048507630825043,0.7256238460540771,0.8713664591312408,1.0878218173980714,0.07875704616308214,0.5054104149341583,0.7484716475009918,1.124052190780639,1.1511900424957275,20.215148925781254,47.225791931152344,63.18170166015625,76.44408874511718,97.1183235168457
2033-05,2033-05-01,global_mlp,2026-03,190.54183,0.6882337927818298,62.22154998779297,False,0.6827265024185181,682726.5024185181,reported_conditioned_mlp,JOHAN SVERDRUP,,False,0.2961444348096848,0.5420365750789642,0.6882337927818298,0.8551115036010742,1.0587163329124452,0.014859001431614187,0.3658535808324814,0.6827265024185181,1.0567243576049803,1.1511900424957275,19.55302429199219,46.67606201171875,62.22154998779297,75.97841186523438,96.71733779907227
2033-06,2033-06-01,global_mlp,2026-03,190.54183,0.6808449029922485,61.22881507873535,False,0.6150612533092499,615061.2533092499,reported_conditioned_mlp,JOHAN SVERDRUP,,False,0.2861819684505463,0.5162380576133728,0.6808449029922485,0.8072457313537598,1.046581888198853,0.0,0.28176541626453394,0.6150612533092499,0.9632129013538359,1.1511900424957275,18.805448532104492,45.98560104370117,61.22881507873535,75.16814727783202,96.33760223388673
2033-07,2033-07-01,global_mlp,2026-03,190.54183,0.6992126405239105,60.22481155395508,False,0.5849157273769379,584915.7273769379,reported_conditioned_mlp,JOHAN SVERDRUP,,False,0.27785725593566896,0.5543005168437957,0.6992126405239105,0.8283784508705136,1.0382397532463075,0.0,0.29076923727989185,0.5849157273769379,0.8871077477931973,1.1511900424957275,17.99917163848877,45.243635177612305,60.22481155395508,74.58207015991209,95.8225112915039
2033-08,2033-08-01,global_mlp,2026-03,190.54183,0.6483924984931946,59.730581283569336,False,0.5022710859775543,502271.0859775543,reported_conditioned_mlp,JOHAN SVERDRUP,,False,0.26392309367656713,0.5059815168380737,0.6483924984931946,0.7780713081359864,0.9673922777175906,0.0,0.2530905187129974,0.5022710859775543,0.7930082619190214,1.1511900424957275,16.88023262023926,44.6152847290039,59.730581283569336,73.83477401733396,94.9879867553711
2033-09,2033-09-01,global_mlp,2026-03,190.54183,0.6641280651092529,58.79414939880371,False,0.4863154739141464,486315.4739141464,reported_conditioned_mlp,JOHAN SVERDRUP,,False,0.2237575188279152,0.5359623074531555,0.6641280651092529,0.8231968224048614,1.0043327808380127,0.0,0.23501541614532448,0.4863154739141464,0.80550816655159,1.1511900424957275,15.97353754043579,43.964447784423825,58.79414939880371,73.23171539306641,94.27032699584962
2033-10,2033-10-01,global_mlp,2026-03,190.54183,0.6715376675128937,57.73281669616699,False,0.5318557322025299,531855.7322025299,reported_conditioned_mlp,JOHAN SVERDRUP,,False,0.24602741897106173,0.5136551022529602,0.6715376675128937,0.8126100957393644,1.0665074110031127,0.0,0.2702652662992477,0.5318557322025299,0.8278192281723021,1.1511900424957275,15.319824886322023,43.145013046264644,57.73281669616699,72.26795654296873,93.56036758422852
2033-11,2033-11-01,global_mlp,2026-03,190.54183,0.6687712669372559,57.06919479370117,False,0.3398320823907852,339832.0823907852,reported_conditioned_mlp,JOHAN SVERDRUP,,False,0.27354343533515935,0.5067459344863892,0.6687712669372559,0.8099469661712646,1.047918200492859,0.0,0.1497686207294464,0.3398320823907852,0.6537119567394254,1.1511900424957275,14.94691095352173,42.40631866455078,57.06919479370117,71.74915161132812,93.12506561279297
2033-12,2033-12-01,global_mlp,2026-03,190.54183,0.6594205498695374,56.47720718383789,False,0.3226127326488495,322612.7326488495,reported_conditioned_mlp,JOHAN SVERDRUP,,False,0.2091643363237381,0.49150871932506557,0.6594205498695374,0.8137414515018463,1.056667220592499,0.0,0.11807376444339747,0.3226127326488495,0.6173351526260374,1.1511900424957275,14.555616569519044,41.8014030456543,56.47720718383789,71.05453872680664,92.46298141479492
2034-01,2034-01-01,global_mlp,2026-03,190.54183,0.640934944152832,55.976789474487305,False,0.4768546223640442,476854.6223640442,reported_conditioned_mlp,JOHAN SVERDRUP,,False,0.14245640486478817,0.47588157653808594,0.640934944152832,0.7952731251716614,1.0609153509140015,0.0,0.2024963408708572,0.4768546223640442,0.7904783666133874,1.1511900424957275,14.260147666931154,41.14160919189453,55.976789474487305,70.2956184387207,91.79154357910156
2034-02,2034-02-01,global_mlp,2026-03,190.54183,0.6436865031719208,55.52340316772461,False,0.4132177531719208,413217.7531719208,reported_conditioned_mlp,JOHAN SVERDRUP,,False,0.1462580889463426,0.477251398563385,0.6436865031719208,0.7950113952159881,1.0905385732650759,0.0,0.17326704114675515,0.4132177531719208,0.7744123458862304,1.1511900424957275,13.812175941467286,40.58723258972168,55.52340316772461,69.6025520324707,91.0770851135254
2034-03,2034-03-01,global_mlp,2026-03,190.54183,0.6592914462089539,54.93388557434082,False,0.4168909192085266,416890.9192085266,reported_conditioned_mlp,JOHAN SVERDRUP,,False,0.1347577720880509,0.46574184894561765,0.6592914462089539,0.8078171610832214,1.0890061855316162,0.0,0.12863113284111022,0.4168909192085266,0.7438257813453673,1.1511900424957275,13.228087520599368,39.54738807678223,54.93388557434082,68.40029449462888,90.27135391235352
2034-04,2034-04-01,global_mlp,2026-03,190.54183,0.6800783276557922,54.33869934082031,False,0.7909129559993744,790912.9559993744,reported_conditioned_mlp,JOHAN SVERDRUP,,False,0.260755941271782,0.5348405003547668,0.6800783276557922,0.8122663736343383,1.0112698674201965,0.12630827352404597,0.5316341757774353,0.7909129559993744,1.1511900424957275,1.1511900424957275,11.91346492767334,38.805145263671875,54.33869934082031,67.7332176208496,89.53257369995119
2034-05,2034-05-01,global_mlp,2026-03,190.54183,0.6337903439998627,53.4838752746582,False,0.7280347943305969,728034.7943305969,reported_conditioned_mlp,JOHAN SVERDRUP,,False,0.25432910919189455,0.48487273454666135,0.6337903439998627,0.7541420638561248,0.9501787781715393,0.03504580035805707,0.407775142788887,0.7280347943305969,1.1251529693603513,1.1511900424957275,10.993280696868897,38.129082870483394,53.4838752746582,67.09727478027342,88.88632049560547
2034-06,2034-06-01,global_mlp,2026-03,190.54183,0.6201724112033844,52.94504165649414,False,0.6399068534374237,639906.8534374237,reported_conditioned_mlp,JOHAN SVERDRUP,,False,0.2521518081426621,0.4908404767513275,0.6201724112033844,0.7646893680095672,0.9907876670360568,0.004436464514583356,0.3396430373191833,0.6399068534374237,1.0670891523361197,1.1511900424957275,10.105201435089114,37.389323425292964,52.94504165649414,66.36092987060545,88.24911727905274
2034-07,2034-07-01,global_mlp,2026-03,190.54183,0.6437157094478607,52.377620697021484,False,0.5537496507167816,553749.6507167816,reported_conditioned_mlp,JOHAN SVERDRUP,,False,0.23127235621213912,0.4831144243478775,0.6437157094478607,0.8013061344623565,0.984051537513733,0.0,0.3033133774995803,0.5537496507167816,0.9498435616493224,1.1511900424957275,9.202392482757572,36.994317626953126,52.377620697021484,65.84791107177735,87.80528411865235
2034-08,2034-08-01,global_mlp,2026-03,190.54183,0.5954505205154419,51.9229621887207,False,0.5244185924530029,524418.5924530029,reported_conditioned_mlp,JOHAN SVERDRUP,,False,0.21915109604597097,0.42893213629722593,0.5954505205154419,0.7232319235801695,0.9328206300735474,0.0,0.24551095515489557,0.5244185924530029,0.974910533428192,1.1511900424957275,8.319933938980107,36.46978950500488,51.9229621887207,65.171280670166,87.45768508911134
2034-09,2034-09-01,global_mlp,2026-03,190.54183,0.6078032553195953,51.394514083862305,False,0.552219420671463,552219.420671463,reported_conditioned_mlp,JOHAN SVERDRUP,,False,0.21632045805454256,0.4744609355926513,0.6078032553195953,0.7690823376178739,1.0167913794517518,0.0,0.2803124636411667,0.552219420671463,1.0942166090011594,1.1511900424957275,7.453631782531742,35.938175964355466,51.394514083862305,64.4107925415039,87.04143371582032
2034-10,2034-10-01,global_mlp,2026-03,190.54183,0.5978385210037231,50.83243942260742,False,0.5992878377437592,599287.8377437592,reported_conditioned_mlp,JOHAN SVERDRUP,,False,0.1489749327301979,0.4303078860044479,0.5978385210037231,0.7581290364265442,0.9889893472194673,0.0,0.3252966910600662,0.5992878377437592,1.019834041595457,1.1511900424957275,6.710363340377813,35.26986083984375,50.83243942260742,63.818220901489255,86.6322509765625
2034-11,2034-11-01,global_mlp,2026-03,190.54183,0.5762818455696106,50.017459869384766,False,0.40529173612594604,405291.73612594604,reported_conditioned_mlp,JOHAN SVERDRUP,,False,0.1324252367019655,0.4258883595466613,0.5762818455696106,0.7336343109607694,0.9778988301754001,0.0,0.1552345767617225,0.40529173612594604,0.9248922288417815,1.1511900424957275,6.646316289901741,34.7077075958252,50.017459869384766,63.32132492065429,86.18242645263673
2034-12,2034-12-01,global_mlp,2026-03,190.54183,0.5828769207000732,49.41317367553711,False,0.329923540353775,329923.540353775,reported_conditioned_mlp,JOHAN SVERDRUP,,False,0.1148237302899361,0.436185297369957,0.5828769207000732,0.7421698808670044,1.035384511947632,0.0,0.12692182064056387,0.329923540353775,0.9323223948478695,1.1511900424957275,6.222737741470346,34.13660354614258,49.41317367553711,62.895887756347655,85.43960113525392
2035-01,2035-01-01,global_mlp,2026-03,190.54183,0.5701362788677216,48.73376274108887,False,0.5260458290576935,526045.8290576935,reported_conditioned_mlp,JOHAN SVERDRUP,,False,0.10243543609976773,0.424124801158905,0.5701362788677216,0.7288408994674682,1.0219173312187195,0.0,0.22033835649490352,0.5260458290576935,1.1511900424957275,1.1511900424957275,5.434959173202521,33.58667411804199,48.73376274108887,62.28885536193847,84.2847938537598
2035-02,2035-02-01,global_mlp,2026-03,190.54183,0.5734483599662781,48.11583709716797,False,0.4722064882516861,472206.4882516861,reported_conditioned_mlp,JOHAN SVERDRUP,,False,0.10860329493880275,0.42815602421760557,0.5734483599662781,0.7357533991336822,1.0303452372550967,0.0,0.18639373332262038,0.4722064882516861,1.1511900424957275,1.1511900424957275,4.5802684307098405,32.92131309509277,48.11583709716797,61.4792125701904,83.69627075195314
2035-03,2035-03-01,global_mlp,2026-03,190.54183,0.5601010620594025,47.42962074279785,False,0.4584733247756958,458473.3247756958,reported_conditioned_mlp,JOHAN SVERDRUP,,False,0.008751569408923443,0.39886400699615465,0.5601010620594025,0.7313644468784332,1.0035375952720642,0.0,0.12950390279293056,0.4584733247756958,1.141048371791839,1.1511900424957275,3.657546305656434,32.057699203491204,47.42962074279785,60.676986312866184,83.1919647216797
2035-04,2035-04-01,global_mlp,2026-03,190.54183,0.6189753413200378,46.70716857910156,False,0.8259649276733398,825964.9276733398,reported_conditioned_mlp,JOHAN SVERDRUP,,False,0.18900308758020404,0.45045801997184753,0.6189753413200378,0.7719792246818542,0.9975537061691285,0.03886552955955276,0.4938750445842743,0.8259649276733398,1.1511900424957275,1.1511900424957275,3.182228446006777,31.210106658935548,46.70716857910156,60.24618682861328,82.39247283935548
2035-05,2035-05-01,global_mlp,2026-03,190.54183,0.576812744140625,46.40835380554199,False,0.6763469576835632,676346.9576835632,reported_conditioned_mlp,JOHAN SVERDRUP,,False,0.1058674417436123,0.43650707006454464,0.576812744140625,0.7333970665931702,0.9490813195705414,0.0,0.34445065855979906,0.6763469576835632,1.062438333034515,1.1511900424957275,2.6836449146270787,30.653974914550776,46.40835380554199,59.61032257080077,81.39217758178714
2035-06,2035-06-01,global_mlp,2026-03,190.54183,0.5785474479198456,45.92146301269531,False,0.604172021150589,604172.021150589,reported_conditioned_mlp,JOHAN SVERDRUP,,False,0.08053753823041922,0.42045945823192593,0.5785474479198456,0.7131130874156952,0.9426955461502076,0.0,0.26789266169071174,0.604172021150589,0.9949403047561632,1.1511900424957275,1.9602694749832188,30.128969383239742,45.92146301269531,58.94814949035644,80.66953048706057
2035-07,2035-07-01,global_mlp,2026-03,190.54183,0.5940568447113037,45.234764099121094,False,0.5474672317504883,547467.2317504883,reported_conditioned_mlp,JOHAN SVERDRUP,,False,0.0,0.43318512141704557,0.5940568447113037,0.7468813657760619,0.9817287147045136,0.0,0.2447657808661461,0.5474672317504883,0.8708647966384884,1.1511900424957275,1.2639491915702823,29.73342990875244,45.234764099121094,58.11357803344726,79.78056945800783
2035-08,2035-08-01,global_mlp,2026-03,190.54183,0.5290077328681946,44.47446250915527,False,0.5219815969467163,521981.5969467163,reported_conditioned_mlp,JOHAN SVERDRUP,,False,0.01577601246535788,0.38057059347629546,0.5290077328681946,0.6936928093433379,0.8821595072746278,0.0,0.1747060209512709,0.5219815969467163,0.8709732651710504,1.1511900424957275,1.1689247250556953,29.282893753051756,44.47446250915527,57.76842422485352,78.94568939208986
2035-09,2035-09-01,global_mlp,2026-03,190.54183,0.5714391469955444,43.710763931274414,False,0.5906490087509155,590649.0087509155,reported_conditioned_mlp,JOHAN SVERDRUP,,False,0.002111762668937458,0.40679389536380767,0.5714391469955444,0.6893818080425261,0.9325085163116456,0.0,0.1900180026888847,0.5906490087509155,0.9733299255371087,1.1511900424957275,1.102396243810655,28.77721080780029,43.710763931274414,57.49083709716797,78.4578125
2035-10,2035-10-01,global_mlp,2026-03,190.54183,0.5469081103801727,43.16586875915527,False,0.6089992523193359,608999.2523193359,reported_conditioned_mlp,JOHAN SVERDRUP,,False,0.0,0.40248676538467404,0.5469081103801727,0.7217379152774808,0.9725003063678742,0.0,0.21537024080753311,0.6089992523193359,0.9856383800506591,1.1511900424957275,0.2699694633483887,28.352195167541502,43.16586875915527,56.6529285430908,77.58446578979493
2035-11,2035-11-01,global_mlp,2026-03,190.54183,0.5512158870697021,42.68114471435547,False,0.4229646176099777,422964.6176099777,reported_conditioned_mlp,JOHAN SVERDRUP,,False,0.0,0.3668647468090057,0.5512158870697021,0.6901277005672455,0.9524220645427703,0.0,0.11382368579506874,0.4229646176099777,0.8046895086765289,1.1511900424957275,0.0,27.69065284729004,42.68114471435547,55.80114402770993,76.64110794067385
2035-12,2035-12-01,global_mlp,2026-03,190.54183,0.5309714674949646,42.01832962036133,False,0.33873824775218964,338738.24775218964,reported_conditioned_mlp,JOHAN SVERDRUP,,False,0.0,0.3655762583017349,0.5309714674949646,0.6978686034679412,0.9400817394256592,0.0,0.06707530096173286,0.33873824775218964,0.8094768345355983,1.1511900424957275,0.0,27.11700687408447,42.01832962036133,55.0943363189697,75.90071868896486
2036-01,2036-01-01,global_mlp,2026-03,190.54183,0.5289027988910675,41.34335517883301,False,0.4797478914260864,479747.8914260864,reported_conditioned_mlp,JOHAN SVERDRUP,,False,0.0,0.3163099765777587,0.5289027988910675,0.6909396946430206,0.9777839899063112,0.0,0.11348246559500694,0.4797478914260864,0.9045557260513301,1.1511900424957275,0.0,26.34262714385986,41.34335517883301,54.26221961975095,75.35933074951171
2036-02,2036-02-01,global_mlp,2026-03,190.54183,0.5441470742225647,40.87961196899414,False,0.4944530129432678,494453.0129432678,reported_conditioned_mlp,JOHAN SVERDRUP,,False,0.0,0.35171491503715513,0.5441470742225647,0.6892099022865295,0.9699599027633669,0.0,0.08343546241521832,0.4944530129432678,0.9267579555511474,1.1511900424957275,0.0,25.690353584289547,40.87961196899414,53.54478111267088,74.41143112182618
2036-03,2036-03-01,global_mlp,2026-03,190.54183,0.5392673015594482,40.283193588256836,False,0.4282798171043396,428279.8171043396,reported_conditioned_mlp,JOHAN SVERDRUP,,False,0.0,0.3146324038505554,0.5392673015594482,0.6806449353694916,0.9763513326644898,0.0,0.06643864586949345,0.4282798171043396,1.0301244497299187,1.1511900424957275,0.0,25.028311347961427,40.283193588256836,52.868530654907225,73.73701171875001
2036-04,2036-04-01,global_mlp,2026-03,190.54183,0.5620657503604889,39.671051025390625,False,0.6985580027103424,698558.0027103424,reported_conditioned_mlp,JOHAN SVERDRUP,,False,0.0,0.37900965511798856,0.5620657503604889,0.7445180118083954,0.9860464215278626,0.0,0.35191786885261533,0.6985580027103424,1.0917895555496213,1.1511900424957275,0.0,24.271109008789058,39.671051025390625,52.063956069946286,73.10140686035157
2036-05,2036-05-01,global_mlp,2026-03,190.54183,0.5377305150032043,39.35781288146973,False,0.5996818840503693,599681.8840503693,reported_conditioned_mlp,JOHAN SVERDRUP,,False,0.0,0.38789917826652526,0.5377305150032043,0.6967884480953216,0.885936576128006,0.0,0.23143123239278793,0.5996818840503693,0.9876298010349273,1.1511900424957275,0.0,23.64347457885742,39.35781288146973,51.239537048339834,72.52162094116211
2036-06,2036-06-01,global_mlp,2026-03,190.54183,0.5308025181293488,38.71186447143555,False,0.5870569944381714,587056.9944381714,reported_conditioned_mlp,JOHAN SVERDRUP,,False,0.0,0.37012961208820344,0.5308025181293488,0.6933862030506134,0.9278702855110172,0.0,0.19371603280305857,0.5870569944381714,0.9982622325420378,1.1511900424957275,0.0,23.079834938049316,38.71186447143555,50.630437469482416,71.97063598632813
2036-07,2036-07-01,global_mlp,2026-03,190.54183,0.5397120118141174,37.9837646484375,False,0.47902703285217285,479027.03285217285,reported_conditioned_mlp,JOHAN SVERDRUP,,False,0.0,0.3644729524850845,0.5397120118141174,0.7136194884777067,0.914256924390793,0.0,0.1620822101831436,0.47902703285217285,0.8232956647872924,1.1511900424957275,0.0,22.525344848632812,37.9837646484375,49.86888465881348,71.21239242553712
2036-08,2036-08-01,global_mlp,2026-03,190.54183,0.49232204258441925,37.49102973937988,False,0.46325109899044037,463251.09899044037,reported_conditioned_mlp,JOHAN SVERDRUP,,False,0.0,0.33859937787055966,0.49232204258441925,0.6439823865890502,0.8749019980430603,0.0,0.10869316682219503,0.46325109899044037,0.8056626021862028,1.1511900424957275,0.0,22.06173210144043,37.49102973937988,49.1134147644043,70.20687408447267
2036-09,2036-09-01,global_mlp,2026-03,190.54183,0.5110851526260376,36.90106201171875,False,0.45255301892757416,452553.01892757416,reported_conditioned_mlp,JOHAN SVERDRUP,,False,0.0,0.3411522179841995,0.5110851526260376,0.6651297867298126,0.9382665574550629,0.0,0.11071546524763101,0.45255301892757416,0.8430656254291534,1.1511900424957275,0.0,21.223034477233888,36.90106201171875,48.50007972717284,69.63393936157227
2036-10,2036-10-01,global_mlp,2026-03,190.54183,0.4860834777355194,36.14353942871094,False,0.4902743697166443,490274.3697166443,reported_conditioned_mlp,JOHAN SVERDRUP,,False,0.0,0.32677786350250243,0.4860834777355194,0.6883108198642731,0.9443714261054993,0.0,0.13076824396848677,0.4902743697166443,0.867680603265762,1.1511900424957275,0.0,20.41422367095947,36.14353942871094,48.01081275939941,68.81867370605471
2036-11,2036-11-01,global_mlp,2026-03,190.54183,0.4991926997900009,35.45989418029785,False,0.35735493898391724,357354.93898391724,reported_conditioned_mlp,JOHAN SVERDRUP,,False,0.0,0.31881084740161897,0.4991926997900009,0.6787444710731505,0.8851539373397828,0.0,0.07999435365200028,0.35735493898391724,0.6964346885681152,1.1511900424957275,0.0,19.852504348754877,35.45989418029785,47.60151863098144,68.04595108032227
2036-12,2036-12-01,global_mlp,2026-03,190.54183,0.4790920466184616,34.763471603393555,False,0.24773451685905457,247734.51685905457,reported_conditioned_mlp,JOHAN SVERDRUP,,False,0.0,0.3171635985374451,0.4790920466184616,0.6481939196586609,0.9161464691162111,0.0,0.016506264172494404,0.24773451685905457,0.6388123691081996,1.1511900424957275,0.0,19.363430976867672,34.763471603393555,47.1832893371582,66.90747222900393
2037-01,2037-01-01,global_mlp,2026-03,190.54183,0.4584922194480896,33.91811561584473,False,0.39045342803001404,390453.42803001404,reported_conditioned_mlp,JOHAN SVERDRUP,,False,0.0,0.29811797440052035,0.4584922194480896,0.6537214517593384,0.9252747893333438,0.0,0.06465257927775382,0.39045342803001404,0.7966243267059321,1.1511900424957275,0.0,18.938360023498536,33.91811561584473,46.900814819335935,66.20782775878908
2037-02,2037-02-01,global_mlp,2026-03,190.54183,0.4807911813259125,33.263017654418945,False,0.3816990703344345,381699.0703344345,reported_conditioned_mlp,JOHAN SVERDRUP,,False,0.0,0.305547159910202,0.4807911813259125,0.651012748479843,0.9111516356468203,0.0,0.04900383800268167,0.3816990703344345,0.8290346741676324,1.1511900424957275,0.0,18.5840856552124,33.263017654418945,46.10507507324218,65.9741798400879
2037-03,2037-03-01,global_mlp,2026-03,190.54183,0.4363873451948166,32.34359931945801,False,0.3751152753829956,375115.2753829956,reported_conditioned_mlp,JOHAN SVERDRUP,,False,0.0,0.2567968279123306,0.4363873451948166,0.6412486553192138,0.9281637191772462,0.0,0.027956707775592705,0.3751152753829956,0.8599774003028867,1.1511900424957275,0.0,18.302563476562497,32.34359931945801,45.26356239318845,65.6647933959961
2037-04,2037-04-01,global_mlp,2026-03,190.54183,0.5018458068370819,31.785114288330078,False,0.7136110961437225,713611.0961437225,reported_conditioned_mlp,JOHAN SVERDRUP,,False,0.0,0.3182758420705795,0.5018458068370819,0.6838144779205322,0.9130170047283174,0.0,0.34223854243755325,0.7136110961437225,1.1511900424957275,1.1511900424957275,0.0,17.689644622802735,31.785114288330078,44.44535522460935,64.78740997314453
2037-05,2037-05-01,global_mlp,2026-03,190.54183,0.4863172918558121,31.277944564819336,False,0.6327497363090515,632749.7363090515,reported_conditioned_mlp,JOHAN SVERDRUP,,False,0.0,0.2950903981924057,0.4863172918558121,0.6353815376758576,0.8777617812156677,0.0,0.19339862167835234,0.6327497363090515,1.1388248443603508,1.1511900424957275,0.0,17.06018524169922,31.277944564819336,44.04646568298338,64.20054702758789
2037-06,2037-06-01,global_mlp,2026-03,190.54183,0.4710431694984436,30.958829879760742,False,0.5742100775241852,574210.0775241852,reported_conditioned_mlp,JOHAN SVERDRUP,,False,0.0,0.3009108930826187,0.4710431694984436,0.6172325611114502,0.8364625811576843,0.0,0.1635626599192618,0.5742100775241852,1.0857813119888304,1.1511900424957275,0.0,16.367101478576657,30.958829879760742,43.65318374633789,63.716356658935545
2037-07,2037-07-01,global_mlp,2026-03,190.54183,0.4703686982393265,30.531583786010742,False,0.531219482421875,531219.482421875,reported_conditioned_mlp,JOHAN SVERDRUP,,False,0.0,0.28078812062740327,0.4703686982393265,0.6277278661727903,0.8656169056892399,0.0,0.1605655014514923,0.531219482421875,0.9932295501232145,1.1511900424957275,0.0,15.636966991424561,30.531583786010742,43.25255661010742,63.195703125
2037-08,2037-08-01,global_mlp,2026-03,190.54183,0.4204503148794174,30.17867088317871,False,0.46709007024765015,467090.07024765015,reported_conditioned_mlp,JOHAN SVERDRUP,,False,0.0,0.2715486645698547,0.4204503148794174,0.6072716295719144,0.8091734409332276,0.0,0.11890299245715133,0.46709007024765015,0.838852834701538,1.1511900424957275,0.0,14.966497802734375,30.17867088317871,42.75663833618163,62.505643463134774
2037-09,2037-09-01,global_mlp,2026-03,190.54183,0.43415726721286774,29.672800064086914,False,0.467763289809227,467763.289809227,reported_conditioned_mlp,JOHAN SVERDRUP,,False,0.0,0.286388686299324,0.43415726721286774,0.5927651226520538,0.8309273004531862,0.0,0.11303075999021524,0.467763289809227,0.885772621631622,1.1511900424957275,0.0,14.569798374176024,29.672800064086914,42.17833290100095,61.88906364440918
2037-10,2037-10-01,global_mlp,2026-03,190.54183,0.43741631507873535,29.226388931274414,False,0.46631506085395813,466315.06085395813,reported_conditioned_mlp,JOHAN SVERDRUP,,False,0.0,0.2759120851755142,0.43741631507873535,0.6129345715045929,0.8420160412788396,0.0,0.14497826844453807,0.46631506085395813,0.959877848625182,1.1511900424957275,0.0,14.102528572082516,29.226388931274414,41.65894889831541,61.053020095825204
2037-11,2037-11-01,global_mlp,2026-03,190.54183,0.4324153661727905,28.754965782165527,False,0.33453628420829773,334536.28420829773,reported_conditioned_mlp,JOHAN SVERDRUP,,False,0.0,0.25994862020015713,0.4324153661727905,0.5914927959442139,0.8033431708812714,0.0,0.06000548936426634,0.33453628420829773,0.7202760696411132,1.1511900424957275,0.0,13.880583477020258,28.754965782165527,41.11962928771972,60.4350772857666
2037-12,2037-12-01,global_mlp,2026-03,190.54183,0.407460480928421,28.536226272583008,False,0.29004402458667755,290044.02458667755,reported_conditioned_mlp,JOHAN SVERDRUP,,False,0.0,0.25453151464462276,0.407460480928421,0.6024492561817169,0.8705534994602204,0.0,0.05002528019249439,0.29004402458667755,0.6352179050445557,1.1511900424957275,0.0,13.677460956573483,28.536226272583008,40.68226547241209,59.76975898742676
2038-01,2038-01-01,global_mlp,2026-03,190.54183,0.39661285281181335,28.18071937561035,False,0.4366654306650162,436665.4306650162,reported_conditioned_mlp,JOHAN SVERDRUP,,False,0.0,0.23278218805789946,0.39661285281181335,0.6045331478118896,0.8083262622356415,0.0,0.08439580425620077,0.4366654306650162,0.8662290692329401,1.1511900424957275,0.0,13.325519943237303,28.18071937561035,40.15404510498046,59.08767318725587
2038-02,2038-02-01,global_mlp,2026-03,190.54183,0.3847143203020096,27.768725395202637,False,0.3932259827852249,393225.9827852249,reported_conditioned_mlp,JOHAN SVERDRUP,,False,0.0,0.22995450198650358,0.3847143203020096,0.5562963902950286,0.792495793104172,0.0,0.03809212073683731,0.3932259827852249,0.7523578643798826,1.1511900424957275,0.0,12.984207439422601,27.768725395202637,39.64219665527343,58.33660125732423
2038-03,2038-03-01,global_mlp,2026-03,190.54183,0.3584679067134857,27.306817054748535,False,0.34281928837299347,342819.28837299347,reported_conditioned_mlp,JOHAN SVERDRUP,,False,0.0,0.19544595927000044,0.3584679067134857,0.5441266536712644,0.8197147548198701,0.0,0.0009511231561191225,0.34281928837299347,0.7728770136833187,1.1511900424957275,0.0,12.59425392150878,27.306817054748535,39.272527313232416,57.34442825317385
2038-04,2038-04-01,global_mlp,2026-03,190.54183,0.44348397850990295,26.50503921508789,False,0.6600709855556488,660070.9855556488,reported_conditioned_mlp,JOHAN SVERDRUP,,False,0.0,0.2676133900880813,0.44348397850990295,0.5938524186611175,0.8207484245300294,0.0,0.32401670813560485,0.6600709855556488,1.11732919216156,1.1511900424957275,0.0,12.000333023071285,26.50503921508789,38.684766769409165,56.70886917114261
2038-05,2038-05-01,global_mlp,2026-03,190.54183,0.4231559783220291,25.86303997039795,False,0.5826869010925293,582686.9010925293,reported_conditioned_mlp,JOHAN SVERDRUP,,False,0.0,0.28117207884788514,0.4231559783220291,0.5580846846103668,0.7867583274841311,0.0,0.21694902777671776,0.5826869010925293,1.004920667409896,1.1511900424957275,0.0,11.453583049774169,25.86303997039795,38.34026489257812,56.28065719604495
2038-06,2038-06-01,global_mlp,2026-03,190.54183,0.4182422310113907,25.413247108459473,False,0.5055328607559204,505532.8607559204,reported_conditioned_mlp,JOHAN SVERDRUP,,False,0.0,0.2793530166149139,0.4182422310113907,0.5549668610095978,0.7918941915035252,0.0,0.15409904420375817,0.5055328607559204,1.0267181038856499,1.1511900424957275,0.0,11.077264404296873,25.413247108459473,37.85636291503906,55.8699230194092
2038-07,2038-07-01,global_mlp,2026-03,190.54183,0.40737979114055634,24.947043418884277,False,0.4815043956041336,481504.3956041336,reported_conditioned_mlp,JOHAN SVERDRUP,,False,0.0,0.25898588001728057,0.40737979114055634,0.5733932435512542,0.796673882007599,0.0,0.1335489675402641,0.4815043956041336,0.7933955371379849,1.1511900424957275,0.0,10.707024478912347,24.947043418884277,37.61250076293945,55.36792945861817
2038-08,2038-08-01,global_mlp,2026-03,190.54183,0.37521176040172577,24.647807121276855,False,0.4258029907941818,425802.9907941818,reported_conditioned_mlp,JOHAN SVERDRUP,,False,0.0,0.24982503652572632,0.37521176040172577,0.5255238592624664,0.7670418858528137,0.0,0.07841446176171302,0.4258029907941818,0.801476168632507,1.1511900424957275,0.0,10.067927360534666,24.647807121276855,37.28018379211425,54.88867683410645
2038-09,2038-09-01,global_mlp,2026-03,190.54183,0.40016718208789825,24.107629776000977,False,0.4471885412931442,447188.5412931442,reported_conditioned_mlp,JOHAN SVERDRUP,,False,0.0,0.23865168243646617,0.40016718208789825,0.5318758845329284,0.7672951817512513,0.0,0.045696605741977606,0.4471885412931442,0.848163312673568,1.1511900424957275,0.0,9.5806676864624,24.107629776000977,36.74242439270017,54.156680297851565
2038-10,2038-10-01,global_mlp,2026-03,190.54183,0.39278770983219147,23.643016815185547,False,0.4800322502851486,480032.2502851486,reported_conditioned_mlp,JOHAN SVERDRUP,,False,0.0,0.21976487785577772,0.39278770983219147,0.560275536775589,0.8186135053634644,0.0,0.0666706800460815,0.4800322502851486,0.8687069118022913,1.1511900424957275,0.0,9.15947465896606,23.643016815185547,35.83640403747557,53.59577026367188
2038-11,2038-11-01,global_mlp,2026-03,190.54183,0.38910171389579773,22.668850898742676,False,0.2719897925853729,271989.7925853729,reported_conditioned_mlp,JOHAN SVERDRUP,,False,0.0,0.22419327646493906,0.38910171389579773,0.5590508282184599,0.771879929304123,0.0,0.022978128492832147,0.2719897925853729,0.7267952144145963,1.1511900424957275,0.0,8.604469203948975,22.668850898742676,35.295684432983386,53.104746246337896
2038-12,2038-12-01,global_mlp,2026-03,190.54183,0.35474589467048645,22.077610969543457,False,0.250360943377018,250360.94337701797,reported_conditioned_mlp,JOHAN SVERDRUP,,False,0.0,0.16026843190193174,0.35474589467048645,0.5297223627567291,0.7768609881401062,0.0,0.0,0.250360943377018,0.6148560881614681,1.1511900424957275,0.0,8.192070960998535,22.077610969543457,34.76673545837399,52.686699295043965
2039-01,2039-01-01,global_mlp,2026-03,190.54183,0.3548887223005295,21.863978385925293,False,0.38760171830654144,387601.71830654144,reported_conditioned_mlp,JOHAN SVERDRUP,,False,0.0,0.1559556514024734,0.3548887223005295,0.5295463144779203,0.8212745070457459,0.0,0.004862027149647398,0.38760171830654144,0.7863014578819272,1.1511900424957275,0.0,7.603591632843017,21.863978385925293,34.35082626342769,52.507364654541036
2039-02,2039-02-01,global_mlp,2026-03,190.54183,0.35625410079956055,21.615659713745117,False,0.3385855406522751,338585.5406522751,reported_conditioned_mlp,JOHAN SVERDRUP,,False,0.0,0.16448368579149245,0.35625410079956055,0.527283751964569,0.7910013735294344,0.0,0.0,0.3385855406522751,0.8551486551761627,1.1511900424957275,0.0,6.998158454895018,21.615659713745117,33.85583000183101,52.251850128173835
2039-03,2039-03-01,global_mlp,2026-03,190.54183,0.34433625638484955,21.00007152557373,False,0.3255402147769928,325540.2147769928,reported_conditioned_mlp,JOHAN SVERDRUP,,False,0.0,0.1281378954648971,0.34433625638484955,0.5087963581085204,0.7821825206279756,0.0,0.0,0.3255402147769928,0.8651515007019038,1.1511900424957275,0.0,6.68108468055725,21.00007152557373,33.61172599792478,51.9687442779541
2039-04,2039-04-01,global_mlp,2026-03,190.54183,0.3869935870170593,20.543200492858887,False,0.6496148109436035,649614.8109436035,reported_conditioned_mlp,JOHAN SVERDRUP,,False,0.0,0.18791527599096294,0.3869935870170593,0.5461423575878144,0.7935877382755282,0.0,0.25030225366353986,0.6496148109436035,1.0685372948646545,1.1511900424957275,0.0,6.149359655380248,20.543200492858887,33.11029930114746,51.724066543579106
2039-05,2039-05-01,global_mlp,2026-03,190.54183,0.4201080799102783,20.198948860168457,False,0.5706737041473389,570673.7041473389,reported_conditioned_mlp,JOHAN SVERDRUP,,False,0.0,0.19606316685676572,0.4201080799102783,0.5564750730991364,0.7734514117240906,0.0,0.03318231776356696,0.5706737041473389,0.9944188117980947,1.1511900424957275,0.0,5.672067832946776,20.198948860168457,32.49386253356932,51.63883018493652
2039-06,2039-06-01,global_mlp,2026-03,190.54183,0.40233026444911957,19.66250991821289,False,0.4333014339208603,433301.4339208603,reported_conditioned_mlp,JOHAN SVERDRUP,,False,0.0,0.1854185327887535,0.40233026444911957,0.5466363430023193,0.7434895753860474,0.0,0.0,0.4333014339208603,0.9180721461772918,1.1511900424957275,0.0,5.152758932113646,19.66250991821289,32.03635692596435,50.828900146484386
2039-07,2039-07-01,global_mlp,2026-03,190.54183,0.38679783046245575,19.108877182006836,False,0.3503405749797821,350340.5749797821,reported_conditioned_mlp,JOHAN SVERDRUP,,False,0.0,0.15588084608316422,0.38679783046245575,0.5232316195964813,0.7595592737197877,0.0,0.0,0.3503405749797821,0.7697333514690399,1.1511900424957275,0.0,4.800982618331908,19.108877182006836,31.37674503326415,50.18702354431153
2039-08,2039-08-01,global_mlp,2026-03,190.54183,0.34951087832450867,18.82427406311035,False,0.31788821518421173,317888.21518421173,reported_conditioned_mlp,JOHAN SVERDRUP,,False,0.0,0.10997763127088542,0.34951087832450867,0.47825002670288086,0.7038182556629181,0.0,0.0,0.31788821518421173,0.7357751309871673,1.1511900424957275,0.0,4.545500516891477,18.82427406311035,30.723192596435545,49.43205833435059
2039-09,2039-09-01,global_mlp,2026-03,190.54183,0.3417487293481827,18.183622360229492,False,0.3465789556503296,346578.9556503296,reported_conditioned_mlp,JOHAN SVERDRUP,,False,0.0,0.11259306296706191,0.3417487293481827,0.5015718221664428,0.7312249958515168,0.0,0.0,0.3465789556503296,0.831044632196426,1.1511900424957275,0.0,4.071779108047483,18.183622360229492,30.09487495422363,48.711684036254894
2039-10,2039-10-01,global_mlp,2026-03,190.54183,0.3255194127559662,17.667570114135742,False,0.39826761186122894,398267.61186122894,reported_conditioned_mlp,JOHAN SVERDRUP,,False,0.0,0.09639175906777377,0.3255194127559662,0.5157159805297852,0.7590131282806398,0.0,0.0,0.39826761186122894,0.8323385357856742,1.1511900424957275,0.0,3.6041790485382066,17.667570114135742,29.572359085083008,48.18938102722169
2039-11,2039-11-01,global_mlp,2026-03,190.54183,0.32564087212085724,17.317893981933594,False,0.2052232250571251,205223.2250571251,reported_conditioned_mlp,JOHAN SVERDRUP,,False,0.0,0.10076119601726516,0.32564087212085724,0.49604227244853955,0.7293470919132233,0.0,0.0,0.2052232250571251,0.592832553386688,1.1511900424957275,0.0,3.3222934722900384,17.317893981933594,29.009522247314443,48.085880279541016
2039-12,2039-12-01,global_mlp,2026-03,190.54183,0.3165224939584732,16.886625289916992,False,0.16162516921758652,161625.16921758652,reported_conditioned_mlp,JOHAN SVERDRUP,,False,0.0,0.10386582463979717,0.3165224939584732,0.46049889028072355,0.7227489054203035,0.0,0.0,0.16162516921758652,0.5620720267295833,1.1511900424957275,0.0,2.987981772422789,16.886625289916992,28.54004917144775,47.64658317565918
2040-01,2040-01-01,global_mlp,2026-03,190.54183,0.316085085272789,16.43302822113037,False,0.2594687044620514,259468.7044620514,reported_conditioned_mlp,JOHAN SVERDRUP,,False,0.0,0.07783667892217627,0.316085085272789,0.46056942045688615,0.7058529257774353,0.0,0.0,0.2594687044620514,0.6558637976646423,1.1511900424957275,0.0,2.710173630714415,16.43302822113037,28.077073097229,47.27823295593262
2040-02,2040-02-01,global_mlp,2026-03,190.54183,0.3005885034799576,15.831117153167725,False,0.20417486876249313,204174.86876249313,reported_conditioned_mlp,JOHAN SVERDRUP,,False,0.0,0.07055177614092813,0.3005885034799576,0.4754544794559478,0.7412938237190249,0.0,0.0,0.20417486876249313,0.6620663762092587,1.1511900424957275,0.0,2.5488771200180045,15.831117153167725,27.617856597900374,46.81203002929688
2040-03,2040-03-01,global_mlp,2026-03,190.54183,0.2770310789346695,15.591806411743164,False,0.21435434371232986,214354.34371232986,reported_conditioned_mlp,JOHAN SVERDRUP,,False,0.0,0.012116488255560201,0.2770310789346695,0.4512303650379181,0.7200060784816743,0.0,0.0,0.21435434371232986,0.6537929892539978,1.1511900424957275,0.0,2.372212934494017,15.591806411743164,27.23586063385009,46.24528694152833
2040-04,2040-04-01,global_mlp,2026-03,190.54183,0.32772648334503174,15.271096229553223,False,0.5220767259597778,522076.72595977783,reported_conditioned_mlp,JOHAN SVERDRUP,,False,0.0,0.11844460368156431,0.32772648334503174,0.46533954739570615,0.7063297271728517,0.0,0.0630307704210281,0.5220767259597778,0.926219487190246,1.1511900424957275,0.0,2.066440260410307,15.271096229553223,26.730472183227537,45.87222023010254
2040-05,2040-05-01,global_mlp,2026-03,190.54183,0.3040635287761688,14.926098346710205,False,0.3842138350009918,384213.8350009918,reported_conditioned_mlp,JOHAN SVERDRUP,,False,0.0,0.07480958849191659,0.3040635287761688,0.4589423328638076,0.6646758198738099,0.0,0.0,0.3842138350009918,0.7805767714977262,1.1511900424957275,0.0,1.653542613983153,14.926098346710205,26.358797645568846,45.4566520690918
2040-06,2040-06-01,global_mlp,2026-03,190.54183,0.32538892328739166,14.522590160369873,False,0.3695535808801651,369553.5808801651,reported_conditioned_mlp,JOHAN SVERDRUP,,False,0.0,0.06701771579682812,0.32538892328739166,0.4482791155576705,0.6905884444713595,0.0,0.0,0.3695535808801651,0.7833724737167358,1.1511900424957275,0.0,1.3012809634208662,14.522590160369873,26.044929313659658,44.956529235839845
2040-07,2040-07-01,global_mlp,2026-03,190.54183,0.3029789477586746,14.20235824584961,False,0.2834014296531677,283401.4296531677,reported_conditioned_mlp,JOHAN SVERDRUP,,False,0.0,0.0,0.3029789477586746,0.442805069684982,0.6979919016361238,0.0,0.0,0.2834014296531677,0.6000878572463983,1.1511900424957275,0.0,0.9927159607410425,14.20235824584961,25.660144996643055,44.52972259521485
2040-08,2040-08-01,global_mlp,2026-03,190.54183,0.27062058448791504,13.848021030426025,False,0.26097895205020905,260978.95205020905,reported_conditioned_mlp,JOHAN SVERDRUP,,False,0.0,0.0,0.27062058448791504,0.4083657413721084,0.6143044173717499,0.0,0.0,0.26097895205020905,0.5789934575557707,1.1511900424957275,0.0,0.7249476492404935,13.848021030426025,25.402622985839837,44.201790237426756
2040-09,2040-09-01,global_mlp,2026-03,190.54183,0.2885422259569168,13.574681282043457,False,0.2907165437936783,290716.5437936783,reported_conditioned_mlp,JOHAN SVERDRUP,,False,0.0,0.0,0.2885422259569168,0.4275579839944837,0.6694669961929322,0.0,0.0,0.2907165437936783,0.6388610780239103,1.1511900424957275,0.0,0.2855793416500087,13.574681282043457,24.994460105895996,43.41721229553223
2040-10,2040-10-01,global_mlp,2026-03,190.54183,0.2589821219444275,13.253785133361816,False,0.2652829885482788,265282.9885482788,reported_conditioned_mlp,JOHAN SVERDRUP,,False,0.0,0.0,0.2589821219444275,0.4172575086355208,0.6808082759380341,0.0,0.0,0.2652829885482788,0.6562559187412261,1.1511900424957275,0.0,0.0,13.253785133361816,24.54624271392822,42.670639801025395
2040-11,2040-11-01,global_mlp,2026-03,190.54183,0.2577323466539383,12.93038558959961,False,0.15964258462190628,159642.58462190628,reported_conditioned_mlp,JOHAN SVERDRUP,,False,0.0,0.0,0.2577323466539383,0.41174453496932983,0.6865704298019409,0.0,0.0,0.15964258462190628,0.5064366996288294,1.1511900424957275,0.0,0.0,12.93038558959961,24.03378047943115,41.882225418090826
2040-12,2040-12-01,global_mlp,2026-03,190.54183,0.2192746177315712,12.5373215675354,False,0.10101168230175972,101011.68230175972,reported_conditioned_mlp,JOHAN SVERDRUP,,False,0.0,0.0,0.2192746177315712,0.3977192610502242,0.6680082619190216,0.0,0.0,0.10101168230175972,0.38311991989612526,1.1511900424957275,0.0,0.0,12.5373215675354,23.79708442687988,41.33570938110353
2041-01,2041-01-01,global_mlp,2026-03,190.54183,0.2200365588068962,12.124073505401611,False,0.22332713752985,223327.13752985,reported_conditioned_mlp,JOHAN SVERDRUP,,False,0.0,0.0,0.2200365588068962,0.38157997131347654,0.6546020030975344,0.0,0.0,0.22332713752985,0.5671957433223724,1.1511900424957275,0.0,0.0,12.124073505401611,23.367904090881346,40.72227363586427
2041-02,2041-02-01,global_mlp,2026-03,190.54183,0.22578353434801102,11.70168161392212,False,0.14030928164720535,140309.28164720535,reported_conditioned_mlp,JOHAN SVERDRUP,,False,0.0,0.0,0.22578353434801102,0.40902344882488234,0.6871854782104493,0.0,0.0,0.14030928164720535,0.5928144454956055,1.1511900424957275,0.0,0.0,11.70168161392212,23.004912376403805,40.367548370361334
2041-03,2041-03-01,global_mlp,2026-03,190.54183,0.19978035986423492,11.311002731323242,False,0.1471438854932785,147143.8854932785,reported_conditioned_mlp,JOHAN SVERDRUP,,False,0.0,0.0,0.19978035986423492,0.3715378016233444,0.6613902270793917,0.0,0.0,0.1471438854932785,0.506360614299774,1.1511900424957275,0.0,0.0,11.311002731323242,22.50035610198973,39.69727401733399
2041-04,2041-04-01,global_mlp,2026-03,190.54183,0.237548366189003,11.127593994140625,False,0.4404871016740799,440487.1016740799,reported_conditioned_mlp,JOHAN SVERDRUP,,False,0.0,0.0,0.237548366189003,0.4029897928237914,0.6920961439609529,0.0,0.0,0.4404871016740799,0.8884629309177399,1.1511900424957275,0.0,0.0,11.127593994140625,22.232033157348628,39.08780403137207
2041-05,2041-05-01,global_mlp,2026-03,190.54183,0.24772662669420242,10.769731044769287,False,0.2782488614320755,278248.8614320755,reported_conditioned_mlp,JOHAN SVERDRUP,,False,0.0,0.0,0.24772662669420242,0.3992864578962325,0.6334156453609467,0.0,0.0,0.2782488614320755,0.7638486444950097,1.1511900424957275,0.0,0.0,10.769731044769287,21.650400733947748,38.60016975402832
2041-06,2041-06-01,global_mlp,2026-03,190.54183,0.2722845524549484,10.399772644042969,False,0.20932547748088837,209325.47748088837,reported_conditioned_mlp,JOHAN SVERDRUP,,False,0.0,0.0,0.2722845524549484,0.3983424365520477,0.612875372171402,0.0,0.0,0.20932547748088837,0.7114433526992796,1.1511900424957275,0.0,0.0,10.399772644042969,21.283093070983888,38.25692939758301
2041-07,2041-07-01,global_mlp,2026-03,190.54183,0.21475650370121002,10.169267654418945,False,0.15745807439088821,157458.0743908882,reported_conditioned_mlp,JOHAN SVERDRUP,,False,0.0,0.0,0.21475650370121002,0.3779572457075119,0.6284500360488893,0.0,0.0,0.15745807439088821,0.560119503736496,1.1511900424957275,0.0,0.0,10.169267654418945,21.075677490234373,37.97464866638184
2041-08,2041-08-01,global_mlp,2026-03,190.54183,0.19579561054706573,10.008013725280762,False,0.09657416492700577,96574.16492700577,reported_conditioned_mlp,JOHAN SVERDRUP,,False,0.0,0.0,0.19579561054706573,0.36228015422821036,0.5857753753662113,0.0,0.0,0.09657416492700577,0.5104353666305541,1.1511900424957275,0.0,0.0,10.008013725280762,20.758083724975585,37.72544479370118
2041-09,2041-09-01,global_mlp,2026-03,190.54183,0.2032703459262848,9.61290693283081,False,0.09647258371114731,96472.58371114731,reported_conditioned_mlp,JOHAN SVERDRUP,,False,0.0,0.0,0.2032703459262848,0.3853994846343989,0.6099780023097993,0.0,0.0,0.09647258371114731,0.6714195549488066,1.1511900424957275,0.0,0.0,9.61290693283081,20.186846160888656,37.387553024292
2041-10,2041-10-01,global_mlp,2026-03,190.54183,0.19811461120843887,9.303483009338379,False,0.09223221242427826,92232.21242427826,reported_conditioned_mlp,JOHAN SVERDRUP,,False,0.0,0.0,0.19811461120843887,0.3633160591125487,0.6234122157096867,0.0,0.0,0.09223221242427826,0.6857899904251098,1.1511900424957275,0.0,0.0,9.303483009338379,19.814948081970204,37.01979637145996
2041-11,2041-11-01,global_mlp,2026-03,190.54183,0.19184277951717377,8.951696395874023,False,0.04085549712181091,40855.49712181091,reported_conditioned_mlp,JOHAN SVERDRUP,,False,0.0,0.0,0.19184277951717377,0.4032468885183334,0.6123638749122621,0.0,0.0,0.04085549712181091,0.46056870520114873,1.1511900424957275,0.0,0.0,8.951696395874023,19.545617675781248,36.642998123168944
2041-12,2041-12-01,global_mlp,2026-03,190.54183,0.17247892171144485,8.778939723968506,False,0.0,0.0,reported_conditioned_mlp,JOHAN SVERDRUP,,False,0.0,0.0,0.17247892171144485,0.3517541348934172,0.6126251578330995,0.0,0.0,0.0,0.4561592221260061,1.1511900424957275,0.0,0.0,8.778939723968506,19.084081649780263,36.31049270629883
2042-01,2042-01-01,global_mlp,2026-03,190.54183,0.15308932214975357,8.471386909484863,False,0.024554352276027203,24554.352276027203,reported_conditioned_mlp,JOHAN SVERDRUP,,False,0.0,0.0,0.15308932214975357,0.362516888976097,0.6100189864635468,0.0,0.0,0.024554352276027203,0.6429223001003261,1.1511900424957275,0.0,0.0,8.471386909484863,18.930457496643058,36.1093505859375
2042-02,2042-02-01,global_mlp,2026-03,190.54183,0.12421513348817825,8.256693840026855,False,0.000644379120785743,644.379120785743,reported_conditioned_mlp,JOHAN SVERDRUP,,False,0.0,0.0,0.12421513348817825,0.3418505579233167,0.5865038335323334,0.0,0.0,0.000644379120785743,0.5621589958667754,1.1511900424957275,0.0,0.0,8.256693840026855,18.516303443908683,35.974705123901366
2042-03,2042-03-01,global_mlp,2026-03,190.54183,0.12080016732215881,7.979723930358887,False,0.0,0.0,reported_conditioned_mlp,JOHAN SVERDRUP,,False,0.0,0.0,0.12080016732215881,0.2879312932491302,0.5744716048240666,0.0,0.0,0.0,0.5559054970741267,1.1511900424957275,0.0,0.0,7.979723930358887,18.250690650939934,35.71551589965821
2042-04,2042-04-01,global_mlp,2026-03,190.54183,0.15477658063173294,7.809916257858276,False,0.3246743381023407,324674.3381023407,reported_conditioned_mlp,JOHAN SVERDRUP,,False,0.0,0.0,0.15477658063173294,0.35202773213386535,0.6284366488456727,0.0,0.0,0.3246743381023407,0.8680776000022881,1.1511900424957275,0.0,0.0,7.809916257858276,17.956118774414062,35.553881072998045
2042-05,2042-05-01,global_mlp,2026-03,190.54183,0.17113816738128662,7.33417272567749,False,0.20113743096590042,201137.43096590042,reported_conditioned_mlp,JOHAN SVERDRUP,,False,0.0,0.0,0.17113816738128662,0.347083568572998,0.6285825312137604,0.0,0.0,0.20113743096590042,0.8359234571456903,1.1511900424957275,0.0,0.0,7.33417272567749,17.639112663269035,35.09354362487793
2042-06,2042-06-01,global_mlp,2026-03,190.54183,0.15853901207447052,6.964723348617554,False,0.07838663458824158,78386.63458824158,reported_conditioned_mlp,JOHAN SVERDRUP,,False,0.0,0.0,0.15853901207447052,0.35153049230575556,0.5857036471366882,0.0,0.0,0.07838663458824158,0.7358825445175168,1.1511900424957275,0.0,0.0,6.964723348617554,17.155079650878907,34.54255180358887
2042-07,2042-07-01,global_mlp,2026-03,190.54183,0.1586616411805153,6.527835130691528,False,0.07046180963516235,70461.80963516235,reported_conditioned_mlp,JOHAN SVERDRUP,,False,0.0,0.0,0.1586616411805153,0.33048084676265715,0.5757738053798679,0.0,0.0,0.07046180963516235,0.5735789477825158,1.1511900424957275,0.0,0.0,6.527835130691528,16.609415817260732,34.13428421020508
2042-08,2042-08-01,global_mlp,2026-03,190.54183,0.11751032993197441,5.870184421539307,False,0.010738331358879805,10738.331358879805,reported_conditioned_mlp,JOHAN SVERDRUP,,False,0.0,0.0,0.11751032993197441,0.27974223494529715,0.5500524580478671,0.0,0.0,0.010738331358879805,0.5286099255084992,1.1511900424957275,0.0,0.0,5.870184421539307,16.318539237976065,33.938866806030276
2042-09,2042-09-01,global_mlp,2026-03,190.54183,0.136832557618618,5.525324821472168,False,0.0,0.0,reported_conditioned_mlp,JOHAN SVERDRUP,,False,0.0,0.0,0.136832557618618,0.3044426590204237,0.5785401344299317,0.0,0.0,0.0,0.5306888997554777,1.1511900424957275,0.0,0.0,5.525324821472168,16.17052001953125,33.52499656677246
2042-10,2042-10-01,global_mlp,2026-03,190.54183,0.10544326156377792,5.181812047958374,False,5.8230656577507034e-05,58.230656577507034,reported_conditioned_mlp,JOHAN SVERDRUP,,False,0.0,0.0,0.10544326156377792,0.28151017725467675,0.5338220298290255,0.0,0.0,5.8230656577507034e-05,0.6512992739677416,1.1511900424957275,0.0,0.0,5.181812047958374,15.469585227966306,33.23751029968262
2042-11,2042-11-01,global_mlp,2026-03,190.54183,0.08300360292196274,4.856337308883667,False,0.0,0.0,reported_conditioned_mlp,JOHAN SVERDRUP,,False,0.0,0.0,0.08300360292196274,0.296785905957222,0.5558850765228273,0.0,0.0,0.0,0.411318466067314,1.1511900424957275,0.0,0.0,4.856337308883667,15.089729213714593,32.92210311889649
2042-12,2042-12-01,global_mlp,2026-03,190.54183,0.07166075333952904,4.573885917663574,False,0.0,0.0,reported_conditioned_mlp,JOHAN SVERDRUP,,False,0.0,0.0,0.07166075333952904,0.27666959762573234,0.5495694220066071,0.0,0.0,0.0,0.37814840674400313,1.1511900424957275,0.0,0.0,4.573885917663574,14.718729686737058,32.87003135681152
2043-01,2043-01-01,global_mlp,2026-03,190.54183,0.06382284313440323,4.198224306106567,False,0.0,0.0,reported_conditioned_mlp,JOHAN SVERDRUP,,False,0.0,0.0,0.06382284313440323,0.24341007620096206,0.5328397393226625,0.0,0.0,0.0,0.559585392475128,1.1511900424957275,0.0,0.0,4.198224306106567,14.267882633209222,32.61395454406738
2043-02,2043-02-01,global_mlp,2026-03,190.54183,0.05780057795345783,3.9175928831100464,False,0.0,0.0,reported_conditioned_mlp,JOHAN SVERDRUP,,False,0.0,0.0,0.05780057795345783,0.2520681738853454,0.5698711395263673,0.0,0.0,0.0,0.4740929961204527,1.1511900424957275,0.0,0.0,3.9175928831100464,13.882450294494614,32.42493362426758
2043-03,2043-03-01,global_mlp,2026-03,190.54183,0.035345423966646194,3.567888021469116,False,0.0,0.0,reported_conditioned_mlp,JOHAN SVERDRUP,,False,0.0,0.0,0.035345423966646194,0.219853912293911,0.5280460596084596,0.0,0.0,0.0,0.4725753843784332,1.1511900424957275,0.0,0.0,3.567888021469116,13.745967388153069,32.326437759399425
2043-04,2043-04-01,global_mlp,2026-03,190.54183,0.0965087078511715,3.0864566564559937,False,0.13439073413610458,134390.73413610458,reported_conditioned_mlp,JOHAN SVERDRUP,,False,0.0,0.0,0.0965087078511715,0.27784961760044075,0.5437481999397279,0.0,0.0,0.13439073413610458,0.6604975759983059,1.1511900424957275,0.0,0.0,3.0864566564559937,13.401157760620112,32.060842132568375
2043-05,2043-05-01,global_mlp,2026-03,190.54183,0.10153701156377792,2.7398606538772583,False,0.02319854497909546,23198.54497909546,reported_conditioned_mlp,JOHAN SVERDRUP,,False,0.0,0.0,0.10153701156377792,0.3083893865346908,0.5379808485507969,0.0,0.0,0.02319854497909546,0.521733886003494,1.1511900424957275,0.0,0.0,2.7398606538772583,13.046762561798081,31.831578063964848
2043-06,2043-06-01,global_mlp,2026-03,190.54183,0.09229359403252602,2.5458637475967407,False,0.0,0.0,reported_conditioned_mlp,JOHAN SVERDRUP,,False,0.0,0.0,0.09229359403252602,0.2723801583051681,0.5019094526767731,0.0,0.0,0.0,0.4590892672538756,1.1511900424957275,0.0,0.0,2.5458637475967407,12.715753364562968,31.514483833312994
2043-07,2043-07-01,global_mlp,2026-03,190.54183,0.03291486203670502,2.2700971364974976,False,0.0,0.0,reported_conditioned_mlp,JOHAN SVERDRUP,,False,0.0,0.0,0.03291486203670502,0.27984958589076997,0.5438627600669861,0.0,0.0,0.0,0.35008977353572834,1.1511900424957275,0.0,0.0,2.2700971364974976,12.305830860137911,31.213765144348145
2043-08,2043-08-01,global_mlp,2026-03,190.54183,0.04569042660295963,2.2201056480407715,False,0.0,0.0,reported_conditioned_mlp,JOHAN SVERDRUP,,False,0.0,0.0,0.04569042660295963,0.253876259922981,0.4804695934057238,0.0,0.0,0.0,0.3332543700933456,1.1255557179450992,0.0,0.0,2.2201056480407715,11.94040126800534,30.840141105651856
2043-09,2043-09-01,global_mlp,2026-03,190.54183,0.029077752493321896,2.0385724306106567,False,0.0,0.0,reported_conditioned_mlp,JOHAN SVERDRUP,,False,0.0,0.0,0.029077752493321896,0.26593616902828215,0.47891208231449134,0.0,0.0,0.0,0.3814531117677688,1.1511900424957275,0.0,0.0,2.0385724306106567,11.782116603851295,30.52808723449707
2043-10,2043-10-01,global_mlp,2026-03,190.54183,0.0,1.791146457195282,False,0.0,0.0,reported_conditioned_mlp,JOHAN SVERDRUP,,False,0.0,0.0,0.0,0.2632049590349197,0.4634227931499487,0.0,0.0,0.0,0.4067827671766279,1.1511900424957275,0.0,0.0,1.791146457195282,11.517641162872309,30.207274246215825
2043-11,2043-11-01,global_mlp,2026-03,190.54183,0.00418074382469058,1.381157100200653,False,0.0,0.0,reported_conditioned_mlp,JOHAN SVERDRUP,,False,0.0,0.0,0.00418074382469058,0.25569065511226646,0.5080174922943116,0.0,0.0,0.0,0.2928901284933089,1.1511900424957275,0.0,0.0,1.381157100200653,11.234124088287345,29.73634757995606
2043-12,2043-12-01,global_mlp,2026-03,190.54183,0.0,1.2517221570014954,False,0.0,0.0,reported_conditioned_mlp,JOHAN SVERDRUP,,False,0.0,0.0,0.0,0.2512772679328918,0.49404666125774394,0.0,0.0,0.0,0.2489879563450809,1.1381635308265687,0.0,0.0,1.2517221570014954,10.73034191131591,29.30842227935792
2044-01,2044-01-01,global_mlp,2026-03,190.54183,0.0,1.1573784351348877,False,0.0,0.0,reported_conditioned_mlp,JOHAN SVERDRUP,,False,0.0,0.0,0.0,0.23185278922319372,0.4808510839939118,0.0,0.0,0.0,0.40087115764617914,1.1511900424957275,0.0,0.0,1.1573784351348877,10.523974132537836,28.990195465087893
2044-02,2044-02-01,global_mlp,2026-03,190.54183,0.0,0.7858366966247559,False,0.0,0.0,reported_conditioned_mlp,JOHAN SVERDRUP,,False,0.0,0.0,0.0,0.23808491826057432,0.505662536621094,0.0,0.0,0.0,0.3572244852781292,1.1511900424957275,0.0,0.0,0.7858366966247559,10.27411260604858,28.573670196533204
2044-03,2044-03-01,global_mlp,2026-03,190.54183,0.0,0.24490393698215485,False,0.0,0.0,reported_conditioned_mlp,JOHAN SVERDRUP,,False,0.0,0.0,0.0,0.21965896189212772,0.4764227271080022,0.0,0.0,0.0,0.3398163974285124,1.1511900424957275,0.0,0.0,0.24490393698215485,10.00670633316039,28.238197135925297
2044-04,2044-04-01,global_mlp,2026-03,190.54183,0.0,0.0,False,0.0,0.0,reported_conditioned_mlp,JOHAN SVERDRUP,,False,0.0,0.0,0.0,0.24580809324979783,0.4764259964227677,0.0,0.0,0.0,0.6548698961734771,1.1511900424957275,0.0,0.0,0.0,9.743027687072747,27.734092712402347
2044-05,2044-05-01,global_mlp,2026-03,190.54183,0.0,0.0,False,0.0,0.0,reported_conditioned_mlp,JOHAN SVERDRUP,,False,0.0,0.0,0.0,0.24151409417390815,0.5056569457054139,0.0,0.0,0.0,0.5250768303871154,1.1511900424957275,0.0,0.0,0.0,9.477174568176267,26.90348300933839
2044-06,2044-06-01,global_mlp,2026-03,190.54183,0.0,0.0,False,0.0,0.0,reported_conditioned_mlp,JOHAN SVERDRUP,,False,0.0,0.0,0.0,0.24661057442426676,0.44981421828269985,0.0,0.0,0.0,0.5255311489105222,1.1511900424957275,0.0,0.0,0.0,9.096891593933092,26.333384323120132
2044-07,2044-07-01,global_mlp,2026-03,190.54183,0.0,0.0,False,0.0,0.0,reported_conditioned_mlp,JOHAN SVERDRUP,,False,0.0,0.0,0.0,0.22324219346046442,0.438309755921364,0.0,0.0,0.0,0.4087369263172148,1.1511900424957275,0.0,0.0,0.0,8.756429862976074,26.160409545898446
2044-08,2044-08-01,global_mlp,2026-03,190.54183,0.0,0.0,False,0.0,0.0,reported_conditioned_mlp,JOHAN SVERDRUP,,False,0.0,0.0,0.0,0.1955201506614684,0.3890580773353577,0.0,0.0,0.0,0.3103202372789381,1.1511900424957275,0.0,0.0,0.0,8.45263824462889,25.9232765197754
2044-09,2044-09-01,global_mlp,2026-03,190.54183,0.0,0.0,False,0.0,0.0,reported_conditioned_mlp,JOHAN SVERDRUP,,False,0.0,0.0,0.0,0.20556999295949935,0.39672301411628724,0.0,0.0,0.0,0.34619745314121225,1.1511900424957275,0.0,0.0,0.0,8.395874023437488,25.755587196350103
2044-10,2044-10-01,global_mlp,2026-03,190.54183,0.0,0.0,False,0.0,0.0,reported_conditioned_mlp,JOHAN SVERDRUP,,False,0.0,0.0,0.0,0.19804473966360092,0.36794075369834905,0.0,0.0,0.0,0.3476274520158763,1.1511900424957275,0.0,0.0,0.0,8.367993927001944,25.53236236572266
2044-11,2044-11-01,global_mlp,2026-03,190.54183,0.0,0.0,False,0.0,0.0,reported_conditioned_mlp,JOHAN SVERDRUP,,False,0.0,0.0,0.0,0.17138696014881127,0.3843501538038254,0.0,0.0,0.0,0.23116273880004842,1.1511900424957275,0.0,0.0,0.0,7.891832685470575,24.83769493103028
2044-12,2044-12-01,global_mlp,2026-03,190.54183,0.0,0.0,False,0.0,0.0,reported_conditioned_mlp,JOHAN SVERDRUP,,False,0.0,0.0,0.0,0.16698113530874237,0.3736799716949463,0.0,0.0,0.0,0.21895311176776858,1.1511900424957275,0.0,0.0,0.0,7.532166814804056,24.384482192993165
2045-01,2045-01-01,global_mlp,2026-03,190.54183,0.0,0.0,False,0.0,0.0,reported_conditioned_mlp,JOHAN SVERDRUP,,False,0.0,0.0,0.0,0.17325711399316782,0.3664254218339921,0.0,0.0,0.0,0.28281791806221007,1.1511900424957275,0.0,0.0,0.0,7.453463983535743,24.067739677429206
2045-02,2045-02-01,global_mlp,2026-03,190.54183,0.0,0.0,False,0.0,0.0,reported_conditioned_mlp,JOHAN SVERDRUP,,False,0.0,0.0,0.0,0.1572652429342269,0.3705448359251023,0.0,0.0,0.0,0.17882615476846575,1.1511900424957275,0.0,0.0,0.0,6.9743121623992765,23.742747497558604
2045-03,2045-03-01,global_mlp,2026-03,190.54183,0.0,0.0,False,0.0,0.0,reported_conditioned_mlp,JOHAN SVERDRUP,,False,0.0,0.0,0.0,0.12142593935132022,0.3454003244638444,0.0,0.0,0.0,0.07028245553374182,1.1511900424957275,0.0,0.0,0.0,6.910695314407337,23.71126213073731
2045-04,2045-04-01,global_mlp,2026-03,190.54183,0.0,0.0,False,0.0,0.0,reported_conditioned_mlp,JOHAN SVERDRUP,,False,0.0,0.0,0.0,0.17432878911495173,0.3645230919122696,0.0,0.0,0.0,0.34363186061382217,1.1511900424957275,0.0,0.0,0.0,6.700563001632687,23.630240440368656
2045-05,2045-05-01,global_mlp,2026-03,190.54183,0.0,0.0,False,0.0,0.0,reported_conditioned_mlp,JOHAN SVERDRUP,,False,0.0,0.0,0.0,0.17277519553899753,0.36786119937896733,0.0,0.0,0.0,0.21546892225742303,1.1511900424957275,0.0,0.0,0.0,6.551737594604492,23.41303157806397
2045-06,2045-06-01,global_mlp,2026-03,190.54183,0.0,0.0,False,0.0,0.0,reported_conditioned_mlp,JOHAN SVERDRUP,,False,0.0,0.0,0.0,0.14871090054512018,0.3471825867891314,0.0,0.0,0.0,0.17516932934522622,1.0579398989677429,0.0,0.0,0.0,6.35322594642639,23.0882459640503
2045-07,2045-07-01,global_mlp,2026-03,190.54183,0.0,0.0,False,0.0,0.0,reported_conditioned_mlp,JOHAN SVERDRUP,,False,0.0,0.0,0.0,0.1558916240930557,0.3659200727939606,0.0,0.0,0.0,0.15507519394159305,0.9134934961795809,0.0,0.0,0.0,6.117871236801141,22.72742557525636
2045-08,2045-08-01,global_mlp,2026-03,190.54183,0.0,0.0,False,0.0,0.0,reported_conditioned_mlp,JOHAN SVERDRUP,,False,0.0,0.0,0.0,0.12101585417985912,0.3471628516912462,0.0,0.0,0.0,0.1348195582628247,0.8270729780197146,0.0,0.0,0.0,5.969727373123161,22.476885032653815
2045-09,2045-09-01,global_mlp,2026-03,190.54183,0.0,0.0,False,0.0,0.0,reported_conditioned_mlp,JOHAN SVERDRUP,,False,0.0,0.0,0.0,0.13117321431636783,0.3566240668296815,0.0,0.0,0.0,0.20570138990879033,1.0886419534683238,0.0,0.0,0.0,5.757011938095088,22.210602378845216
2045-10,2045-10-01,global_mlp,2026-03,190.54183,0.0,0.0,False,0.0,0.0,reported_conditioned_mlp,JOHAN SVERDRUP,,False,0.0,0.0,0.0,0.13684653192758547,0.313023066520691,0.0,0.0,0.0,0.15304194390773657,1.1511900424957275,0.0,0.0,0.0,5.542796087265009,21.870768356323246
2045-11,2045-11-01,global_mlp,2026-03,190.54183,0.0,0.0,False,0.0,0.0,reported_conditioned_mlp,JOHAN SVERDRUP,,False,0.0,0.0,0.0,0.12896019816398607,0.3221451431512834,0.0,0.0,0.0,0.0806733556091783,0.9453130841255204,0.0,0.0,0.0,5.245312690734863,21.46002883911134
2045-12,2045-12-01,global_mlp,2026-03,190.54183,0.0,0.0,False,0.0,0.0,reported_conditioned_mlp,JOHAN SVERDRUP,,False,0.0,0.0,0.0,0.1137277409434316,0.30364804267883305,0.0,0.0,0.0,0.04566574394702823,0.9065903365612031,0.0,0.0,0.0,4.904467248916625,21.19314060211183
2046-01,2046-01-01,global_mlp,2026-03,190.54183,0.0,0.0,False,0.0,0.0,reported_conditioned_mlp,JOHAN SVERDRUP,,False,0.0,0.0,0.0,0.07486453354358667,0.296201166510582,0.0,0.0,0.0,0.01346823861822423,1.0928288698196418,0.0,0.0,0.0,4.716003990173339,20.880268859863296
2046-02,2046-02-01,global_mlp,2026-03,190.54183,0.0,0.0,False,0.0,0.0,reported_conditioned_mlp,JOHAN SVERDRUP,,False,0.0,0.0,0.0,0.08139027133584004,0.29458484947681435,0.0,0.0,0.0,0.0,1.0427390456199652,0.0,0.0,0.0,4.417399263381951,20.637734794616716
2046-03,2046-03-01,global_mlp,2026-03,190.54183,0.0,0.0,False,0.0,0.0,reported_conditioned_mlp,JOHAN SVERDRUP,,False,0.0,0.0,0.0,0.058438392728566914,0.28198864161968235,0.0,0.0,0.0,0.0,1.0794856667518624,0.0,0.0,0.0,4.340681743621823,20.55045528411867
2046-04,2046-04-01,global_mlp,2026-03,190.54183,0.0,0.0,False,0.0,0.0,reported_conditioned_mlp,JOHAN SVERDRUP,,False,0.0,0.0,0.0,0.12100960090756416,0.3348536849021912,0.0,0.0,0.0,0.26475066542625425,1.1511900424957275,0.0,0.0,0.0,4.136254215240477,20.41633090972902
2046-05,2046-05-01,global_mlp,2026-03,190.54183,0.0,0.0,False,0.0,0.0,reported_conditioned_mlp,JOHAN SVERDRUP,,False,0.0,0.0,0.0,0.13250541388988474,0.3410407155752182,0.0,0.0,0.0,0.18606490790843833,1.1511900424957275,0.0,0.0,0.0,3.9118331909179638,20.165727996826188
2046-06,2046-06-01,global_mlp,2026-03,190.54183,0.0,0.0,False,0.0,0.0,reported_conditioned_mlp,JOHAN SVERDRUP,,False,0.0,0.0,0.0,0.10687413588166227,0.32864554226398485,0.0,0.0,0.0,0.10504977330565415,1.1439569830894472,0.0,0.0,0.0,3.7277950525283785,19.920220947265637
2046-07,2046-07-01,global_mlp,2026-03,190.54183,0.0,0.0,False,0.0,0.0,reported_conditioned_mlp,JOHAN SVERDRUP,,False,0.0,0.0,0.0,0.09831832498311992,0.32121614515781405,0.0,0.0,0.0,0.004103380814194057,0.9769423782825472,0.0,0.0,0.0,3.6300359487533544,19.633456230163585
2046-08,2046-08-01,global_mlp,2026-03,190.54183,0.0,0.0,False,0.0,0.0,reported_conditioned_mlp,JOHAN SVERDRUP,,False,0.0,0.0,0.0,0.073305340111255,0.2619451761245729,0.0,0.0,0.0,0.007957431254908269,1.112442290782929,0.0,0.0,0.0,3.421796727180481,19.434843635559087
2046-09,2046-09-01,global_mlp,2026-03,190.54183,0.0,0.0,False,0.0,0.0,reported_conditioned_mlp,JOHAN SVERDRUP,,False,0.0,0.0,0.0,0.06870495602488515,0.2746415227651597,0.0,0.0,0.0,0.0005042155506088565,1.1511900424957275,0.0,0.0,0.0,3.1966951131820673,19.275191497802737
2046-10,2046-10-01,global_mlp,2026-03,190.54183,0.0,0.0,False,0.0,0.0,reported_conditioned_mlp,JOHAN SVERDRUP,,False,0.0,0.0,0.0,0.04582156985998148,0.28574669957160953,0.0,0.0,0.0,0.0,1.1511900424957275,0.0,0.0,0.0,3.0273668527603066,19.05205821990967
2046-11,2046-11-01,global_mlp,2026-03,190.54183,0.0,0.0,False,0.0,0.0,reported_conditioned_mlp,JOHAN SVERDRUP,,False,0.0,0.0,0.0,0.06394500061869615,0.26848712563514715,0.0,0.0,0.0,0.0,1.1511900424957275,0.0,0.0,0.0,2.8108614683151125,18.872797584533696
2046-12,2046-12-01,global_mlp,2026-03,190.54183,0.0,0.0,False,0.0,0.0,reported_conditioned_mlp,JOHAN SVERDRUP,,False,0.0,0.0,0.0,0.04040637165307989,0.29006890654563916,0.0,0.0,0.0,0.0,1.1511900424957275,0.0,0.0,0.0,2.5868036985397205,18.639953613281254
2047-01,2047-01-01,global_mlp,2026-03,190.54183,0.0,0.0,False,0.0,0.0,reported_conditioned_mlp,JOHAN SVERDRUP,,False,0.0,0.0,0.0,0.018581287004053565,0.30380215644836434,0.0,0.0,0.0,0.0,1.1113275289535531,0.0,0.0,0.0,2.326945090293883,18.17741508483887
2047-02,2047-02-01,global_mlp,2026-03,190.54183,0.0,0.0,False,0.0,0.0,reported_conditioned_mlp,JOHAN SVERDRUP,,False,0.0,0.0,0.0,0.013568541873246373,0.2783969432115557,0.0,0.0,0.0,0.0,1.1511900424957275,0.0,0.0,0.0,2.2238351583480824,18.035215187072755
2047-03,2047-03-01,global_mlp,2026-03,190.54183,0.0,0.0,False,0.0,0.0,reported_conditioned_mlp,JOHAN SVERDRUP,,False,0.0,0.0,0.0,0.0,0.264516428112984,0.0,0.0,0.0,0.0,1.1511900424957275,0.0,0.0,0.0,2.073480677604674,17.958171272277834
2047-04,2047-04-01,global_mlp,2026-03,190.54183,0.0,0.0,False,0.0,0.0,reported_conditioned_mlp,JOHAN SVERDRUP,,False,0.0,0.0,0.0,0.008578262384980644,0.2873690992593767,0.0,0.0,0.0,0.0,1.1511900424957275,0.0,0.0,0.0,1.826464688777909,17.74842014312744
2047-05,2047-05-01,global_mlp,2026-03,190.54183,0.0,0.0,False,0.0,0.0,reported_conditioned_mlp,JOHAN SVERDRUP,,False,0.0,0.0,0.0,0.0011315284995360448,0.27956023812294023,0.0,0.0,0.0,0.0,1.038384103775025,0.0,0.0,0.0,1.5658814191818073,17.496193504333498
2047-06,2047-06-01,global_mlp,2026-03,190.54183,0.0,0.0,False,0.0,0.0,reported_conditioned_mlp,JOHAN SVERDRUP,,False,0.0,0.0,0.0,0.027218552678822904,0.28503559827804575,0.0,0.0,0.0,0.0,0.9896815776824961,0.0,0.0,0.0,1.4070446610450613,17.23514385223389
2047-07,2047-07-01,global_mlp,2026-03,190.54183,0.0,0.0,False,0.0,0.0,reported_conditioned_mlp,JOHAN SVERDRUP,,False,0.0,0.0,0.0,0.018632171954959087,0.2807276189327241,0.0,0.0,0.0,0.0,0.8120032906532288,0.0,0.0,0.0,1.2806307554244878,16.991882514953613
2047-08,2047-08-01,global_mlp,2026-03,190.54183,0.0,0.0,False,0.0,0.0,reported_conditioned_mlp,JOHAN SVERDRUP,,False,0.0,0.0,0.0,0.013505826331674124,0.24234976917505294,0.0,0.0,0.0,0.0,0.7718940019607554,0.0,0.0,0.0,1.180911076068867,16.721056938171387
2047-09,2047-09-01,global_mlp,2026-03,190.54183,0.0,0.0,False,0.0,0.0,reported_conditioned_mlp,JOHAN SVERDRUP,,False,0.0,0.0,0.0,0.0,0.2741465717554094,0.0,0.0,0.0,0.0,0.9345351517200473,0.0,0.0,0.0,1.0487690687179545,16.3231803894043
2047-10,2047-10-01,global_mlp,2026-03,190.54183,0.0,0.0,False,0.0,0.0,reported_conditioned_mlp,JOHAN SVERDRUP,,False,0.0,0.0,0.0,0.0,0.28974109888076793,0.0,0.0,0.0,0.0,0.9627019643783573,0.0,0.0,0.0,0.9376942515373212,16.000522708892824
2047-11,2047-11-01,global_mlp,2026-03,190.54183,0.0,0.0,False,0.0,0.0,reported_conditioned_mlp,JOHAN SVERDRUP,,False,0.0,0.0,0.0,0.0,0.2641032546758652,0.0,0.0,0.0,0.0,0.8707240641117099,0.0,0.0,0.0,0.8479327857494353,15.755104446411133
2047-12,2047-12-01,global_mlp,2026-03,190.54183,0.0,0.0,False,0.0,0.0,reported_conditioned_mlp,JOHAN SVERDRUP,,False,0.0,0.0,0.0,0.0,0.24793467223644258,0.0,0.0,0.0,0.0,0.7080878376960755,0.0,0.0,0.0,0.4143204003572454,15.523117733001712
2048-01,2048-01-01,global_mlp,2026-03,190.54183,0.0,0.0,False,0.0,0.0,reported_conditioned_mlp,JOHAN SVERDRUP,,False,0.0,0.0,0.0,0.0,0.2558473765850067,0.0,0.0,0.0,0.0,0.9883680284023286,0.0,0.0,0.0,0.16171797960996445,15.281607055664065
2048-02,2048-02-01,global_mlp,2026-03,190.54183,0.0,0.0,False,0.0,0.0,reported_conditioned_mlp,JOHAN SVERDRUP,,False,0.0,0.0,0.0,0.0,0.24109140336513535,0.0,0.0,0.0,0.0,0.9916229367256165,0.0,0.0,0.0,0.03886404186486609,15.07973976135254
2048-03,2048-03-01,global_mlp,2026-03,190.54183,0.0,0.0,False,0.0,0.0,reported_conditioned_mlp,JOHAN SVERDRUP,,False,0.0,0.0,0.0,0.0,0.246619288623333,0.0,0.0,0.0,0.0,0.9483539819717407,0.0,0.0,0.0,0.015214580297467787,14.898519420623783
2048-04,2048-04-01,global_mlp,2026-03,190.54183,0.0,0.0,False,0.0,0.0,reported_conditioned_mlp,JOHAN SVERDRUP,,False,0.0,0.0,0.0,0.0,0.24403458684682847,0.0,0.0,0.0,0.0,1.0287028312683115,0.0,0.0,0.0,0.0,14.672385978698731
2048-05,2048-05-01,global_mlp,2026-03,190.54183,0.0,0.0,False,0.0,0.0,reported_conditioned_mlp,JOHAN SVERDRUP,,False,0.0,0.0,0.0,0.0,0.2696183800697327,0.0,0.0,0.0,0.0,0.8831187725067146,0.0,0.0,0.0,0.0,14.40553789138794
2048-06,2048-06-01,global_mlp,2026-03,190.54183,0.0,0.0,False,0.0,0.0,reported_conditioned_mlp,JOHAN SVERDRUP,,False,0.0,0.0,0.0,0.0,0.26454358994960786,0.0,0.0,0.0,0.0,0.8498084247112287,0.0,0.0,0.0,0.0,14.147511005401613
2048-07,2048-07-01,global_mlp,2026-03,190.54183,0.0,0.0,False,0.0,0.0,reported_conditioned_mlp,JOHAN SVERDRUP,,False,0.0,0.0,0.0,0.0,0.2609673827886582,0.0,0.0,0.0,0.0,0.8873555481433875,0.0,0.0,0.0,0.0,14.00539846420288
2048-08,2048-08-01,global_mlp,2026-03,190.54183,0.0,0.0,False,0.0,0.0,reported_conditioned_mlp,JOHAN SVERDRUP,,False,0.0,0.0,0.0,0.0,0.2150403380393982,0.0,0.0,0.0,0.0,0.7844744682312013,0.0,0.0,0.0,0.0,13.78428421020508
2048-09,2048-09-01,global_mlp,2026-03,190.54183,0.0,0.0,False,0.0,0.0,reported_conditioned_mlp,JOHAN SVERDRUP,,False,0.0,0.0,0.0,0.0,0.23099636882543564,0.0,0.0,0.0,0.0,0.8357556223869338,0.0,0.0,0.0,0.0,13.660414123535157
2048-10,2048-10-01,global_mlp,2026-03,190.54183,0.0,0.0,False,0.0,0.0,reported_conditioned_mlp,JOHAN SVERDRUP,,False,0.0,0.0,0.0,0.0,0.229080991446972,0.0,0.0,0.0,0.0,1.0002558946609508,0.0,0.0,0.0,0.0,13.512290477752687
2048-11,2048-11-01,global_mlp,2026-03,190.54183,0.0,0.0,False,0.0,0.0,reported_conditioned_mlp,JOHAN SVERDRUP,,False,0.0,0.0,0.0,0.0,0.20919852703809746,0.0,0.0,0.0,0.0,0.6963831424713137,0.0,0.0,0.0,0.0,13.40580644607544
2048-12,2048-12-01,global_mlp,2026-03,190.54183,0.0,0.0,False,0.0,0.0,reported_conditioned_mlp,JOHAN SVERDRUP,,False,0.0,0.0,0.0,0.0,0.20964294224977514,0.0,0.0,0.0,0.0,0.6520330488681796,0.0,0.0,0.0,0.0,13.19904613494873
2049-01,2049-01-01,global_mlp,2026-03,190.54183,0.0,0.0,False,0.0,0.0,reported_conditioned_mlp,JOHAN SVERDRUP,,False,0.0,0.0,0.0,0.0,0.19454182833433156,0.0,0.0,0.0,0.0,0.8287774801254273,0.0,0.0,0.0,0.0,12.918300724029542
2049-02,2049-02-01,global_mlp,2026-03,190.54183,0.0,0.0,False,0.0,0.0,reported_conditioned_mlp,JOHAN SVERDRUP,,False,0.0,0.0,0.0,0.0,0.22586838901042952,0.0,0.0,0.0,0.0,0.7170919477939609,0.0,0.0,0.0,0.0,12.507528209686283
2049-03,2049-03-01,global_mlp,2026-03,190.54183,0.0,0.0,False,0.0,0.0,reported_conditioned_mlp,JOHAN SVERDRUP,,False,0.0,0.0,0.0,0.0,0.19024858176708231,0.0,0.0,0.0,0.0,0.6105742037296309,0.0,0.0,0.0,0.0,12.27465381622315
2049-04,2049-04-01,global_mlp,2026-03,190.54183,0.0,0.0,False,0.0,0.0,reported_conditioned_mlp,JOHAN SVERDRUP,,False,0.0,0.0,0.0,0.0,0.21215717047452934,0.0,0.0,0.0,0.0,0.8247231662273422,0.0,0.0,0.0,0.0,12.164774227142336
2049-05,2049-05-01,global_mlp,2026-03,190.54183,0.0,0.0,False,0.0,0.0,reported_conditioned_mlp,JOHAN SVERDRUP,,False,0.0,0.0,0.0,0.0,0.24714108854532246,0.0,0.0,0.0,0.0,0.895786225795746,0.0,0.0,0.0,0.0,11.974891662597658
2049-06,2049-06-01,global_mlp,2026-03,190.54183,0.0,0.0,False,0.0,0.0,reported_conditioned_mlp,JOHAN SVERDRUP,,False,0.0,0.0,0.0,0.0,0.26875735223293307,0.0,0.0,0.0,0.0,0.9923234045505525,0.0,0.0,0.0,0.0,11.75501518249512
2049-07,2049-07-01,global_mlp,2026-03,190.54183,0.0,0.0,False,0.0,0.0,reported_conditioned_mlp,JOHAN SVERDRUP,,False,0.0,0.0,0.0,0.0,0.23852512091398254,0.0,0.0,0.0,0.0,0.7458994626998907,0.0,0.0,0.0,0.0,11.667961597442629
2049-08,2049-08-01,global_mlp,2026-03,190.54183,0.0,0.0,False,0.0,0.0,reported_conditioned_mlp,JOHAN SVERDRUP,,False,0.0,0.0,0.0,0.0,0.21056591123342516,0.0,0.0,0.0,0.0,0.7809941351413732,0.0,0.0,0.0,0.0,11.615076446533203
2049-09,2049-09-01,global_mlp,2026-03,190.54183,0.0,0.0,False,0.0,0.0,reported_conditioned_mlp,JOHAN SVERDRUP,,False,0.0,0.0,0.0,0.0,0.21066360920667654,0.0,0.0,0.0,0.0,0.8179488062858584,0.0,0.0,0.0,0.0,11.492185783386232
2049-10,2049-10-01,global_mlp,2026-03,190.54183,0.0,0.0,False,0.0,0.0,reported_conditioned_mlp,JOHAN SVERDRUP,,False,0.0,0.0,0.0,0.0,0.19679298400878908,0.0,0.0,0.0,0.0,0.7795104682445543,0.0,0.0,0.0,0.0,11.314905738830566
2049-11,2049-11-01,global_mlp,2026-03,190.54183,0.0,0.0,False,0.0,0.0,reported_conditioned_mlp,JOHAN SVERDRUP,,False,0.0,0.0,0.0,0.0,0.20522316545248034,0.0,0.0,0.0,0.0,0.6825654506683368,0.0,0.0,0.0,0.0,11.125935459136963
2049-12,2049-12-01,global_mlp,2026-03,190.54183,0.0,0.0,False,0.0,0.0,reported_conditioned_mlp,JOHAN SVERDRUP,,False,0.0,0.0,0.0,0.0,0.20342725366353995,0.0,0.0,0.0,0.0,0.4266514092683795,0.0,0.0,0.0,0.0,10.897090816497803
2050-01,2050-01-01,global_mlp,2026-03,190.54183,0.0,0.0,False,0.0,0.0,reported_conditioned_mlp,JOHAN SVERDRUP,,False,0.0,0.0,0.0,0.0,0.18127459138631827,0.0,0.0,0.0,0.0,0.6646315097808839,0.0,0.0,0.0,0.0,10.744185829162598
2050-02,2050-02-01,global_mlp,2026-03,190.54183,0.0,0.0,False,0.0,0.0,reported_conditioned_mlp,JOHAN SVERDRUP,,False,0.0,0.0,0.0,0.0,0.1628452688455582,0.0,0.0,0.0,0.0,0.5211706221103668,0.0,0.0,0.0,0.0,10.584351825714114
2050-03,2050-03-01,global_mlp,2026-03,190.54183,0.0,0.0,False,0.0,0.0,reported_conditioned_mlp,JOHAN SVERDRUP,,False,0.0,0.0,0.0,0.0,0.13952136486768724,0.0,0.0,0.0,0.0,0.5235771775245668,0.0,0.0,0.0,0.0,10.477346706390385
2050-04,2050-04-01,global_mlp,2026-03,190.54183,0.0,0.0,False,0.0,0.0,reported_conditioned_mlp,JOHAN SVERDRUP,,False,0.0,0.0,0.0,0.0,0.1675111517310143,0.0,0.0,0.0,0.0,0.6670822620391846,0.0,0.0,0.0,0.0,10.311254501342777
2050-05,2050-05-01,global_mlp,2026-03,190.54183,0.0,0.0,False,0.0,0.0,reported_conditioned_mlp,JOHAN SVERDRUP,,False,0.0,0.0,0.0,0.0,0.15504797250032443,0.0,0.0,0.0,0.0,0.5157528102397928,0.0,0.0,0.0,0.0,10.084323596954352
2050-06,2050-06-01,global_mlp,2026-03,190.54183,0.0,0.0,False,0.0,0.0,reported_conditioned_mlp,JOHAN SVERDRUP,,False,0.0,0.0,0.0,0.0,0.16739146858453788,0.0,0.0,0.0,0.0,0.5016949117183701,0.0,0.0,0.0,0.0,9.826295661926276
2050-07,2050-07-01,global_mlp,2026-03,190.54183,0.0,0.0,False,0.0,0.0,reported_conditioned_mlp,JOHAN SVERDRUP,,False,0.0,0.0,0.0,0.0,0.16339765191078187,0.0,0.0,0.0,0.0,0.4581949710845948,0.0,0.0,0.0,0.0,9.665866088867197
2050-08,2050-08-01,global_mlp,2026-03,190.54183,0.0,0.0,False,0.0,0.0,reported_conditioned_mlp,JOHAN SVERDRUP,,False,0.0,0.0,0.0,0.0,0.12835408747196228,0.0,0.0,0.0,0.0,0.3940251141786578,0.0,0.0,0.0,0.0,9.516140365600595
2050-09,2050-09-01,global_mlp,2026-03,190.54183,0.0,0.0,False,0.0,0.0,reported_conditioned_mlp,JOHAN SVERDRUP,,False,0.0,0.0,0.0,0.0,0.14915492832660676,0.0,0.0,0.0,0.0,0.4558874249458319,0.0,0.0,0.0,0.0,9.32139596939088
2050-10,2050-10-01,global_mlp,2026-03,190.54183,0.0,0.0,False,0.0,0.0,reported_conditioned_mlp,JOHAN SVERDRUP,,False,0.0,0.0,0.0,0.0,0.16306428313255317,0.0,0.0,0.0,0.0,0.2938352823257472,0.0,0.0,0.0,0.0,9.204827308654792
2050-11,2050-11-01,global_mlp,2026-03,190.54183,0.0,0.0,False,0.0,0.0,reported_conditioned_mlp,JOHAN SVERDRUP,,False,0.0,0.0,0.0,0.0,0.11043568029999738,0.0,0.0,0.0,0.0,0.2418878808617592,0.0,0.0,0.0,0.0,9.10153493881226
2050-12,2050-12-01,global_mlp,2026-03,190.54183,0.0,0.0,False,0.0,0.0,reported_conditioned_mlp,JOHAN SVERDRUP,,False,0.0,0.0,0.0,0.0,0.10899773314595228,0.0,0.0,0.0,0.0,0.2277760773897173,0.0,0.0,0.0,0.0,8.6811845779419
2051-01,2051-01-01,global_mlp,2026-03,190.54183,0.0,0.0,False,0.0,0.0,reported_conditioned_mlp,JOHAN SVERDRUP,,False,0.0,0.0,0.0,0.0,0.11296865567564987,0.0,0.0,0.0,0.0,0.13587833791971404,0.0,0.0,0.0,0.0,8.340472888946547
2051-02,2051-02-01,global_mlp,2026-03,190.54183,0.0,0.0,False,0.0,0.0,reported_conditioned_mlp,JOHAN SVERDRUP,,False,0.0,0.0,0.0,0.0,0.12407173216342936,0.0,0.0,0.0,0.0,0.2381446331739438,0.0,0.0,0.0,0.0,8.063591861724863
2051-03,2051-03-01,global_mlp,2026-03,190.54183,0.0,0.0,False,0.0,0.0,reported_conditioned_mlp,JOHAN SVERDRUP,,False,0.0,0.0,0.0,0.0,0.08945859819650662,0.0,0.0,0.0,0.0,0.18843835294246694,0.0,0.0,0.0,0.0,8.06007432937623
