month,date,variant,cutoff_month,remaining_reserves_start_msm3oe,production_forecast_msm3oe,remaining_reserves_end_msm3oe,production_was_clipped,fuel_gas_forecast_msm3,fuel_gas_forecast_sm3,fuel_forecast_method,fuel_source_field,fuel_zero_from_month,fuel_zero_override_applied,production_forecast_msm3oe_q10,production_forecast_msm3oe_q30,production_forecast_msm3oe_q50,production_forecast_msm3oe_q70,production_forecast_msm3oe_q90,fuel_gas_forecast_msm3_q10,fuel_gas_forecast_msm3_q30,fuel_gas_forecast_msm3_q50,fuel_gas_forecast_msm3_q70,fuel_gas_forecast_msm3_q90,remaining_reserves_end_msm3oe_q10,remaining_reserves_end_msm3oe_q30,remaining_reserves_end_msm3oe_q50,remaining_reserves_end_msm3oe_q70,remaining_reserves_end_msm3oe_q90
2026-04,2026-04-01,global_mlp,2026-03,32.261436,0.16915356367826462,32.09228324890137,False,1.8686301112174988,1868630.1112174988,reported_conditioned_mlp,VALHALL,,False,0.12580047696828842,0.15428521633148193,0.16915356367826462,0.18358014523983002,0.21262860447168352,0.8471464037895204,1.3980822801589965,1.8686301112174988,2.325510454177856,3.8276758670806887,32.048807525634764,32.07785758972168,32.09228324890137,32.10715179443359,32.13563613891601
2026-05,2026-05-01,global_mlp,2026-03,32.261436,0.17280633747577667,31.91886615753174,False,1.6419286727905273,1641928.6727905273,reported_conditioned_mlp,VALHALL,,False,0.12580299228429795,0.15386065542697908,0.17280633747577667,0.19110555201768872,0.22887073308229447,0.7110134601593018,1.2947259783744811,1.6419286727905273,2.0431625366210935,2.8522275447845464,31.825515937805175,31.8874792098999,31.91886615753174,31.94574394226074,32.012716674804686
2026-06,2026-06-01,global_mlp,2026-03,32.261436,0.17179854214191437,31.747387886047363,False,1.4496163129806519,1449616.3129806519,reported_conditioned_mlp,VALHALL,,False,0.11863592267036438,0.15634897947311402,0.17179854214191437,0.18900786638259887,0.21976393461227417,0.6268089890480042,1.1076647639274597,1.4496163129806519,1.9183579564094535,3.044279193878174,31.627361488342284,31.702426528930665,31.747387886047363,31.795699310302734,31.87944564819336
2026-07,2026-07-01,global_mlp,2026-03,32.261436,0.16948536783456802,31.585525512695312,False,1.6597529649734497,1659752.9649734497,reported_conditioned_mlp,VALHALL,,False,0.12174684181809425,0.1530880242586136,0.16948536783456802,0.18537200391292571,0.2216979742050171,0.5288202643394472,1.26977778673172,1.6597529649734497,2.1459998607635495,2.9115380048751835,31.42936420440674,31.52581043243408,31.585525512695312,31.649065589904787,31.742710494995116
2026-08,2026-08-01,global_mlp,2026-03,32.261436,0.1613190695643425,31.42436695098877,False,1.552021563053131,1552021.563053131,reported_conditioned_mlp,VALHALL,,False,0.11820686832070351,0.1461193159222603,0.1613190695643425,0.17774051427841187,0.20781208872795104,0.6262240648269654,1.2050042390823363,1.552021563053131,2.0496802091598507,3.06368477344513,31.235772705078126,31.35348434448242,31.42436695098877,31.501606369018553,31.5981595993042
2026-09,2026-09-01,global_mlp,2026-03,32.261436,0.16984964162111282,31.266080856323242,False,1.5150505304336548,1515050.5304336548,reported_conditioned_mlp,VALHALL,,False,0.11894333511590957,0.15023220628499984,0.16984964162111282,0.1877582862973213,0.22154402136802673,0.40312825143337255,1.1042505145072936,1.5150505304336548,1.9388875484466552,3.0203514575958263,31.023937225341797,31.17025718688965,31.266080856323242,31.360446739196778,31.455705451965333
2026-10,2026-10-01,global_mlp,2026-03,32.261436,0.1683163344860077,31.106292724609375,False,1.775875747203827,1775875.747203827,reported_conditioned_mlp,VALHALL,,False,0.11289596259593965,0.14925280064344407,0.1683163344860077,0.18860483616590495,0.22666201740503314,0.5635186731815338,1.297056007385254,1.775875747203827,2.258076190948486,3.112699890136719,30.814657974243165,30.994839096069335,31.106292724609375,31.201934242248534,31.328820610046385
2026-11,2026-11-01,global_mlp,2026-03,32.261436,0.18007099628448486,30.931398391723633,False,1.7178773880004883,1717877.3880004883,reported_conditioned_mlp,VALHALL,,False,0.12151999101042747,0.158269402384758,0.18007099628448486,0.20692182332277295,0.24622031897306446,0.46143293082714093,1.2124374628067016,1.7178773880004883,2.204293704032898,3.050127363204956,30.58904857635498,30.797580909729003,30.931398391723633,31.044186401367188,31.198751831054686
2026-12,2026-12-01,global_mlp,2026-03,32.261436,0.18001234531402588,30.760204315185547,False,1.4596660137176514,1459666.0137176514,reported_conditioned_mlp,VALHALL,,False,0.12067808583378792,0.1579234093427658,0.18001234531402588,0.20388222932815547,0.2511741191148758,0.36162663698196423,1.029663074016571,1.4596660137176514,2.0064641475677485,2.82216796875,30.346314430236816,30.59666347503662,30.760204315185547,30.881453704833984,31.066558837890625
2027-01,2027-01-01,global_mlp,2026-03,32.261436,0.17607107013463974,30.583820343017578,False,1.5733069777488708,1573306.9777488708,reported_conditioned_mlp,VALHALL,,False,0.11855036094784736,0.15384498685598372,0.17607107013463974,0.20193008929491038,0.24406087249517447,0.21180474609136593,1.1586361527442932,1.5733069777488708,2.0529544115066525,2.9220948934555055,30.11106586456299,30.397744178771973,30.583820343017578,30.729073905944823,30.92910099029541
2027-02,2027-02-01,global_mlp,2026-03,32.261436,0.16601505130529404,30.409379959106445,False,1.5445226430892944,1544522.6430892944,reported_conditioned_mlp,VALHALL,,False,0.10378221571445467,0.14964217841625213,0.16601505130529404,0.19365178048610687,0.23907069265842437,0.22972809225320848,1.0675073623657225,1.5445226430892944,2.1046443462371824,3.270171260833741,29.88666362762451,30.216274070739747,30.409379959106445,30.564921951293947,30.80124626159668
2027-03,2027-03-01,global_mlp,2026-03,32.261436,0.16102030128240585,30.24949359893799,False,1.512534499168396,1512534.499168396,reported_conditioned_mlp,VALHALL,,False,0.08654539361596109,0.1393820971250534,0.16102030128240585,0.18235124498605726,0.21871513426303865,0.07073443979024892,1.062039291858673,1.512534499168396,2.012603211402893,2.9890064001083383,29.70296459197998,30.037695693969727,30.24949359893799,30.417504119873048,30.700465202331543
2027-04,2027-04-01,global_mlp,2026-03,32.261436,0.16792874783277512,30.09034824371338,False,2.7611145973205566,2761114.5973205566,reported_conditioned_mlp,VALHALL,,False,0.10439692810177803,0.14207591116428375,0.16792874783277512,0.18853341639041896,0.23723320364952089,1.0628694891929626,1.9814502477645872,2.7611145973205566,3.6870090007781977,5.683786153793336,29.47952194213867,29.8720609664917,30.09034824371338,30.26168155670166,30.58555793762207
2027-05,2027-05-01,global_mlp,2026-03,32.261436,0.16671936213970184,29.928550720214844,False,2.6483997106552124,2648399.7106552124,reported_conditioned_mlp,VALHALL,,False,0.10277158543467523,0.1447107434272766,0.16671936213970184,0.19377814829349518,0.23889560848474503,0.984593939781189,1.917511534690857,2.6483997106552124,3.4037951946258542,5.275743293762208,29.261145782470702,29.674841499328615,29.928550720214844,30.09586544036865,30.45737953186035
2027-06,2027-06-01,global_mlp,2026-03,32.261436,0.16975153237581253,29.74943447113037,False,2.2474236488342285,2247423.6488342285,reported_conditioned_mlp,VALHALL,,False,0.11005573421716694,0.14333661943674086,0.16975153237581253,0.19304653108119962,0.23826161921024322,0.7930647671222687,1.6321403145790099,2.2474236488342285,3.1093055248260497,5.0493454456329365,29.064453125,29.491272926330566,29.74943447113037,29.929487800598146,30.326996994018554
2027-07,2027-07-01,global_mlp,2026-03,32.261436,0.16713110357522964,29.568105697631836,False,2.4405401945114136,2440540.1945114136,reported_conditioned_mlp,VALHALL,,False,0.10353086218237877,0.14502522498369216,0.16713110357522964,0.19415031522512435,0.2382221579551697,1.109422016143799,1.8212703943252564,2.4405401945114136,3.1990922927856444,4.69917359352112,28.816744232177733,29.31574592590332,29.568105697631836,29.78522300720215,30.193096733093263
2027-08,2027-08-01,global_mlp,2026-03,32.261436,0.15795323252677917,29.41777992248535,False,2.3434947729110718,2343494.772911072,reported_conditioned_mlp,VALHALL,,False,0.10269947350025177,0.1356355592608452,0.15795323252677917,0.18431841284036635,0.2250376418232918,0.8999157547950745,1.726035475730896,2.3434947729110718,3.0043242454528807,4.490838241577149,28.6233922958374,29.13582077026367,29.41777992248535,29.655337142944337,30.07636890411377
2027-09,2027-09-01,global_mlp,2026-03,32.261436,0.16116327047348022,29.240891456604004,False,2.2549082040786743,2254908.2040786743,reported_conditioned_mlp,VALHALL,,False,0.10023286044597628,0.1367100402712822,0.16116327047348022,0.19165509194135666,0.24237330555915837,0.7683420717716217,1.7311596035957335,2.2549082040786743,2.9801747560501095,4.305792284011841,28.44874324798584,28.951044845581055,29.240891456604004,29.517370414733886,29.953345489501952
2027-10,2027-10-01,global_mlp,2026-03,32.261436,0.16164544969797134,29.071605682373047,False,2.4039024114608765,2403902.4114608765,reported_conditioned_mlp,VALHALL,,False,0.09271041080355645,0.13466539829969407,0.16164544969797134,0.1956867977976799,0.24670224338769914,0.911696320772171,1.7837797403335571,2.4039024114608765,3.0807024240493766,4.406947278976441,28.230930137634278,28.777459335327148,29.071605682373047,29.369976425170897,29.83524398803711
2027-11,2027-11-01,global_mlp,2026-03,32.261436,0.17161668837070465,28.88487148284912,False,2.4732260704040527,2473226.0704040527,reported_conditioned_mlp,VALHALL,,False,0.10172864943742753,0.14642122834920882,0.17161668837070465,0.2023377493023872,0.271346652507782,1.0602589488029481,1.90023353099823,2.4732260704040527,3.266796708106994,4.571304655075075,27.999531745910645,28.604617309570312,28.88487148284912,29.19744701385498,29.705781936645508
2027-12,2027-12-01,global_mlp,2026-03,32.261436,0.1698491871356964,28.702838897705078,False,2.462049961090088,2462049.961090088,reported_conditioned_mlp,VALHALL,,False,0.0956935279071331,0.14303259700536727,0.1698491871356964,0.20394565314054483,0.25939019918441775,0.8485223054885865,1.7926661014556884,2.462049961090088,3.3352471590042114,4.752964782714844,27.802856254577637,28.406253242492674,28.702838897705078,29.037162017822265,29.589466094970703
2028-01,2028-01-01,global_mlp,2026-03,32.261436,0.16797242313623428,28.542778968811035,False,2.447179675102234,2447179.675102234,reported_conditioned_mlp,VALHALL,,False,0.09226922541856766,0.13992756307125093,0.16797242313623428,0.202190163731575,0.26168591380119327,0.7457940757274628,1.7597578048706053,2.447179675102234,3.1205235481262203,4.358496904373173,27.549376678466796,28.22353515625,28.542778968811035,28.87131519317627,29.483212280273438
2028-02,2028-02-01,global_mlp,2026-03,32.261436,0.16179878264665604,28.387454986572266,False,2.2745176553726196,2274517.6553726196,reported_conditioned_mlp,VALHALL,,False,0.08102437779307367,0.13651992976665497,0.16179878264665604,0.19612949341535565,0.24918648302555085,0.5787995994091037,1.6301264405250548,2.2745176553726196,3.035373950004577,4.6585899829864506,27.31828842163086,28.055583572387697,28.387454986572266,28.734287071228028,29.38616065979004
2028-03,2028-03-01,global_mlp,2026-03,32.261436,0.15641938149929047,28.244516372680664,False,2.1579827070236206,2157982.7070236206,reported_conditioned_mlp,VALHALL,,False,0.07702913135290146,0.12759607136249543,0.15641938149929047,0.18644927442073822,0.24667654633522035,0.381612238287926,1.5643536925315855,2.1579827070236206,2.9323312997817985,4.144069433212281,27.089424705505373,27.859552001953126,28.244516372680664,28.593222999572752,29.267200851440432
2028-04,2028-04-01,global_mlp,2026-03,32.261436,0.16133899241685867,28.078221321105957,False,3.016606569290161,3016606.569290161,reported_conditioned_mlp,VALHALL,,False,0.09422666504979134,0.13467952609062195,0.16133899241685867,0.1918555125594139,0.2503460645675659,1.2534051537513733,2.2624959707260133,3.016606569290161,4.382774114608764,7.228518962860107,26.868224143981934,27.68278350830078,28.078221321105957,28.45202465057373,29.13762969970703
2028-05,2028-05-01,global_mlp,2026-03,32.261436,0.16673396527767181,27.910499572753906,False,2.9746264219284058,2974626.4219284058,reported_conditioned_mlp,VALHALL,,False,0.09201892241835595,0.13459528535604476,0.16673396527767181,0.19430676251649853,0.24216738492250445,1.2939485430717468,2.2138162374496457,2.9746264219284058,4.201619577407835,6.613298034667969,26.676524353027343,27.481540489196778,27.910499572753906,28.30358772277832,29.014159965515137
2028-06,2028-06-01,global_mlp,2026-03,32.261436,0.16421981900930405,27.741610527038574,False,2.7868443727493286,2786844.3727493286,reported_conditioned_mlp,VALHALL,,False,0.08871450871229172,0.13198262900114058,0.16421981900930405,0.19185840189456937,0.2364400163292885,1.0763553857803347,1.9417631030082703,2.7868443727493286,3.9225197315216063,6.175281047821046,26.484840393066406,27.278933143615724,27.741610527038574,28.17559185028076,28.885201072692873
2028-07,2028-07-01,global_mlp,2026-03,32.261436,0.15837778896093369,27.599709510803223,False,2.830808401107788,2830808.401107788,reported_conditioned_mlp,VALHALL,,False,0.0751850925385952,0.13038206100463864,0.15837778896093369,0.1853304475545883,0.2305359408259392,1.1026822447776796,2.0379896640777586,2.830808401107788,3.8420814990997316,6.173325824737551,26.265709495544435,27.117355155944825,27.599709510803223,28.019816207885743,28.802509689331053
2028-08,2028-08-01,global_mlp,2026-03,32.261436,0.14996382594108582,27.43108558654785,False,2.6833324432373047,2683332.4432373047,reported_conditioned_mlp,VALHALL,,False,0.07321075722575188,0.12379002645611763,0.14996382594108582,0.17631422877311703,0.22741334140300754,0.9146303176879885,1.9786828637123108,2.6833324432373047,3.6960511922836297,6.238076353073122,26.08972225189209,26.965442848205566,27.43108558654785,27.897634506225586,28.674633979797363
2028-09,2028-09-01,global_mlp,2026-03,32.261436,0.1565503552556038,27.27965545654297,False,2.50603187084198,2506031.87084198,reported_conditioned_mlp,VALHALL,,False,0.08515574634075165,0.13106465637683867,0.1565503552556038,0.17997648268938055,0.23779511749744417,0.7444368541240692,1.850748562812805,2.50603187084198,3.423601913452148,5.405891990661622,25.879650688171388,26.756612014770507,27.27965545654297,27.785376167297365,28.565531539916993
2028-10,2028-10-01,global_mlp,2026-03,32.261436,0.1550511196255684,27.109752655029297,False,2.826882004737854,2826882.004737854,reported_conditioned_mlp,VALHALL,,False,0.0748393639922142,0.1276840940117836,0.1550511196255684,0.18721495419740675,0.24539184123277663,0.8109520196914674,2.1209932804107665,2.826882004737854,3.7967628240585314,5.882795667648317,25.667790412902832,26.576544761657715,27.109752655029297,27.65939235687256,28.450885581970216
2028-11,2028-11-01,global_mlp,2026-03,32.261436,0.16740811616182327,26.94089984893799,False,2.9557920694351196,2955792.0694351196,reported_conditioned_mlp,VALHALL,,False,0.08902247324585914,0.139532271027565,0.16740811616182327,0.2004731774330139,0.2541231632232666,0.6144649088382726,2.2436302661895753,2.9557920694351196,3.8425913095474225,5.951618003845215,25.440215873718262,26.39705123901367,26.94089984893799,27.518561935424806,28.350118255615236
2028-12,2028-12-01,global_mlp,2026-03,32.261436,0.16794779896736145,26.754143714904785,False,2.81545090675354,2815450.90675354,reported_conditioned_mlp,VALHALL,,False,0.08886501640081407,0.13292513340711593,0.16794779896736145,0.1973617285490036,0.24432903677225115,0.7047006726264957,2.039164423942566,2.81545090675354,3.8307019710540757,5.65859136581421,25.27687797546387,26.219785690307617,26.754143714904785,27.370776748657228,28.218883323669434
2029-01,2029-01-01,global_mlp,2026-03,32.261436,0.16466858983039856,26.59064292907715,False,2.684821844100952,2684821.844100952,reported_conditioned_mlp,VALHALL,,False,0.0835794024169445,0.13002577871084214,0.16466858983039856,0.19326240867376326,0.24872372001409532,0.40506552457809464,1.9148297667503356,2.684821844100952,3.627503085136412,5.51798624992371,25.04488334655762,26.04099063873291,26.59064292907715,27.219579696655273,28.062483024597167
2029-02,2029-02-01,global_mlp,2026-03,32.261436,0.15748703479766846,26.436702728271484,False,2.67658269405365,2676582.69405365,reported_conditioned_mlp,VALHALL,,False,0.07669329047203065,0.12416401207447052,0.15748703479766846,0.1855345249176025,0.2290364220738412,0.35152690112590795,1.7944002628326414,2.67658269405365,3.6206787109374994,5.9185364723205565,24.81934299468994,25.859494018554688,26.436702728271484,27.08956985473633,27.935934638977052
2029-03,2029-03-01,global_mlp,2026-03,32.261436,0.1462099403142929,26.293152809143066,False,2.443347930908203,2443347.930908203,reported_conditioned_mlp,VALHALL,,False,0.06726286634802818,0.11155682802200316,0.1462099403142929,0.1705671638250351,0.22318118661642075,0.13024009019136432,1.5893120169639587,2.443347930908203,3.3760669469833373,5.004904890060426,24.598681259155274,25.700134658813475,26.293152809143066,26.972110176086424,27.831072044372558
2029-04,2029-04-01,global_mlp,2026-03,32.261436,0.1506146490573883,26.156387329101562,False,3.3366825580596924,3336682.5580596924,reported_conditioned_mlp,VALHALL,,False,0.08089305236935616,0.12045171260833737,0.1506146490573883,0.18058504462242125,0.22389455139636996,1.3969960808753967,2.366417169570923,3.3366825580596924,4.777546501159668,7.489511108398439,24.402042961120607,25.51318778991699,26.156387329101562,26.850338172912597,27.713701820373537
2029-05,2029-05-01,global_mlp,2026-03,32.261436,0.15348424762487411,25.989612579345703,False,3.1721839904785156,3172183.9904785156,reported_conditioned_mlp,VALHALL,,False,0.08904245495796204,0.12368647381663321,0.15348424762487411,0.18244668692350388,0.23325292468070985,1.4764446854591369,2.373777151107788,3.1721839904785156,4.32234969139099,6.508245468139649,24.206908416748046,25.344274711608886,25.989612579345703,26.702198600769044,27.595561981201172
2029-06,2029-06-01,global_mlp,2026-03,32.261436,0.150472491979599,25.829349517822266,False,2.8512192964553833,2851219.2964553833,reported_conditioned_mlp,VALHALL,,False,0.07670177668333054,0.12031060829758644,0.150472491979599,0.17979385405778883,0.23249878287315376,1.1052759289741518,2.236944317817688,2.8512192964553833,4.068020915985107,6.477233362197877,24.05116710662842,25.1667688369751,25.829349517822266,26.598623085021973,27.47188529968262
2029-07,2029-07-01,global_mlp,2026-03,32.261436,0.1522417813539505,25.64924430847168,False,3.1237170696258545,3123717.0696258545,reported_conditioned_mlp,VALHALL,,False,0.08179125785827637,0.12221368849277496,0.1522417813539505,0.17948883622884748,0.2277121350169182,1.1696547865867615,2.330838656425476,3.1237170696258545,4.295615053176879,6.442831373214722,23.847292518615724,24.996621322631835,25.64924430847168,26.459150123596192,27.367731666564943
2029-08,2029-08-01,global_mlp,2026-03,32.261436,0.1432301104068756,25.51863670349121,False,2.7654722929000854,2765472.2929000854,reported_conditioned_mlp,VALHALL,,False,0.07024779841303826,0.11342759951949119,0.1432301104068756,0.1698722556233406,0.22478260993957525,1.0118546843528748,2.049221110343933,2.7654722929000854,3.8562469244003297,6.1262740135192875,23.57572784423828,24.837520027160643,25.51863670349121,26.34749412536621,27.295237159729005
2029-09,2029-09-01,global_mlp,2026-03,32.261436,0.14060958474874496,25.375307083129883,False,2.63001811504364,2630018.11504364,reported_conditioned_mlp,VALHALL,,False,0.07574796676635742,0.112537844479084,0.14060958474874496,0.1761114001274109,0.22933802306652074,0.68116215467453,1.8289864778518676,2.63001811504364,3.4549408197402953,6.256452226638794,23.440075492858888,24.652012252807616,25.375307083129883,26.225803947448732,27.185055351257326
2029-10,2029-10-01,global_mlp,2026-03,32.261436,0.14398039877414703,25.22876262664795,False,2.92888867855072,2928888.67855072,reported_conditioned_mlp,VALHALL,,False,0.07309843748807908,0.11508288830518722,0.14398039877414703,0.18334314078092573,0.2324174195528031,1.02801388502121,2.2792076587677,2.92888867855072,4.231901168823242,6.6398849487304705,23.119009971618652,24.487536239624024,25.22876262664795,26.08683090209961,27.09235324859619
2029-11,2029-11-01,global_mlp,2026-03,32.261436,0.15594016760587692,25.10416030883789,False,3.2820873260498047,3282087.3260498047,reported_conditioned_mlp,VALHALL,,False,0.08211101591587067,0.12156760245561599,0.15594016760587692,0.19619217962026594,0.24349851459264757,0.9413516700267793,2.4113481044769287,3.2820873260498047,4.381364822387695,6.066239833831788,22.91091842651367,24.28643856048584,25.10416030883789,25.95169143676758,26.97176914215088
2029-12,2029-12-01,global_mlp,2026-03,32.261436,0.15617217868566513,24.930562019348145,False,2.946653127670288,2946653.127670288,reported_conditioned_mlp,VALHALL,,False,0.08130932524800301,0.11598968431353568,0.15617217868566513,0.18475324511528013,0.24596169441938404,0.6513171434402467,2.0841789722442625,2.946653127670288,4.054761123657225,6.341880130767823,22.697355270385742,24.070429801940918,24.930562019348145,25.825070190429688,26.88916187286377
2030-01,2030-01-01,global_mlp,2026-03,32.261436,0.15457846969366074,24.820768356323242,False,2.8214378356933594,2821437.8356933594,reported_conditioned_mlp,VALHALL,,False,0.07742190584540368,0.12108238860964775,0.15457846969366074,0.18741549104452132,0.24162697792053225,0.37459303140640265,2.002859342098236,2.8214378356933594,3.843927693367004,5.810684251785282,22.43898754119873,23.894641304016112,24.820768356323242,25.64027862548828,26.785993576049805
2030-02,2030-02-01,global_mlp,2026-03,32.261436,0.142170287668705,24.67097282409668,False,2.7350664138793945,2735066.4138793945,reported_conditioned_mlp,VALHALL,,False,0.07670030370354652,0.11483218595385551,0.142170287668705,0.1754874527454376,0.23710210025310516,0.38211859166622186,1.970890974998474,2.7350664138793945,3.724695301055905,5.5390899181365985,22.292023086547854,23.70962142944336,24.67097282409668,25.518151092529298,26.670300483703613
2030-03,2030-03-01,global_mlp,2026-03,32.261436,0.13733742386102676,24.531557083129883,False,2.5427099466323853,2542709.9466323853,reported_conditioned_mlp,VALHALL,,False,0.06458652392029762,0.10121539235115051,0.13733742386102676,0.16905561685562134,0.23261911123991016,0.2555746704339982,1.6712074279785152,2.5427099466323853,3.463206124305725,5.694329833984377,22.067347717285156,23.542285537719728,24.531557083129883,25.43489303588867,26.561516189575197
2030-04,2030-04-01,global_mlp,2026-03,32.261436,0.14414261281490326,24.387861251831055,False,3.4471566677093506,3447156.6677093506,reported_conditioned_mlp,VALHALL,,False,0.08085106387734413,0.1150176629424095,0.14414261281490326,0.17449753731489173,0.2288617789745331,1.5593283891677856,2.514357757568359,3.4471566677093506,4.760933303833007,7.672119569778445,21.881071090698242,23.37552833557129,24.387861251831055,25.303457260131836,26.48372917175293
2030-05,2030-05-01,global_mlp,2026-03,32.261436,0.14486852288246155,24.30060386657715,False,3.2497929334640503,3249792.9334640503,reported_conditioned_mlp,VALHALL,,False,0.0794385813176632,0.11894563212990761,0.14486852288246155,0.17437113821506495,0.2285482481122017,1.5090832352638246,2.430562114715576,3.2497929334640503,4.657224559783935,7.724387121200563,21.665161514282225,23.243758392333984,24.30060386657715,25.129203605651856,26.419375038146974
2030-06,2030-06-01,global_mlp,2026-03,32.261436,0.14194702357053757,24.143202781677246,False,3.2047204971313477,3204720.4971313477,reported_conditioned_mlp,VALHALL,,False,0.07679689824581147,0.1153762973845005,0.14194702357053757,0.17332937270402907,0.22300472855567932,1.0991150617599488,2.2639544010162354,3.2047204971313477,4.426545190811156,6.877489995956426,21.457165145874022,23.105301284790038,24.143202781677246,24.98606719970703,26.32846908569336
2030-07,2030-07-01,global_mlp,2026-03,32.261436,0.1407419890165329,23.991459846496582,False,3.370956540107727,3370956.540107727,reported_conditioned_mlp,VALHALL,,False,0.07856055051088333,0.11274086982011794,0.1407419890165329,0.16758490949869154,0.2133847460150719,1.1459625601768495,2.380718541145325,3.370956540107727,4.407588624954223,7.1975414276123075,21.27125835418701,22.94123363494873,23.991459846496582,24.872484016418458,26.18620357513428
2030-08,2030-08-01,global_mlp,2026-03,32.261436,0.13169509917497635,23.856449127197266,False,3.036912679672241,3036912.679672241,reported_conditioned_mlp,VALHALL,,False,0.06513530537486076,0.10251478552818297,0.13169509917497635,0.15989862382411957,0.20748201310634615,1.0697055339813235,2.1635564804077148,3.036912679672241,4.092308044433593,6.8935261249542235,21.075315284729005,22.80465965270996,23.856449127197266,24.736087799072266,26.087744331359865
2030-09,2030-09-01,global_mlp,2026-03,32.261436,0.13479989022016525,23.693358421325684,False,2.8308095932006836,2830809.5932006836,reported_conditioned_mlp,VALHALL,,False,0.0684592641890049,0.11084777414798737,0.13479989022016525,0.16804340481758115,0.22131118625402452,0.8915527939796448,1.9829360485076903,2.8308095932006836,4.147420024871825,6.814101648330689,20.854013824462893,22.649690628051758,23.693358421325684,24.603708076477048,25.97454414367676
2030-10,2030-10-01,global_mlp,2026-03,32.261436,0.13904988765716553,23.5272274017334,False,3.2119293212890625,3211929.3212890625,reported_conditioned_mlp,VALHALL,,False,0.06971575170755387,0.11040280014276505,0.13904988765716553,0.17202313095331193,0.22854689806699757,1.0980613470077518,2.3140936136245727,3.2119293212890625,4.642637491226196,7.151809453964234,20.666400718688966,22.473327255249025,23.5272274017334,24.47705020904541,25.847849655151368
2030-11,2030-11-01,global_mlp,2026-03,32.261436,0.15173779428005219,23.400039672851562,False,3.5228586196899414,3522858.6196899414,reported_conditioned_mlp,VALHALL,,False,0.08396037891507149,0.12266839221119881,0.15173779428005219,0.18415866643190376,0.23703669607639313,1.2712699294090273,2.5079904794692993,3.5228586196899414,4.888756942749023,7.171085929870607,20.48029899597168,22.266313362121583,23.400039672851562,24.353230285644532,25.759832763671874
2030-12,2030-12-01,global_mlp,2026-03,32.261436,0.1477293074131012,23.22261333465576,False,3.3409138917922974,3340913.8917922974,reported_conditioned_mlp,VALHALL,,False,0.07104815244674684,0.11410431936383246,0.1477293074131012,0.18110741972923278,0.23431099951267245,1.1277885794639588,2.2344584703445434,3.3409138917922974,4.688190650939941,7.03931531906128,20.200900459289553,22.08750629425049,23.22261333465576,24.24423427581787,25.67178249359131
2031-01,2031-01-01,global_mlp,2026-03,32.261436,0.14257416129112244,23.06686782836914,False,3.136830449104309,3136830.449104309,reported_conditioned_mlp,VALHALL,,False,0.06416594013571739,0.10848295539617538,0.14257416129112244,0.17502697408199308,0.24085353612899782,0.7126791775226595,2.1374135494232176,3.136830449104309,4.254883337020874,6.51754870414734,19.945167541503906,22.012290000915527,23.06686782836914,24.117496681213378,25.608695602416994
2031-02,2031-02-01,global_mlp,2026-03,32.261436,0.13653112947940826,22.906522750854492,False,2.9429941177368164,2942994.1177368164,reported_conditioned_mlp,VALHALL,,False,0.0664048969745636,0.10769904926419258,0.13653112947940826,0.16985548138618467,0.23991070240736012,0.6735147595405582,2.01335973739624,2.9429941177368164,4.174776792526245,6.567018842697143,19.686705780029296,21.852024269104003,22.906522750854492,24.004238319396972,25.523940658569337
2031-03,2031-03-01,global_mlp,2026-03,32.261436,0.12775227427482605,22.770143508911133,False,2.763956665992737,2763956.665992737,reported_conditioned_mlp,VALHALL,,False,0.05246403552591801,0.10105801224708556,0.12775227427482605,0.1591475576162338,0.2246731296181679,0.47762852609157563,1.8923635959625242,2.763956665992737,3.800083374977112,5.827593374252322,19.546752738952637,21.72679576873779,22.770143508911133,23.91848373413086,25.37099266052246
2031-04,2031-04-01,global_mlp,2026-03,32.261436,0.13471323996782303,22.621331214904785,False,3.5484349727630615,3548434.9727630615,reported_conditioned_mlp,VALHALL,,False,0.07695507183670998,0.11015959680080413,0.13471323996782303,0.16510705053806304,0.2348724752664566,1.7013417840003968,2.6214563369750974,3.5484349727630615,5.087226390838623,7.839047861099244,19.372274017333986,21.611091804504394,22.621331214904785,23.75154342651367,25.278883171081542
2031-05,2031-05-01,global_mlp,2026-03,32.261436,0.1362384706735611,22.515430450439453,False,3.3550838232040405,3355083.8232040405,reported_conditioned_mlp,VALHALL,,False,0.0686123251914978,0.10919730067253113,0.1362384706735611,0.1698969259858131,0.22130448371171954,1.3058641552925112,2.503425598144531,3.3550838232040405,4.638773488998411,7.5731588363647475,19.251493072509767,21.455770111083982,22.515430450439453,23.5997257232666,25.187678337097168
2031-06,2031-06-01,global_mlp,2026-03,32.261436,0.1332138031721115,22.353713035583496,False,3.2330563068389893,3233056.3068389893,reported_conditioned_mlp,VALHALL,,False,0.06555742993950844,0.10470950677990913,0.1332138031721115,0.1651442438364029,0.22420832961797715,1.2708995342254639,2.402960419654846,3.2330563068389893,4.630384159088134,7.428539896011354,19.03537082672119,21.291868209838867,22.353713035583496,23.449652099609374,25.054941368103027
2031-07,2031-07-01,global_mlp,2026-03,32.261436,0.1361759901046753,22.21779155731201,False,3.5566200017929077,3556620.0017929077,reported_conditioned_mlp,VALHALL,,False,0.07200819626450539,0.10383529886603356,0.1361759901046753,0.1713409662246703,0.22684037983417513,1.3755059123039246,2.5445553064346313,3.5566200017929077,4.930122756958007,7.637082767486572,18.739523696899415,21.147897529602048,22.21779155731201,23.296286201477052,24.902224731445315
2031-08,2031-08-01,global_mlp,2026-03,32.261436,0.12605473399162292,22.076324462890625,False,3.2090060710906982,3209006.0710906982,reported_conditioned_mlp,VALHALL,,False,0.07066511064767837,0.09847721233963966,0.12605473399162292,0.1579178735613823,0.20903136879205705,0.974840247631073,2.3229686498641966,3.2090060710906982,4.59363784790039,7.239122438430787,18.5370813369751,21.024481773376465,22.076324462890625,23.158094787597655,24.823501586914062
2031-09,2031-09-01,global_mlp,2026-03,32.261436,0.13119546324014664,21.948195457458496,False,3.010860562324524,3010860.562324524,reported_conditioned_mlp,VALHALL,,False,0.06972173601388931,0.10450957044959068,0.13119546324014664,0.1667277500033378,0.22648631483316442,0.7663742363452912,2.1937440156936643,3.010860562324524,4.298070669174192,6.945908308029176,18.318751335144043,20.87412052154541,21.948195457458496,23.050486755371093,24.764046669006348
2031-10,2031-10-01,global_mlp,2026-03,32.261436,0.12952282279729843,21.78114604949951,False,3.3619093894958496,3361909.3894958496,reported_conditioned_mlp,VALHALL,,False,0.06118735484778881,0.10031950250267982,0.12952282279729843,0.1647692665457725,0.23413591086864494,1.116966152191162,2.5747143268585204,3.3619093894958496,4.646513557434081,7.436706686019898,18.144156837463377,20.75090847015381,21.78114604949951,22.938954544067382,24.651458168029787
2031-11,2031-11-01,global_mlp,2026-03,32.261436,0.14221350103616714,21.625612258911133,False,3.4917837381362915,3491783.7381362915,reported_conditioned_mlp,VALHALL,,False,0.07225041463971138,0.1082203634083271,0.14221350103616714,0.18001025319099426,0.24619962573051457,0.9506417989730835,2.6390720367431637,3.4917837381362915,4.678631639480589,7.116727590560913,18.01359634399414,20.603294944763185,21.625612258911133,22.802371978759766,24.521093559265143
2031-12,2031-12-01,global_mlp,2026-03,32.261436,0.13483084738254547,21.5325984954834,False,3.3524593114852905,3352459.3114852905,reported_conditioned_mlp,VALHALL,,False,0.06943607181310654,0.10597355812788009,0.13483084738254547,0.17423668950796126,0.2464043110609055,0.7931719243526458,2.477334189414978,3.3524593114852905,4.637348604202271,7.272341775894165,17.848246383666993,20.400749015808106,21.5325984954834,22.662335968017576,24.465853691101078
2032-01,2032-01-01,global_mlp,2026-03,32.261436,0.14131265878677368,21.426762580871582,False,3.277772307395935,3277772.307395935,reported_conditioned_mlp,VALHALL,,False,0.07130957841873169,0.10763447657227516,0.14131265878677368,0.17043606191873548,0.24518948644399646,0.8564601182937626,2.418149638175964,3.277772307395935,4.308928203582763,7.065629196166994,17.683500289916992,20.210435485839845,21.426762580871582,22.55204219818115,24.396138000488282
2032-02,2032-02-01,global_mlp,2026-03,32.261436,0.135921910405159,21.299973487854004,False,3.213832139968872,3213832.139968872,reported_conditioned_mlp,VALHALL,,False,0.06803910434246065,0.09874950870871543,0.135921910405159,0.1702115327119827,0.23898207992315296,0.5778158783912661,2.0769339084625242,3.213832139968872,4.437559366226194,7.1258224010467535,17.491221809387206,20.030171203613282,21.299973487854004,22.441667556762695,24.288754081726076
2032-03,2032-03-01,global_mlp,2026-03,32.261436,0.12142651528120041,21.16108989715576,False,2.90058434009552,2900584.34009552,reported_conditioned_mlp,VALHALL,,False,0.05610558018088341,0.09460857808589936,0.12142651528120041,0.15731147527694694,0.243608258664608,0.28207714259624483,1.8282074451446533,2.90058434009552,4.101972913742064,6.705493974685669,17.322421836853028,19.855610656738282,21.16108989715576,22.331682777404787,24.238255310058594
2032-04,2032-04-01,global_mlp,2026-03,32.261436,0.13647213578224182,21.009300231933594,False,3.6514835357666016,3651483.5357666016,reported_conditioned_mlp,VALHALL,,False,0.07285543158650398,0.1070718303322792,0.13647213578224182,0.16657843291759492,0.23185947686433797,1.3915803074836732,2.408901262283325,3.6514835357666016,5.321173763275144,9.071134185791017,16.9604793548584,19.739965438842773,21.009300231933594,22.224463844299315,24.169557189941408
2032-05,2032-05-01,global_mlp,2026-03,32.261436,0.1401861608028412,20.847413063049316,False,3.3219252824783325,3321925.2824783325,reported_conditioned_mlp,VALHALL,,False,0.06755731850862504,0.11263978779315949,0.1401861608028412,0.16798917055130003,0.23127735108137137,1.2202354073524475,2.2898218393325807,3.3219252824783325,4.865699052810667,7.483402061462403,16.80407772064209,19.588224411010742,20.847413063049316,22.160387802124024,24.113583183288576
2032-06,2032-06-01,global_mlp,2026-03,32.261436,0.13620245456695557,20.722436904907227,False,3.1446104049682617,3144610.4049682617,reported_conditioned_mlp,VALHALL,,False,0.07113978341221809,0.10935670956969261,0.13620245456695557,0.16694792062044142,0.22415118366479878,1.2568308711051943,2.286780261993408,3.1446104049682617,4.793925380706787,8.287923526763917,16.631155014038086,19.425534439086913,20.722436904907227,22.01760387420654,24.017923164367676
2032-07,2032-07-01,global_mlp,2026-03,32.261436,0.13674573600292206,20.582629203796387,False,3.401091694831848,3401091.694831848,reported_conditioned_mlp,VALHALL,,False,0.06998924091458321,0.10657616779208183,0.13674573600292206,0.16768655329942703,0.22929454445838932,1.2712243080139163,2.5368486166000364,3.401091694831848,4.910481739044187,7.913151693344116,16.5011417388916,19.25087890625,20.582629203796387,21.896602630615234,23.908268928527832
2032-08,2032-08-01,global_mlp,2026-03,32.261436,0.12750957161188126,20.433585166931152,False,3.2105621099472046,3210562.1099472046,reported_conditioned_mlp,VALHALL,,False,0.062398788332939145,0.09669835567474365,0.12750957161188126,0.15650442391633987,0.2152863517403603,1.1913193225860597,2.1386542320251465,3.2105621099472046,4.495954418182372,7.210668563842775,16.35293426513672,19.123147201538085,20.433585166931152,21.764917945861814,23.838879585266113
2032-09,2032-09-01,global_mlp,2026-03,32.261436,0.1294632852077484,20.261165618896484,False,3.0147849321365356,3014784.9321365356,reported_conditioned_mlp,VALHALL,,False,0.06829260215163231,0.10365515127778054,0.1294632852077484,0.1662485122680664,0.22000374197959902,0.8966328620910646,2.0568247079849242,3.0147849321365356,4.296429443359375,7.052288246154785,16.189121818542482,18.949304580688477,20.261165618896484,21.634545516967773,23.77421627044678
2032-10,2032-10-01,global_mlp,2026-03,32.261436,0.12911753356456757,20.171189308166504,False,3.451640248298645,3451640.248298645,reported_conditioned_mlp,VALHALL,,False,0.061553099751472475,0.0955012135207653,0.12911753356456757,0.16008880734443662,0.22434235662221913,1.0668712615966798,2.3695062160491944,3.451640248298645,5.029010963439939,7.437144565582275,15.973124599456787,18.78615093231201,20.171189308166504,21.571578216552734,23.686747360229493
2032-11,2032-11-01,global_mlp,2026-03,32.261436,0.13700799643993378,20.032546997070312,False,3.497483491897583,3497483.491897583,reported_conditioned_mlp,VALHALL,,False,0.07047081738710403,0.10706123411655426,0.13700799643993378,0.17276006340980526,0.24099549502134332,0.8903858542442322,2.6139919757843018,3.497483491897583,4.9338648319244385,7.569327545166017,15.726791381835938,18.563922500610353,20.032546997070312,21.443540382385255,23.548062324523926
2032-12,2032-12-01,global_mlp,2026-03,32.261436,0.13297823816537857,19.93362045288086,False,3.2329596281051636,3232959.6281051636,reported_conditioned_mlp,VALHALL,,False,0.06518070325255396,0.10477258414030075,0.13297823816537857,0.1688254728913307,0.23728067725896848,0.6735312581062319,2.18731939792633,3.2329596281051636,4.7890240192413325,7.330503129959107,15.56891918182373,18.366539573669435,19.93362045288086,21.31325912475586,23.42236194610596
2033-01,2033-01-01,global_mlp,2026-03,32.261436,0.13371362537145615,19.807064056396484,False,3.1189236640930176,3118923.6640930176,reported_conditioned_mlp,VALHALL,,False,0.060239437222480784,0.10030410960316657,0.13371362537145615,0.16625744998455047,0.24829468280076983,0.5583088934421541,2.1908743619918822,3.1189236640930176,4.220671558380125,6.950793886184694,15.41426591873169,18.235641860961913,19.807064056396484,21.201060485839843,23.341609954833984
2033-02,2033-02-01,global_mlp,2026-03,32.261436,0.13290250301361084,19.692081451416016,False,3.117192029953003,3117192.029953003,reported_conditioned_mlp,VALHALL,,False,0.06296013593673706,0.10032547488808631,0.13290250301361084,0.16492157876491548,0.2348922714591027,0.5239388883113862,2.175359201431274,3.117192029953003,4.4186630725860585,7.177268791198734,15.254678535461426,18.09392738342285,19.692081451416016,21.052353286743163,23.221194076538087
2033-03,2033-03-01,global_mlp,2026-03,32.261436,0.12131036818027496,19.58082675933838,False,2.934190511703491,2934190.511703491,reported_conditioned_mlp,VALHALL,,False,0.057553693279624,0.09454441666603089,0.12131036818027496,0.1551779881119728,0.22591807246208193,0.27158754467964197,2.011365246772766,2.934190511703491,4.304861450195309,7.491566038131715,15.021368122100831,17.950008392333984,19.58082675933838,20.98498611450195,23.064158058166505
2033-04,2033-04-01,global_mlp,2026-03,32.261436,0.13124481588602066,19.462241172790527,False,3.97754168510437,3977541.68510437,reported_conditioned_mlp,VALHALL,,False,0.07138698995113373,0.1052633598446846,0.13124481588602066,0.1636154845356941,0.22419975548982624,1.7850290536880493,2.864055061340332,3.97754168510437,5.608177471160885,9.163940238952637,14.844544219970704,17.74724712371826,19.462241172790527,20.886809921264646,22.944300460815434
2033-05,2033-05-01,global_mlp,2026-03,32.261436,0.13627713918685913,19.297038078308105,False,3.624282121658325,3624282.121658325,reported_conditioned_mlp,VALHALL,,False,0.07376373410224915,0.10763449296355247,0.13627713918685913,0.1663639485836029,0.2331609055399895,1.5381022930145267,2.609406185150146,3.624282121658325,4.783861351013183,7.963405132293702,14.671722030639648,17.527217292785643,19.297038078308105,20.78009948730469,22.79808788299561
2033-06,2033-06-01,global_mlp,2026-03,32.261436,0.13126208633184433,19.153940200805664,False,3.599167227745056,3599167.227745056,reported_conditioned_mlp,VALHALL,,False,0.06941585764288903,0.10478473901748657,0.13126208633184433,0.16442659497261047,0.21941390037536623,1.500890910625458,2.586463403701782,3.599167227745056,5.1191969871520975,8.45476417541504,14.571372985839844,17.377899360656738,19.153940200805664,20.65293617248535,22.672300529479983
2033-07,2033-07-01,global_mlp,2026-03,32.261436,0.1262282282114029,19.012892723083496,False,3.60705828666687,3607058.28666687,reported_conditioned_mlp,VALHALL,,False,0.06357077397406102,0.10097864419221877,0.1262282282114029,0.1611205518245697,0.21269363015890125,1.4859175920486452,2.7507094621658323,3.60705828666687,5.428215599060057,8.233903789520264,14.485799789428711,17.217167091369628,19.012892723083496,20.573956871032713,22.573888206481936
2033-08,2033-08-01,global_mlp,2026-03,32.261436,0.12026584520936012,18.896684646606445,False,3.1796135902404785,3179613.5902404785,reported_conditioned_mlp,VALHALL,,False,0.060743536055088046,0.09721019864082335,0.12026584520936012,0.14874667674303052,0.20195292979478838,1.1773072004318237,2.3152017116546633,3.1796135902404785,4.806417512893677,7.353233098983768,14.32735996246338,17.04040107727051,18.896684646606445,20.477508544921875,22.472496795654298
2033-09,2033-09-01,global_mlp,2026-03,32.261436,0.1230144053697586,18.75871467590332,False,2.913332223892212,2913332.223892212,reported_conditioned_mlp,VALHALL,,False,0.06141876168549061,0.09831152632832527,0.1230144053697586,0.15229865610599516,0.21583464890718462,1.0364716410636903,2.115076756477356,2.913332223892212,4.177887487411499,6.9963133335113525,14.180773639678955,16.891883850097656,18.75871467590332,20.385043907165528,22.36312885284424
2033-10,2033-10-01,global_mlp,2026-03,32.261436,0.12033112719655037,18.632488250732422,False,3.509389638900757,3509389.638900757,reported_conditioned_mlp,VALHALL,,False,0.06244024969637394,0.09649454504251478,0.12033112719655037,0.15277186334133147,0.21771346181631093,1.3354005813598635,2.6111583232879636,3.509389638900757,4.906220293045043,8.392615222930909,13.954138469696044,16.745306587219236,18.632488250732422,20.282122802734374,22.266459846496584
2033-11,2033-11-01,global_mlp,2026-03,32.261436,0.13303061574697495,18.471481323242188,False,3.5923668146133423,3592366.8146133423,reported_conditioned_mlp,VALHALL,,False,0.06518542170524597,0.10754700750112532,0.13303061574697495,0.16878990679979322,0.23489795476198197,1.4420490145683291,2.6488872528076173,3.5923668146133423,4.917793035507202,8.321508407592773,13.798100662231446,16.547605514526367,18.471481323242188,20.103246307373045,22.16862468719483
2033-12,2033-12-01,global_mlp,2026-03,32.261436,0.1322099044919014,18.29710865020752,False,3.3652819395065308,3365281.9395065308,reported_conditioned_mlp,VALHALL,,False,0.06335663050413133,0.10359299853444098,0.1322099044919014,0.16137937307357786,0.23205276280641557,1.2492995023727418,2.359981560707092,3.3652819395065308,4.691590881347655,7.479203891754152,13.700441265106202,16.414468574523926,18.29710865020752,19.98677864074707,22.124272155761723
2034-01,2034-01-01,global_mlp,2026-03,32.261436,0.12587084621191025,18.160943031311035,False,3.141075849533081,3141075.849533081,reported_conditioned_mlp,VALHALL,,False,0.06012575328350067,0.09789789542555809,0.12587084621191025,0.15793104916810985,0.2219649508595467,1.0659072756767276,2.270590209960937,3.141075849533081,4.509657621383667,7.171469879150391,13.568142986297609,16.232884407043457,18.160943031311035,19.85037899017334,22.05523433685303
2034-02,2034-02-01,global_mlp,2026-03,32.261436,0.12008346617221832,18.048802375793457,False,3.00838303565979,3008383.03565979,reported_conditioned_mlp,VALHALL,,False,0.05228184908628464,0.09619080498814582,0.12008346617221832,0.15309027284383772,0.21416588127613068,0.9478258132934572,2.226117992401123,3.00838303565979,4.386307668685913,7.677347469329834,13.394931411743164,16.079662322998047,18.048802375793457,19.704755210876463,22.002995681762695
2034-03,2034-03-01,global_mlp,2026-03,32.261436,0.11743718013167381,17.95357322692871,False,2.8802883625030518,2880288.3625030518,reported_conditioned_mlp,VALHALL,,False,0.04343135133385659,0.08959040269255639,0.11743718013167381,0.14439355731010436,0.20953086167573928,0.5127344518899919,1.9487486362457274,2.8802883625030518,4.079568147659301,6.8436738014221214,13.274280548095703,15.968382835388184,17.95357322692871,19.54151763916015,21.92452621459961
2034-04,2034-04-01,global_mlp,2026-03,32.261436,0.12405236065387726,17.844252586364746,False,3.96803879737854,3968038.79737854,reported_conditioned_mlp,VALHALL,,False,0.06028983891010285,0.09767223000526427,0.12405236065387726,0.15401098281145095,0.1949279844760895,1.7268345117568975,3.0859283685684202,3.96803879737854,5.529699850082396,8.793038177490242,13.14769983291626,15.809934520721436,17.844252586364746,19.437062835693357,21.818904876708984
2034-05,2034-05-01,global_mlp,2026-03,32.261436,0.12393086776137352,17.72025203704834,False,3.6509006023406982,3650900.6023406982,reported_conditioned_mlp,VALHALL,,False,0.06594210863113403,0.0971719540655613,0.12393086776137352,0.15519143491983411,0.20643733590841296,1.4323675751686098,2.719289469718933,3.6509006023406982,5.325693035125732,8.280591583251955,13.045194244384765,15.687434673309326,17.72025203704834,19.323703765869137,21.750804138183593
2034-06,2034-06-01,global_mlp,2026-03,32.261436,0.12480780482292175,17.592801094055176,False,3.6749749183654785,3674974.9183654785,reported_conditioned_mlp,VALHALL,,False,0.06349587514996528,0.09614249020814895,0.12480780482292175,0.15410079210996627,0.20025338232517242,1.5473358750343325,2.7399810552597046,3.6749749183654785,5.370353031158446,8.42504301071167,12.909569549560548,15.574410247802733,17.592801094055176,19.226685142517088,21.63537139892578
2034-07,2034-07-01,global_mlp,2026-03,32.261436,0.12283049151301384,17.474000930786133,False,3.9030706882476807,3903070.6882476807,reported_conditioned_mlp,VALHALL,,False,0.0574642613530159,0.09514129757881164,0.12283049151301384,0.15019607394933698,0.2096868082880974,1.6591715574264527,2.7717206954956053,3.9030706882476807,5.311155652999877,8.200572395324707,12.752967739105225,15.444181156158447,17.474000930786133,19.12938404083252,21.49493808746338
2034-08,2034-08-01,global_mlp,2026-03,32.261436,0.1155078187584877,17.413488388061523,False,3.4208173751831055,3420817.3751831055,reported_conditioned_mlp,VALHALL,,False,0.0567512482404709,0.0869617223739624,0.1155078187584877,0.14593164473772038,0.19104581028223042,1.4530119061470035,2.589036202430725,3.4208173751831055,4.7086687088012695,7.507100200653077,12.599112606048584,15.338472747802735,17.413488388061523,19.006919288635252,21.381917381286623
2034-09,2034-09-01,global_mlp,2026-03,32.261436,0.11552240327000618,17.281819343566895,False,3.298776626586914,3298776.626586914,reported_conditioned_mlp,VALHALL,,False,0.05666123628616333,0.09064353257417679,0.11552240327000618,0.14635815024375912,0.2050231873989105,0.9323127269744877,2.351600360870361,3.298776626586914,4.814653730392455,7.746103906631472,12.423435688018799,15.233694744110107,17.281819343566895,18.94314365386963,21.281149101257324
2034-10,2034-10-01,global_mlp,2026-03,32.261436,0.1167760081589222,17.140371322631836,False,3.6861040592193604,3686104.0592193604,reported_conditioned_mlp,VALHALL,,False,0.051320111751556395,0.08433885425329207,0.1167760081589222,0.14937278926372524,0.20469541996717455,1.2899960041046143,2.650954484939575,3.6861040592193604,4.950586605072021,8.161804580688479,12.260439109802247,15.121485900878906,17.140371322631836,18.83159465789795,21.22322006225586
2034-11,2034-11-01,global_mlp,2026-03,32.261436,0.1280253604054451,16.965843200683594,False,3.9687284231185913,3968728.4231185913,reported_conditioned_mlp,VALHALL,,False,0.057287570461630834,0.09962267056107521,0.1280253604054451,0.16157856434583662,0.21610153913497934,1.5105895876884463,2.942578983306885,3.9687284231185913,5.158890342712402,7.772039222717287,12.07853536605835,14.940221309661863,16.965843200683594,18.665728950500487,21.09274559020996
2034-12,2034-12-01,global_mlp,2026-03,32.261436,0.1274886503815651,16.81425952911377,False,3.7382397651672363,3738239.7651672363,reported_conditioned_mlp,VALHALL,,False,0.05163446441292763,0.09515266045928002,0.1274886503815651,0.15937605947256087,0.21277531981468206,1.2984924435615541,2.710480046272278,3.7382397651672363,4.944516658782958,7.917320728302002,11.825032615661621,14.75114345550537,16.81425952911377,18.533320045471193,21.033436203002932
2035-01,2035-01-01,global_mlp,2026-03,32.261436,0.11945218965411186,16.65992832183838,False,3.46832275390625,3468322.75390625,reported_conditioned_mlp,VALHALL,,False,0.04884168803691865,0.09168603420257568,0.11945218965411186,0.15275238603353497,0.21465095281600954,1.1511198163032537,2.6132640838623047,3.46832275390625,4.576915740966797,7.69219708442688,11.561680030822753,14.61445264816284,16.65992832183838,18.431425476074217,20.966544914245606
2035-02,2035-02-01,global_mlp,2026-03,32.261436,0.11666136980056763,16.494141578674316,False,3.333084225654602,3333084.225654602,reported_conditioned_mlp,VALHALL,,False,0.04373818039894105,0.08908537104725837,0.11666136980056763,0.15321364700794218,0.21000599414110185,0.6613228321075442,2.4350722551345827,3.333084225654602,4.510112476348876,7.19035258293152,11.43534631729126,14.445984363555908,16.494141578674316,18.33728141784668,20.920512199401855
2035-03,2035-03-01,global_mlp,2026-03,32.261436,0.11301207914948463,16.394165992736816,False,3.0462634563446045,3046263.4563446045,reported_conditioned_mlp,VALHALL,,False,0.03894114084541798,0.08363492339849471,0.11301207914948463,0.1429849654436111,0.2055438131093979,0.28337098658084886,2.1554978847503663,3.0462634563446045,4.262154674530027,6.804971170425418,11.327051067352297,14.29119815826416,16.394165992736816,18.244987106323244,20.85922088623047
2035-04,2035-04-01,global_mlp,2026-03,32.261436,0.11554592102766037,16.265156745910645,False,4.407003402709961,4407003.402709961,reported_conditioned_mlp,VALHALL,,False,0.06167785152792931,0.09602236822247505,0.11554592102766037,0.14097002893686295,0.20025463849306108,1.5363809823989871,3.1114772319793698,4.407003402709961,6.120543003082274,8.908940982818608,11.198157310485842,14.158156585693359,16.265156745910645,18.160184478759767,20.776217651367187
2035-05,2035-05-01,global_mlp,2026-03,32.261436,0.12114747613668442,16.1201753616333,False,3.8127447366714478,3812744.7366714478,reported_conditioned_mlp,VALHALL,,False,0.06740025654435158,0.10176292583346366,0.12114747613668442,0.1488746061921119,0.2099987849593163,1.4858503222465516,2.8305575847625732,3.8127447366714478,5.413656854629513,7.705019998550416,11.080905342102053,14.01164379119873,16.1201753616333,17.977330207824703,20.632087135314944
2035-06,2035-06-01,global_mlp,2026-03,32.261436,0.12045736983418465,15.963821411132812,False,3.848479151725769,3848479.151725769,reported_conditioned_mlp,VALHALL,,False,0.061448062583804135,0.0977462112903595,0.12045736983418465,0.14765785932540892,0.19730395376682283,1.2051629304885867,2.7565680980682368,3.848479151725769,5.388782930374145,8.06413803100586,10.975724029541018,13.903381156921386,15.963821411132812,17.84440536499023,20.466276931762696
2035-07,2035-07-01,global_mlp,2026-03,32.261436,0.11969639360904694,15.804068088531494,False,3.95801043510437,3958010.43510437,reported_conditioned_mlp,VALHALL,,False,0.060608865693211555,0.09636513516306877,0.11969639360904694,0.1510374024510383,0.2054955393075943,1.5315225362777711,2.9115543603897094,3.95801043510437,5.521925830841063,8.384294033050537,10.781426906585697,13.800033950805664,15.804068088531494,17.71332492828369,20.356718826293946
2035-08,2035-08-01,global_mlp,2026-03,32.261436,0.10811435803771019,15.667807579040527,False,3.3975136280059814,3397513.6280059814,reported_conditioned_mlp,VALHALL,,False,0.055093468725681306,0.08597245588898658,0.10811435803771019,0.1341155663132667,0.19634236842393876,1.168821167945862,2.3504960536956783,3.3975136280059814,5.014672994613647,7.850666189193726,10.562995338439945,13.641431999206542,15.667807579040527,17.61135597229004,20.206980133056643
2035-09,2035-09-01,global_mlp,2026-03,32.261436,0.1120639443397522,15.529033184051514,False,3.219833016395569,3219833.016395569,reported_conditioned_mlp,VALHALL,,False,0.05610464289784432,0.08728205263614654,0.1120639443397522,0.13870452940464018,0.19333822429180145,1.094343674182892,2.1849828243255613,3.219833016395569,4.485853958129883,7.409770631790162,10.299159717559817,13.517179775238036,15.529033184051514,17.523599433898923,20.090259552001953
2035-10,2035-10-01,global_mlp,2026-03,32.261436,0.11406459659337997,15.448349952697754,False,3.7151366472244263,3715136.6472244263,reported_conditioned_mlp,VALHALL,,False,0.04950139522552491,0.08595076352357864,0.11406459659337997,0.14357434213161469,0.2010185644030571,1.2734525799751284,2.691691851615906,3.7151366472244263,5.294407796859739,8.108250522613526,10.081947326660158,13.392679119110108,15.448349952697754,17.435815429687498,20.01550331115723
2035-11,2035-11-01,global_mlp,2026-03,32.261436,0.12285419926047325,15.347676277160645,False,3.774477481842041,3774477.481842041,reported_conditioned_mlp,VALHALL,,False,0.054555688798427586,0.09476962387561798,0.12285419926047325,0.15483036637306208,0.21296878010034564,0.8857657790184024,2.6903397798538204,3.774477481842041,5.244189214706419,7.971333980560308,9.843328952789308,13.263584804534911,15.347676277160645,17.311148834228515,19.902974700927736
2035-12,2035-12-01,global_mlp,2026-03,32.261436,0.11734335869550705,15.218922138214111,False,3.69521701335907,3695217.01335907,reported_conditioned_mlp,VALHALL,,False,0.0496084537357092,0.09201175794005394,0.11734335869550705,0.149238409101963,0.20705170184373856,0.9094296216964725,2.5577296495437616,3.69521701335907,5.101626062393187,7.534782028198243,9.627051067352296,13.187029647827147,15.218922138214111,17.182476425170897,19.760790061950683
2036-01,2036-01-01,global_mlp,2026-03,32.261436,0.11645686253905296,15.062673568725586,False,3.285598874092102,3285598.874092102,reported_conditioned_mlp,VALHALL,,False,0.04516357555985451,0.0900887832045555,0.11645686253905296,0.15068572908639907,0.20924630761146548,0.596378630399704,2.419205927848816,3.285598874092102,4.3271598339080795,7.407253122329712,9.441340351104737,13.042058849334717,15.062673568725586,17.120274162292482,19.678461647033693
2036-02,2036-02-01,global_mlp,2026-03,32.261436,0.11403568461537361,14.972792148590088,False,3.426081895828247,3426081.895828247,reported_conditioned_mlp,VALHALL,,False,0.041583082079887396,0.08907177895307541,0.11403568461537361,0.13845699429512023,0.20831949412822728,0.42153351902961733,2.1464488744735717,3.426081895828247,4.820704507827759,7.786639738082889,9.297085475921632,12.920592975616454,14.972792148590088,17.03318691253662,19.586864471435547
2036-03,2036-03-01,global_mlp,2026-03,32.261436,0.10855912417173386,14.875148296356201,False,3.108495831489563,3108495.831489563,reported_conditioned_mlp,VALHALL,,False,0.03327406793832779,0.084464330971241,0.10855912417173386,0.13941937536001203,0.1960063323378563,0.3686195760965348,1.898286521434784,3.108495831489563,4.453346252441405,7.373805046081546,9.173818302154542,12.81912965774536,14.875148296356201,16.968255615234373,19.54535675048828
2036-04,2036-04-01,global_mlp,2026-03,32.261436,0.11735812202095985,14.746267795562744,False,3.8849903345108032,3884990.334510803,reported_conditioned_mlp,VALHALL,,False,0.05742621719837189,0.09186239168047905,0.11735812202095985,0.14716969430446622,0.19913499802351,1.5600692510604859,2.8519680500030518,3.8849903345108032,5.821130180358884,9.37981767654419,9.094334888458253,12.641108322143554,14.746267795562744,16.886369132995604,19.489400100708007
2036-05,2036-05-01,global_mlp,2026-03,32.261436,0.11504649370908737,14.60416841506958,False,3.6915321350097656,3691532.1350097656,reported_conditioned_mlp,VALHALL,,False,0.05684269443154336,0.09086860790848732,0.11504649370908737,0.14528839588165277,0.20160529017448425,1.2037493467330933,2.661229085922241,3.6915321350097656,5.3131241321563705,8.591771316528321,8.993059444427491,12.534210968017577,14.60416841506958,16.74792900085449,19.450001525878907
2036-06,2036-06-01,global_mlp,2026-03,32.261436,0.11486818268895149,14.4683518409729,False,3.8099361658096313,3809936.1658096313,reported_conditioned_mlp,VALHALL,,False,0.05198933742940426,0.0868321880698204,0.11486818268895149,0.14502775967121123,0.193206162750721,1.32814211845398,2.6432666540145875,3.8099361658096313,5.201533651351928,8.959182357788086,8.827087020874025,12.362742424011229,14.4683518409729,16.666310119628907,19.301639938354494
2036-07,2036-07-01,global_mlp,2026-03,32.261436,0.11397802084684372,14.29246187210083,False,3.807678699493408,3807678.699493408,reported_conditioned_mlp,VALHALL,,False,0.05714220032095909,0.08552378341555594,0.11397802084684372,0.1483314841985702,0.1939469575881958,1.2750235438346862,2.817676472663879,3.807678699493408,5.213020753860474,8.639946365356446,8.624794101715088,12.207553482055664,14.29246187210083,16.58347797393799,19.261612701416016
2036-08,2036-08-01,global_mlp,2026-03,32.261436,0.1085047796368599,14.179912090301514,False,3.3042871952056885,3304287.1952056885,reported_conditioned_mlp,VALHALL,,False,0.0565004039555788,0.08258241415023804,0.1085047796368599,0.13468980044126508,0.18686831891536715,1.0111819744110109,2.4111971378326413,3.3042871952056885,4.920473480224609,8.117855262756354,8.459792995452881,12.117437171936034,14.179912090301514,16.48171157836914,19.177912139892577
2036-09,2036-09-01,global_mlp,2026-03,32.261436,0.11275986954569817,14.107916355133057,False,3.4198728799819946,3419872.8799819946,reported_conditioned_mlp,VALHALL,,False,0.04931748881936074,0.08569728061556815,0.11275986954569817,0.13898319005966187,0.19959369748830796,0.6270633518695833,2.190422868728638,3.4198728799819946,4.7474721431732165,7.688134813308716,8.31634464263916,11.945705223083497,14.107916355133057,16.304019927978512,19.077396774291994
2036-10,2036-10-01,global_mlp,2026-03,32.261436,0.1099000796675682,14.00246524810791,False,3.8380448818206787,3838044.8818206787,reported_conditioned_mlp,VALHALL,,False,0.04116200655698776,0.08309401050209998,0.1099000796675682,0.14066570550203322,0.18962991535663606,0.9060701906681061,2.7930661201477047,3.8380448818206787,5.1359416961669915,8.554174613952638,8.066872358322144,11.793084812164306,14.00246524810791,16.165177154541013,18.93263339996338
2036-11,2036-11-01,global_mlp,2026-03,32.261436,0.1209753081202507,13.870051383972168,False,3.96574604511261,3965746.04511261,reported_conditioned_mlp,VALHALL,,False,0.05775637105107308,0.09214570894837379,0.1209753081202507,0.15286838412284848,0.20595212131738663,0.7119847238063823,2.9658372402191158,3.96574604511261,5.410162878036497,7.839372158050539,7.952103042602539,11.651556396484375,13.870051383972168,15.994722270965575,18.80382766723633
2036-12,2036-12-01,global_mlp,2026-03,32.261436,0.11668277159333229,13.75519323348999,False,3.754403829574585,3754403.829574585,reported_conditioned_mlp,VALHALL,,False,0.05119427219033242,0.0876521736383438,0.11668277159333229,0.14829869717359534,0.20592377334833145,0.4075487345457079,2.5594626903533935,3.754403829574585,5.0786772727966305,7.604798793792727,7.820713996887208,11.469209766387939,13.75519323348999,15.856225872039794,18.712644958496092
2037-01,2037-01-01,global_mlp,2026-03,32.261436,0.11165020614862442,13.637347221374512,False,3.505398154258728,3505398.154258728,reported_conditioned_mlp,VALHALL,,False,0.04902609996497631,0.08414049595594406,0.11165020614862442,0.1453493818640709,0.19424275755882264,0.4778760492801668,2.4385014533996583,3.505398154258728,4.781400108337402,7.367867040634163,7.681014490127564,11.358477020263672,13.637347221374512,15.700263309478759,18.590234565734864
2037-02,2037-02-01,global_mlp,2026-03,32.261436,0.11122189834713936,13.553316593170166,False,3.538301706314087,3538301.706314087,reported_conditioned_mlp,VALHALL,,False,0.043667626380920414,0.08541863188147544,0.11122189834713936,0.13673212975263593,0.19321408420801164,0.3294636458158493,2.3733553171157835,3.538301706314087,4.624230384826658,7.624169921875002,7.544127321243287,11.224271011352538,13.553316593170166,15.535158252716062,18.531092071533205
2037-03,2037-03-01,global_mlp,2026-03,32.261436,0.1053793914616108,13.450256824493408,False,3.1558830738067627,3155883.0738067627,reported_conditioned_mlp,VALHALL,,False,0.04187417961657048,0.07731045186519622,0.1053793914616108,0.13806916028261182,0.1887543559074402,0.25089744180440904,2.092794179916382,3.1558830738067627,4.52039771080017,7.034917926788335,7.342410945892334,11.04645709991455,13.450256824493408,15.417641448974608,18.444044303894042
2037-04,2037-04-01,global_mlp,2026-03,32.261436,0.11724524199962616,13.304264545440674,False,3.992752432823181,3992752.432823181,reported_conditioned_mlp,VALHALL,,False,0.05805753394961358,0.09266672059893608,0.11724524199962616,0.14607349932193756,0.19386373013257988,1.4714533925056463,3.0185420513153076,3.992752432823181,5.613163614273068,8.238689994812015,7.137269020080567,10.93540916442871,13.304264545440674,15.274241733551024,18.303437423706054
2037-05,2037-05-01,global_mlp,2026-03,32.261436,0.12304733321070671,13.177797317504883,False,3.836995840072632,3836995.840072632,reported_conditioned_mlp,VALHALL,,False,0.06005259528756142,0.09539048299193381,0.12304733321070671,0.15433029532432554,0.199752588570118,1.2783494234085084,2.8199542284011843,3.836995840072632,5.2634592056274405,8.208095836639409,7.031957817077639,10.767846584320068,13.177797317504883,15.167296600341794,18.236026954650878
2037-06,2037-06-01,global_mlp,2026-03,32.261436,0.11980858445167542,13.088974475860596,False,3.9516652822494507,3951665.2822494507,reported_conditioned_mlp,VALHALL,,False,0.05683018267154695,0.0908353641629219,0.11980858445167542,0.15046010762453077,0.2028059720993042,1.1909056186676037,2.836628818511963,3.9516652822494507,5.6902367115020756,8.643330478668213,6.918183946609499,10.65162763595581,13.088974475860596,15.031171417236326,18.08779735565186
2037-07,2037-07-01,global_mlp,2026-03,32.261436,0.11727547273039818,12.953951358795166,False,4.0185277462005615,4018527.7462005615,reported_conditioned_mlp,VALHALL,,False,0.05008884966373444,0.08794823065400123,0.11727547273039818,0.1488020658493042,0.20082353502511982,1.3865205883979799,2.8713342189788817,4.0185277462005615,5.590388202667236,8.254162406921388,6.789945840835573,10.518326091766358,12.953951358795166,14.922516155242917,17.982537651062014
2037-08,2037-08-01,global_mlp,2026-03,32.261436,0.10679056867957115,12.79512071609497,False,3.6273287534713745,3627328.7534713745,reported_conditioned_mlp,VALHALL,,False,0.05026466101408005,0.08249810859560966,0.10679056867957115,0.1366010785102844,0.18358670324087145,1.1640239715576173,2.6212777137756347,3.6273287534713745,5.106498718261718,7.3322278499603275,6.512646532058716,10.35515832901001,12.79512071609497,14.79224796295166,17.903116226196293
2037-09,2037-09-01,global_mlp,2026-03,32.261436,0.11065865308046341,12.711127281188965,False,3.52023983001709,3520239.83001709,reported_conditioned_mlp,VALHALL,,False,0.05119147412478924,0.08493459746241569,0.11065865308046341,0.14163408428430554,0.19623475968837745,0.9224996149539949,2.4873539686202992,3.52023983001709,4.919144773483274,7.638573837280275,6.438539934158327,10.175389099121094,12.711127281188965,14.670368766784668,17.889126968383792
2037-10,2037-10-01,global_mlp,2026-03,32.261436,0.10913532227277756,12.607521057128906,False,3.9076507091522217,3907650.7091522217,reported_conditioned_mlp,VALHALL,,False,0.04091992639005184,0.08121095821261405,0.10913532227277756,0.1443323954939842,0.19036974757909775,0.7296025991439822,2.873388409614563,3.9076507091522217,5.257919692993163,8.579962539672856,6.378357601165773,10.06624994277954,12.607521057128906,14.575049877166748,17.818721580505372
2037-11,2037-11-01,global_mlp,2026-03,32.261436,0.12040320411324501,12.505626201629639,False,4.044598579406738,4044598.5794067383,reported_conditioned_mlp,VALHALL,,False,0.04964890256524086,0.09110155925154687,0.12040320411324501,0.1519745260477066,0.20412840247154235,0.9344129204750066,2.889670586585998,4.044598579406738,5.189815664291381,7.771133756637574,6.2003666400909445,9.941748142242432,12.505626201629639,14.497803688049316,17.65233917236328
2037-12,2037-12-01,global_mlp,2026-03,32.261436,0.11701204255223274,12.409995555877686,False,3.890161395072937,3890161.395072937,reported_conditioned_mlp,VALHALL,,False,0.05205830037593842,0.09035426378250122,0.11701204255223274,0.14596316218376157,0.2026275470852852,0.6573828339576724,2.6243924379348753,3.890161395072937,5.057196140289305,7.828956270217896,6.04616460800171,9.867829132080077,12.409995555877686,14.377848148345944,17.534196281433104
2038-01,2038-01-01,global_mlp,2026-03,32.261436,0.1134624071419239,12.3292236328125,False,3.372736096382141,3372736.096382141,reported_conditioned_mlp,VALHALL,,False,0.041136759147048,0.08688185438513756,0.1134624071419239,0.14530016630887985,0.20259007513523103,0.5574696958065033,2.331479740142822,3.372736096382141,4.80569882392883,7.493503284454346,5.874567890167238,9.742846965789795,12.3292236328125,14.269016551971433,17.409038734436034
2038-02,2038-02-01,global_mlp,2026-03,32.261436,0.11081250011920929,12.254950046539307,False,3.335018515586853,3335018.515586853,reported_conditioned_mlp,VALHALL,,False,0.032022401317954065,0.08064030855894089,0.11081250011920929,0.14393008053302764,0.20249534994363788,0.20790276825428014,2.1748641252517698,3.335018515586853,4.770879793167113,7.704442596435552,5.71859931945801,9.633600521087645,12.254950046539307,14.15153646469116,17.28586883544922
2038-03,2038-03-01,global_mlp,2026-03,32.261436,0.10309640690684319,12.124016284942627,False,3.0653722286224365,3065372.2286224365,reported_conditioned_mlp,VALHALL,,False,0.01887033358216287,0.0779209516942501,0.10309640690684319,0.13498361557722088,0.19137091934680941,0.04161574933677927,1.869168710708618,3.0653722286224365,4.533856964111327,7.155913066864015,5.558950805664064,9.499811458587645,12.124016284942627,14.01903371810913,17.183194541931154
2038-04,2038-04-01,global_mlp,2026-03,32.261436,0.11303455382585526,11.951047897338867,False,4.0539445877075195,4053944.5877075195,reported_conditioned_mlp,VALHALL,,False,0.049830736219882966,0.08908407539129257,0.11303455382585526,0.14405215978622438,0.19645592421293262,1.5482077598571777,3.0363878488540648,4.0539445877075195,5.889327430725096,8.620496273040773,5.424770164489747,9.398430252075194,11.951047897338867,13.897359371185301,17.120135116577153
2038-05,2038-05-01,global_mlp,2026-03,32.261436,0.11807653680443764,11.810484886169434,False,3.7808713912963867,3780871.3912963867,reported_conditioned_mlp,VALHALL,,False,0.05002000369131565,0.09205608740448952,0.11807653680443764,0.14992844760417937,0.19743637144565584,1.5862860321998598,2.762708330154419,3.7808713912963867,5.448536109924315,8.343084716796875,5.315077257156372,9.304977416992188,11.810484886169434,13.838776111602781,17.040081214904788
2038-06,2038-06-01,global_mlp,2026-03,32.261436,0.11617234721779823,11.679877758026123,False,4.0031691789627075,4003169.1789627075,reported_conditioned_mlp,VALHALL,,False,0.042476264387369164,0.0898447573184967,0.11617234721779823,0.1410741463303566,0.20167002826929098,1.264960324764252,2.7946080684661863,4.0031691789627075,5.786356163024901,9.207152462005617,5.223605823516846,9.203314018249511,11.679877758026123,13.704048538208006,16.962088012695315
2038-07,2038-07-01,global_mlp,2026-03,32.261436,0.11195022240281105,11.540746212005615,False,4.133182764053345,4133182.7640533447,reported_conditioned_mlp,VALHALL,,False,0.04278952032327653,0.08569201603531837,0.11195022240281105,0.14160856157541274,0.20083543807268145,0.9510029196739197,2.7192319869995116,4.133182764053345,5.68716025352478,8.57705240249634,5.035220050811768,9.094475936889648,11.540746212005615,13.552352619171142,16.891233062744142
2038-08,2038-08-01,global_mlp,2026-03,32.261436,0.10438432544469833,11.4670090675354,False,3.3658370971679688,3365837.0971679688,reported_conditioned_mlp,VALHALL,,False,0.03172105532139541,0.08192215785384178,0.10438432544469833,0.13283951282501222,0.18759842813014996,0.9395437538623811,2.4718572616577146,3.3658370971679688,4.863448572158813,7.625562143325808,4.892777395248413,8.9613543510437,11.4670090675354,13.436999130249022,16.83653736114502
2038-09,2038-09-01,global_mlp,2026-03,32.261436,0.10751676559448242,11.365564823150635,False,3.4014371633529663,3401437.1633529663,reported_conditioned_mlp,VALHALL,,False,0.03120949398726225,0.08391133248806,0.10751676559448242,0.13571867048740385,0.1909285441040993,0.7409098446369171,2.4607310771942137,3.4014371633529663,4.9161382675170895,7.9357948303222665,4.820394802093507,8.875277900695801,11.365564823150635,13.329016113281249,16.753914451599123
2038-10,2038-10-01,global_mlp,2026-03,32.261436,0.10331181809306145,11.248125553131104,False,3.887221932411194,3887221.932411194,reported_conditioned_mlp,VALHALL,,False,0.03878628797829151,0.07909991070628165,0.10331181809306145,0.13768578320741645,0.19810416400432587,0.7204203486442572,2.573580694198608,3.887221932411194,5.385141658782955,7.84413480758667,4.765367555618287,8.762084197998046,11.248125553131104,13.239280605316162,16.62445125579834
2038-11,2038-11-01,global_mlp,2026-03,32.261436,0.11287511140108109,11.120797157287598,False,4.054124593734741,4054124.593734741,reported_conditioned_mlp,VALHALL,,False,0.033962303027510646,0.08890354856848717,0.11287511140108109,0.14580528289079667,0.22134415805339813,0.6572172701358795,2.802361845970154,4.054124593734741,5.727966928482053,7.944906091690065,4.442112970352173,8.628041648864746,11.120797157287598,13.138585662841797,16.501008033752445
2038-12,2038-12-01,global_mlp,2026-03,32.261436,0.11011409759521484,10.967776775360107,False,3.606453776359558,3606453.776359558,reported_conditioned_mlp,VALHALL,,False,0.028089201077818884,0.08671589195728302,0.11011409759521484,0.14111000448465347,0.21363638937473298,0.38409123420715363,2.6221024513244626,3.606453776359558,5.363666915893555,7.859754514694215,4.3613317012786865,8.502196884155273,10.967776775360107,13.02181921005249,16.39229011535645
2039-01,2039-01-01,global_mlp,2026-03,32.261436,0.11164556443691254,10.816790580749512,False,3.367311716079712,3367311.716079712,reported_conditioned_mlp,VALHALL,,False,0.03579818643629551,0.08143383264541625,0.11164556443691254,0.14017042368650431,0.20525097697973252,0.3709168076515198,2.4212177515029905,3.367311716079712,4.778312492370605,7.402122640609742,4.18697943687439,8.337933349609374,10.816790580749512,12.90163631439209,16.348446846008304
2039-02,2039-02-01,global_mlp,2026-03,32.261436,0.10792294517159462,10.70387315750122,False,3.3202987909317017,3320298.7909317017,reported_conditioned_mlp,VALHALL,,False,0.019838629662990572,0.0799756608903408,0.10792294517159462,0.14370295256376267,0.20138920545578004,0.043632990866899535,2.104308438301086,3.3202987909317017,4.9026175975799555,7.638307571411134,4.10353708267212,8.219280242919922,10.70387315750122,12.79708480834961,16.245788383483887
2039-03,2039-03-01,global_mlp,2026-03,32.261436,0.09993131458759308,10.581127643585205,False,3.066943049430847,3066943.049430847,reported_conditioned_mlp,VALHALL,,False,0.008202525414526464,0.07315980121493339,0.09993131458759308,0.12779122591018674,0.20525105595588689,0.0,1.704581880569458,3.066943049430847,4.41232657432556,7.183190584182739,3.9439659357070935,8.112120532989502,10.581127643585205,12.726732254028317,16.11630840301514
2039-04,2039-04-01,global_mlp,2026-03,32.261436,0.10813123360276222,10.45651626586914,False,3.9487661123275757,3948766.1123275757,reported_conditioned_mlp,VALHALL,,False,0.0414659395813942,0.0863609105348587,0.10813123360276222,0.1394132390618324,0.18707949221134187,1.1087710022926334,2.9176712036132812,3.9487661123275757,5.968611574172973,9.120235824584961,3.768073415756227,8.044734859466553,10.45651626586914,12.610241508483883,16.015713691711426
2039-05,2039-05-01,global_mlp,2026-03,32.261436,0.11499476060271263,10.373278617858887,False,3.8123230934143066,3812323.0934143066,reported_conditioned_mlp,VALHALL,,False,0.03887483030557633,0.08830394446849824,0.11499476060271263,0.14380851835012431,0.18886881917715076,0.8363093197345741,2.6204543352127074,3.8123230934143066,5.424746084213254,8.154422569274903,3.541215825080872,7.892091464996337,10.373278617858887,12.4718936920166,15.852310085296633
2039-06,2039-06-01,global_mlp,2026-03,32.261436,0.10853427276015282,10.242441654205322,False,3.8733710050582886,3873371.0050582886,reported_conditioned_mlp,VALHALL,,False,0.031413458846509465,0.08477296456694602,0.10853427276015282,0.14154233634471888,0.19298070967197425,0.9330356717109684,2.558983206748962,3.8733710050582886,5.4775034904479964,8.10574769973755,3.4056428432464605,7.77829518318176,10.242441654205322,12.365147304534911,15.631531620025639
2039-07,2039-07-01,global_mlp,2026-03,32.261436,0.10654570162296295,10.13563871383667,False,3.789952516555786,3789952.516555786,reported_conditioned_mlp,VALHALL,,False,0.032686747983098036,0.08442598804831505,0.10654570162296295,0.13740890175104137,0.19061568826437,0.6080371618270874,2.765820097923279,3.789952516555786,5.452557182312011,7.6649312496185305,3.2747909069061287,7.657271480560301,10.13563871383667,12.245412445068359,15.498796176910403
2039-08,2039-08-01,global_mlp,2026-03,32.261436,0.10076908022165298,9.977618217468262,False,3.328768730163574,3328768.730163574,reported_conditioned_mlp,VALHALL,,False,0.028625506907701503,0.07826479822397232,0.10076908022165298,0.12792707830667496,0.17855268716812134,0.28358746170997623,2.4094571828842164,3.328768730163574,4.854962921142577,7.863437938690188,3.0844534873962415,7.483986520767211,9.977618217468262,12.130971240997313,15.420441055297854
2039-09,2039-09-01,global_mlp,2026-03,32.261436,0.10247116908431053,9.853304862976074,False,3.135493755340576,3135493.755340576,reported_conditioned_mlp,VALHALL,,False,0.008712870813906195,0.08024163395166396,0.10247116908431053,0.1271171689033508,0.18138617277145389,0.41611520349979436,2.1382527351379395,3.135493755340576,4.464658260345458,7.6270766258239755,2.8548435449600227,7.363434886932373,9.853304862976074,12.011121273040771,15.357223224639894
2039-10,2039-10-01,global_mlp,2026-03,32.261436,0.10175952687859535,9.726910591125488,False,3.9014523029327393,3901452.3029327393,reported_conditioned_mlp,VALHALL,,False,0.027000774256885057,0.07991539537906646,0.10175952687859535,0.13173746913671494,0.18774528503417984,0.5625384509563449,2.585491681098938,3.9014523029327393,5.221798944473266,8.805809974670414,2.5348061561584476,7.277423620223999,9.726910591125488,11.946090507507323,15.247077083587648
2039-11,2039-11-01,global_mlp,2026-03,32.261436,0.11333604529500008,9.561244487762451,False,3.8384056091308594,3838405.6091308594,reported_conditioned_mlp,VALHALL,,False,0.03603327535092833,0.08696980327367781,0.11333604529500008,0.14412514269351953,0.1946206077933312,0.26224282681942,2.6549120426177977,3.8384056091308594,5.333275699615477,8.019184398651124,2.397517633438111,7.15866413116455,9.561244487762451,11.831533718109128,15.03877305984497
2039-12,2039-12-01,global_mlp,2026-03,32.261436,0.11128395795822144,9.424872875213623,False,3.567605137825012,3567605.137825012,reported_conditioned_mlp,VALHALL,,False,0.023487288132309915,0.08002650439739227,0.11128395795822144,0.1362112686038017,0.19150617420673371,0.0,2.510644817352295,3.567605137825012,5.147281742095945,7.558408546447754,2.1739390134811405,6.997232151031493,9.424872875213623,11.726413917541501,14.961497879028322
2040-01,2040-01-01,global_mlp,2026-03,32.261436,0.10305409133434296,9.277593612670898,False,3.079138159751892,3079138.159751892,reported_conditioned_mlp,VALHALL,,False,0.018675624579191228,0.07813300862908364,0.10305409133434296,0.1303380265831947,0.18939753472805024,0.00986359063535935,2.1184052944183347,3.079138159751892,4.669835042953491,7.278389072418213,2.028776872158051,6.8643135070800785,9.277593612670898,11.582325458526611,14.88189573287964
2040-02,2040-02-01,global_mlp,2026-03,32.261436,0.10257560387253761,9.086889743804932,False,3.0578731298446655,3057873.1298446655,reported_conditioned_mlp,VALHALL,,False,0.0,0.07576013877987861,0.10257560387253761,0.1259390875697136,0.19001926183700565,0.0,1.8858451247215269,3.0578731298446655,4.461980295181272,7.190691280364995,1.867378675937653,6.761884069442748,9.086889743804932,11.462238883972168,14.809660911560059
2040-03,2040-03-01,global_mlp,2026-03,32.261436,0.09542674943804741,8.976901531219482,False,2.9638729095458984,2963872.9095458984,reported_conditioned_mlp,VALHALL,,False,0.012156523251906082,0.07137949988245963,0.09542674943804741,0.12542534917593,0.17821796983480456,0.0,1.9278076052665702,2.9638729095458984,4.245106506347654,7.13377652168274,1.7263344049453737,6.590825223922729,8.976901531219482,11.355150890350341,14.707311153411867
2040-04,2040-04-01,global_mlp,2026-03,32.261436,0.10664588958024979,8.873495101928711,False,3.9954864978790283,3995486.4978790283,reported_conditioned_mlp,VALHALL,,False,0.03728131242096425,0.08378669917583466,0.10664588958024979,0.12625945359468457,0.1751618817448616,1.0591326236724856,2.7045135736465453,3.9954864978790283,5.5903601169586175,8.463465023040772,1.6012570738792422,6.4397009849548335,8.873495101928711,11.23212842941284,14.626412296295168
2040-05,2040-05-01,global_mlp,2026-03,32.261436,0.10833732783794403,8.741362571716309,False,3.4562326669692993,3456232.6669692993,reported_conditioned_mlp,VALHALL,,False,0.015447845496237303,0.08083833381533621,0.10833732783794403,0.13206739425659175,0.17275128662586214,0.4872651606798174,2.5271100044250487,3.4562326669692993,4.753021383285521,7.946679210662844,1.4833022594451906,6.279684066772461,8.741362571716309,11.150611019134521,14.591003322601319
2040-06,2040-06-01,global_mlp,2026-03,32.261436,0.10830232873558998,8.635051727294922,False,3.795130133628845,3795130.133628845,reported_conditioned_mlp,VALHALL,,False,0.01681100223213436,0.08437963351607322,0.10830232873558998,0.1332257017493248,0.17408258467912674,0.5353991210460664,2.5767642974853513,3.795130133628845,5.513460159301758,8.159903049468996,1.3161201119422914,6.185232448577881,8.635051727294922,11.042883968353271,14.465690422058106
2040-07,2040-07-01,global_mlp,2026-03,32.261436,0.10580799728631973,8.499165058135986,False,3.9359796047210693,3935979.6047210693,reported_conditioned_mlp,VALHALL,,False,0.006411188747733854,0.07823825553059577,0.10580799728631973,0.13116611093282698,0.1792496383190155,0.3814902514219291,2.7434659242630004,3.9359796047210693,5.294979810714721,8.084328174591064,1.1564539551734925,6.085762214660644,8.499165058135986,10.930463314056396,14.31896848678589
2040-08,2040-08-01,global_mlp,2026-03,32.261436,0.09777210280299187,8.392634391784668,False,3.42376971244812,3423769.71244812,reported_conditioned_mlp,VALHALL,,False,0.006842726748436732,0.07494119852781295,0.09777210280299187,0.12214388847351074,0.16938780546188353,0.41645873188972515,2.3229252338409423,3.42376971244812,4.837635707855224,7.705030298233033,1.0246438503265383,5.945791196823119,8.392634391784668,10.826495361328124,14.23418550491333
2040-09,2040-09-01,global_mlp,2026-03,32.261436,0.09890038147568703,8.275068283081055,False,3.18729567527771,3187295.67527771,reported_conditioned_mlp,VALHALL,,False,0.006993894604966062,0.07532061040401458,0.09890038147568703,0.12496364787220952,0.17730073630809784,0.16872525662183763,2.282289481163025,3.18729567527771,4.648571634292602,7.659645175933838,0.8621215581893922,5.849834203720093,8.275068283081055,10.725779628753662,14.150631904602053
2040-10,2040-10-01,global_mlp,2026-03,32.261436,0.10114347189664841,8.162909507751465,False,3.56108295917511,3561082.95917511,reported_conditioned_mlp,VALHALL,,False,0.0,0.0724834106862545,0.10114347189664841,0.12306394651532172,0.18210183233022692,0.0,2.411609601974487,3.56108295917511,5.164947986602783,8.379588127136232,0.7274560928344729,5.7447406291961665,8.162909507751465,10.6277943611145,14.081598472595214
2040-11,2040-11-01,global_mlp,2026-03,32.261436,0.10983456671237946,8.033392429351807,False,3.873273015022278,3873273.015022278,reported_conditioned_mlp,VALHALL,,False,0.0,0.0821750685572624,0.10983456671237946,0.13595331758260723,0.1876603662967683,0.0,2.6741005420684814,3.873273015022278,5.258948230743408,8.398368167877203,0.592057865858078,5.65832290649414,8.033392429351807,10.513480949401856,13.947074127197267
2040-12,2040-12-01,global_mlp,2026-03,32.261436,0.10147929564118385,7.954162120819092,False,3.671789050102234,3671789.050102234,reported_conditioned_mlp,VALHALL,,False,0.0,0.07755628749728202,0.10147929564118385,0.12787750363349915,0.17385200709104542,0.0,2.4065496921539307,3.671789050102234,4.962127351760864,7.48049921989441,0.47690279483795184,5.506477880477905,7.954162120819092,10.393279647827146,13.799400615692141
2041-01,2041-01-01,global_mlp,2026-03,32.261436,0.10435977950692177,7.793444395065308,False,3.1867953538894653,3186795.3538894653,reported_conditioned_mlp,VALHALL,,False,0.0,0.07432178407907486,0.10435977950692177,0.12635566592216488,0.18177151381969453,0.0,2.216353392601013,3.1867953538894653,4.691232204437255,6.968952941894534,0.39601885676384035,5.420295858383178,7.793444395065308,10.29497365951538,13.66447563171387
2041-02,2041-02-01,global_mlp,2026-03,32.261436,0.0997602678835392,7.679560899734497,False,3.1059277057647705,3105927.7057647705,reported_conditioned_mlp,VALHALL,,False,0.0,0.07370570451021194,0.0997602678835392,0.12413541749119754,0.1766644045710564,0.0,1.7354417324066163,3.1059277057647705,4.520922327041626,7.6054877758026125,0.30500375479459857,5.33672227859497,7.679560899734497,10.206003379821775,13.52673330307007
2041-03,2041-03-01,global_mlp,2026-03,32.261436,0.09157311171293259,7.601330995559692,False,3.1686989068984985,3168698.9068984985,reported_conditioned_mlp,VALHALL,,False,0.0,0.06162715852260589,0.09157311171293259,0.11470562294125551,0.16723502874374394,0.0,1.7995975732803344,3.1686989068984985,4.300764942169189,6.991492462158204,0.2387647092342382,5.206625318527221,7.601330995559692,10.122391986846923,13.430783843994142
2041-04,2041-04-01,global_mlp,2026-03,32.261436,0.10298284143209457,7.513835191726685,False,3.892775297164917,3892775.297164917,reported_conditioned_mlp,VALHALL,,False,0.0040804064366966744,0.07777030169963836,0.10298284143209457,0.12875495105981827,0.17639511376619338,0.8038259446620946,2.782597303390503,3.892775297164917,5.400132036209105,8.549319934844974,0.16409102380275803,5.078660774230956,7.513835191726685,9.968805789947508,13.332814121246338
2041-05,2041-05-01,global_mlp,2026-03,32.261436,0.10411454737186432,7.413126707077026,False,3.57327663898468,3573276.63898468,reported_conditioned_mlp,VALHALL,,False,0.0,0.07985806837677956,0.10411454737186432,0.1291422367095947,0.17668037712574006,0.0,2.571700191497803,3.57327663898468,4.987737560272216,7.494427204132081,0.004413387179374723,4.950716876983642,7.413126707077026,9.853281688690185,13.246076965332032
2041-06,2041-06-01,global_mlp,2026-03,32.261436,0.10338908433914185,7.33258843421936,False,3.483087420463562,3483087.420463562,reported_conditioned_mlp,VALHALL,,False,0.0,0.07591589987277984,0.10338908433914185,0.12533315420150756,0.16611643880605698,0.0,2.3515461921691894,3.483087420463562,5.095762634277342,8.07541732788086,0.0,4.813293838500976,7.33258843421936,9.719867706298828,13.113138675689697
2041-07,2041-07-01,global_mlp,2026-03,32.261436,0.09808173775672913,7.2650556564331055,False,3.6454286575317383,3645428.6575317383,reported_conditioned_mlp,VALHALL,,False,0.0,0.0693791553378105,0.09808173775672913,0.12494262754917142,0.16810229718685152,0.0,2.7166785478591917,3.6454286575317383,5.069988536834717,7.531307840347291,0.0,4.719815826416015,7.2650556564331055,9.602260112762451,12.973999404907227
2041-08,2041-08-01,global_mlp,2026-03,32.261436,0.09106369316577911,7.180273771286011,False,3.3871477842330933,3387147.7842330933,reported_conditioned_mlp,VALHALL,,False,0.0,0.0687971368432045,0.09106369316577911,0.11662222370505333,0.15618636310100556,0.0,2.1834593057632445,3.3871477842330933,4.705253934860229,6.9090354442596436,0.0,4.6106983661651615,7.180273771286011,9.527975845336913,12.871865463256837
2041-09,2041-09-01,global_mlp,2026-03,32.261436,0.09013210609555244,7.074284315109253,False,3.210776448249817,3210776.448249817,reported_conditioned_mlp,VALHALL,,False,0.0,0.07031853124499321,0.09013210609555244,0.11756975501775742,0.16336927711963656,0.0,2.1483112573623657,3.210776448249817,4.414872884750366,7.010615396499634,0.0,4.47825789451599,7.074284315109253,9.458894729614256,12.754178333282471
2041-10,2041-10-01,global_mlp,2026-03,32.261436,0.09110913425683975,6.995087623596191,False,3.5228378772735596,3522837.8772735596,reported_conditioned_mlp,VALHALL,,False,0.0,0.06893533691763877,0.09110913425683975,0.11659627854824066,0.1664492875337601,0.0,2.32071270942688,3.5228378772735596,4.869257593154907,8.21332302093506,0.0,4.378355741500854,6.995087623596191,9.38381299972534,12.625339984893799
2041-11,2041-11-01,global_mlp,2026-03,32.261436,0.10010816901922226,6.894276857376099,False,3.6857550144195557,3685755.0144195557,reported_conditioned_mlp,VALHALL,,False,0.0,0.07717577442526816,0.10010816901922226,0.13042021840810775,0.18243276476860049,0.0,2.500303602218628,3.6857550144195557,4.904745388031006,7.6626381397247325,0.0,4.2458281993865965,6.894276857376099,9.271822166442869,12.502859973907471
2041-12,2041-12-01,global_mlp,2026-03,32.261436,0.09506883844733238,6.804073810577393,False,3.5923147201538086,3592314.7201538086,reported_conditioned_mlp,VALHALL,,False,0.0,0.07320946753025054,0.09506883844733238,0.11927304118871687,0.17335449159145355,0.0,2.351611351966858,3.5923147201538086,4.7859458923339835,7.517321586608888,0.0,4.120544576644897,6.804073810577393,9.164589786529538,12.456509494781494
2042-01,2042-01-01,global_mlp,2026-03,32.261436,0.09091655910015106,6.7192161083221436,False,3.1693586111068726,3169358.6111068726,reported_conditioned_mlp,VALHALL,,False,0.0,0.06714332774281502,0.09091655910015106,0.11968334615230558,0.1754101797938347,0.0,1.7397252559661864,3.1693586111068726,4.249112367630002,6.717072868347171,0.0,4.011373281478882,6.7192161083221436,9.08214769363403,12.348875808715821
2042-02,2042-02-01,global_mlp,2026-03,32.261436,0.09090320765972137,6.626135587692261,False,2.8479762077331543,2847976.2077331543,reported_conditioned_mlp,VALHALL,,False,0.0,0.06236416697502136,0.09090320765972137,0.11923046633601188,0.17829609364271168,0.0,1.3860227704048156,2.8479762077331543,4.145361948013305,7.039286899566651,0.0,3.88840913772583,6.626135587692261,8.988672924041744,12.232889842987062
2042-03,2042-03-01,global_mlp,2026-03,32.261436,0.08129262179136276,6.505830526351929,False,2.762001633644104,2762001.633644104,reported_conditioned_mlp,VALHALL,,False,0.0,0.053204617276787755,0.08129262179136276,0.10993799418210982,0.15821116715669634,0.0,1.2882311701774596,2.762001633644104,4.188161754608153,6.720539331436158,0.0,3.7655143976211547,6.505830526351929,8.9209397315979,12.133157730102539
2042-04,2042-04-01,global_mlp,2026-03,32.261436,0.09668179228901863,6.355410575866699,False,3.786958932876587,3786958.932876587,reported_conditioned_mlp,VALHALL,,False,0.0,0.07124640792608261,0.09668179228901863,0.11742410883307457,0.1690539374947548,0.0,2.539187693595886,3.786958932876587,5.689766597747803,8.589280319213868,0.0,3.645216083526611,6.355410575866699,8.788543701171871,12.019863319396974
2042-05,2042-05-01,global_mlp,2026-03,32.261436,0.10009991750121117,6.227505207061768,False,3.4024834632873535,3402483.4632873535,reported_conditioned_mlp,VALHALL,,False,0.0,0.07474870905280112,0.10009991750121117,0.12332210540771484,0.17166348546743393,0.0,2.2945759534835815,3.4024834632873535,4.926027250289915,8.300889205932618,0.0,3.5550784826278683,6.227505207061768,8.678965187072752,11.887134552001953
2042-06,2042-06-01,global_mlp,2026-03,32.261436,0.0964335948228836,6.1344077587127686,False,3.4576507806777954,3457650.7806777954,reported_conditioned_mlp,VALHALL,,False,0.0,0.07060114964842797,0.0964335948228836,0.12003692239522934,0.16882143020629886,0.0,2.499663257598877,3.4576507806777954,5.059106159210204,7.8861098289489755,0.0,3.3902511119842527,6.1344077587127686,8.576603698730468,11.765532302856446
2042-07,2042-07-01,global_mlp,2026-03,32.261436,0.09841234982013702,6.069176912307739,False,3.7494956254959106,3749495.6254959106,reported_conditioned_mlp,VALHALL,,False,0.0,0.07360184267163276,0.09841234982013702,0.12177041769027708,0.1698677256703377,0.0,2.620485734939575,3.7494956254959106,5.018647575378418,8.489706897735596,0.0,3.2936287403106688,6.069176912307739,8.479656887054443,11.643505764007571
2042-08,2042-08-01,global_mlp,2026-03,32.261436,0.09096071496605873,5.9717841148376465,False,3.1833155155181885,3183315.5155181885,reported_conditioned_mlp,VALHALL,,False,0.0,0.06592848971486091,0.09096071496605873,0.11332688704133033,0.15911658555269242,0.0,2.0713177919387813,3.1833155155181885,4.501752233505248,7.243470716476446,0.0,3.2193566322326657,5.9717841148376465,8.357482719421386,11.5323299407959
2042-09,2042-09-01,global_mlp,2026-03,32.261436,0.09137440100312233,5.86761212348938,False,3.0310637950897217,3031063.7950897217,reported_conditioned_mlp,VALHALL,,False,0.0,0.07015983313322066,0.09137440100312233,0.11294297650456427,0.15978643596172334,0.0,1.9366788029670712,3.0310637950897217,4.107085561752319,6.883070325851442,0.0,3.1198349475860594,5.86761212348938,8.248234558105468,11.386940479278566
2042-10,2042-10-01,global_mlp,2026-03,32.261436,0.08692546561360359,5.764657974243164,False,3.3819767236709595,3381976.7236709595,reported_conditioned_mlp,VALHALL,,False,0.0,0.0599949024617672,0.08692546561360359,0.11445969864726065,0.16632056236267093,0.0,2.0912920475006103,3.3819767236709595,4.785905933380127,8.47830514907837,0.0,2.974520444869995,5.764657974243164,8.203748321533203,11.275273990631105
2042-11,2042-11-01,global_mlp,2026-03,32.261436,0.10159552469849586,5.645297288894653,False,3.5137245655059814,3513724.5655059814,reported_conditioned_mlp,VALHALL,,False,0.0,0.0722391203045845,0.10159552469849586,0.12754177451133727,0.17218415141105653,0.0,2.1977675199508666,3.5137245655059814,4.889906215667724,7.839207410812378,0.0,2.8405194759368895,5.645297288894653,8.085005474090574,11.141582679748536
2042-12,2042-12-01,global_mlp,2026-03,32.261436,0.09839574620127678,5.49322247505188,False,3.4242690801620483,3424269.0801620483,reported_conditioned_mlp,VALHALL,,False,0.0,0.06958035230636596,0.09839574620127678,0.12620663046836852,0.1713075250387192,0.0,1.8919309735298149,3.4242690801620483,4.6396091938018795,7.545479345321657,0.0,2.65044903755188,5.49322247505188,7.983368349075315,11.033401966094974
2043-01,2043-01-01,global_mlp,2026-03,32.261436,0.09098459407687187,5.3417816162109375,False,2.920159697532654,2920159.697532654,reported_conditioned_mlp,VALHALL,,False,0.0,0.06405971646308899,0.09098459407687187,0.12286875098943707,0.16542342007160193,0.0,1.7666118144989014,2.920159697532654,4.185010480880735,6.800394678115846,0.0,2.4859635591506954,5.3417816162109375,7.8808969020843485,10.880273628234868
2043-02,2043-02-01,global_mlp,2026-03,32.261436,0.09006772562861443,5.2040112018585205,False,2.738389253616333,2738389.253616333,reported_conditioned_mlp,VALHALL,,False,0.0,0.06043263264000415,0.09006772562861443,0.11599123552441594,0.16027803719043734,0.0,1.4956808805465693,2.738389253616333,4.125607633590698,6.829078006744387,0.0,2.379914999008178,5.2040112018585205,7.797582435607909,10.744609165191655
2043-03,2043-03-01,global_mlp,2026-03,32.261436,0.08264704793691635,5.0977983474731445,False,2.690988302230835,2690988.302230835,reported_conditioned_mlp,VALHALL,,False,0.0,0.052790503948926926,0.08264704793691635,0.1057969234883785,0.15567125976085666,0.0,1.090161311626434,2.690988302230835,3.9056563854217528,5.942225885391236,0.0,2.224872088432312,5.0977983474731445,7.697919845581052,10.600926589965825
2043-04,2043-04-01,global_mlp,2026-03,32.261436,0.09608380123972893,4.975894927978516,False,3.786877155303955,3786877.155303955,reported_conditioned_mlp,VALHALL,,False,0.0,0.07077562063932419,0.09608380123972893,0.1185912288725376,0.16868313550949096,0.0,2.491270017623901,3.786877155303955,5.023409461975097,8.01239471435547,0.0,2.1304831027984616,4.975894927978516,7.616195011138915,10.535062885284429
2043-05,2043-05-01,global_mlp,2026-03,32.261436,0.09657492488622665,4.83467698097229,False,3.4919549226760864,3491954.9226760864,reported_conditioned_mlp,VALHALL,,False,0.0,0.06577187553048133,0.09657492488622665,0.12784453332424164,0.17453161478042606,0.0,2.3650922536849976,3.4919549226760864,4.8172051906585684,7.229783773422242,0.0,2.057948541641235,4.83467698097229,7.489977693557737,10.487257671356204
2043-06,2043-06-01,global_mlp,2026-03,32.261436,0.09401330724358559,4.733170032501221,False,3.549786925315857,3549786.925315857,reported_conditioned_mlp,VALHALL,,False,0.0,0.06783251911401748,0.09401330724358559,0.12111545652151107,0.16260240226984024,0.0,2.2817238330841065,3.549786925315857,5.050947856903076,8.03196096420288,0.0,1.9834653496742247,4.733170032501221,7.389472246170043,10.434414291381836
2043-07,2043-07-01,global_mlp,2026-03,32.261436,0.09094427153468132,4.624518871307373,False,3.5473926067352295,3547392.6067352295,reported_conditioned_mlp,VALHALL,,False,0.0,0.06789238527417181,0.09094427153468132,0.11957554519176473,0.17312823534011842,0.0,2.1759432077407834,3.5473926067352295,4.796111059188842,7.964027214050294,0.0,1.8909240484237664,4.624518871307373,7.294168615341186,10.265422725677494
2043-08,2043-08-01,global_mlp,2026-03,32.261436,0.08662380278110504,4.539851188659668,False,3.0049190521240234,3004919.0521240234,reported_conditioned_mlp,VALHALL,,False,0.0,0.05657919608056545,0.08662380278110504,0.1098858021199703,0.1619626522064209,0.0,1.405921959877014,3.0049190521240234,4.097252559661864,7.5613534450531015,0.0,1.796637344360351,4.539851188659668,7.184517192840576,10.122255706787115
2043-09,2043-09-01,global_mlp,2026-03,32.261436,0.08765709772706032,4.4388275146484375,False,2.698421597480774,2698421.597480774,reported_conditioned_mlp,VALHALL,,False,0.0,0.05817728340625763,0.08765709772706032,0.11279837936162945,0.16651584506034853,0.0,1.3172949552536009,2.698421597480774,4.203575134277343,7.156924724578857,0.0,1.716555202007293,4.4388275146484375,7.07103338241577,9.895051765441902
2043-10,2043-10-01,global_mlp,2026-03,32.261436,0.08668644353747368,4.310486078262329,False,3.1908373832702637,3190837.3832702637,reported_conditioned_mlp,VALHALL,,False,0.0,0.052407433837652194,0.08668644353747368,0.1191548034548759,0.16916898041963585,0.0,1.6984389305114733,3.1908373832702637,4.662073612213134,7.41256070137024,0.0,1.5941321611404415,4.310486078262329,6.951340770721434,9.79488735198975
2043-11,2043-11-01,global_mlp,2026-03,32.261436,0.09327336400747299,4.204089164733887,False,3.3001946210861206,3300194.6210861206,reported_conditioned_mlp,VALHALL,,False,0.0,0.055051989480853054,0.09327336400747299,0.12896225303411482,0.1770048886537552,0.0,1.339144444465636,3.3001946210861206,4.940799951553343,7.331990957260134,0.0,1.5470481276512145,4.204089164733887,6.826602649688716,9.698114490509035
2043-12,2043-12-01,global_mlp,2026-03,32.261436,0.09111696481704712,4.043795824050903,False,3.059816360473633,3059816.360473633,reported_conditioned_mlp,VALHALL,,False,0.0,0.055766864120960234,0.09111696481704712,0.12107636556029318,0.1742843508720398,0.0,1.5258915305137628,3.059816360473633,4.454484796524047,7.166952896118164,0.0,1.448898386955261,4.043795824050903,6.712743568420406,9.546997928619385
2044-01,2044-01-01,global_mlp,2026-03,32.261436,0.08789265900850296,3.907743453979492,False,2.7024190425872803,2702419.0425872803,reported_conditioned_mlp,VALHALL,,False,0.0,0.054295531287789314,0.08789265900850296,0.12004297897219657,0.16724730134010315,0.0,1.0751264095306394,2.7024190425872803,3.97769227027893,6.8400344371795665,0.0,1.344041323661804,3.907743453979492,6.6327105998992915,9.422829151153564
2044-02,2044-02-01,global_mlp,2026-03,32.261436,0.08435334265232086,3.8134477138519287,False,2.5539634227752686,2553963.4227752686,reported_conditioned_mlp,VALHALL,,False,0.0,0.03806733526289463,0.08435334265232086,0.11325311809778205,0.16643842905759812,0.0,0.4566600620746606,2.5539634227752686,3.8639500379562364,6.715620708465576,0.0,1.2287912726402281,3.8134477138519287,6.551015567779536,9.316062641143798
2044-03,2044-03-01,global_mlp,2026-03,32.261436,0.07768874242901802,3.70514452457428,False,2.2161874771118164,2216187.4771118164,reported_conditioned_mlp,VALHALL,,False,0.0,0.025481138750910737,0.07768874242901802,0.10872048214077948,0.1607294410467148,0.0,0.1442916393280029,2.2161874771118164,3.6829936027526835,6.3806589603424095,0.0,1.098564422130584,3.70514452457428,6.491932010650629,9.062948131561281
2044-04,2044-04-01,global_mlp,2026-03,32.261436,0.09233798831701279,3.601562738418579,False,3.4928276538848877,3492827.6538848877,reported_conditioned_mlp,VALHALL,,False,0.0,0.05776794664561747,0.09233798831701279,0.11708421483635896,0.16011515706777574,0.0,2.0374228715896603,3.4928276538848877,5.218084001541136,8.376725006103516,0.0,0.9781729340553273,3.601562738418579,6.359865856170651,8.98716506958008
2044-05,2044-05-01,global_mlp,2026-03,32.261436,0.09496064484119415,3.4780439138412476,False,3.0294382572174072,3029438.257217407,reported_conditioned_mlp,VALHALL,,False,0.0,0.05192723050713538,0.09496064484119415,0.12013719975948334,0.16804532855749132,0.0,1.4179628610610957,3.0294382572174072,4.6171939849853505,7.431105661392216,0.0,0.8683197379112242,3.4780439138412476,6.215269660949704,8.871830272674561
2044-06,2044-06-01,global_mlp,2026-03,32.261436,0.09020756185054779,3.3493151664733887,False,3.137784004211426,3137784.004211426,reported_conditioned_mlp,VALHALL,,False,0.0,0.03364364691078651,0.09020756185054779,0.11667067706584928,0.16093830317258837,0.0,0.8781160593032832,3.137784004211426,4.93812255859375,7.6897583484649665,0.0,0.7837662398815151,3.3493151664733887,6.10367703437805,8.775066661834718
2044-07,2044-07-01,global_mlp,2026-03,32.261436,0.08821595087647438,3.2314831018447876,False,3.150899291038513,3150899.291038513,reported_conditioned_mlp,VALHALL,,False,0.0,0.020286770723760086,0.08821595087647438,0.1122056424617767,0.15919761806726457,0.0,0.9494395136833182,3.150899291038513,4.877842950820923,8.064347839355468,0.0,0.7040000200271604,3.2314831018447876,6.023585510253904,8.684132003784182
2044-08,2044-08-01,global_mlp,2026-03,32.261436,0.08157412335276604,3.1488367319107056,False,2.756742000579834,2756742.000579834,reported_conditioned_mlp,VALHALL,,False,0.0,0.0,0.08157412335276604,0.10776137337088584,0.14805867969989778,0.0,0.22848124206066112,2.756742000579834,4.297690343856811,6.82360372543335,0.0,0.5897226989269249,3.1488367319107056,5.904262447357177,8.59409866333008
2044-09,2044-09-01,global_mlp,2026-03,32.261436,0.0837300531566143,3.066276431083679,False,2.4927550554275513,2492755.0554275513,reported_conditioned_mlp,VALHALL,,False,0.0,0.010772336274385449,0.0837300531566143,0.1094391345977783,0.14756611883640292,0.0,0.03148825280368289,2.4927550554275513,3.9770107507705683,6.493709754943849,0.0,0.44401964247226666,3.066276431083679,5.789895486831664,8.471273612976075
2044-10,2044-10-01,global_mlp,2026-03,32.261436,0.07820940390229225,2.9399189949035645,False,2.978382110595703,2978382.110595703,reported_conditioned_mlp,VALHALL,,False,0.0,0.0,0.07820940390229225,0.10992341190576552,0.1509248748421669,0.0,0.0,2.978382110595703,4.512688016891478,6.984813594818116,0.0,0.3196515202522277,2.9399189949035645,5.694414710998534,8.378306865692139
2044-11,2044-11-01,global_mlp,2026-03,32.261436,0.08957449719309807,2.8514277935028076,False,3.0997228622436523,3099722.8622436523,reported_conditioned_mlp,VALHALL,,False,0.0,0.0,0.08957449719309807,0.11988353058695789,0.158096943795681,0.0,0.0,3.0997228622436523,4.433917140960693,7.59924340248108,0.0,0.17549246102571395,2.8514277935028076,5.58141107559204,8.28320016860962
2044-12,2044-12-01,global_mlp,2026-03,32.261436,0.08755197748541832,2.7382415533065796,False,2.9105130434036255,2910513.0434036255,reported_conditioned_mlp,VALHALL,,False,0.0,0.0,0.08755197748541832,0.11458845287561416,0.15637084245681768,0.0,0.0,2.9105130434036255,4.212639999389649,7.237626361846925,0.0,0.030255655199289005,2.7382415533065796,5.472595357894897,8.187550163269044
2045-01,2045-01-01,global_mlp,2026-03,32.261436,0.08121469989418983,2.6429994106292725,False,2.5462372303009033,2546237.2303009033,reported_conditioned_mlp,VALHALL,,False,0.0,0.0,0.08121469989418983,0.11123189404606817,0.1592545121908188,0.0,0.0,2.5462372303009033,3.850997829437253,6.449137687683108,0.0,0.0,2.6429994106292725,5.368037843704222,8.16906318664551
2045-02,2045-02-01,global_mlp,2026-03,32.261436,0.07722977921366692,2.5353007316589355,False,2.362478256225586,2362478.256225586,reported_conditioned_mlp,VALHALL,,False,0.0,0.0,0.07722977921366692,0.11389304548501968,0.15707026571035393,0.0,0.0,2.362478256225586,3.8204450845718347,7.32907967567444,0.0,0.0,2.5353007316589355,5.27775044441223,8.160248374938966
2045-03,2045-03-01,global_mlp,2026-03,32.261436,0.06947749108076096,2.455413341522217,False,2.0637694597244263,2063769.4597244263,reported_conditioned_mlp,VALHALL,,False,0.0,0.0,0.06947749108076096,0.09491796866059303,0.14358451515436174,0.0,0.0,2.0637694597244263,3.282700681686401,6.233467626571656,0.0,0.0,2.455413341522217,5.192832469940184,8.147005939483643
2045-04,2045-04-01,global_mlp,2026-03,32.261436,0.08162721619009972,2.3379061222076416,False,3.0197452306747437,3019745.2306747437,reported_conditioned_mlp,VALHALL,,False,0.0,0.0,0.08162721619009972,0.1131031148135662,0.1454774856567383,0.0,0.0,3.0197452306747437,4.563652086257934,7.704390573501588,0.0,0.0,2.3379061222076416,5.045406579971312,7.974771928787233
2045-05,2045-05-01,global_mlp,2026-03,32.261436,0.08246959000825882,2.2094000577926636,False,2.828290104866028,2828290.104866028,reported_conditioned_mlp,VALHALL,,False,0.0,0.0,0.08246959000825882,0.11395645588636398,0.155630798637867,0.0,0.0,2.828290104866028,4.36832661628723,7.031615018844605,0.0,0.0,2.2094000577926636,4.904363679885863,7.878443908691406
2045-06,2045-06-01,global_mlp,2026-03,32.261436,0.07510769367218018,2.1086833477020264,False,2.6681729555130005,2668172.9555130005,reported_conditioned_mlp,VALHALL,,False,0.0,0.0,0.07510769367218018,0.10905805826187133,0.14881810545921328,0.0,0.0,2.6681729555130005,4.344326496124268,7.075778818130494,0.0,0.0,2.1086833477020264,4.778797578811642,7.752281665802003
2045-07,2045-07-01,global_mlp,2026-03,32.261436,0.0764601081609726,1.9957364797592163,False,2.5653536319732666,2565353.6319732666,reported_conditioned_mlp,VALHALL,,False,0.0,0.0,0.0764601081609726,0.10895458832383155,0.15000808835029603,0.0,0.0,2.5653536319732666,4.254339551925658,6.942301845550538,0.0,0.0,1.9957364797592163,4.621409177780144,7.620641613006594
2045-08,2045-08-01,global_mlp,2026-03,32.261436,0.06955993920564651,1.8988962173461914,False,2.385721445083618,2385721.445083618,reported_conditioned_mlp,VALHALL,,False,0.0,0.0,0.06955993920564651,0.10045550689101218,0.1394679918885231,0.0,0.0,2.385721445083618,3.8257032871246337,6.402032375335696,0.0,0.0,1.8988962173461914,4.5009160041809,7.60631971359253
2045-09,2045-09-01,global_mlp,2026-03,32.261436,0.06890509277582169,1.7632229924201965,False,1.9344287514686584,1934428.7514686584,reported_conditioned_mlp,VALHALL,,False,0.0,0.0,0.06890509277582169,0.10058318078517912,0.14194655120372773,0.0,0.0,1.9344287514686584,3.3933398008346525,6.399920368194581,0.0,0.0,1.7632229924201965,4.379856967926018,7.519387817382816
2045-10,2045-10-01,global_mlp,2026-03,32.261436,0.06380157545208931,1.618704378604889,False,2.3586941957473755,2358694.1957473755,reported_conditioned_mlp,VALHALL,,False,0.0,0.0,0.06380157545208931,0.09727818742394446,0.13247894793748857,0.0,0.0,2.3586941957473755,3.8496286153793324,6.759217596054079,0.0,0.0,1.618704378604889,4.231399965286252,7.4433748245239295
2045-11,2045-11-01,global_mlp,2026-03,32.261436,0.0735730230808258,1.5336153507232666,False,2.3728119134902954,2372811.9134902954,reported_conditioned_mlp,VALHALL,,False,0.0,0.0,0.0735730230808258,0.10660645365715027,0.1473162591457367,0.0,0.0,2.3728119134902954,4.031041622161864,6.805689620971684,0.0,0.0,1.5336153507232666,4.100113344192503,7.350965118408206
2045-12,2045-12-01,global_mlp,2026-03,32.261436,0.06608248874545097,1.4276373982429504,False,2.110848546028137,2110848.546028137,reported_conditioned_mlp,VALHALL,,False,0.0,0.0,0.06608248874545097,0.10466354712843894,0.14381897896528248,0.0,0.0,2.110848546028137,3.8857836246490476,6.732255029678345,0.0,0.0,1.4276373982429504,4.009288477897642,7.273793840408326
2046-01,2046-01-01,global_mlp,2026-03,32.261436,0.06077936477959156,1.335479736328125,False,1.9707831740379333,1970783.1740379333,reported_conditioned_mlp,VALHALL,,False,0.0,0.0,0.06077936477959156,0.09748252779245375,0.14237008839845658,0.0,0.0,1.9707831740379333,3.395090222358703,5.984173583984376,0.0,0.0,1.335479736328125,3.8315938949584907,7.125739145278931
2046-02,2046-02-01,global_mlp,2026-03,32.261436,0.05702481418848038,1.2279472947120667,False,1.6871212124824524,1687121.2124824524,reported_conditioned_mlp,VALHALL,,False,0.0,0.0,0.05702481418848038,0.0990191005170345,0.14967227429151536,0.0,0.0,1.6871212124824524,3.4385943412780757,6.231632518768312,0.0,0.0,1.2279472947120667,3.716661286354063,7.016155529022218
2046-03,2046-03-01,global_mlp,2026-03,32.261436,0.044028514996171,1.1452112793922424,False,1.5519391894340515,1551939.1894340515,reported_conditioned_mlp,VALHALL,,False,0.0,0.0,0.044028514996171,0.09026642367243766,0.13102097511291505,0.0,0.0,1.5519391894340515,3.2780437231063835,5.712471294403076,0.0,0.0,1.1452112793922424,3.6250745296478266,6.957018184661867
2046-04,2046-04-01,global_mlp,2026-03,32.261436,0.06631068512797356,1.0355035662651062,False,2.7345410585403442,2734541.0585403442,reported_conditioned_mlp,VALHALL,,False,0.0,0.0,0.06631068512797356,0.10058634355664246,0.14795597344636918,0.0,0.0,2.7345410585403442,4.512481307983397,7.539075469970704,0.0,0.0,1.0355035662651062,3.5288252830505367,6.840379381179813
2046-05,2046-05-01,global_mlp,2026-03,32.261436,0.06433247029781342,0.9110900461673737,False,2.3058937788009644,2305893.7788009644,reported_conditioned_mlp,VALHALL,,False,0.0,0.0,0.06433247029781342,0.10711013600230217,0.1542142152786255,0.0,0.0,2.3058937788009644,4.1801204681396475,6.644955635070804,0.0,0.0,0.9110900461673737,3.4196379423141474,6.7368240833282504
2046-06,2046-06-01,global_mlp,2026-03,32.261436,0.06233950890600681,0.7890565693378448,False,1.9478248357772827,1947824.8357772827,reported_conditioned_mlp,VALHALL,,False,0.0,0.0,0.06233950890600681,0.10302776768803587,0.1476701244711876,0.0,0.0,1.9478248357772827,4.048400163650512,7.194555711746216,0.0,0.0,0.7890565693378448,3.3213618040084834,6.619618988037113
2046-07,2046-07-01,global_mlp,2026-03,32.261436,0.04695543460547924,0.6672633588314056,False,1.9793760180473328,1979376.0180473328,reported_conditioned_mlp,VALHALL,,False,0.0,0.0,0.04695543460547924,0.098104839771986,0.1465397372841835,0.0,0.0,1.9793760180473328,4.208121681213378,7.431209039688111,0.0,0.0,0.6672633588314056,3.2403923749923704,6.526364898681645
2046-08,2046-08-01,global_mlp,2026-03,32.261436,0.05146921053528786,0.5778971910476685,False,1.6306278705596924,1630627.8705596924,reported_conditioned_mlp,VALHALL,,False,0.0,0.0,0.05146921053528786,0.09360875412821767,0.13540576845407487,0.0,0.0,1.6306278705596924,3.4506055355072016,6.5966239452362085,0.0,0.0,0.5778971910476685,3.1408540248870835,6.439511728286747
2046-09,2046-09-01,global_mlp,2026-03,32.261436,0.049401819705963135,0.49083954095840454,False,1.3396554589271545,1339655.4589271545,reported_conditioned_mlp,VALHALL,,False,0.0,0.0,0.049401819705963135,0.09456200525164603,0.14627569466829304,0.0,0.0,1.3396554589271545,3.2453064203262305,6.264700222015382,0.0,0.0,0.49083954095840454,3.063536286354065,6.392760610580447
2046-10,2046-10-01,global_mlp,2026-03,32.261436,0.03745134361088276,0.3954056650400162,False,1.2899658679962158,1289965.8679962158,reported_conditioned_mlp,VALHALL,,False,0.0,0.0,0.03745134361088276,0.09389669001102435,0.13630303144454955,0.0,0.0,1.2899658679962158,3.775240540504454,6.991705942153932,0.0,0.0,0.3954056650400162,3.005238366127014,6.303827381134035
2046-11,2046-11-01,global_mlp,2026-03,32.261436,0.03770753741264343,0.265035018324852,False,1.6372504234313965,1637250.4234313965,reported_conditioned_mlp,VALHALL,,False,0.0,0.0,0.03770753741264343,0.1021810621023178,0.15036213248968128,0.0,0.0,1.6372504234313965,4.085038185119629,6.533817911148072,0.0,0.0,0.265035018324852,2.9027948617935166,6.227550506591797
2046-12,2046-12-01,global_mlp,2026-03,32.261436,0.0,0.14964526891708374,False,0.1523897722363472,152389.7722363472,reported_conditioned_mlp,VALHALL,,False,0.0,0.0,0.0,0.09370285496115684,0.1383877292275429,0.0,0.0,0.1523897722363472,3.73505401611328,6.401831626892092,0.0,0.0,0.14964526891708374,2.7694446086883517,6.127051210403443
2047-01,2047-01-01,global_mlp,2026-03,32.261436,0.005500286817550659,0.057181261479854584,False,0.47126685082912445,471266.85082912445,reported_conditioned_mlp,VALHALL,,False,0.0,0.0,0.005500286817550659,0.09315036162734029,0.13785065561532978,0.0,0.0,0.47126685082912445,3.166728734970092,5.806236124038698,0.0,0.0,0.057181261479854584,2.612819409370422,6.0344075679779055
2047-02,2047-02-01,global_mlp,2026-03,32.261436,0.0,0.01260014995932579,False,0.0,0.0,reported_conditioned_mlp,VALHALL,,False,0.0,0.0,0.0,0.08977637439966202,0.1362666979432106,0.0,0.0,0.0,3.163302636146545,5.998916625976564,0.0,0.0,0.01260014995932579,2.503125786781307,5.889163303375246
2047-03,2047-03-01,global_mlp,2026-03,32.261436,0.0,0.0,False,0.0,0.0,reported_conditioned_mlp,VALHALL,,False,0.0,0.0,0.0,0.07801356017589565,0.12487378045916558,0.0,0.0,0.0,3.0157994508743284,4.83653073310852,0.0,0.0,0.0,2.390626025199886,5.856647491455078
2047-04,2047-04-01,global_mlp,2026-03,32.261436,0.0,0.0,False,0.11796241626143456,117962.41626143456,reported_conditioned_mlp,VALHALL,,False,0.0,0.0,0.0,0.08706040307879447,0.13295026421546938,0.0,0.0,0.11796241626143456,3.6216841459274285,6.840495204925538,0.0,0.0,0.0,2.2468561649322494,5.738837480545045
2047-05,2047-05-01,global_mlp,2026-03,32.261436,0.0,0.0,False,0.0,0.0,reported_conditioned_mlp,VALHALL,,False,0.0,0.0,0.0,0.08949488326907154,0.13922110050916675,0.0,0.0,0.0,3.1500832796096803,6.2204029083251955,0.0,0.0,0.0,2.112857890129088,5.612845277786256
2047-06,2047-06-01,global_mlp,2026-03,32.261436,0.0,0.0,False,0.0,0.0,reported_conditioned_mlp,VALHALL,,False,0.0,0.0,0.0,0.08971778303384774,0.13519271761178972,0.0,0.0,0.0,3.3497281312942504,6.602423858642579,0.0,0.0,0.0,1.9848551392555214,5.483892726898194
2047-07,2047-07-01,global_mlp,2026-03,32.261436,0.0,0.0,False,0.0,0.0,reported_conditioned_mlp,VALHALL,,False,0.0,0.0,0.0,0.08153736516833299,0.13225272595882417,0.0,0.0,0.0,3.3380604982376063,6.722635459899903,0.0,0.0,0.0,1.8995141506195057,5.378196382522583
2047-08,2047-08-01,global_mlp,2026-03,32.261436,0.0,0.0,False,0.0,0.0,reported_conditioned_mlp,VALHALL,,False,0.0,0.0,0.0,0.07740726917982099,0.12196484506130222,0.0,0.0,0.0,2.928448700904846,6.0234479904174805,0.0,0.0,0.0,1.828588593006133,5.286201763153077
2047-09,2047-09-01,global_mlp,2026-03,32.261436,0.0,0.0,False,0.0,0.0,reported_conditioned_mlp,VALHALL,,False,0.0,0.0,0.0,0.07867431193590164,0.12940333783626562,0.0,0.0,0.0,2.6126845598220823,5.250222063064578,0.0,0.0,0.0,1.757581710815428,5.241068506240845
2047-10,2047-10-01,global_mlp,2026-03,32.261436,0.0,0.0,False,0.0,0.0,reported_conditioned_mlp,VALHALL,,False,0.0,0.0,0.0,0.07115372791886328,0.12536158114671708,0.0,0.0,0.0,2.9276856899261463,5.807958841323853,0.0,0.0,0.0,1.687755119800566,5.189032316207886
2047-11,2047-11-01,global_mlp,2026-03,32.261436,0.0,0.0,False,0.0,0.0,reported_conditioned_mlp,VALHALL,,False,0.0,0.0,0.0,0.07826548293232917,0.13989990800619126,0.0,0.0,0.0,3.240578103065489,6.030578565597536,0.0,0.0,0.0,1.5381507515907265,5.094248151779176
2047-12,2047-12-01,global_mlp,2026-03,32.261436,0.0,0.0,False,0.0,0.0,reported_conditioned_mlp,VALHALL,,False,0.0,0.0,0.0,0.07272814586758605,0.13415061384439472,0.0,0.0,0.0,3.036231541633606,5.524272155761719,0.0,0.0,0.0,1.4173164248466468,4.996240615844729
2048-01,2048-01-01,global_mlp,2026-03,32.261436,0.0,0.0,False,0.0,0.0,reported_conditioned_mlp,VALHALL,,False,0.0,0.0,0.0,0.06987273097038264,0.12613959312438972,0.0,0.0,0.0,2.470562958717346,4.790282487869266,0.0,0.0,0.0,1.2700010418891892,4.898858833312991
2048-02,2048-02-01,global_mlp,2026-03,32.261436,0.0,0.0,False,0.0,0.0,reported_conditioned_mlp,VALHALL,,False,0.0,0.0,0.0,0.06565582826733589,0.11797252967953684,0.0,0.0,0.0,2.1788110971450787,5.228719997406007,0.0,0.0,0.0,1.1520640492439256,4.803565120697023
2048-03,2048-03-01,global_mlp,2026-03,32.261436,0.0,0.0,False,0.0,0.0,reported_conditioned_mlp,VALHALL,,False,0.0,0.0,0.0,0.060738387331366515,0.10908008515834809,0.0,0.0,0.0,1.8126159310340852,4.539188194274908,0.0,0.0,0.0,1.0486615300178521,4.718011140823366
2048-04,2048-04-01,global_mlp,2026-03,32.261436,0.0,0.0,False,0.0,0.0,reported_conditioned_mlp,VALHALL,,False,0.0,0.0,0.0,0.07674695774912833,0.12330391108989716,0.0,0.0,0.0,3.1216701745986937,6.052246332168581,0.0,0.0,0.0,0.9436467587947827,4.6241620063781745
2048-05,2048-05-01,global_mlp,2026-03,32.261436,0.0,0.0,False,0.0,0.0,reported_conditioned_mlp,VALHALL,,False,0.0,0.0,0.0,0.07998900339007377,0.13515165001153948,0.0,0.0,0.0,2.8061360120773284,5.64742937088013,0.0,0.0,0.0,0.8730808377265926,4.526493358612061
2048-06,2048-06-01,global_mlp,2026-03,32.261436,0.0,0.0,False,0.0,0.0,reported_conditioned_mlp,VALHALL,,False,0.0,0.0,0.0,0.07361955046653743,0.12933258116245272,0.0,0.0,0.0,2.6650969743728634,5.959242963790894,0.0,0.0,0.0,0.7944908380508421,4.510158729553223
2048-07,2048-07-01,global_mlp,2026-03,32.261436,0.0,0.0,False,0.0,0.0,reported_conditioned_mlp,VALHALL,,False,0.0,0.0,0.0,0.06975551843643185,0.1275707557797432,0.0,0.0,0.0,2.909994602203366,5.911630010604859,0.0,0.0,0.0,0.6864154160022715,4.423524332046509
2048-08,2048-08-01,global_mlp,2026-03,32.261436,0.0,0.0,False,0.0,0.0,reported_conditioned_mlp,VALHALL,,False,0.0,0.0,0.0,0.061359795555472295,0.11030369922518733,0.0,0.0,0.0,2.4991856098175047,5.61544055938721,0.0,0.0,0.0,0.5866297602653502,4.378086662292481
2048-09,2048-09-01,global_mlp,2026-03,32.261436,0.0,0.0,False,0.0,0.0,reported_conditioned_mlp,VALHALL,,False,0.0,0.0,0.0,0.05571557059884055,0.11096541434526444,0.0,0.0,0.0,2.1984330654144255,4.673894262313843,0.0,0.0,0.0,0.4414853662252417,4.297796773910523
2048-10,2048-10-01,global_mlp,2026-03,32.261436,0.0,0.0,False,0.0,0.0,reported_conditioned_mlp,VALHALL,,False,0.0,0.0,0.0,0.0456511627882718,0.11168971508741382,0.0,0.0,0.0,2.26380488872528,5.034712791442872,0.0,0.0,0.0,0.2887587636709176,4.181270599365236
2048-11,2048-11-01,global_mlp,2026-03,32.261436,0.0,0.0,False,0.0,0.0,reported_conditioned_mlp,VALHALL,,False,0.0,0.0,0.0,0.06136962100863455,0.12166126668453223,0.0,0.0,0.0,2.2852158784866323,5.437508153915412,0.0,0.0,0.0,0.20119011402129852,4.063026618957522
2048-12,2048-12-01,global_mlp,2026-03,32.261436,0.0,0.0,False,0.0,0.0,reported_conditioned_mlp,VALHALL,,False,0.0,0.0,0.0,0.04623876996338356,0.11751813367009163,0.0,0.0,0.0,1.7731521964073147,5.02347083091736,0.0,0.0,0.0,0.1236643381416784,3.9791024446487455
2049-01,2049-01-01,global_mlp,2026-03,32.261436,0.0,0.0,False,0.0,0.0,reported_conditioned_mlp,VALHALL,,False,0.0,0.0,0.0,0.0,0.112308157235384,0.0,0.0,0.0,0.18403673619031374,4.408973121643068,0.0,0.0,0.0,0.03568471521139126,3.8982909917831448
2049-02,2049-02-01,global_mlp,2026-03,32.261436,0.0,0.0,False,0.0,0.0,reported_conditioned_mlp,VALHALL,,False,0.0,0.0,0.0,0.0,0.11125360727310181,0.0,0.0,0.0,0.3861087501048973,4.808580970764161,0.0,0.0,0.0,0.0,3.8230524539947517
2049-03,2049-03-01,global_mlp,2026-03,32.261436,0.0,0.0,False,0.0,0.0,reported_conditioned_mlp,VALHALL,,False,0.0,0.0,0.0,0.0,0.09731861725449564,0.0,0.0,0.0,0.0,3.9591569662094117,0.0,0.0,0.0,0.0,3.6894058704376236
2049-04,2049-04-01,global_mlp,2026-03,32.261436,0.0,0.0,False,0.0,0.0,reported_conditioned_mlp,VALHALL,,False,0.0,0.0,0.0,0.0,0.11226673498749734,0.0,0.0,0.0,0.4534895241260437,5.3054927349090635,0.0,0.0,0.0,0.0,3.5345007658004794
2049-05,2049-05-01,global_mlp,2026-03,32.261436,0.0,0.0,False,0.0,0.0,reported_conditioned_mlp,VALHALL,,False,0.0,0.0,0.0,0.0,0.11626994460821152,0.0,0.0,0.0,0.0,5.220730400085451,0.0,0.0,0.0,0.0,3.3781268596649214
2049-06,2049-06-01,global_mlp,2026-03,32.261436,0.0,0.0,False,0.0,0.0,reported_conditioned_mlp,VALHALL,,False,0.0,0.0,0.0,0.0,0.11604119986295701,0.0,0.0,0.0,0.0,5.082205486297615,0.0,0.0,0.0,0.0,3.3609027862548833
2049-07,2049-07-01,global_mlp,2026-03,32.261436,0.0,0.0,False,0.0,0.0,reported_conditioned_mlp,VALHALL,,False,0.0,0.0,0.0,0.0,0.11433423906564719,0.0,0.0,0.0,0.0,5.510190343856817,0.0,0.0,0.0,0.0,3.2376796722412116
2049-08,2049-08-01,global_mlp,2026-03,32.261436,0.0,0.0,False,0.0,0.0,reported_conditioned_mlp,VALHALL,,False,0.0,0.0,0.0,0.0,0.11488128006458284,0.0,0.0,0.0,0.0,4.8746916770935105,0.0,0.0,0.0,0.0,3.1424462318420416
2049-09,2049-09-01,global_mlp,2026-03,32.261436,0.0,0.0,False,0.0,0.0,reported_conditioned_mlp,VALHALL,,False,0.0,0.0,0.0,0.0,0.10860210061073305,0.0,0.0,0.0,0.0,4.5374966144561775,0.0,0.0,0.0,0.0,2.9640663862228407
2049-10,2049-10-01,global_mlp,2026-03,32.261436,0.0,0.0,False,0.0,0.0,reported_conditioned_mlp,VALHALL,,False,0.0,0.0,0.0,0.0,0.10755362883210184,0.0,0.0,0.0,0.0,5.43894968032837,0.0,0.0,0.0,0.0,2.8042494535446196
2049-11,2049-11-01,global_mlp,2026-03,32.261436,0.0,0.0,False,0.0,0.0,reported_conditioned_mlp,VALHALL,,False,0.0,0.0,0.0,0.0,0.11825990229845047,0.0,0.0,0.0,0.0,5.0488993167877245,0.0,0.0,0.0,0.0,2.7409950733184827
2049-12,2049-12-01,global_mlp,2026-03,32.261436,0.0,0.0,False,0.0,0.0,reported_conditioned_mlp,VALHALL,,False,0.0,0.0,0.0,0.0,0.11440909206867221,0.0,0.0,0.0,0.0,4.700160455703737,0.0,0.0,0.0,0.0,2.653271389007569
2050-01,2050-01-01,global_mlp,2026-03,32.261436,0.0,0.0,False,0.0,0.0,reported_conditioned_mlp,VALHALL,,False,0.0,0.0,0.0,0.0,0.10837554037570957,0.0,0.0,0.0,0.0,4.54368920326233,0.0,0.0,0.0,0.0,2.539493274688723
2050-02,2050-02-01,global_mlp,2026-03,32.261436,0.0,0.0,False,0.0,0.0,reported_conditioned_mlp,VALHALL,,False,0.0,0.0,0.0,0.0,0.10589533373713496,0.0,0.0,0.0,0.0,4.80471458435059,0.0,0.0,0.0,0.0,2.3856378555297892
2050-03,2050-03-01,global_mlp,2026-03,32.261436,0.0,0.0,False,0.0,0.0,reported_conditioned_mlp,VALHALL,,False,0.0,0.0,0.0,0.0,0.09451400563120842,0.0,0.0,0.0,0.0,3.976895165443421,0.0,0.0,0.0,0.0,2.2446414947509816
2050-04,2050-04-01,global_mlp,2026-03,32.261436,0.0,0.0,False,0.0,0.0,reported_conditioned_mlp,VALHALL,,False,0.0,0.0,0.0,0.0,0.10436422377824785,0.0,0.0,0.0,0.0,4.60991706848145,0.0,0.0,0.0,0.0,2.145868897438054
2050-05,2050-05-01,global_mlp,2026-03,32.261436,0.0,0.0,False,0.0,0.0,reported_conditioned_mlp,VALHALL,,False,0.0,0.0,0.0,0.0,0.1142888225615025,0.0,0.0,0.0,0.0,4.123844957351686,0.0,0.0,0.0,0.0,2.122378468513491
2050-06,2050-06-01,global_mlp,2026-03,32.261436,0.0,0.0,False,0.0,0.0,reported_conditioned_mlp,VALHALL,,False,0.0,0.0,0.0,0.0,0.10316404849290851,0.0,0.0,0.0,0.0,4.52896900177002,0.0,0.0,0.0,0.0,1.8204502344131517
2050-07,2050-07-01,global_mlp,2026-03,32.261436,0.0,0.0,False,0.0,0.0,reported_conditioned_mlp,VALHALL,,False,0.0,0.0,0.0,0.0,0.10591501519083978,0.0,0.0,0.0,0.0,4.517655181884766,0.0,0.0,0.0,0.0,1.7320503950119066
2050-08,2050-08-01,global_mlp,2026-03,32.261436,0.0,0.0,False,0.0,0.0,reported_conditioned_mlp,VALHALL,,False,0.0,0.0,0.0,0.0,0.09743569642305379,0.0,0.0,0.0,0.0,3.642743062973023,0.0,0.0,0.0,0.0,1.6262579798698473
2050-09,2050-09-01,global_mlp,2026-03,32.261436,0.0,0.0,False,0.0,0.0,reported_conditioned_mlp,VALHALL,,False,0.0,0.0,0.0,0.0,0.09442048296332363,0.0,0.0,0.0,0.0,3.094670772552491,0.0,0.0,0.0,0.0,1.554727149009709
2050-10,2050-10-01,global_mlp,2026-03,32.261436,0.0,0.0,False,0.0,0.0,reported_conditioned_mlp,VALHALL,,False,0.0,0.0,0.0,0.0,0.08884627446532252,0.0,0.0,0.0,0.0,4.032702875137334,0.0,0.0,0.0,0.0,1.4837080836296124
2050-11,2050-11-01,global_mlp,2026-03,32.261436,0.0,0.0,False,0.0,0.0,reported_conditioned_mlp,VALHALL,,False,0.0,0.0,0.0,0.0,0.09661928042769434,0.0,0.0,0.0,0.0,3.8287167549133345,0.0,0.0,0.0,0.0,1.3782073020935075
2050-12,2050-12-01,global_mlp,2026-03,32.261436,0.0,0.0,False,0.0,0.0,reported_conditioned_mlp,VALHALL,,False,0.0,0.0,0.0,0.0,0.08627146854996685,0.0,0.0,0.0,0.0,3.1322294473648085,0.0,0.0,0.0,0.0,1.222775053977968
2051-01,2051-01-01,global_mlp,2026-03,32.261436,0.0,0.0,False,0.0,0.0,reported_conditioned_mlp,VALHALL,,False,0.0,0.0,0.0,0.0,0.08085745051503183,0.0,0.0,0.0,0.0,2.7957674741745007,0.0,0.0,0.0,0.0,1.044584500789647
2051-02,2051-02-01,global_mlp,2026-03,32.261436,0.0,0.0,False,0.0,0.0,reported_conditioned_mlp,VALHALL,,False,0.0,0.0,0.0,0.0,0.08027166053652768,0.0,0.0,0.0,0.0,2.261918330192573,0.0,0.0,0.0,0.0,0.9223624706268353
2051-03,2051-03-01,global_mlp,2026-03,32.261436,0.0,0.0,False,0.0,0.0,reported_conditioned_mlp,VALHALL,,False,0.0,0.0,0.0,0.0,0.08150900378823282,0.0,0.0,0.0,0.0,2.0120969295501743,0.0,0.0,0.0,0.0,0.8150421321392092
