month,date,variant,cutoff_month,remaining_reserves_start_msm3oe,production_forecast_msm3oe,remaining_reserves_end_msm3oe,production_was_clipped,fuel_gas_forecast_msm3,fuel_gas_forecast_sm3,fuel_forecast_method,fuel_source_field,fuel_zero_from_month,fuel_zero_override_applied,production_forecast_msm3oe_q10,production_forecast_msm3oe_q30,production_forecast_msm3oe_q50,production_forecast_msm3oe_q70,production_forecast_msm3oe_q90,fuel_gas_forecast_msm3_q10,fuel_gas_forecast_msm3_q30,fuel_gas_forecast_msm3_q50,fuel_gas_forecast_msm3_q70,fuel_gas_forecast_msm3_q90,remaining_reserves_end_msm3oe_q10,remaining_reserves_end_msm3oe_q30,remaining_reserves_end_msm3oe_q50,remaining_reserves_end_msm3oe_q70,remaining_reserves_end_msm3oe_q90
2026-04,2026-04-01,global_mlp,2026-03,22.591994,0.1477491781115532,22.44424343109131,False,5.10234260559082,5102342.60559082,reported_conditioned_mlp,OSEBERG SØR,2028-01,False,0.10615829229354859,0.13049008697271347,0.1477491781115532,0.1668998643755913,0.19395570009946825,2.1051538228988647,3.7689961194992065,5.10234260559082,5.958071851730347,7.2880490779876705,22.39803810119629,22.425093269348146,22.44424343109131,22.461502647399904,22.485835456848143
2026-05,2026-05-01,global_mlp,2026-03,22.591994,0.14649135619401932,22.293904304504395,False,5.040749549865723,5040749.549865723,reported_conditioned_mlp,OSEBERG SØR,2028-01,False,0.09988339468836785,0.12606191188097,0.14649135619401932,0.16740316599607463,0.20535254180431367,2.0129027128219605,4.002401185035706,5.040749549865723,5.753841352462769,6.8452248096466075,22.205856323242188,22.265274238586425,22.293904304504395,22.328370666503908,22.37956256866455
2026-06,2026-06-01,global_mlp,2026-03,22.591994,0.15149010717868805,22.140263557434082,False,5.084671258926392,5084671.258926392,reported_conditioned_mlp,OSEBERG SØR,2028-01,False,0.1052668184041977,0.13133711516857147,0.15149010717868805,0.17143274694681165,0.20432899743318558,2.174626922607422,4.013357734680175,5.084671258926392,5.952397871017455,7.263817358016968,22.021895980834962,22.099077415466308,22.140263557434082,22.18876075744629,22.257696533203124
2026-07,2026-07-01,global_mlp,2026-03,22.591994,0.14971769601106644,21.99622631072998,False,5.63833475112915,5638334.75112915,reported_conditioned_mlp,OSEBERG SØR,2028-01,False,0.09877169206738472,0.12955056875944138,0.14971769601106644,0.17293599247932434,0.20602589696645737,2.109298491477966,4.500095224380493,5.63833475112915,6.599362516403198,8.134395313262939,21.82455711364746,21.933909797668456,21.99622631072998,22.052715301513672,22.14554672241211
2026-08,2026-08-01,global_mlp,2026-03,22.591994,0.14895649254322052,21.848541259765625,False,5.641607999801636,5641607.999801636,reported_conditioned_mlp,OSEBERG SØR,2028-01,False,0.09463499039411545,0.12784317284822463,0.14895649254322052,0.1735992342233657,0.20451600551605228,2.3366623640060427,4.664842367172241,5.641607999801636,6.528633403778076,8.355708312988284,21.63791732788086,21.76876564025879,21.848541259765625,21.92148780822754,22.029268074035645
2026-09,2026-09-01,global_mlp,2026-03,22.591994,0.1535201296210289,21.699971199035645,False,5.582403182983398,5582403.182983398,reported_conditioned_mlp,OSEBERG SØR,2028-01,False,0.0948006421327591,0.1281143546104431,0.1535201296210289,0.17976232171058654,0.21878051459789277,2.151240491867066,4.0999431133270265,5.582403182983398,6.666773843765258,8.280743408203126,21.43476619720459,21.598002433776855,21.699971199035645,21.77724666595459,21.927024841308594
2026-10,2026-10-01,global_mlp,2026-03,22.591994,0.15296828746795654,21.5454158782959,False,5.5316503047943115,5531650.3047943115,reported_conditioned_mlp,OSEBERG SØR,2028-01,False,0.10077818408608437,0.1297929123044014,0.15296828746795654,0.1783696189522743,0.21917113214731218,2.2629018545150763,4.3940633773803714,5.5316503047943115,6.428660345077515,8.353699684143066,21.242754554748537,21.423033142089842,21.5454158782959,21.645448303222658,21.82758331298828
2026-11,2026-11-01,global_mlp,2026-03,22.591994,0.16992710530757904,21.382420539855957,False,5.4839746952056885,5483974.6952056885,reported_conditioned_mlp,OSEBERG SØR,2028-01,False,0.10152746886014939,0.1398039534687996,0.16992710530757904,0.19215484708547592,0.2250863999128342,1.795227432250978,4.460045003890992,5.4839746952056885,6.616926383972168,7.996475887298584,21.036446952819823,21.246875953674316,21.382420539855957,21.48700828552246,21.70646514892578
2026-12,2026-12-01,global_mlp,2026-03,22.591994,0.16419203579425812,21.215765953063965,False,5.223210096359253,5223210.096359253,reported_conditioned_mlp,OSEBERG SØR,2028-01,False,0.09942381531000138,0.13706272691488267,0.16419203579425812,0.18682243376970292,0.23052335530519485,1.7556657195091254,4.153769874572754,5.223210096359253,6.065658473968505,7.6546407699584975,20.81219654083252,21.05743522644043,21.215765953063965,21.34075336456299,21.58150520324707
2027-01,2027-01-01,global_mlp,2026-03,22.591994,0.1612703576683998,21.06056499481201,False,5.3448591232299805,5344859.1232299805,reported_conditioned_mlp,OSEBERG SØR,2028-01,False,0.10077615603804589,0.1344406172633171,0.1612703576683998,0.19007525593042374,0.22993702292442322,1.2601018309593202,4.34199514389038,5.3448591232299805,6.15764365196228,7.660846138000489,20.6111572265625,20.872725105285646,21.06056499481201,21.202666664123534,21.46421012878418
2027-02,2027-02-01,global_mlp,2026-03,22.591994,0.15616469830274582,20.903518676757812,False,5.027934312820435,5027934.312820435,reported_conditioned_mlp,OSEBERG SØR,2028-01,False,0.08765123933553697,0.12745770066976547,0.15616469830274582,0.18381669670343398,0.22698145657777788,1.775959897041321,3.9039076805114745,5.027934312820435,6.074130201339722,7.743447875976567,20.399961471557617,20.69832820892334,20.903518676757812,21.06775817871094,21.356562995910643
2027-03,2027-03-01,global_mlp,2026-03,22.591994,0.14558804035186768,20.761228561401367,False,5.098428726196289,5098428.726196289,reported_conditioned_mlp,OSEBERG SØR,2028-01,False,0.07880742400884629,0.11851690560579299,0.14558804035186768,0.16842807978391647,0.19880167096853257,1.1657836675643924,3.7756418466567987,5.098428726196289,6.183956670761108,7.750089168548584,20.188731575012206,20.545278549194336,20.761228561401367,20.938592147827148,21.260964775085448
2027-04,2027-04-01,global_mlp,2026-03,22.591994,0.13565051555633545,20.600520133972168,False,4.101275444030762,4101275.4440307617,reported_conditioned_mlp,OSEBERG SØR,2028-01,False,0.07926819548010827,0.10783660560846328,0.13565051555633545,0.15794887989759446,0.20959373712539672,1.0499165773391725,2.65014944076538,4.101275444030762,5.401184320449828,6.825050687789919,20.025529861450195,20.41127128601074,20.600520133972168,20.8203125,21.169414901733397
2027-05,2027-05-01,global_mlp,2026-03,22.591994,0.13367824256420135,20.470458030700684,False,4.099302768707275,4099302.7687072754,reported_conditioned_mlp,OSEBERG SØR,2028-01,False,0.07600085213780404,0.10938942283391952,0.13367824256420135,0.16632691025733948,0.2112954691052437,1.3349212765693665,2.898335003852844,4.099302768707275,5.151026010513305,6.742866182327271,19.8639856338501,20.23445854187012,20.470458030700684,20.705255889892577,21.079627227783202
2027-06,2027-06-01,global_mlp,2026-03,22.591994,0.13505934923887253,20.31613826751709,False,4.274438381195068,4274438.381195068,reported_conditioned_mlp,OSEBERG SØR,2028-01,False,0.08095203638076783,0.11020954176783561,0.13505934923887253,0.163543801009655,0.20416536480188371,1.4169987916946414,3.093127489089966,4.274438381195068,5.355701065063475,6.6362142086029055,19.69282341003418,20.08015880584717,20.31613826751709,20.600533103942873,20.980059242248537
2027-07,2027-07-01,global_mlp,2026-03,22.591994,0.1312832087278366,20.181547164916992,False,4.338060617446899,4338060.617446899,reported_conditioned_mlp,OSEBERG SØR,2028-01,False,0.06917529925704002,0.1094496488571167,0.1312832087278366,0.1607685789465904,0.20539359599351883,1.5954160809516909,3.0608420133590695,4.338060617446899,5.681539297103878,7.080017995834351,19.495622062683104,19.92147159576416,20.181547164916992,20.486779594421385,20.90872402191162
2027-08,2027-08-01,global_mlp,2026-03,22.591994,0.13144603371620178,20.04067039489746,False,4.474885702133179,4474885.702133179,reported_conditioned_mlp,OSEBERG SØR,2028-01,False,0.06739728376269341,0.10321735218167305,0.13144603371620178,0.158527460694313,0.20966771394014364,1.0739108800888064,2.695134615898132,4.474885702133179,5.570334005355835,7.2575071334838865,19.2916166305542,19.766108322143555,20.04067039489746,20.37491817474365,20.832545661926268
2027-09,2027-09-01,global_mlp,2026-03,22.591994,0.1358169987797737,19.90287208557129,False,4.2848899364471436,4284889.936447144,reported_conditioned_mlp,OSEBERG SØR,2028-01,False,0.06624678671360017,0.10630596503615379,0.1358169987797737,0.1720405414700508,0.22175812125205993,1.0575952291488648,2.7407821893692015,4.2848899364471436,5.8498960494995105,7.616552448272707,19.152536582946777,19.603101348876955,19.90287208557129,20.26444149017334,20.74964542388916
2027-10,2027-10-01,global_mlp,2026-03,22.591994,0.13184165954589844,19.795835494995117,False,4.507849931716919,4507849.931716919,reported_conditioned_mlp,OSEBERG SØR,2028-01,False,0.06531656831502915,0.10098805502057076,0.13184165954589844,0.166459746658802,0.22035385519266135,1.290475845336914,3.1884089708328247,4.507849931716919,5.851716041564941,7.643245267868044,18.918746757507325,19.434320068359376,19.795835494995117,20.163386726379393,20.625933074951174
2027-11,2027-11-01,global_mlp,2026-03,22.591994,0.14031759649515152,19.655418395996094,False,4.581698179244995,4581698.179244995,reported_conditioned_mlp,OSEBERG SØR,2028-01,False,0.07392205893993378,0.11393654122948646,0.14031759649515152,0.1721598237752914,0.22932148426771165,1.0167920589447021,3.250660133361816,4.581698179244995,5.756843042373656,7.250151252746583,18.7389497756958,19.263729286193847,19.655418395996094,20.046628570556642,20.530297088623048
2027-12,2027-12-01,global_mlp,2026-03,22.591994,0.14315153658390045,19.511157035827637,False,4.564527273178101,4564527.273178101,reported_conditioned_mlp,OSEBERG SØR,2028-01,False,0.07286721989512444,0.11489073187112808,0.14315153658390045,0.17826993614435194,0.23251897543668748,1.081434500217438,3.2729806900024414,4.564527273178101,5.780131959915161,7.391901636123658,18.526624488830567,19.10306339263916,19.511157035827637,19.916068458557127,20.46540050506592
2028-01,2028-01-01,global_mlp,2026-03,22.591994,0.14894844591617584,19.372949600219727,False,0.0,0.0,reported_conditioned_mlp,OSEBERG SØR,2028-01,True,0.07286648005247116,0.11812118738889693,0.14894844591617584,0.17990031391382216,0.2415259674191475,0.0,0.0,0.0,0.0,0.0,18.3211576461792,18.926859855651855,19.372949600219727,19.788149642944337,20.39214515686035
2028-02,2028-02-01,global_mlp,2026-03,22.591994,0.14408603310585022,19.236002922058105,False,0.0,0.0,reported_conditioned_mlp,OSEBERG SØR,2028-01,True,0.07043524086475372,0.11242761239409446,0.14408603310585022,0.17836363464593882,0.2256085902452469,0.0,0.0,0.0,0.0,0.0,18.135601234436034,18.76112289428711,19.236002922058105,19.649002456665038,20.28070945739746
2028-03,2028-03-01,global_mlp,2026-03,22.591994,0.13495679199695587,19.08937168121338,False,0.0,0.0,reported_conditioned_mlp,OSEBERG SØR,2028-01,True,0.06462746113538742,0.10403456687927246,0.13495679199695587,0.1671778693795204,0.20975850820541395,0.0,0.0,0.0,0.0,0.0,17.93003749847412,18.593894386291502,19.08937168121338,19.53270854949951,20.162137985229492
2028-04,2028-04-01,global_mlp,2026-03,22.591994,0.12741739302873611,18.9472599029541,False,0.0,0.0,reported_conditioned_mlp,OSEBERG SØR,2028-01,True,0.0568289902061224,0.09717028886079787,0.12741739302873611,0.15735876262187956,0.2199360653758049,0.0,0.0,0.0,0.0,0.0,17.73755054473877,18.45272274017334,18.9472599029541,19.44021511077881,20.039678001403807
2028-05,2028-05-01,global_mlp,2026-03,22.591994,0.12769285589456558,18.796897888183594,False,0.0,0.0,reported_conditioned_mlp,OSEBERG SØR,2028-01,True,0.05908737517893316,0.09433913230895995,0.12769285589456558,0.16366359144449233,0.21728396713733675,0.0,0.0,0.0,0.0,0.0,17.541465187072752,18.305377197265624,18.796897888183594,19.329166984558103,19.956591415405274
2028-06,2028-06-01,global_mlp,2026-03,22.591994,0.12942368537187576,18.65876293182373,False,0.0,0.0,reported_conditioned_mlp,OSEBERG SØR,2028-01,True,0.05387537218630314,0.09867756143212318,0.12942368537187576,0.1628643736243248,0.21673073619604116,0.0,0.0,0.0,0.0,0.0,17.36392993927002,18.15910530090332,18.65876293182373,19.20586566925049,19.87166633605957
2028-07,2028-07-01,global_mlp,2026-03,22.591994,0.12449716031551361,18.512621879577637,False,0.0,0.0,reported_conditioned_mlp,OSEBERG SØR,2028-01,True,0.05466920025646686,0.09281474873423576,0.12449716031551361,0.15211509168148038,0.2047082707285881,0.0,0.0,0.0,0.0,0.0,17.156276512145997,18.010141372680664,18.512621879577637,19.09421615600586,19.80431957244873
2028-08,2028-08-01,global_mlp,2026-03,22.591994,0.11740534380078316,18.35447883605957,False,0.0,0.0,reported_conditioned_mlp,OSEBERG SØR,2028-01,True,0.05339128561317921,0.08664278090000152,0.11740534380078316,0.1503164932131767,0.20773342102766038,0.0,0.0,0.0,0.0,0.0,16.94539566040039,17.855694580078126,18.35447883605957,19.004976654052733,19.726658630371094
2028-09,2028-09-01,global_mlp,2026-03,22.591994,0.13141876459121704,18.21756935119629,False,0.0,0.0,reported_conditioned_mlp,OSEBERG SØR,2028-01,True,0.05654332228004933,0.09746798723936081,0.13141876459121704,0.16344905346632002,0.21849965602159505,0.0,0.0,0.0,0.0,0.0,16.72982292175293,17.722323608398437,18.21756935119629,18.884624099731443,19.64808769226074
2028-10,2028-10-01,global_mlp,2026-03,22.591994,0.12893535941839218,18.071924209594727,False,0.0,0.0,reported_conditioned_mlp,OSEBERG SØR,2028-01,True,0.05142057053744793,0.09425226971507072,0.12893535941839218,0.16934067606925962,0.22464076727628707,0.0,0.0,0.0,0.0,0.0,16.517819976806642,17.547358894348143,18.071924209594727,18.784293746948244,19.570731163024902
2028-11,2028-11-01,global_mlp,2026-03,22.591994,0.1334763988852501,17.942306518554688,False,0.0,0.0,reported_conditioned_mlp,OSEBERG SØR,2028-01,True,0.057683851569890976,0.10262028127908707,0.1334763988852501,0.17083310484886166,0.23889796286821366,0.0,0.0,0.0,0.0,0.0,16.309572219848633,17.394890594482423,17.942306518554688,18.663134956359862,19.496980667114258
2028-12,2028-12-01,global_mlp,2026-03,22.591994,0.13239163905382156,17.842498779296875,False,0.0,0.0,reported_conditioned_mlp,OSEBERG SØR,2028-01,True,0.06229957528412342,0.09884299039840698,0.13239163905382156,0.16848907470703123,0.22716451138257981,0.0,0.0,0.0,0.0,0.0,16.11483840942383,17.24917106628418,17.842498779296875,18.54827747344971,19.445524978637696
2029-01,2029-01-01,global_mlp,2026-03,22.591994,0.13448012620210648,17.731648445129395,False,0.0,0.0,reported_conditioned_mlp,OSEBERG SØR,2028-01,True,0.05657905340194703,0.10114814415574074,0.13448012620210648,0.17372764199972152,0.24212262183427816,0.0,0.0,0.0,0.0,0.0,15.83621129989624,17.066389274597167,17.731648445129395,18.416510772705077,19.387655830383302
2029-02,2029-02-01,global_mlp,2026-03,22.591994,0.12900979816913605,17.594013214111328,False,0.0,0.0,reported_conditioned_mlp,OSEBERG SØR,2028-01,True,0.055739803984761256,0.09278010129928589,0.12900979816913605,0.16666049808263775,0.2224620342254639,0.0,0.0,0.0,0.0,0.0,15.612214279174804,16.87252731323242,17.594013214111328,18.31681499481201,19.310277938842773
2029-03,2029-03-01,global_mlp,2026-03,22.591994,0.1146942526102066,17.49009132385254,False,0.0,0.0,reported_conditioned_mlp,OSEBERG SØR,2028-01,True,0.04902978911995889,0.08612251952290535,0.1146942526102066,0.1546241581439972,0.2160464659333229,0.0,0.0,0.0,0.0,0.0,15.46278190612793,16.708751106262206,17.49009132385254,18.232644081115723,19.223871803283693
2029-04,2029-04-01,global_mlp,2026-03,22.591994,0.1138835921883583,17.355172157287598,False,0.0,0.0,reported_conditioned_mlp,OSEBERG SØR,2028-01,True,0.0464576218277216,0.08417544215917586,0.1138835921883583,0.14815481305122372,0.213375024497509,0.0,0.0,0.0,0.0,0.0,15.270592308044433,16.575420951843263,17.355172157287598,18.14228286743164,19.15706424713135
2029-05,2029-05-01,global_mlp,2026-03,22.591994,0.11611196026206017,17.25148868560791,False,0.0,0.0,reported_conditioned_mlp,OSEBERG SØR,2028-01,True,0.04043834581971169,0.08382045179605484,0.11611196026206017,0.15326827615499491,0.2172712191939354,0.0,0.0,0.0,0.0,0.0,15.086089897155762,16.43882884979248,17.25148868560791,18.061180305480956,19.122307205200194
2029-06,2029-06-01,global_mlp,2026-03,22.591994,0.10978103429079056,17.156641006469727,False,0.0,0.0,reported_conditioned_mlp,OSEBERG SØR,2028-01,True,0.0422590158879757,0.08478780835866928,0.10978103429079056,0.1513890892267227,0.219577693939209,0.0,0.0,0.0,0.0,0.0,14.91008243560791,16.318598365783693,17.156641006469727,17.97731742858887,19.04908027648926
2029-07,2029-07-01,global_mlp,2026-03,22.591994,0.10955749079585075,17.046010971069336,False,0.0,0.0,reported_conditioned_mlp,OSEBERG SØR,2028-01,True,0.040972905606031416,0.07994842529296875,0.10955749079585075,0.15287653207778928,0.22127634882926947,0.0,0.0,0.0,0.0,0.0,14.685182476043702,16.2087610244751,17.046010971069336,17.856334686279297,18.983348846435547
2029-08,2029-08-01,global_mlp,2026-03,22.591994,0.10518008843064308,16.9420223236084,False,0.0,0.0,reported_conditioned_mlp,OSEBERG SØR,2028-01,True,0.03531218133866787,0.07396309971809387,0.10518008843064308,0.14389744251966474,0.21795439273118974,0.0,0.0,0.0,0.0,0.0,14.53556776046753,16.068296813964842,16.9420223236084,17.7738676071167,18.93113956451416
2029-09,2029-09-01,global_mlp,2026-03,22.591994,0.10941097512841225,16.862417221069336,False,0.0,0.0,reported_conditioned_mlp,OSEBERG SØR,2028-01,True,0.04234164804220201,0.07899079620838165,0.10941097512841225,0.14966956824064254,0.21137943863868713,0.0,0.0,0.0,0.0,0.0,14.361206817626954,15.938942623138427,16.862417221069336,17.683487701416016,18.877445411682128
2029-10,2029-10-01,global_mlp,2026-03,22.591994,0.11119461804628372,16.745963096618652,False,0.0,0.0,reported_conditioned_mlp,OSEBERG SØR,2028-01,True,0.04222004488110542,0.07631831914186478,0.11119461804628372,0.14687292873859403,0.20407585352659227,0.0,0.0,0.0,0.0,0.0,14.098334121704102,15.826886940002442,16.745963096618652,17.6029296875,18.803653144836428
2029-11,2029-11-01,global_mlp,2026-03,22.591994,0.11706456914544106,16.59217071533203,False,0.0,0.0,reported_conditioned_mlp,OSEBERG SØR,2028-01,True,0.04356326870620251,0.08445564582943915,0.11706456914544106,0.15853375047445287,0.22797305881977084,0.0,0.0,0.0,0.0,0.0,13.928471755981445,15.671697235107422,16.59217071533203,17.492984771728516,18.7515775680542
2029-12,2029-12-01,global_mlp,2026-03,22.591994,0.11694065853953362,16.489990234375,False,0.0,0.0,reported_conditioned_mlp,OSEBERG SØR,2028-01,True,0.04492800086736679,0.084907566010952,0.11694065853953362,0.15288565903902052,0.2176413804292679,0.0,0.0,0.0,0.0,0.0,13.71978816986084,15.503281307220458,16.489990234375,17.38109474182129,18.671409606933594
2030-01,2030-01-01,global_mlp,2026-03,22.591994,0.1230207234621048,16.374335289001465,False,0.0,0.0,reported_conditioned_mlp,OSEBERG SØR,2028-01,True,0.04816338196396828,0.08273176625370979,0.1230207234621048,0.1597603231668472,0.21851720064878466,0.0,0.0,0.0,0.0,0.0,13.5606840133667,15.34232931137085,16.374335289001465,17.278460884094237,18.5929817199707
2030-02,2030-02-01,global_mlp,2026-03,22.591994,0.11827737465500832,16.24635887145996,False,0.0,0.0,reported_conditioned_mlp,OSEBERG SØR,2028-01,True,0.043397982418537144,0.08622974306344985,0.11827737465500832,0.14818756282329557,0.2129746660590172,0.0,0.0,0.0,0.0,0.0,13.37253475189209,15.22480525970459,16.24635887145996,17.178319549560545,18.515329742431643
2030-03,2030-03-01,global_mlp,2026-03,22.591994,0.10727261379361153,16.168967247009277,False,0.0,0.0,reported_conditioned_mlp,OSEBERG SØR,2028-01,True,0.03343524560332299,0.07965434789657591,0.10727261379361153,0.14379543364048003,0.20490252524614336,0.0,0.0,0.0,0.0,0.0,13.18523063659668,15.076565742492676,16.168967247009277,17.086307716369628,18.487644004821778
2030-04,2030-04-01,global_mlp,2026-03,22.591994,0.10222431644797325,16.04113006591797,False,0.0,0.0,reported_conditioned_mlp,OSEBERG SØR,2028-01,True,0.04341569766402245,0.07482011020183563,0.10222431644797325,0.14036531299352642,0.19191068112850193,0.0,0.0,0.0,0.0,0.0,12.998736000061035,14.972352981567383,16.04113006591797,17.02735538482666,18.44059810638428
2030-05,2030-05-01,global_mlp,2026-03,22.591994,0.10115702077746391,15.936646938323975,False,0.0,0.0,reported_conditioned_mlp,OSEBERG SØR,2028-01,True,0.03961518704891205,0.07245471253991127,0.10115702077746391,0.13541188687086106,0.20410490632057193,0.0,0.0,0.0,0.0,0.0,12.863321399688722,14.836414051055907,15.936646938323975,16.947047996520993,18.385759353637695
2030-06,2030-06-01,global_mlp,2026-03,22.591994,0.1029508002102375,15.840705394744873,False,0.0,0.0,reported_conditioned_mlp,OSEBERG SØR,2028-01,True,0.038774007186293605,0.07412541285157202,0.1029508002102375,0.13760609924793243,0.1883554980158806,0.0,0.0,0.0,0.0,0.0,12.645020103454591,14.697234058380127,15.840705394744873,16.8461706161499,18.34714870452881
2030-07,2030-07-01,global_mlp,2026-03,22.591994,0.10148273780941963,15.756857872009277,False,0.0,0.0,reported_conditioned_mlp,OSEBERG SØR,2028-01,True,0.03653297312557698,0.06950984969735145,0.10148273780941963,0.13067628741264334,0.18226073384284974,0.0,0.0,0.0,0.0,0.0,12.482109642028808,14.540506553649902,15.756857872009277,16.78470401763916,18.292804718017578
2030-08,2030-08-01,global_mlp,2026-03,22.591994,0.09825839102268219,15.59601640701294,False,0.0,0.0,reported_conditioned_mlp,OSEBERG SØR,2028-01,True,0.037758749350905424,0.06753650158643722,0.09825839102268219,0.1318407893180847,0.18173323571681985,0.0,0.0,0.0,0.0,0.0,12.33257999420166,14.407954883575439,15.59601640701294,16.740257453918456,18.22150993347168
2030-09,2030-09-01,global_mlp,2026-03,22.591994,0.09726602956652641,15.522385597229004,False,0.0,0.0,reported_conditioned_mlp,OSEBERG SØR,2028-01,True,0.03619745746254921,0.07023732066154478,0.09726602956652641,0.1318102478981018,0.1973091170191765,0.0,0.0,0.0,0.0,0.0,12.135052394866943,14.289383125305175,15.522385597229004,16.667186355590818,18.137219619750976
2030-10,2030-10-01,global_mlp,2026-03,22.591994,0.0998077355325222,15.463045597076416,False,0.0,0.0,reported_conditioned_mlp,OSEBERG SØR,2028-01,True,0.036637337505817415,0.06877574026584625,0.0998077355325222,0.1361060708761215,0.201790589094162,0.0,0.0,0.0,0.0,0.0,11.978605651855469,14.160447883605958,15.463045597076416,16.576867294311523,18.063191604614257
2030-11,2030-11-01,global_mlp,2026-03,22.591994,0.10898296907544136,15.304399967193604,False,0.0,0.0,reported_conditioned_mlp,OSEBERG SØR,2028-01,True,0.043227973952889444,0.0787132292985916,0.10898296907544136,0.14809766858816145,0.22079773992300036,0.0,0.0,0.0,0.0,0.0,11.752101039886474,14.04449462890625,15.304399967193604,16.49912300109863,17.996011543273926
2030-12,2030-12-01,global_mlp,2026-03,22.591994,0.10557742789387703,15.189334869384766,False,0.0,0.0,reported_conditioned_mlp,OSEBERG SØR,2028-01,True,0.04046947546303272,0.07376247271895409,0.10557742789387703,0.1445873200893402,0.2157614201307297,0.0,0.0,0.0,0.0,0.0,11.594451141357423,13.945087432861328,15.189334869384766,16.42516498565674,17.939391326904296
2031-01,2031-01-01,global_mlp,2026-03,22.591994,0.10719913616776466,15.066023826599121,False,0.0,0.0,reported_conditioned_mlp,OSEBERG SØR,2028-01,True,0.04011899493634701,0.07510379403829574,0.10719913616776466,0.14454707354307175,0.21731954514980317,0.0,0.0,0.0,0.0,0.0,11.345365524291992,13.826306056976318,15.066023826599121,16.34568519592285,17.851353454589844
2031-02,2031-02-01,global_mlp,2026-03,22.591994,0.10796778276562691,14.928339004516602,False,0.0,0.0,reported_conditioned_mlp,OSEBERG SØR,2028-01,True,0.04197455197572709,0.0750061996281147,0.10796778276562691,0.14785059243440626,0.21075326204299927,0.0,0.0,0.0,0.0,0.0,11.149385261535645,13.671563625335693,14.928339004516602,16.21187801361084,17.77701816558838
2031-03,2031-03-01,global_mlp,2026-03,22.591994,0.09544035792350769,14.816679000854492,False,0.0,0.0,reported_conditioned_mlp,OSEBERG SØR,2028-01,True,0.03411572501063348,0.06826510205864907,0.09544035792350769,0.1334608644247055,0.1963077023625374,0.0,0.0,0.0,0.0,0.0,10.98869047164917,13.55193109512329,14.816679000854492,16.15308609008789,17.700982093811035
2031-04,2031-04-01,global_mlp,2026-03,22.591994,0.09347210451960564,14.732288837432861,False,0.0,0.0,reported_conditioned_mlp,OSEBERG SØR,2028-01,True,0.03967951498925686,0.07062767297029496,0.09347210451960564,0.12568351179361342,0.1802751734852791,0.0,0.0,0.0,0.0,0.0,10.893388843536377,13.404438304901124,14.732288837432861,16.091439247131348,17.634321403503417
2031-05,2031-05-01,global_mlp,2026-03,22.591994,0.09182577580213547,14.639380931854248,False,0.0,0.0,reported_conditioned_mlp,OSEBERG SØR,2028-01,True,0.03658699505031109,0.06534088030457497,0.09182577580213547,0.122721941024065,0.18523914366960528,0.0,0.0,0.0,0.0,0.0,10.672825241088868,13.246067333221436,14.639380931854248,15.983796501159668,17.57051811218262
2031-06,2031-06-01,global_mlp,2026-03,22.591994,0.08837640658020973,14.54244089126587,False,0.0,0.0,reported_conditioned_mlp,OSEBERG SØR,2028-01,True,0.035746142268180854,0.0657067984342575,0.08837640658020973,0.12151397019624709,0.18796938061714177,0.0,0.0,0.0,0.0,0.0,10.522723197937012,13.125212478637694,14.54244089126587,15.907529544830322,17.493828773498535
2031-07,2031-07-01,global_mlp,2026-03,22.591994,0.0870637409389019,14.45892333984375,False,0.0,0.0,reported_conditioned_mlp,OSEBERG SØR,2028-01,True,0.03019589632749558,0.0672129102051258,0.0870637409389019,0.12787663638591762,0.18572131395339966,0.0,0.0,0.0,0.0,0.0,10.32655029296875,13.044815921783448,14.45892333984375,15.81098403930664,17.459438133239747
2031-08,2031-08-01,global_mlp,2026-03,22.591994,0.08810458704829216,14.35601282119751,False,0.0,0.0,reported_conditioned_mlp,OSEBERG SØR,2028-01,True,0.03028299100697041,0.06066076047718524,0.08810458704829216,0.12047151923179626,0.18643009215593337,0.0,0.0,0.0,0.0,0.0,10.078962516784667,12.894922637939453,14.35601282119751,15.788422775268552,17.42176170349121
2031-09,2031-09-01,global_mlp,2026-03,22.591994,0.09159629791975021,14.25145959854126,False,0.0,0.0,reported_conditioned_mlp,OSEBERG SØR,2028-01,True,0.03346724659204484,0.06585327237844467,0.09159629791975021,0.12336052507162094,0.19071046561002739,0.0,0.0,0.0,0.0,0.0,9.95302219390869,12.821730709075927,14.25145959854126,15.698084831237791,17.36647186279297
2031-10,2031-10-01,global_mlp,2026-03,22.591994,0.09015236794948578,14.147059917449951,False,0.0,0.0,reported_conditioned_mlp,OSEBERG SØR,2028-01,True,0.029202016070485115,0.06561400070786476,0.09015236794948578,0.1268202543258667,0.18566328883171088,0.0,0.0,0.0,0.0,0.0,9.70631456375122,12.732083415985107,14.147059917449951,15.661611175537109,17.343105697631838
2031-11,2031-11-01,global_mlp,2026-03,22.591994,0.09917163103818893,14.074939727783203,False,0.0,0.0,reported_conditioned_mlp,OSEBERG SØR,2028-01,True,0.03989168554544449,0.07224210649728775,0.09917163103818893,0.13056400269269935,0.2092265069484711,0.0,0.0,0.0,0.0,0.0,9.516856670379639,12.597324466705322,14.074939727783203,15.566274738311765,17.311838340759277
2031-12,2031-12-01,global_mlp,2026-03,22.591994,0.09933090955018997,13.957537174224854,False,0.0,0.0,reported_conditioned_mlp,OSEBERG SØR,2028-01,True,0.03539402373135091,0.06709549650549888,0.09933090955018997,0.13215689361095428,0.20378167778253561,0.0,0.0,0.0,0.0,0.0,9.392080879211427,12.482111167907714,13.957537174224854,15.51113634109497,17.2703519821167
2032-01,2032-01-01,global_mlp,2026-03,22.591994,0.10154459625482559,13.824506282806396,False,0.0,0.0,reported_conditioned_mlp,OSEBERG SØR,2028-01,True,0.035098534822463986,0.07064701542258262,0.10154459625482559,0.13653972148895258,0.21315028071403505,0.0,0.0,0.0,0.0,0.0,9.258262634277344,12.340548801422118,13.824506282806396,15.419469261169434,17.2139030456543
2032-02,2032-02-01,global_mlp,2026-03,22.591994,0.09615533426404,13.703815937042236,False,0.0,0.0,reported_conditioned_mlp,OSEBERG SØR,2028-01,True,0.033819764852523804,0.06959653496742248,0.09615533426404,0.1333634197711944,0.20549571216106416,0.0,0.0,0.0,0.0,0.0,9.066706562042237,12.245326614379882,13.703815937042236,15.323916721343995,17.114837837219238
2032-03,2032-03-01,global_mlp,2026-03,22.591994,0.09109608456492424,13.603978633880615,False,0.0,0.0,reported_conditioned_mlp,OSEBERG SØR,2028-01,True,0.029148392379283912,0.06361696198582649,0.09109608456492424,0.12471725493669507,0.18902766853570946,0.0,0.0,0.0,0.0,0.0,8.831443595886231,12.092123126983642,13.603978633880615,15.23328742980957,17.04028205871582
2032-04,2032-04-01,global_mlp,2026-03,22.591994,0.0869915634393692,13.494022369384766,False,0.0,0.0,reported_conditioned_mlp,OSEBERG SØR,2028-01,True,0.037186961621046066,0.06123852021992205,0.0869915634393692,0.11461378857493397,0.18164699822664268,0.0,0.0,0.0,0.0,0.0,8.68494176864624,11.985260200500488,13.494022369384766,15.14086036682129,16.97083797454834
2032-05,2032-05-01,global_mlp,2026-03,22.591994,0.0832008346915245,13.419447422027588,False,0.0,0.0,reported_conditioned_mlp,OSEBERG SØR,2028-01,True,0.03469883129000664,0.06291146576404572,0.0832008346915245,0.11640951111912722,0.1805242732167244,0.0,0.0,0.0,0.0,0.0,8.572909355163574,11.913022232055663,13.419447422027588,15.047714233398438,16.92882595062256
2032-06,2032-06-01,global_mlp,2026-03,22.591994,0.08609191328287125,13.350039958953857,False,0.0,0.0,reported_conditioned_mlp,OSEBERG SØR,2028-01,True,0.03523403070867062,0.060600271448493004,0.08609191328287125,0.11492178440093993,0.17455832213163378,0.0,0.0,0.0,0.0,0.0,8.433154010772705,11.826932144165038,13.350039958953857,14.961850547790526,16.882652473449706
2032-07,2032-07-01,global_mlp,2026-03,22.591994,0.08085057511925697,13.262965202331543,False,0.0,0.0,reported_conditioned_mlp,OSEBERG SØR,2028-01,True,0.032165746018290524,0.06128599233925342,0.08085057511925697,0.1145675130188465,0.1690049931406975,0.0,0.0,0.0,0.0,0.0,8.281971645355226,11.71679973602295,13.262965202331543,14.906562519073486,16.84549160003662
2032-08,2032-08-01,global_mlp,2026-03,22.591994,0.08098988607525826,13.201040267944336,False,0.0,0.0,reported_conditioned_mlp,OSEBERG SØR,2028-01,True,0.03196443170309067,0.05606107302010059,0.08098988607525826,0.11025888919830314,0.16937442868947986,0.0,0.0,0.0,0.0,0.0,8.119079780578614,11.61557216644287,13.201040267944336,14.865672206878662,16.780695152282714
2032-09,2032-09-01,global_mlp,2026-03,22.591994,0.08133164793252945,13.106315612792969,False,0.0,0.0,reported_conditioned_mlp,OSEBERG SØR,2028-01,True,0.02973237913101912,0.05910623446106911,0.08133164793252945,0.11839761883020397,0.16856894791126256,0.0,0.0,0.0,0.0,0.0,7.931005144119263,11.513333797454834,13.106315612792969,14.76447343826294,16.727153968811034
2032-10,2032-10-01,global_mlp,2026-03,22.591994,0.08403631299734116,13.025863647460938,False,0.0,0.0,reported_conditioned_mlp,OSEBERG SØR,2028-01,True,0.025541768223047268,0.058694951236248016,0.08403631299734116,0.11033050715923304,0.17944673001766206,0.0,0.0,0.0,0.0,0.0,7.719793510437012,11.424288082122803,13.025863647460938,14.665603733062744,16.68337936401367
2032-11,2032-11-01,global_mlp,2026-03,22.591994,0.09292962029576302,12.96590518951416,False,0.0,0.0,reported_conditioned_mlp,OSEBERG SØR,2028-01,True,0.03364469297230244,0.06769974306225776,0.09292962029576302,0.12245672717690462,0.18933756649494174,0.0,0.0,0.0,0.0,0.0,7.592384767532349,11.30460319519043,12.96590518951416,14.58366413116455,16.611935424804688
2032-12,2032-12-01,global_mlp,2026-03,22.591994,0.0829877071082592,12.905442714691162,False,0.0,0.0,reported_conditioned_mlp,OSEBERG SØR,2028-01,True,0.029125671461224557,0.05971990637481213,0.0829877071082592,0.11720505729317657,0.18486334234476096,0.0,0.0,0.0,0.0,0.0,7.4609272480010995,11.21062707901001,12.905442714691162,14.495823287963866,16.560134506225587
2033-01,2033-01-01,global_mlp,2026-03,22.591994,0.08332331106066704,12.768091678619385,False,0.0,0.0,reported_conditioned_mlp,OSEBERG SØR,2028-01,True,0.0300401259213686,0.06053755469620227,0.08332331106066704,0.12016017884016034,0.1928270682692528,0.0,0.0,0.0,0.0,0.0,7.303233432769776,11.06675453186035,12.768091678619385,14.407691764831542,16.507576942443848
2033-02,2033-02-01,global_mlp,2026-03,22.591994,0.08895651996135712,12.653475761413574,False,0.0,0.0,reported_conditioned_mlp,OSEBERG SØR,2028-01,True,0.034994481503963476,0.06491271778941154,0.08895651996135712,0.11938602104783055,0.17576462030410767,0.0,0.0,0.0,0.0,0.0,7.1411230087280275,10.954625797271728,12.653475761413574,14.302897453308105,16.4089298248291
2033-03,2033-03-01,global_mlp,2026-03,22.591994,0.08052308857440948,12.571943283081055,False,0.0,0.0,reported_conditioned_mlp,OSEBERG SØR,2028-01,True,0.024837717600166804,0.057583957538008684,0.08052308857440948,0.10520568415522576,0.16326756030321127,0.0,0.0,0.0,0.0,0.0,6.927420663833618,10.853192234039307,12.571943283081055,14.24552240371704,16.338562965393066
2033-04,2033-04-01,global_mlp,2026-03,22.591994,0.07931732386350632,12.46178913116455,False,0.0,0.0,reported_conditioned_mlp,OSEBERG SØR,2028-01,True,0.028206514194607738,0.05951030775904655,0.07931732386350632,0.10523224622011183,0.16255336552858354,0.0,0.0,0.0,0.0,0.0,6.798132419586182,10.761104106903076,12.46178913116455,14.182693195343017,16.2732666015625
2033-05,2033-05-01,global_mlp,2026-03,22.591994,0.07885836809873581,12.38036823272705,False,0.0,0.0,reported_conditioned_mlp,OSEBERG SØR,2028-01,True,0.02793959807604552,0.05920441299676895,0.07885836809873581,0.11044944748282433,0.15785939097404486,0.0,0.0,0.0,0.0,0.0,6.6997480392456055,10.664852809906005,12.38036823272705,14.118128681182862,16.20946979522705
2033-06,2033-06-01,global_mlp,2026-03,22.591994,0.074274942278862,12.284632205963135,False,0.0,0.0,reported_conditioned_mlp,OSEBERG SØR,2028-01,True,0.02628938164561987,0.054079915210604665,0.074274942278862,0.09771272838115692,0.1521849304437638,0.0,0.0,0.0,0.0,0.0,6.630109214782716,10.532096195220946,12.284632205963135,14.03264684677124,16.141707038879396
2033-07,2033-07-01,global_mlp,2026-03,22.591994,0.07140343636274338,12.207674503326416,False,0.0,0.0,reported_conditioned_mlp,OSEBERG SØR,2028-01,True,0.02602904476225377,0.052447977289557454,0.07140343636274338,0.09738605841994286,0.14428595304489145,0.0,0.0,0.0,0.0,0.0,6.462005710601808,10.377443218231202,12.207674503326416,13.990707492828369,16.068310737609863
2033-08,2033-08-01,global_mlp,2026-03,22.591994,0.07187704369425774,12.131369590759277,False,0.0,0.0,reported_conditioned_mlp,OSEBERG SØR,2028-01,True,0.025318675674498085,0.05123355537652969,0.07187704369425774,0.09828063696622845,0.15442916154861452,0.0,0.0,0.0,0.0,0.0,6.328191709518434,10.21221342086792,12.131369590759277,13.94686346054077,15.99487886428833
2033-09,2033-09-01,global_mlp,2026-03,22.591994,0.07604515552520752,12.068606853485107,False,0.0,0.0,reported_conditioned_mlp,OSEBERG SØR,2028-01,True,0.023985039815306666,0.053458442538976664,0.07604515552520752,0.10704150721430776,0.16645947545766832,0.0,0.0,0.0,0.0,0.0,6.163528919219972,10.138365268707275,12.068606853485107,13.894241619110106,15.925286388397218
2033-10,2033-10-01,global_mlp,2026-03,22.591994,0.0743558295071125,12.004293441772461,False,0.0,0.0,reported_conditioned_mlp,OSEBERG SØR,2028-01,True,0.027152758464217188,0.04852009564638138,0.0743558295071125,0.1032550536096096,0.15475877523422243,0.0,0.0,0.0,0.0,0.0,6.0438702583312995,10.075888442993163,12.004293441772461,13.832944583892822,15.839314365386963
2033-11,2033-11-01,global_mlp,2026-03,22.591994,0.08450251817703247,11.913114547729492,False,0.0,0.0,reported_conditioned_mlp,OSEBERG SØR,2028-01,True,0.03066344540566206,0.06002486534416675,0.08450251817703247,0.10929395556449889,0.16172109246253968,0.0,0.0,0.0,0.0,0.0,5.929264020919801,10.018187046051025,11.913114547729492,13.745085430145263,15.78867998123169
2033-12,2033-12-01,global_mlp,2026-03,22.591994,0.07513581216335297,11.821157932281494,False,0.0,0.0,reported_conditioned_mlp,OSEBERG SØR,2028-01,True,0.025507749989628795,0.05584133267402649,0.07513581216335297,0.10778342187404626,0.16981915682554247,0.0,0.0,0.0,0.0,0.0,5.813083124160767,9.927185535430908,11.821157932281494,13.662037181854247,15.762760353088378
2034-01,2034-01-01,global_mlp,2026-03,22.591994,0.07476889714598656,11.709802150726318,False,0.0,0.0,reported_conditioned_mlp,OSEBERG SØR,2028-01,True,0.023888585902750496,0.05179557017982006,0.07476889714598656,0.10618212595582008,0.16597146391868595,0.0,0.0,0.0,0.0,0.0,5.6094482421875,9.82487735748291,11.709802150726318,13.58944034576416,15.696771144866943
2034-02,2034-02-01,global_mlp,2026-03,22.591994,0.07589636370539665,11.635631084442139,False,0.0,0.0,reported_conditioned_mlp,OSEBERG SØR,2028-01,True,0.02320722714066506,0.05379588231444358,0.07589636370539665,0.11015181243419646,0.16572668999433518,0.0,0.0,0.0,0.0,0.0,5.4463552951812755,9.706725978851319,11.635631084442139,13.462419128417968,15.628263759613038
2034-03,2034-03-01,global_mlp,2026-03,22.591994,0.07354062795639038,11.562506198883057,False,0.0,0.0,reported_conditioned_mlp,OSEBERG SØR,2028-01,True,0.016655860841274264,0.04940628409385681,0.07354062795639038,0.09797617942094801,0.15459056049585343,0.0,0.0,0.0,0.0,0.0,5.27184853553772,9.576527404785157,11.562506198883057,13.41345272064209,15.55897626876831
2034-04,2034-04-01,global_mlp,2026-03,22.591994,0.06869961321353912,11.49180555343628,False,0.0,0.0,reported_conditioned_mlp,OSEBERG SØR,2028-01,True,0.02290080636739731,0.05138057507574558,0.06869961321353912,0.0941566117107868,0.14894104003906267,0.0,0.0,0.0,0.0,0.0,5.115625858306885,9.49609088897705,11.49180555343628,13.373572635650635,15.520204734802247
2034-05,2034-05-01,global_mlp,2026-03,22.591994,0.06811213865876198,11.40656566619873,False,0.0,0.0,reported_conditioned_mlp,OSEBERG SØR,2028-01,True,0.025491203740239148,0.04913153648376465,0.06811213865876198,0.08998550474643704,0.1529991373419762,0.0,0.0,0.0,0.0,0.0,4.9820160388946535,9.413602733612061,11.40656566619873,13.336009693145751,15.462835025787355
2034-06,2034-06-01,global_mlp,2026-03,22.591994,0.0689316838979721,11.357155323028564,False,0.0,0.0,reported_conditioned_mlp,OSEBERG SØR,2028-01,True,0.024180487729609013,0.04725075177848339,0.0689316838979721,0.09266520366072654,0.15027932673692704,0.0,0.0,0.0,0.0,0.0,4.8924239635467535,9.321366500854491,11.357155323028564,13.266697025299072,15.39804449081421
2034-07,2034-07-01,global_mlp,2026-03,22.591994,0.06921880319714546,11.285792350769043,False,0.0,0.0,reported_conditioned_mlp,OSEBERG SØR,2028-01,True,0.025275592878460894,0.04872423447668552,0.06921880319714546,0.0898992799222469,0.14959402531385427,0.0,0.0,0.0,0.0,0.0,4.8126918315887455,9.21520309448242,11.285792350769043,13.193744468688964,15.330344486236575
2034-08,2034-08-01,global_mlp,2026-03,22.591994,0.06762116029858589,11.20940351486206,False,0.0,0.0,reported_conditioned_mlp,OSEBERG SØR,2028-01,True,0.024071097560226917,0.048774907365441315,0.06762116029858589,0.09009418487548823,0.14023551791906358,0.0,0.0,0.0,0.0,0.0,4.747913265228272,9.068174839019775,11.20940351486206,13.147531032562254,15.261143684387209
2034-09,2034-09-01,global_mlp,2026-03,22.591994,0.07200570777058601,11.136177062988281,False,0.0,0.0,reported_conditioned_mlp,OSEBERG SØR,2028-01,True,0.024181724898517134,0.05325039252638816,0.07200570777058601,0.09470764845609665,0.14776465892791749,0.0,0.0,0.0,0.0,0.0,4.693502378463745,9.014590549468993,11.136177062988281,13.072288990020752,15.203853130340578
2034-10,2034-10-01,global_mlp,2026-03,22.591994,0.07098699361085892,11.085782527923584,False,0.0,0.0,reported_conditioned_mlp,OSEBERG SØR,2028-01,True,0.022876323387026786,0.047713188081979746,0.07098699361085892,0.09235295578837392,0.14213043451309207,0.0,0.0,0.0,0.0,0.0,4.630486726760864,8.84383020401001,11.085782527923584,12.99529571533203,15.186675739288331
2034-11,2034-11-01,global_mlp,2026-03,22.591994,0.07639649882912636,10.993545532226562,False,0.0,0.0,reported_conditioned_mlp,OSEBERG SØR,2028-01,True,0.022920573316514495,0.05219294317066669,0.07639649882912636,0.10312276110053062,0.15725537836551667,0.0,0.0,0.0,0.0,0.0,4.592065715789795,8.726897144317627,10.993545532226562,12.916997432708738,15.155658531188966
2034-12,2034-12-01,global_mlp,2026-03,22.591994,0.07289773225784302,10.908854007720947,False,0.0,0.0,reported_conditioned_mlp,OSEBERG SØR,2028-01,True,0.02113279141485691,0.05185435228049755,0.07289773225784302,0.10070461705327033,0.15462703555822374,0.0,0.0,0.0,0.0,0.0,4.5632326126098635,8.591016292572021,10.908854007720947,12.791612911224366,15.076207447052003
2035-01,2035-01-01,global_mlp,2026-03,22.591994,0.0736662857234478,10.820778846740723,False,0.0,0.0,reported_conditioned_mlp,OSEBERG SØR,2028-01,True,0.018414710275828843,0.051982768997550007,0.0736662857234478,0.09936015009880055,0.15060061812400818,0.0,0.0,0.0,0.0,0.0,4.503107261657715,8.476410007476806,10.820778846740723,12.733122444152832,15.005122184753418
2035-02,2035-02-01,global_mlp,2026-03,22.591994,0.07347739860415459,10.763336658477783,False,0.0,0.0,reported_conditioned_mlp,OSEBERG SØR,2028-01,True,0.02231410630047322,0.050029357895255075,0.07347739860415459,0.09607463255524634,0.1511243894696236,0.0,0.0,0.0,0.0,0.0,4.428986215591431,8.360304641723634,10.763336658477783,12.673236656188966,14.950711631774903
2035-03,2035-03-01,global_mlp,2026-03,22.591994,0.06875073537230492,10.666256427764893,False,0.0,0.0,reported_conditioned_mlp,OSEBERG SØR,2028-01,True,0.01109950849786401,0.0474072515964508,0.06875073537230492,0.0914259478449821,0.13352670669555664,0.0,0.0,0.0,0.0,0.0,4.3229659557342535,8.304421138763427,10.666256427764893,12.609421157836914,14.901129817962646
2035-04,2035-04-01,global_mlp,2026-03,22.591994,0.06675370037555695,10.550642490386963,False,0.0,0.0,reported_conditioned_mlp,OSEBERG SØR,2028-01,True,0.022288038581609732,0.04914606735110283,0.06675370037555695,0.09036196768283843,0.12998622804880144,0.0,0.0,0.0,0.0,0.0,4.15363998413086,8.225444793701172,10.550642490386963,12.553915500640867,14.815538215637208
2035-05,2035-05-01,global_mlp,2026-03,22.591994,0.06388874351978302,10.4931001663208,False,0.0,0.0,reported_conditioned_mlp,OSEBERG SØR,2028-01,True,0.021617892012000088,0.04490590058267116,0.06388874351978302,0.0899399921298027,0.1309467092156411,0.0,0.0,0.0,0.0,0.0,3.9939963102340696,8.149425315856933,10.4931001663208,12.484004878997801,14.776059246063232
2035-06,2035-06-01,global_mlp,2026-03,22.591994,0.0643271915614605,10.429560661315918,False,0.0,0.0,reported_conditioned_mlp,OSEBERG SØR,2028-01,True,0.02054703608155252,0.043379622697830196,0.0643271915614605,0.08848573043942451,0.13035710602998737,0.0,0.0,0.0,0.0,0.0,3.7989245653152466,8.023519611358642,10.429560661315918,12.415134048461912,14.736395263671875
2035-07,2035-07-01,global_mlp,2026-03,22.591994,0.06429146975278854,10.351465702056885,False,0.0,0.0,reported_conditioned_mlp,OSEBERG SØR,2028-01,True,0.01706826463341713,0.04565836302936077,0.06429146975278854,0.08778910711407657,0.13490278720855714,0.0,0.0,0.0,0.0,0.0,3.764186358451844,7.9345146179199215,10.351465702056885,12.359588241577146,14.692237091064454
2035-08,2035-08-01,global_mlp,2026-03,22.591994,0.062259491533041,10.285297393798828,False,0.0,0.0,reported_conditioned_mlp,OSEBERG SØR,2028-01,True,0.018187417648732662,0.04291317239403725,0.062259491533041,0.08488973900675771,0.12259455174207688,0.0,0.0,0.0,0.0,0.0,3.663041162490845,7.853562450408935,10.285297393798828,12.316489887237548,14.6267014503479
2035-09,2035-09-01,global_mlp,2026-03,22.591994,0.06786609813570976,10.206478595733643,False,0.0,0.0,reported_conditioned_mlp,OSEBERG SØR,2028-01,True,0.016561727784574033,0.043375860527157785,0.06786609813570976,0.08763955160975455,0.12577836811542512,0.0,0.0,0.0,0.0,0.0,3.3966347455978396,7.704971790313721,10.206478595733643,12.268203067779542,14.567856216430664
2035-10,2035-10-01,global_mlp,2026-03,22.591994,0.06303435191512108,10.127137660980225,False,0.0,0.0,reported_conditioned_mlp,OSEBERG SØR,2028-01,True,0.01889396198093891,0.04031196497380733,0.06303435191512108,0.08620477393269538,0.12794356793165212,0.0,0.0,0.0,0.0,0.0,3.193596482276917,7.595409679412842,10.127137660980225,12.202379322052002,14.491202449798584
2035-11,2035-11-01,global_mlp,2026-03,22.591994,0.06620609015226364,10.043907642364502,False,0.0,0.0,reported_conditioned_mlp,OSEBERG SØR,2028-01,True,0.013362543471157555,0.04588826075196266,0.06620609015226364,0.09412814229726787,0.14005936980247502,0.0,0.0,0.0,0.0,0.0,3.0214974641799937,7.5088908672332755,10.043907642364502,12.118177032470701,14.431567001342774
2035-12,2035-12-01,global_mlp,2026-03,22.591994,0.06572533026337624,9.962684154510498,False,0.0,0.0,reported_conditioned_mlp,OSEBERG SØR,2028-01,True,0.01177933653816581,0.04264223799109459,0.06572533026337624,0.09210719689726829,0.13052793741226199,0.0,0.0,0.0,0.0,0.0,2.8805117607116704,7.389586877822876,9.962684154510498,12.00761604309082,14.40107536315918
2036-01,2036-01-01,global_mlp,2026-03,22.591994,0.06989157199859619,9.880043506622314,False,0.0,0.0,reported_conditioned_mlp,OSEBERG SØR,2028-01,True,0.014015975221991547,0.04737372621893882,0.06989157199859619,0.09808310642838476,0.1373618707060814,0.0,0.0,0.0,0.0,0.0,2.716508150100708,7.256318569183348,9.880043506622314,11.95153408050537,14.35156707763672
2036-02,2036-02-01,global_mlp,2026-03,22.591994,0.06706541776657104,9.812331676483154,False,0.0,0.0,reported_conditioned_mlp,OSEBERG SØR,2028-01,True,0.009432739205658437,0.04511989615857601,0.06706541776657104,0.0943941332399845,0.14135133624076845,0.0,0.0,0.0,0.0,0.0,2.505456376075745,7.1577841281890855,9.812331676483154,11.890788078308104,14.294930362701416
2036-03,2036-03-01,global_mlp,2026-03,22.591994,0.05938505381345749,9.722877502441406,False,0.0,0.0,reported_conditioned_mlp,OSEBERG SØR,2028-01,True,0.005360075877979403,0.04076838940382003,0.05938505381345749,0.08425602167844769,0.12567710280418398,0.0,0.0,0.0,0.0,0.0,2.4119187831878666,7.082583093643188,9.722877502441406,11.798674964904782,14.24646520614624
2036-04,2036-04-01,global_mlp,2026-03,22.591994,0.062453821301460266,9.660240650177002,False,0.0,0.0,reported_conditioned_mlp,OSEBERG SØR,2028-01,True,0.012619778141379358,0.0441731322556734,0.062453821301460266,0.08064040243625639,0.11627609953284264,0.0,0.0,0.0,0.0,0.0,2.364731955528259,7.013162136077881,9.660240650177002,11.749750423431395,14.173595714569093
2036-05,2036-05-01,global_mlp,2026-03,22.591994,0.05988919362425804,9.599177360534668,False,0.0,0.0,reported_conditioned_mlp,OSEBERG SØR,2028-01,True,0.014154990017414094,0.03965003117918968,0.05988919362425804,0.07926288396120071,0.11575697883963586,0.0,0.0,0.0,0.0,0.0,2.3364596843719485,6.941383743286133,9.599177360534668,11.688845348358154,14.106113338470461
2036-06,2036-06-01,global_mlp,2026-03,22.591994,0.05806786194443703,9.53780460357666,False,0.0,0.0,reported_conditioned_mlp,OSEBERG SØR,2028-01,True,0.014058091584593058,0.04154493995010852,0.05806786194443703,0.07834584712982176,0.11935903206467631,0.0,0.0,0.0,0.0,0.0,2.305866622924805,6.915087699890137,9.53780460357666,11.659105587005614,14.036859512329103
2036-07,2036-07-01,global_mlp,2026-03,22.591994,0.05619169771671295,9.458532810211182,False,0.0,0.0,reported_conditioned_mlp,OSEBERG SØR,2028-01,True,0.01577357137575746,0.03959285281598568,0.05619169771671295,0.08010826855897903,0.12518492341041565,0.0,0.0,0.0,0.0,0.0,2.2850036382675176,6.822100639343262,9.458532810211182,11.587389087676998,13.957209300994874
2036-08,2036-08-01,global_mlp,2026-03,22.591994,0.05504994839429855,9.429800510406494,False,0.0,0.0,reported_conditioned_mlp,OSEBERG SØR,2028-01,True,0.011591738928109415,0.035387583449482916,0.05504994839429855,0.07663938701152802,0.1162995517253876,0.0,0.0,0.0,0.0,0.0,2.257362937927247,6.752433156967163,9.429800510406494,11.493015098571771,13.905390071868897
2036-09,2036-09-01,global_mlp,2026-03,22.591994,0.0602552630007267,9.358811855316162,False,0.0,0.0,reported_conditioned_mlp,OSEBERG SØR,2028-01,True,0.009880140237510205,0.042000260576605795,0.0602552630007267,0.0803254134953022,0.12229414954781537,0.0,0.0,0.0,0.0,0.0,2.232014822959901,6.698010969161987,9.358811855316162,11.421006393432611,13.855482673645021
2036-10,2036-10-01,global_mlp,2026-03,22.591994,0.05516086332499981,9.290656566619873,False,0.0,0.0,reported_conditioned_mlp,OSEBERG SØR,2028-01,True,0.011566474381834283,0.03851679824292659,0.05516086332499981,0.07874083146452904,0.11956162676215175,0.0,0.0,0.0,0.0,0.0,2.215682721138002,6.629500293731689,9.290656566619873,11.383992862701414,13.81124610900879
2036-11,2036-11-01,global_mlp,2026-03,22.591994,0.06245268136262894,9.21825361251831,False,0.0,0.0,reported_conditioned_mlp,OSEBERG SØR,2028-01,True,0.012494726944714785,0.04448787495493888,0.06245268136262894,0.08806194141507147,0.12524458765983584,0.0,0.0,0.0,0.0,0.0,1.9247982740402223,6.5734639167785645,9.21825361251831,11.307665061950681,13.737826156616212
2036-12,2036-12-01,global_mlp,2026-03,22.591994,0.06290054321289062,9.180343627929688,False,0.0,0.0,reported_conditioned_mlp,OSEBERG SØR,2028-01,True,0.012051577121019365,0.041901480033993715,0.06290054321289062,0.08446289300918577,0.12107738181948662,0.0,0.0,0.0,0.0,0.0,1.8745486497879031,6.493327093124389,9.180343627929688,11.209844779968261,13.699311637878418
2037-01,2037-01-01,global_mlp,2026-03,22.591994,0.0646611675620079,9.106798648834229,False,0.0,0.0,reported_conditioned_mlp,OSEBERG SØR,2028-01,True,0.006550788413733254,0.04176382943987846,0.0646611675620079,0.08873768076300617,0.12247079610824585,0.0,0.0,0.0,0.0,0.0,1.8195487380027773,6.397114515304565,9.106798648834229,11.156738185882567,13.643624687194825
2037-02,2037-02-01,global_mlp,2026-03,22.591994,0.06333519145846367,9.001019477844238,False,0.0,0.0,reported_conditioned_mlp,OSEBERG SØR,2028-01,True,0.010367986839264645,0.03890287242829799,0.06333519145846367,0.0900410883128643,0.12830803096294405,0.0,0.0,0.0,0.0,0.0,1.7403728127479559,6.316866302490235,9.001019477844238,11.048655700683591,13.600575828552246
2037-03,2037-03-01,global_mlp,2026-03,22.591994,0.05503644607961178,8.930802822113037,False,0.0,0.0,reported_conditioned_mlp,OSEBERG SØR,2028-01,True,0.0010822507028933638,0.03439373150467871,0.05503644607961178,0.0796291783452034,0.11979147493839265,0.0,0.0,0.0,0.0,0.0,1.6905619740486157,6.257215976715088,8.930802822113037,11.000162315368652,13.492411708831789
2037-04,2037-04-01,global_mlp,2026-03,22.591994,0.05613003298640251,8.834421634674072,False,0.0,0.0,reported_conditioned_mlp,OSEBERG SØR,2028-01,True,0.012069653440266849,0.03789347819983959,0.05613003298640251,0.07774737030267714,0.1192951731383801,0.0,0.0,0.0,0.0,0.0,1.6001312494277966,6.205984354019165,8.834421634674072,10.920195293426511,13.369411659240725
2037-05,2037-05-01,global_mlp,2026-03,22.591994,0.05629798397421837,8.741235256195068,False,0.0,0.0,reported_conditioned_mlp,OSEBERG SØR,2028-01,True,0.010080371797084809,0.03779180608689785,0.05629798397421837,0.07744308784604072,0.11447527781128884,0.0,0.0,0.0,0.0,0.0,1.408021998405457,6.1257470607757565,8.741235256195068,10.842333221435544,13.281394958496097
2037-06,2037-06-01,global_mlp,2026-03,22.591994,0.05720319598913193,8.711250305175781,False,0.0,0.0,reported_conditioned_mlp,OSEBERG SØR,2028-01,True,0.009834035392850642,0.03810064643621445,0.05720319598913193,0.0744267389178276,0.11650586128234863,0.0,0.0,0.0,0.0,0.0,1.3130892157554632,6.050383710861206,8.711250305175781,10.771754169464112,13.187657070159917
2037-07,2037-07-01,global_mlp,2026-03,22.591994,0.05297227203845978,8.635974884033203,False,0.0,0.0,reported_conditioned_mlp,OSEBERG SØR,2028-01,True,0.009563720598816874,0.036195623502135274,0.05297227203845978,0.07582164704799652,0.11751769185066223,0.0,0.0,0.0,0.0,0.0,1.3108391761779792,5.993704128265381,8.635974884033203,10.693803977966308,13.122375488281254
2037-08,2037-08-01,global_mlp,2026-03,22.591994,0.05045893043279648,8.594313144683838,False,0.0,0.0,reported_conditioned_mlp,OSEBERG SØR,2028-01,True,0.008051547408103944,0.03306223228573799,0.05045893043279648,0.07408593073487281,0.11380993649363519,0.0,0.0,0.0,0.0,0.0,1.285063266754151,5.978977012634276,8.594313144683838,10.583565711975096,13.0725043296814
2037-09,2037-09-01,global_mlp,2026-03,22.591994,0.054310740903019905,8.541163921356201,False,0.0,0.0,reported_conditioned_mlp,OSEBERG SØR,2028-01,True,0.008006726531311875,0.03603072687983513,0.054310740903019905,0.07548617646098137,0.11763695999979974,0.0,0.0,0.0,0.0,0.0,1.2642674207687383,5.896709299087524,8.541163921356201,10.498066234588622,13.012933731079105
2037-10,2037-10-01,global_mlp,2026-03,22.591994,0.054961707442998886,8.495370388031006,False,0.0,0.0,reported_conditioned_mlp,OSEBERG SØR,2028-01,True,0.004944743262603885,0.034985588863492005,0.054961707442998886,0.07590267509222025,0.11630138307809834,0.0,0.0,0.0,0.0,0.0,1.2480848670005804,5.7947441101074215,8.495370388031006,10.446605396270751,12.949038124084478
2037-11,2037-11-01,global_mlp,2026-03,22.591994,0.05949239619076252,8.42309045791626,False,0.0,0.0,reported_conditioned_mlp,OSEBERG SØR,2028-01,True,0.009548137150704862,0.03999724797904491,0.05949239619076252,0.08356512933969498,0.11444572210311892,0.0,0.0,0.0,0.0,0.0,1.2094575405120853,5.693225383758545,8.42309045791626,10.403624057769775,12.921732521057132
2037-12,2037-12-01,global_mlp,2026-03,22.591994,0.059046827256679535,8.365609645843506,False,0.0,0.0,reported_conditioned_mlp,OSEBERG SØR,2028-01,True,0.010342053882777695,0.03775013163685798,0.059046827256679535,0.07891006097197531,0.11523295566439636,0.0,0.0,0.0,0.0,0.0,1.1813484907150273,5.655675840377807,8.365609645843506,10.336210918426513,12.90486240386963
2038-01,2038-01-01,global_mlp,2026-03,22.591994,0.057158272713422775,8.29209280014038,False,0.0,0.0,reported_conditioned_mlp,OSEBERG SØR,2028-01,True,0.004036422772333027,0.03830995075404643,0.057158272713422775,0.08044781759381293,0.11653154194355012,0.0,0.0,0.0,0.0,0.0,1.1463853001594548,5.618316078186035,8.29209280014038,10.277856636047362,12.881893157958984
2038-02,2038-02-01,global_mlp,2026-03,22.591994,0.05562968738377094,8.241816520690918,False,0.0,0.0,reported_conditioned_mlp,OSEBERG SØR,2028-01,True,0.0,0.038029897212982174,0.05562968738377094,0.07824259400367736,0.11453915312886238,0.0,0.0,0.0,0.0,0.0,1.1079523324966436,5.585686826705932,8.241816520690918,10.216560554504392,12.848519611358643
2038-03,2038-03-01,global_mlp,2026-03,22.591994,0.050486015155911446,8.19056224822998,False,0.0,0.0,reported_conditioned_mlp,OSEBERG SØR,2028-01,True,0.0,0.03190576881170272,0.050486015155911446,0.07580062597990032,0.11159060671925554,0.0,0.0,0.0,0.0,0.0,1.0472706437110901,5.5508969783782955,8.19056224822998,10.16333589553833,12.799949550628662
2038-04,2038-04-01,global_mlp,2026-03,22.591994,0.05255400948226452,8.094664573669434,False,0.0,0.0,reported_conditioned_mlp,OSEBERG SØR,2028-01,True,0.006009313324466349,0.03375860750675201,0.05255400948226452,0.07380409538745877,0.1059905782341957,0.0,0.0,0.0,0.0,0.0,0.9839114189147949,5.458590412139893,8.094664573669434,10.090286827087402,12.716581058502198
2038-05,2038-05-01,global_mlp,2026-03,22.591994,0.05597018264234066,8.04075574874878,False,0.0,0.0,reported_conditioned_mlp,OSEBERG SØR,2028-01,True,0.0,0.03554808758199215,0.05597018264234066,0.0731708325445652,0.10466213300824166,0.0,0.0,0.0,0.0,0.0,0.8989488422870642,5.376797294616699,8.04075574874878,10.03013563156128,12.666029453277588
2038-06,2038-06-01,global_mlp,2026-03,22.591994,0.053798411041498184,7.982181787490845,False,0.0,0.0,reported_conditioned_mlp,OSEBERG SØR,2028-01,True,0.0,0.036617330834269525,0.053798411041498184,0.0697178266942501,0.10783001929521562,0.0,0.0,0.0,0.0,0.0,0.8640638887882238,5.328118371963501,7.982181787490845,9.97379961013794,12.624209785461426
2038-07,2038-07-01,global_mlp,2026-03,22.591994,0.05001350678503513,7.927510738372803,False,0.0,0.0,reported_conditioned_mlp,OSEBERG SØR,2028-01,True,0.0,0.03281339965760708,0.05001350678503513,0.06976736187934875,0.10547011643648148,0.0,0.0,0.0,0.0,0.0,0.8053778827190403,5.28230390548706,7.927510738372803,9.91720390319824,12.576649475097659
2038-08,2038-08-01,global_mlp,2026-03,22.591994,0.051058726385235786,7.8548264503479,False,0.0,0.0,reported_conditioned_mlp,OSEBERG SØR,2028-01,True,0.0,0.03379093408584594,0.051058726385235786,0.06974043250083922,0.10200509950518609,0.0,0.0,0.0,0.0,0.0,0.7493145763874056,5.220428800582885,7.8548264503479,9.845199394226075,12.546776294708254
2038-09,2038-09-01,global_mlp,2026-03,22.591994,0.05649852193892002,7.786433458328247,False,0.0,0.0,reported_conditioned_mlp,OSEBERG SØR,2028-01,True,0.0,0.03405777961015701,0.05649852193892002,0.07390172183513641,0.10441475510597231,0.0,0.0,0.0,0.0,0.0,0.6974506020545961,5.168771362304687,7.786433458328247,9.783543682098387,12.540534591674804
2038-10,2038-10-01,global_mlp,2026-03,22.591994,0.05324076861143112,7.7486279010772705,False,0.0,0.0,reported_conditioned_mlp,OSEBERG SØR,2028-01,True,0.0,0.032718124240636824,0.05324076861143112,0.07211678698658944,0.10891871452331543,0.0,0.0,0.0,0.0,0.0,0.6742881596088413,5.100877428054809,7.7486279010772705,9.712042045593257,12.509708309173584
2038-11,2038-11-01,global_mlp,2026-03,22.591994,0.05669650435447693,7.710503816604614,False,0.0,0.0,reported_conditioned_mlp,OSEBERG SØR,2028-01,True,0.0,0.036547949165105814,0.05669650435447693,0.0816097021102905,0.1208413183689118,0.0,0.0,0.0,0.0,0.0,0.6447106599807743,4.968699312210083,7.710503816604614,9.617339420318602,12.417326354980469
2038-12,2038-12-01,global_mlp,2026-03,22.591994,0.05631233565509319,7.651777982711792,False,0.0,0.0,reported_conditioned_mlp,OSEBERG SØR,2028-01,True,0.0,0.03598186336457729,0.05631233565509319,0.07886819094419477,0.11888902038335805,0.0,0.0,0.0,0.0,0.0,0.612166547775269,4.88976182937622,7.651777982711792,9.533530426025388,12.386587524414063
2039-01,2039-01-01,global_mlp,2026-03,22.591994,0.05772852152585983,7.570679426193237,False,0.0,0.0,reported_conditioned_mlp,OSEBERG SØR,2028-01,True,0.0,0.03498398177325724,0.05772852152585983,0.08029904961585997,0.11957470253109935,0.0,0.0,0.0,0.0,0.0,0.5723863571882254,4.826337146759033,7.570679426193237,9.44625902175903,12.343101119995119
2039-02,2039-02-01,global_mlp,2026-03,22.591994,0.057979632169008255,7.520222187042236,False,0.0,0.0,reported_conditioned_mlp,OSEBERG SØR,2028-01,True,0.0,0.03552117832005024,0.057979632169008255,0.07804576233029366,0.11666923686861994,0.0,0.0,0.0,0.0,0.0,0.5086150199174886,4.763756513595581,7.520222187042236,9.351808166503906,12.296852588653564
2039-03,2039-03-01,global_mlp,2026-03,22.591994,0.051454922184348106,7.476624965667725,False,0.0,0.0,reported_conditioned_mlp,OSEBERG SØR,2028-01,True,0.0,0.030565475486218928,0.051454922184348106,0.07065606117248535,0.10850559547543528,0.0,0.0,0.0,0.0,0.0,0.451772272586823,4.7080491065979,7.476624965667725,9.279103183746336,12.266171550750732
2039-04,2039-04-01,global_mlp,2026-03,22.591994,0.056058529764413834,7.414903402328491,False,0.0,0.0,reported_conditioned_mlp,OSEBERG SØR,2028-01,True,0.0,0.03740578070282936,0.056058529764413834,0.07224438712000845,0.1018386259675026,0.0,0.0,0.0,0.0,0.0,0.3835951238870627,4.623871898651123,7.414903402328491,9.24733028411865,12.199394989013673
2039-05,2039-05-01,global_mlp,2026-03,22.591994,0.054480357095599174,7.3526740074157715,False,0.0,0.0,reported_conditioned_mlp,OSEBERG SØR,2028-01,True,0.0,0.03702399358153343,0.054480357095599174,0.07466682717204094,0.10923409014940262,0.0,0.0,0.0,0.0,0.0,0.31334919333458017,4.552323055267333,7.3526740074157715,9.158788490295407,12.133942699432374
2039-06,2039-06-01,global_mlp,2026-03,22.591994,0.052820708602666855,7.28220534324646,False,0.0,0.0,reported_conditioned_mlp,OSEBERG SØR,2028-01,True,0.0,0.03455364890396594,0.052820708602666855,0.07423186227679253,0.1051348052918911,0.0,0.0,0.0,0.0,0.0,0.24840030372142854,4.514885663986205,7.28220534324646,9.06177759170532,12.062393569946291
2039-07,2039-07-01,global_mlp,2026-03,22.591994,0.05303340591490269,7.223229169845581,False,0.0,0.0,reported_conditioned_mlp,OSEBERG SØR,2028-01,True,0.0,0.03347929529845714,0.05303340591490269,0.070177111774683,0.10653941631317139,0.0,0.0,0.0,0.0,0.0,0.19074977561831521,4.4428973197937,7.223229169845581,8.966895389556884,12.002254009246828
2039-08,2039-08-01,global_mlp,2026-03,22.591994,0.049673523753881454,7.182525873184204,False,0.0,0.0,reported_conditioned_mlp,OSEBERG SØR,2028-01,True,0.0,0.03330758698284626,0.049673523753881454,0.0685296431183815,0.09725512117147446,0.0,0.0,0.0,0.0,0.0,0.14126054048538242,4.331608772277832,7.182525873184204,8.880086612701415,11.945010375976564
2039-09,2039-09-01,global_mlp,2026-03,22.591994,0.053427623584866524,7.110715627670288,False,0.0,0.0,reported_conditioned_mlp,OSEBERG SØR,2028-01,True,0.0,0.032502095028758046,0.053427623584866524,0.07181098759174347,0.10832649171352386,0.0,0.0,0.0,0.0,0.0,0.09567723721265814,4.2513542652130125,7.110715627670288,8.816945457458495,11.903495883941652
2039-10,2039-10-01,global_mlp,2026-03,22.591994,0.050699878484010696,7.017961025238037,False,0.0,0.0,reported_conditioned_mlp,OSEBERG SØR,2028-01,True,0.0,0.03104446530342102,0.050699878484010696,0.07388922423124313,0.11108589395880701,0.0,0.0,0.0,0.0,0.0,0.026267337426543247,4.2172209262847895,7.017961025238037,8.738308334350585,11.846798324584961
2039-11,2039-11-01,global_mlp,2026-03,22.591994,0.05589192733168602,6.961788654327393,False,0.0,0.0,reported_conditioned_mlp,OSEBERG SØR,2028-01,True,0.0,0.03290208838880062,0.05589192733168602,0.07675099074840544,0.11494270861148834,0.0,0.0,0.0,0.0,0.0,0.0,4.204445075988769,6.961788654327393,8.68635025024414,11.76395244598389
2039-12,2039-12-01,global_mlp,2026-03,22.591994,0.05452829226851463,6.92224645614624,False,0.0,0.0,reported_conditioned_mlp,OSEBERG SØR,2028-01,True,0.0,0.033258164301514626,0.05452829226851463,0.07413598820567131,0.11289008259773255,0.0,0.0,0.0,0.0,0.0,0.0,4.182262134552,6.92224645614624,8.612233448028562,11.71946382522583
2040-01,2040-01-01,global_mlp,2026-03,22.591994,0.051882779225707054,6.8890769481658936,False,0.0,0.0,reported_conditioned_mlp,OSEBERG SØR,2028-01,True,0.0,0.02922497689723968,0.051882779225707054,0.07828006520867348,0.11951005086302757,0.0,0.0,0.0,0.0,0.0,0.0,4.120639371871947,6.8890769481658936,8.540438842773437,11.66001434326172
2040-02,2040-02-01,global_mlp,2026-03,22.591994,0.0520105492323637,6.7791056632995605,False,0.0,0.0,reported_conditioned_mlp,OSEBERG SØR,2028-01,True,0.0,0.03253130987286568,0.0520105492323637,0.07594642117619514,0.1098023504018784,0.0,0.0,0.0,0.0,0.0,0.0,4.067967128753661,6.7791056632995605,8.468996620178219,11.630121803283691
2040-03,2040-03-01,global_mlp,2026-03,22.591994,0.048946669325232506,6.688157320022583,False,0.0,0.0,reported_conditioned_mlp,OSEBERG SØR,2028-01,True,0.0,0.026366126164793963,0.048946669325232506,0.06862541884183883,0.10788757354021074,0.0,0.0,0.0,0.0,0.0,0.0,3.917927145957946,6.688157320022583,8.438947677612303,11.604411220550537
2040-04,2040-04-01,global_mlp,2026-03,22.591994,0.05252605117857456,6.637082576751709,False,0.0,0.0,reported_conditioned_mlp,OSEBERG SØR,2028-01,True,0.0,0.0339946299791336,0.05252605117857456,0.07389757707715033,0.10582626760005952,0.0,0.0,0.0,0.0,0.0,0.0,3.863547420501708,6.637082576751709,8.408737564086913,11.531256389617921
2040-05,2040-05-01,global_mlp,2026-03,22.591994,0.05057207681238651,6.5837483406066895,False,0.0,0.0,reported_conditioned_mlp,OSEBERG SØR,2028-01,True,0.0,0.033110722154378894,0.05057207681238651,0.0710845872759819,0.11150491833686832,0.0,0.0,0.0,0.0,0.0,0.0,3.81791021823883,6.5837483406066895,8.356083011627195,11.489068222045898
2040-06,2040-06-01,global_mlp,2026-03,22.591994,0.04959859512746334,6.523043155670166,False,0.0,0.0,reported_conditioned_mlp,OSEBERG SØR,2028-01,True,0.0,0.031395698711276045,0.04959859512746334,0.06820375993847846,0.10643047690391541,0.0,0.0,0.0,0.0,0.0,0.0,3.7736546754837033,6.523043155670166,8.303535652160644,11.399028873443605
2040-07,2040-07-01,global_mlp,2026-03,22.591994,0.04885241948068142,6.454114675521851,False,0.0,0.0,reported_conditioned_mlp,OSEBERG SØR,2028-01,True,0.0,0.029647806286811827,0.04885241948068142,0.07126002237200735,0.10208111330866818,0.0,0.0,0.0,0.0,0.0,0.0,3.700989198684692,6.454114675521851,8.25004262924194,11.348423576354982
2040-08,2040-08-01,global_mlp,2026-03,22.591994,0.0477165412157774,6.3795857429504395,False,0.0,0.0,reported_conditioned_mlp,OSEBERG SØR,2028-01,True,0.0,0.02989603094756603,0.0477165412157774,0.06944865733385085,0.10045779198408128,0.0,0.0,0.0,0.0,0.0,0.0,3.626195693016052,6.3795857429504395,8.222580814361573,11.291973781585694
2040-09,2040-09-01,global_mlp,2026-03,22.591994,0.050237830728292465,6.303086996078491,False,0.0,0.0,reported_conditioned_mlp,OSEBERG SØR,2028-01,True,0.0,0.02741561364382505,0.050237830728292465,0.07244658395648002,0.11098838225007059,0.0,0.0,0.0,0.0,0.0,0.0,3.58334846496582,6.303086996078491,8.17282075881958,11.215352153778078
2040-10,2040-10-01,global_mlp,2026-03,22.591994,0.04896196909248829,6.215321779251099,False,0.0,0.0,reported_conditioned_mlp,OSEBERG SØR,2028-01,True,0.0,0.031396292895078656,0.04896196909248829,0.06882161125540733,0.10183409303426746,0.0,0.0,0.0,0.0,0.0,0.0,3.5287206888198854,6.215321779251099,8.14854860305786,11.164635848999025
2040-11,2040-11-01,global_mlp,2026-03,22.591994,0.05321429669857025,6.1102283000946045,False,0.0,0.0,reported_conditioned_mlp,OSEBERG SØR,2028-01,True,0.0,0.03124981168657541,0.05321429669857025,0.0757830835878849,0.11318824440240864,0.0,0.0,0.0,0.0,0.0,0.0,3.457170510292053,6.1102283000946045,8.108695316314696,11.112492275238038
2040-12,2040-12-01,global_mlp,2026-03,22.591994,0.04994659684598446,5.998340129852295,False,0.0,0.0,reported_conditioned_mlp,OSEBERG SØR,2028-01,True,0.0,0.028924480266869064,0.04994659684598446,0.07405546084046362,0.11166005060076714,0.0,0.0,0.0,0.0,0.0,0.0,3.3936139345169063,5.998340129852295,8.049058818817135,11.036737537384035
2041-01,2041-01-01,global_mlp,2026-03,22.591994,0.05070771835744381,5.855650901794434,False,0.0,0.0,reported_conditioned_mlp,OSEBERG SØR,2028-01,True,0.0,0.031790503114461896,0.05070771835744381,0.07510144039988514,0.1145680658519268,0.0,0.0,0.0,0.0,0.0,0.0,3.37663083076477,5.855650901794434,7.95666890144348,10.977875328063964
2041-02,2041-02-01,global_mlp,2026-03,22.591994,0.05342668853700161,5.73957896232605,False,0.0,0.0,reported_conditioned_mlp,OSEBERG SØR,2028-01,True,0.0,0.030670787207782255,0.05342668853700161,0.0733991630375385,0.11562931090593341,0.0,0.0,0.0,0.0,0.0,0.0,3.360357594490051,5.73957896232605,7.856164884567261,10.929137039184571
2041-03,2041-03-01,global_mlp,2026-03,22.591994,0.04971369542181492,5.611330509185791,False,0.0,0.0,reported_conditioned_mlp,OSEBERG SØR,2028-01,True,0.0,0.02756476458162069,0.04971369542181492,0.06482881307601927,0.09877879843115811,0.0,0.0,0.0,0.0,0.0,0.0,3.322107672691345,5.611330509185791,7.799072694778441,10.904705333709718
2041-04,2041-04-01,global_mlp,2026-03,22.591994,0.05023957975208759,5.52783465385437,False,0.0,0.0,reported_conditioned_mlp,OSEBERG SØR,2028-01,True,0.0,0.03307729698717594,0.05023957975208759,0.06981858909130095,0.0972650796175003,0.0,0.0,0.0,0.0,0.0,0.0,3.2312801122665404,5.52783465385437,7.741924571990966,10.85255527496338
2041-05,2041-05-01,global_mlp,2026-03,22.591994,0.050124552100896835,5.499754428863525,False,0.0,0.0,reported_conditioned_mlp,OSEBERG SØR,2028-01,True,0.0,0.029415857605636118,0.050124552100896835,0.06848696917295455,0.09936240538954735,0.0,0.0,0.0,0.0,0.0,0.0,3.151070547103881,5.499754428863525,7.67867112159729,10.845611000061036
2041-06,2041-06-01,global_mlp,2026-03,22.591994,0.05041308142244816,5.434647083282471,False,0.0,0.0,reported_conditioned_mlp,OSEBERG SØR,2028-01,True,0.0,0.02889025043696165,0.05041308142244816,0.0682948961853981,0.10312303006649018,0.0,0.0,0.0,0.0,0.0,0.0,3.069376802444457,5.434647083282471,7.593528747558592,10.812083625793457
2041-07,2041-07-01,global_mlp,2026-03,22.591994,0.050554245710372925,5.37586522102356,False,0.0,0.0,reported_conditioned_mlp,OSEBERG SØR,2028-01,True,0.0,0.027032505534589288,0.050554245710372925,0.06972721219062805,0.09982997179031375,0.0,0.0,0.0,0.0,0.0,0.0,2.9837708473205566,5.37586522102356,7.519858121871945,10.787877655029297
2041-08,2041-08-01,global_mlp,2026-03,22.591994,0.047643858939409256,5.319827318191528,False,0.0,0.0,reported_conditioned_mlp,OSEBERG SØR,2028-01,True,0.0,0.02819830402731895,0.047643858939409256,0.06758891642093658,0.09870553761720662,0.0,0.0,0.0,0.0,0.0,0.0,2.866388297080993,5.319827318191528,7.44994964599609,10.767881202697755
2041-09,2041-09-01,global_mlp,2026-03,22.591994,0.04454374499619007,5.239055395126343,False,0.0,0.0,reported_conditioned_mlp,OSEBERG SØR,2028-01,True,0.0,0.026673640869557858,0.04454374499619007,0.06568456888198852,0.09882222786545758,0.0,0.0,0.0,0.0,0.0,0.0,2.804508185386658,5.239055395126343,7.385453081130978,10.735278797149657
2041-10,2041-10-01,global_mlp,2026-03,22.591994,0.048053013160824776,5.207113027572632,False,0.0,0.0,reported_conditioned_mlp,OSEBERG SØR,2028-01,True,0.0,0.023874418810009956,0.048053013160824776,0.06664130091667175,0.10010935068130493,0.0,0.0,0.0,0.0,0.0,0.0,2.7414850950241085,5.207113027572632,7.330669307708738,10.687828636169435
2041-11,2041-11-01,global_mlp,2026-03,22.591994,0.05271546542644501,5.194457292556763,False,0.0,0.0,reported_conditioned_mlp,OSEBERG SØR,2028-01,True,0.0,0.028773060254752635,0.05271546542644501,0.0758094862103462,0.11367988511919977,0.0,0.0,0.0,0.0,0.0,0.0,2.6564953565597524,5.194457292556763,7.2893719196319555,10.642428493499757
2041-12,2041-12-01,global_mlp,2026-03,22.591994,0.04889637231826782,5.091118097305298,False,0.0,0.0,reported_conditioned_mlp,OSEBERG SØR,2028-01,True,0.0,0.026213481836020944,0.04889637231826782,0.07243566662073135,0.10655189678072931,0.0,0.0,0.0,0.0,0.0,0.0,2.584152746200561,5.091118097305298,7.262892150878906,10.586421871185303
2042-01,2042-01-01,global_mlp,2026-03,22.591994,0.049889249727129936,4.993188381195068,False,0.0,0.0,reported_conditioned_mlp,OSEBERG SØR,2028-01,True,0.0,0.02744634617120027,0.049889249727129936,0.07421743571758267,0.11195283234119416,0.0,0.0,0.0,0.0,0.0,0.0,2.5103471040725704,4.993188381195068,7.21192831993103,10.539074420928955
2042-02,2042-02-01,global_mlp,2026-03,22.591994,0.05270354077219963,4.936961889266968,False,0.0,0.0,reported_conditioned_mlp,OSEBERG SØR,2028-01,True,0.0,0.025797235593199727,0.05270354077219963,0.07552727758884425,0.10841392278671273,0.0,0.0,0.0,0.0,0.0,0.0,2.469103288650513,4.936961889266968,7.173499202728271,10.497213745117188
2042-03,2042-03-01,global_mlp,2026-03,22.591994,0.044461678713560104,4.903245449066162,False,0.0,0.0,reported_conditioned_mlp,OSEBERG SØR,2028-01,True,0.0,0.019637863710522646,0.044461678713560104,0.06773300543427464,0.10289142057299613,0.0,0.0,0.0,0.0,0.0,0.0,2.4342820405960084,4.903245449066162,7.109652376174926,10.436758995056152
2042-04,2042-04-01,global_mlp,2026-03,22.591994,0.0472834836691618,4.858647108078003,False,0.0,0.0,reported_conditioned_mlp,OSEBERG SØR,2028-01,True,0.0,0.028390413895249357,0.0472834836691618,0.06999618038535113,0.10169952362775804,0.0,0.0,0.0,0.0,0.0,0.0,2.379242181777953,4.858647108078003,7.049146556854246,10.368981552124025
2042-05,2042-05-01,global_mlp,2026-03,22.591994,0.048437634482979774,4.823705673217773,False,0.0,0.0,reported_conditioned_mlp,OSEBERG SØR,2028-01,True,0.0,0.030593779683113095,0.048437634482979774,0.07235010564327239,0.10143296495079997,0.0,0.0,0.0,0.0,0.0,0.0,2.329526424407958,4.823705673217773,6.942863464355463,10.314103507995606
2042-06,2042-06-01,global_mlp,2026-03,22.591994,0.04953477159142494,4.744401216506958,False,0.0,0.0,reported_conditioned_mlp,OSEBERG SØR,2028-01,True,0.0,0.024949102289974687,0.04953477159142494,0.06977744251489638,0.10197798758745195,0.0,0.0,0.0,0.0,0.0,0.0,2.2455244302749624,4.744401216506958,6.899427366256711,10.24989824295044
2042-07,2042-07-01,global_mlp,2026-03,22.591994,0.05010746978223324,4.673891067504883,False,0.0,0.0,reported_conditioned_mlp,OSEBERG SØR,2028-01,True,0.0,0.029782513715326784,0.05010746978223324,0.0690043404698372,0.10316468477249148,0.0,0.0,0.0,0.0,0.0,0.0,2.087172126770019,4.673891067504883,6.8505220890045155,10.192391204833985
2042-08,2042-08-01,global_mlp,2026-03,22.591994,0.0476966705173254,4.592223167419434,False,0.0,0.0,reported_conditioned_mlp,OSEBERG SØR,2028-01,True,0.0,0.029099801555275917,0.0476966705173254,0.06679942831397057,0.09889650270342827,0.0,0.0,0.0,0.0,0.0,0.0,2.0219382047653194,4.592223167419434,6.77327389717102,10.132950782775879
2042-09,2042-09-01,global_mlp,2026-03,22.591994,0.04805932007730007,4.542003154754639,False,0.0,0.0,reported_conditioned_mlp,OSEBERG SØR,2028-01,True,0.0,0.030212608724832533,0.04805932007730007,0.06785379126667974,0.10046384036540987,0.0,0.0,0.0,0.0,0.0,0.0,1.9590939760208128,4.542003154754639,6.689322853088378,10.070191287994385
2042-10,2042-10-01,global_mlp,2026-03,22.591994,0.04806135967373848,4.453055381774902,False,0.0,0.0,reported_conditioned_mlp,OSEBERG SØR,2028-01,True,0.0,0.02333359718322754,0.04806135967373848,0.0686532251536846,0.10356310680508615,0.0,0.0,0.0,0.0,0.0,0.0,1.9428562521934507,4.453055381774902,6.639958572387694,9.97423210144043
2042-11,2042-11-01,global_mlp,2026-03,22.591994,0.054967621341347694,4.347224712371826,False,0.0,0.0,reported_conditioned_mlp,OSEBERG SØR,2028-01,True,0.0,0.030922263674437997,0.054967621341347694,0.07460798174142838,0.11527494266629221,0.0,0.0,0.0,0.0,0.0,0.0,1.8913270592689508,4.347224712371826,6.5397376060485835,9.912412357330323
2042-12,2042-12-01,global_mlp,2026-03,22.591994,0.0484898928552866,4.24532675743103,False,0.0,0.0,reported_conditioned_mlp,OSEBERG SØR,2028-01,True,0.0,0.028482128679752347,0.0484898928552866,0.07279389351606369,0.11390711292624474,0.0,0.0,0.0,0.0,0.0,0.0,1.8348469257354734,4.24532675743103,6.477495384216308,9.79912519454956
2043-01,2043-01-01,global_mlp,2026-03,22.591994,0.05088119022548199,4.1610026359558105,False,0.0,0.0,reported_conditioned_mlp,OSEBERG SØR,2028-01,True,0.0,0.027709805220365515,0.05088119022548199,0.07490227445960045,0.11134048476815225,0.0,0.0,0.0,0.0,0.0,0.0,1.7590863466262816,4.1610026359558105,6.409718799591063,9.6966082572937
2043-02,2043-02-01,global_mlp,2026-03,22.591994,0.05084926821291447,4.132729530334473,False,0.0,0.0,reported_conditioned_mlp,OSEBERG SØR,2028-01,True,0.0,0.028960679471492758,0.05084926821291447,0.07363151535391803,0.10957757011055946,0.0,0.0,0.0,0.0,0.0,0.0,1.7170052170753476,4.132729530334473,6.318282938003537,9.623948669433593
2043-03,2043-03-01,global_mlp,2026-03,22.591994,0.0430438295006752,4.082777500152588,False,0.0,0.0,reported_conditioned_mlp,OSEBERG SØR,2028-01,True,0.0,0.020343415066599844,0.0430438295006752,0.06633269935846328,0.09758002310991287,0.0,0.0,0.0,0.0,0.0,0.0,1.6521299242973324,4.082777500152588,6.2563401222229,9.589437007904053
2043-04,2043-04-01,global_mlp,2026-03,22.591994,0.049136629328131676,4.027814865112305,False,0.0,0.0,reported_conditioned_mlp,OSEBERG SØR,2028-01,True,0.0,0.02386251781135797,0.049136629328131676,0.07019873335957527,0.0989077404141426,0.0,0.0,0.0,0.0,0.0,0.0,1.6122449517250061,4.027814865112305,6.2285205841064455,9.53284502029419
2043-05,2043-05-01,global_mlp,2026-03,22.591994,0.04453211463987827,3.951356887817383,False,0.0,0.0,reported_conditioned_mlp,OSEBERG SØR,2028-01,True,0.0,0.02479910589754581,0.04453211463987827,0.06726849526166916,0.09721554890275001,0.0,0.0,0.0,0.0,0.0,0.0,1.5120528340339656,3.951356887817383,6.183215951919554,9.484998607635498
2043-06,2043-06-01,global_mlp,2026-03,22.591994,0.041580626741051674,3.9134998321533203,False,0.0,0.0,reported_conditioned_mlp,OSEBERG SØR,2028-01,True,0.0,0.02405431270599365,0.041580626741051674,0.065367966145277,0.09917645379900937,0.0,0.0,0.0,0.0,0.0,0.0,1.4392277359962462,3.9134998321533203,6.102385902404782,9.453329277038574
2043-07,2043-07-01,global_mlp,2026-03,22.591994,0.04485953785479069,3.897147536277771,False,0.0,0.0,reported_conditioned_mlp,OSEBERG SØR,2028-01,True,0.0,0.022755595296621318,0.04485953785479069,0.06540032178163528,0.09741605818271641,0.0,0.0,0.0,0.0,0.0,0.0,1.3974069714546198,3.897147536277771,6.028109502792356,9.397477436065675
2043-08,2043-08-01,global_mlp,2026-03,22.591994,0.04399683699011803,3.836532711982727,False,0.0,0.0,reported_conditioned_mlp,OSEBERG SØR,2028-01,True,0.0,0.019475137628614893,0.04399683699011803,0.06350068524479865,0.09866928830742837,0.0,0.0,0.0,0.0,0.0,0.0,1.3346368551254273,3.836532711982727,5.976438856124878,9.281480026245116
2043-09,2043-09-01,global_mlp,2026-03,22.591994,0.04281224124133587,3.7225035429000854,False,0.0,0.0,reported_conditioned_mlp,OSEBERG SØR,2028-01,True,0.0,0.02249869126826524,0.04281224124133587,0.06682844832539554,0.1022415563464165,0.0,0.0,0.0,0.0,0.0,0.0,1.2723321437835693,3.7225035429000854,5.942283725738525,9.181911945343018
2043-10,2043-10-01,global_mlp,2026-03,22.591994,0.042769284918904305,3.672671318054199,False,0.0,0.0,reported_conditioned_mlp,OSEBERG SØR,2028-01,True,0.0,0.01604742622002958,0.042769284918904305,0.06596507877111434,0.10000558644533158,0.0,0.0,0.0,0.0,0.0,0.0,1.242808222770691,3.672671318054199,5.911348295211791,9.115373420715333
2043-11,2043-11-01,global_mlp,2026-03,22.591994,0.04782998003065586,3.638978362083435,False,0.0,0.0,reported_conditioned_mlp,OSEBERG SØR,2028-01,True,0.0,0.022773277573287485,0.04782998003065586,0.07384986504912375,0.10868703946471217,0.0,0.0,0.0,0.0,0.0,0.0,1.183984589576721,3.638978362083435,5.863135194778442,9.04321746826172
2043-12,2043-12-01,global_mlp,2026-03,22.591994,0.046374186873435974,3.6138553619384766,False,0.0,0.0,reported_conditioned_mlp,OSEBERG SØR,2028-01,True,0.0,0.018688118830323213,0.046374186873435974,0.06844711527228353,0.10250908359885218,0.0,0.0,0.0,0.0,0.0,0.0,1.0774177551269528,3.6138553619384766,5.793651342391968,8.952656364440918
2044-01,2044-01-01,global_mlp,2026-03,22.591994,0.04686127416789532,3.5824694633483887,False,0.0,0.0,reported_conditioned_mlp,OSEBERG SØR,2028-01,True,0.0,0.015885033644735803,0.04686127416789532,0.0718088962137699,0.10711329579353335,0.0,0.0,0.0,0.0,0.0,0.0,1.0172242999076841,3.5824694633483887,5.721725797653198,8.84403829574585
2044-02,2044-02-01,global_mlp,2026-03,22.591994,0.04534141719341278,3.5166990756988525,False,0.0,0.0,reported_conditioned_mlp,OSEBERG SØR,2028-01,True,0.0,0.013183401431888338,0.04534141719341278,0.06726420372724533,0.10431038811802866,0.0,0.0,0.0,0.0,0.0,0.0,0.9695145547389984,3.5166990756988525,5.635653591156005,8.792921733856202
2044-03,2044-03-01,global_mlp,2026-03,22.591994,0.042009979486465454,3.449940800666809,False,0.0,0.0,reported_conditioned_mlp,OSEBERG SØR,2028-01,True,0.0,0.011101099196821448,0.042009979486465454,0.06458473131060599,0.09768263250589372,0.0,0.0,0.0,0.0,0.0,0.0,0.918874830007553,3.449940800666809,5.595065450668334,8.772173881530762
2044-04,2044-04-01,global_mlp,2026-03,22.591994,0.04448789544403553,3.4038827419281006,False,0.0,0.0,reported_conditioned_mlp,OSEBERG SØR,2028-01,True,0.0,0.021108884923160074,0.04448789544403553,0.06658129841089248,0.09837040752172471,0.0,0.0,0.0,0.0,0.0,0.0,0.888563185930252,3.4038827419281006,5.548986864089965,8.721852016448976
2044-05,2044-05-01,global_mlp,2026-03,22.591994,0.045822395011782646,3.3362845182418823,False,0.0,0.0,reported_conditioned_mlp,OSEBERG SØR,2028-01,True,0.0,0.022819700278341768,0.045822395011782646,0.06499458253383636,0.09662140160799026,0.0,0.0,0.0,0.0,0.0,0.0,0.8279221534729003,3.3362845182418823,5.502903985977173,8.642250633239748
2044-06,2044-06-01,global_mlp,2026-03,22.591994,0.044277530163526535,3.2962363958358765,False,0.0,0.0,reported_conditioned_mlp,OSEBERG SØR,2028-01,True,0.0,0.02062238231301307,0.044277530163526535,0.06361850053071975,0.09141917452216151,0.0,0.0,0.0,0.0,0.0,0.0,0.761180692911148,3.2962363958358765,5.4458137989044175,8.56304693222046
2044-07,2044-07-01,global_mlp,2026-03,22.591994,0.044488927349448204,3.257176637649536,False,0.0,0.0,reported_conditioned_mlp,OSEBERG SØR,2028-01,True,0.0,0.01646114457398653,0.044488927349448204,0.06423054710030554,0.0959129087626934,0.0,0.0,0.0,0.0,0.0,0.0,0.7044890642166137,3.257176637649536,5.323600244522093,8.509869861602786
2044-08,2044-08-01,global_mlp,2026-03,22.591994,0.0437356922775507,3.211654305458069,False,0.0,0.0,reported_conditioned_mlp,OSEBERG SØR,2028-01,True,0.0,0.015385765768587587,0.0437356922775507,0.0670803390443325,0.09852954372763634,0.0,0.0,0.0,0.0,0.0,0.0,0.6402019441127776,3.211654305458069,5.262590789794921,8.48673553466797
2044-09,2044-09-01,global_mlp,2026-03,22.591994,0.0440762173384428,3.165992259979248,False,0.0,0.0,reported_conditioned_mlp,OSEBERG SØR,2028-01,True,0.0,0.01758095845580101,0.0440762173384428,0.06706936061382292,0.09908651635050773,0.0,0.0,0.0,0.0,0.0,0.0,0.602856987714767,3.165992259979248,5.204359149932861,8.403560543060303
2044-10,2044-10-01,global_mlp,2026-03,22.591994,0.046819036826491356,3.0807234048843384,False,0.0,0.0,reported_conditioned_mlp,OSEBERG SØR,2028-01,True,0.0,0.012780170235782849,0.046819036826491356,0.06655002012848854,0.10354759469628334,0.0,0.0,0.0,0.0,0.0,0.0,0.5350147008895871,3.0807234048843384,5.102574491500852,8.312142467498779
2044-11,2044-11-01,global_mlp,2026-03,22.591994,0.0479368194937706,2.9748512506484985,False,0.0,0.0,reported_conditioned_mlp,OSEBERG SØR,2028-01,True,0.0,0.0192962510511279,0.0479368194937706,0.07310384437441826,0.10976682975888255,0.0,0.0,0.0,0.0,0.0,0.0,0.4389309734106064,2.9748512506484985,5.010644674301145,8.22164011001587
2044-12,2044-12-01,global_mlp,2026-03,22.591994,0.044681476429104805,2.8653295040130615,False,0.0,0.0,reported_conditioned_mlp,OSEBERG SØR,2028-01,True,0.0,0.011374124418944117,0.044681476429104805,0.06665931716561316,0.10540282800793649,0.0,0.0,0.0,0.0,0.0,0.0,0.3723048090934752,2.8653295040130615,4.933700132369991,8.1833966255188
2045-01,2045-01-01,global_mlp,2026-03,22.591994,0.04368479736149311,2.805426597595215,False,0.0,0.0,reported_conditioned_mlp,OSEBERG SØR,2028-01,True,0.0,0.011523658782243682,0.04368479736149311,0.06780283153057094,0.10871035009622575,0.0,0.0,0.0,0.0,0.0,0.0,0.3233543515205382,2.805426597595215,4.8686073303222654,8.117363166809083
2045-02,2045-02-01,global_mlp,2026-03,22.591994,0.04420252703130245,2.723437786102295,False,0.0,0.0,reported_conditioned_mlp,OSEBERG SØR,2028-01,True,0.0,0.012038765195757138,0.04420252703130245,0.06763034835457801,0.10742627829313278,0.0,0.0,0.0,0.0,0.0,0.0,0.2647025614976882,2.723437786102295,4.81923370361328,8.083381366729736
2045-03,2045-03-01,global_mlp,2026-03,22.591994,0.03451365977525711,2.677849531173706,False,0.0,0.0,reported_conditioned_mlp,OSEBERG SØR,2028-01,True,0.0,0.0,0.03451365977525711,0.061214594915509214,0.0949727438390255,0.0,0.0,0.0,0.0,0.0,0.0,0.23532999455928783,2.677849531173706,4.769669055938721,8.03768014907837
2045-04,2045-04-01,global_mlp,2026-03,22.591994,0.04300669580698013,2.635205030441284,False,0.0,0.0,reported_conditioned_mlp,OSEBERG SØR,2028-01,True,0.0,0.0054329183883964505,0.04300669580698013,0.06602635979652403,0.0973551943898201,0.0,0.0,0.0,0.0,0.0,0.0,0.17062275558710094,2.635205030441284,4.69382038116455,7.9524427413940435
2045-05,2045-05-01,global_mlp,2026-03,22.591994,0.04073207825422287,2.602065682411194,False,0.0,0.0,reported_conditioned_mlp,OSEBERG SØR,2028-01,True,0.0,0.0010104717162903317,0.04073207825422287,0.06524465009570116,0.10359735116362571,0.0,0.0,0.0,0.0,0.0,0.0,0.11413600668311118,2.602065682411194,4.608209514617919,7.900661611557007
2045-06,2045-06-01,global_mlp,2026-03,22.591994,0.03840458393096924,2.534236431121826,False,0.0,0.0,reported_conditioned_mlp,OSEBERG SØR,2028-01,True,0.0,0.0,0.03840458393096924,0.061369416117668135,0.09539647996425629,0.0,0.0,0.0,0.0,0.0,0.0,0.05023357234895224,2.534236431121826,4.559729433059691,7.825791072845459
2045-07,2045-07-01,global_mlp,2026-03,22.591994,0.03929112106561661,2.4761648178100586,False,0.0,0.0,reported_conditioned_mlp,OSEBERG SØR,2028-01,True,0.0,0.0,0.03929112106561661,0.06097811944782733,0.09544126242399217,0.0,0.0,0.0,0.0,0.0,0.0,0.0,2.4761648178100586,4.50949501991272,7.746510124206543
2045-08,2045-08-01,global_mlp,2026-03,22.591994,0.03799047879874706,2.4218095541000366,False,0.0,0.0,reported_conditioned_mlp,OSEBERG SØR,2028-01,True,0.0,0.0,0.03799047879874706,0.0602240890264511,0.09090697318315508,0.0,0.0,0.0,0.0,0.0,0.0,0.0,2.4218095541000366,4.453618049621581,7.670861148834229
2045-09,2045-09-01,global_mlp,2026-03,22.591994,0.03889584541320801,2.3678261041641235,False,0.0,0.0,reported_conditioned_mlp,OSEBERG SØR,2028-01,True,0.0,0.0,0.03889584541320801,0.06164007224142549,0.09607197418808937,0.0,0.0,0.0,0.0,0.0,0.0,0.0,2.3678261041641235,4.380055236816405,7.594698762893676
2045-10,2045-10-01,global_mlp,2026-03,22.591994,0.03310110419988632,2.291180729866028,False,0.0,0.0,reported_conditioned_mlp,OSEBERG SØR,2028-01,True,0.0,0.0,0.03310110419988632,0.061295788362622235,0.09476258978247644,0.0,0.0,0.0,0.0,0.0,0.0,0.0,2.291180729866028,4.325771284103393,7.490022039413453
2045-11,2045-11-01,global_mlp,2026-03,22.591994,0.037763819098472595,2.226058840751648,False,0.0,0.0,reported_conditioned_mlp,OSEBERG SØR,2028-01,True,0.0,0.0,0.037763819098472595,0.0672294959425926,0.10643418580293657,0.0,0.0,0.0,0.0,0.0,0.0,0.0,2.226058840751648,4.2790704250335665,7.371652936935425
2045-12,2045-12-01,global_mlp,2026-03,22.591994,0.036732759326696396,2.137306809425354,False,0.0,0.0,reported_conditioned_mlp,OSEBERG SØR,2028-01,True,0.0,0.0,0.036732759326696396,0.06529653817415235,0.10652438253164294,0.0,0.0,0.0,0.0,0.0,0.0,0.0,2.137306809425354,4.210548448562619,7.3344786167144775
2046-01,2046-01-01,global_mlp,2026-03,22.591994,0.037424320355057716,2.0888229608535767,False,0.0,0.0,reported_conditioned_mlp,OSEBERG SØR,2028-01,True,0.0,0.0,0.037424320355057716,0.06474773362278938,0.10380920618772511,0.0,0.0,0.0,0.0,0.0,0.0,0.0,2.0888229608535767,4.121860980987549,7.280613088607788
2046-02,2046-02-01,global_mlp,2026-03,22.591994,0.037318022921681404,2.0393266677856445,False,0.0,0.0,reported_conditioned_mlp,OSEBERG SØR,2028-01,True,0.0,0.0,0.037318022921681404,0.06463303044438361,0.10370403677225115,0.0,0.0,0.0,0.0,0.0,0.0,0.0,2.0393266677856445,4.064335393905639,7.230902290344239
2046-03,2046-03-01,global_mlp,2026-03,22.591994,0.03101777471601963,1.9780142307281494,False,0.0,0.0,reported_conditioned_mlp,OSEBERG SØR,2028-01,True,0.0,0.0,0.03101777471601963,0.058134341612458215,0.09855615720152855,0.0,0.0,0.0,0.0,0.0,0.0,0.0,1.9780142307281494,4.023461532592774,7.151922893524171
2046-04,2046-04-01,global_mlp,2026-03,22.591994,0.03623825125396252,1.9097139239311218,False,0.0,0.0,reported_conditioned_mlp,OSEBERG SØR,2028-01,True,0.0,0.0,0.03623825125396252,0.06361756026744843,0.09614919498562813,0.0,0.0,0.0,0.0,0.0,0.0,0.0,1.9097139239311218,3.972803664207458,7.067874288558961
2046-05,2046-05-01,global_mlp,2026-03,22.591994,0.037831926718354225,1.8629674315452576,False,0.0,0.0,reported_conditioned_mlp,OSEBERG SØR,2028-01,True,0.0,0.0,0.037831926718354225,0.059928290173411364,0.09980813860893252,0.0,0.0,0.0,0.0,0.0,0.0,0.0,1.8629674315452576,3.9246696472167963,6.978367757797244
2046-06,2046-06-01,global_mlp,2026-03,22.591994,0.03143996745347977,1.788057804107666,False,0.0,0.0,reported_conditioned_mlp,OSEBERG SØR,2028-01,True,0.0,0.0,0.03143996745347977,0.06061089038848877,0.09522685259580613,0.0,0.0,0.0,0.0,0.0,0.0,0.0,1.788057804107666,3.8815691947937006,6.901944303512578
2046-07,2046-07-01,global_mlp,2026-03,22.591994,0.030219171196222305,1.748325526714325,False,0.0,0.0,reported_conditioned_mlp,OSEBERG SØR,2028-01,True,0.0,0.0,0.030219171196222305,0.056643479317426644,0.09257509410381318,0.0,0.0,0.0,0.0,0.0,0.0,0.0,1.748325526714325,3.8410178899765013,6.873466777801518
2046-08,2046-08-01,global_mlp,2026-03,22.591994,0.030114264227449894,1.7019222974777222,False,0.0,0.0,reported_conditioned_mlp,OSEBERG SØR,2028-01,True,0.0,0.0,0.030114264227449894,0.05672717727720737,0.09142820462584496,0.0,0.0,0.0,0.0,0.0,0.0,0.0,1.7019222974777222,3.7847409725189203,6.8345772743225135
2046-09,2046-09-01,global_mlp,2026-03,22.591994,0.030629117973148823,1.6583678126335144,False,0.0,0.0,reported_conditioned_mlp,OSEBERG SØR,2028-01,True,0.0,0.0,0.030629117973148823,0.05531291067600248,0.0957415364682675,0.0,0.0,0.0,0.0,0.0,0.0,0.0,1.6583678126335144,3.726273083686827,6.810113334655765
2046-10,2046-10-01,global_mlp,2026-03,22.591994,0.030077962204813957,1.6218557357788086,False,0.0,0.0,reported_conditioned_mlp,OSEBERG SØR,2028-01,True,0.0,0.0,0.030077962204813957,0.0541338864713907,0.09130711331963541,0.0,0.0,0.0,0.0,0.0,0.0,0.0,1.6218557357788086,3.6853051424026475,6.794259643554691
2046-11,2046-11-01,global_mlp,2026-03,22.591994,0.03250165469944477,1.5617596507072449,False,0.0,0.0,reported_conditioned_mlp,OSEBERG SØR,2028-01,True,0.0,0.0,0.03250165469944477,0.06045540980994701,0.10139715299010285,0.0,0.0,0.0,0.0,0.0,0.0,0.0,1.5617596507072449,3.6287695646286005,6.770396804809573
2046-12,2046-12-01,global_mlp,2026-03,22.591994,0.030784322880208492,1.4901859164237976,False,0.0,0.0,reported_conditioned_mlp,OSEBERG SØR,2028-01,True,0.0,0.0,0.030784322880208492,0.06260898336768149,0.09728712439537049,0.0,0.0,0.0,0.0,0.0,0.0,0.0,1.4901859164237976,3.5490447044372555,6.744129800796511
2047-01,2047-01-01,global_mlp,2026-03,22.591994,0.0327313169836998,1.375283122062683,False,0.0,0.0,reported_conditioned_mlp,OSEBERG SØR,2028-01,True,0.0,0.0,0.0327313169836998,0.059117740765213964,0.0980898827314377,0.0,0.0,0.0,0.0,0.0,0.0,0.0,1.375283122062683,3.4887377023696895,6.707321310043336
2047-02,2047-02-01,global_mlp,2026-03,22.591994,0.02718055061995983,1.3109471797943115,False,0.0,0.0,reported_conditioned_mlp,OSEBERG SØR,2028-01,True,0.0,0.0,0.02718055061995983,0.05903462581336497,0.09760244563221933,0.0,0.0,0.0,0.0,0.0,0.0,0.0,1.3109471797943115,3.4304103851318355,6.641716861724855
2047-03,2047-03-01,global_mlp,2026-03,22.591994,0.024978360161185265,1.2626610398292542,False,0.0,0.0,reported_conditioned_mlp,OSEBERG SØR,2028-01,True,0.0,0.0,0.024978360161185265,0.05532943308353423,0.09211017340421679,0.0,0.0,0.0,0.0,0.0,0.0,0.0,1.2626610398292542,3.3824131727218627,6.537969398498538
2047-04,2047-04-01,global_mlp,2026-03,22.591994,0.03401466645300388,1.189153015613556,False,0.0,0.0,reported_conditioned_mlp,OSEBERG SØR,2028-01,True,0.0,0.0,0.03401466645300388,0.05669321753084658,0.0891923733055592,0.0,0.0,0.0,0.0,0.0,0.0,0.0,1.189153015613556,3.3221793174743643,6.423064231872563
2047-05,2047-05-01,global_mlp,2026-03,22.591994,0.03099456150084734,1.1207062005996704,False,0.0,0.0,reported_conditioned_mlp,OSEBERG SØR,2028-01,True,0.0,0.0,0.03099456150084734,0.05597904101014137,0.0910664215683937,0.0,0.0,0.0,0.0,0.0,0.0,0.0,1.1207062005996704,3.2471665143966666,6.3365970611572315
2047-06,2047-06-01,global_mlp,2026-03,22.591994,0.02921922504901886,1.0964543223381042,False,0.0,0.0,reported_conditioned_mlp,OSEBERG SØR,2028-01,True,0.0,0.0,0.02921922504901886,0.05608211420476437,0.09087767899036411,0.0,0.0,0.0,0.0,0.0,0.0,0.0,1.0964543223381042,3.1592858791351297,6.255592250823979
2047-07,2047-07-01,global_mlp,2026-03,22.591994,0.025927439332008362,1.0316379964351654,False,0.0,0.0,reported_conditioned_mlp,OSEBERG SØR,2028-01,True,0.0,0.0,0.025927439332008362,0.05481597706675529,0.08959539979696277,0.0,0.0,0.0,0.0,0.0,0.0,0.0,1.0316379964351654,3.0958095312118528,6.1753443241119435
2047-08,2047-08-01,global_mlp,2026-03,22.591994,0.023032817989587784,0.9421980977058411,False,0.0,0.0,reported_conditioned_mlp,OSEBERG SØR,2028-01,True,0.0,0.0,0.023032817989587784,0.051959453523159,0.08461054340004921,0.0,0.0,0.0,0.0,0.0,0.0,0.0,0.9421980977058411,3.0422450780868524,6.078220939636235
2047-09,2047-09-01,global_mlp,2026-03,22.591994,0.023744569160044193,0.8945162892341614,False,0.0,0.0,reported_conditioned_mlp,OSEBERG SØR,2028-01,True,0.0,0.0,0.023744569160044193,0.05292149409651756,0.09001162797212603,0.0,0.0,0.0,0.0,0.0,0.0,0.0,0.8945162892341614,3.010808944702148,5.9709767341613835
2047-10,2047-10-01,global_mlp,2026-03,22.591994,0.020877690985798836,0.8512169122695923,False,0.0,0.0,reported_conditioned_mlp,OSEBERG SØR,2028-01,True,0.0,0.0,0.020877690985798836,0.05388189069926737,0.08631210476160052,0.0,0.0,0.0,0.0,0.0,0.0,0.0,0.8512169122695923,2.9565048694610585,5.9198485374450724
2047-11,2047-11-01,global_mlp,2026-03,22.591994,0.027371748350560665,0.7798915803432465,False,0.0,0.0,reported_conditioned_mlp,OSEBERG SØR,2028-01,True,0.0,0.0,0.027371748350560665,0.06235378421843052,0.10117500945925713,0.0,0.0,0.0,0.0,0.0,0.0,0.0,0.7798915803432465,2.899036002159119,5.899067878723146
2047-12,2047-12-01,global_mlp,2026-03,22.591994,0.01681733224540949,0.7250170409679413,False,0.0,0.0,reported_conditioned_mlp,OSEBERG SØR,2028-01,True,0.0,0.0,0.01681733224540949,0.05460535287857055,0.09222517609596254,0.0,0.0,0.0,0.0,0.0,0.0,0.0,0.7250170409679413,2.835536527633666,5.862320470809937
2048-01,2048-01-01,global_mlp,2026-03,22.591994,0.015092745423316956,0.6663323044776917,False,0.0,0.0,reported_conditioned_mlp,OSEBERG SØR,2028-01,True,0.0,0.0,0.015092745423316956,0.05130735710263249,0.0953596331179142,0.0,0.0,0.0,0.0,0.0,0.0,0.0,0.6663323044776917,2.7648374795913697,5.791181230545045
2048-02,2048-02-01,global_mlp,2026-03,22.591994,0.01801249571144581,0.5675662457942963,False,0.0,0.0,reported_conditioned_mlp,OSEBERG SØR,2028-01,True,0.0,0.0,0.01801249571144581,0.05477980971336363,0.0965742699801922,0.0,0.0,0.0,0.0,0.0,0.0,0.0,0.5675662457942963,2.717020988464355,5.690778875350955
2048-03,2048-03-01,global_mlp,2026-03,22.591994,0.010499257594347,0.4778612554073334,False,0.0,0.0,reported_conditioned_mlp,OSEBERG SØR,2028-01,True,0.0,0.0,0.010499257594347,0.05002795755863189,0.09097469970583917,0.0,0.0,0.0,0.0,0.0,0.0,0.0,0.4778612554073334,2.6806698083877554,5.669346809387211
2048-04,2048-04-01,global_mlp,2026-03,22.591994,0.018955808132886887,0.41668644547462463,False,0.0,0.0,reported_conditioned_mlp,OSEBERG SØR,2028-01,True,0.0,0.0,0.018955808132886887,0.05340318344533443,0.09041157737374306,0.0,0.0,0.0,0.0,0.0,0.0,0.0,0.41668644547462463,2.6355615615844723,5.64571843147278
2048-05,2048-05-01,global_mlp,2026-03,22.591994,0.018160580657422543,0.3642052710056305,False,0.0,0.0,reported_conditioned_mlp,OSEBERG SØR,2028-01,True,0.0,0.0,0.018160580657422543,0.051562669500708556,0.08676206320524221,0.0,0.0,0.0,0.0,0.0,0.0,0.0,0.3642052710056305,2.5861609935760477,5.6190029144287115
2048-06,2048-06-01,global_mlp,2026-03,22.591994,0.014872055500745773,0.29494979977607727,False,0.0,0.0,reported_conditioned_mlp,OSEBERG SØR,2028-01,True,0.0,0.0,0.014872055500745773,0.052106723189353936,0.08123025819659235,0.0,0.0,0.0,0.0,0.0,0.0,0.0,0.29494979977607727,2.5245171546936023,5.517469787597658
2048-07,2048-07-01,global_mlp,2026-03,22.591994,0.00946147134527564,0.21851710230112076,False,0.0,0.0,reported_conditioned_mlp,OSEBERG SØR,2028-01,True,0.0,0.0,0.00946147134527564,0.051886185258626934,0.08264873027801514,0.0,0.0,0.0,0.0,0.0,0.0,0.0,0.21851710230112076,2.479473376274108,5.421167993545536
2048-08,2048-08-01,global_mlp,2026-03,22.591994,0.009757752530276775,0.1738431379199028,False,0.0,0.0,reported_conditioned_mlp,OSEBERG SØR,2028-01,True,0.0,0.0,0.009757752530276775,0.045829823240637765,0.08115796223282815,0.0,0.0,0.0,0.0,0.0,0.0,0.0,0.1738431379199028,2.4496054887771597,5.3833784103393585
2048-09,2048-09-01,global_mlp,2026-03,22.591994,0.0,0.13221775367856026,False,0.0,0.0,reported_conditioned_mlp,OSEBERG SØR,2028-01,True,0.0,0.0,0.0,0.04944690838456148,0.08111715465784078,0.0,0.0,0.0,0.0,0.0,0.0,0.0,0.13221775367856026,2.379567313194273,5.3497766971588145
2048-10,2048-10-01,global_mlp,2026-03,22.591994,0.0004688328190241009,0.10450809448957443,False,0.0,0.0,reported_conditioned_mlp,OSEBERG SØR,2028-01,True,0.0,0.0,0.0004688328190241009,0.04488759674131869,0.08507644608616831,0.0,0.0,0.0,0.0,0.0,0.0,0.0,0.10450809448957443,2.323576045036315,5.284471416473389
2048-11,2048-11-01,global_mlp,2026-03,22.591994,0.0,0.04671541601419449,False,0.0,0.0,reported_conditioned_mlp,OSEBERG SØR,2028-01,True,0.0,0.0,0.0,0.0524039726704359,0.09258078485727313,0.0,0.0,0.0,0.0,0.0,0.0,0.0,0.04671541601419449,2.244241189956664,5.1361010074615505
2048-12,2048-12-01,global_mlp,2026-03,22.591994,0.0,0.0195266492664814,False,0.0,0.0,reported_conditioned_mlp,OSEBERG SØR,2028-01,True,0.0,0.0,0.0,0.04770486019551752,0.08574668765068058,0.0,0.0,0.0,0.0,0.0,0.0,0.0,0.0195266492664814,2.181183314323425,5.081873416900637
2049-01,2049-01-01,global_mlp,2026-03,22.591994,0.0,0.0,False,0.0,0.0,reported_conditioned_mlp,OSEBERG SØR,2028-01,True,0.0,0.0,0.0,0.04952416643500325,0.08927691653370859,0.0,0.0,0.0,0.0,0.0,0.0,0.0,0.0,2.1259861946105945,5.0490902423858675
2049-02,2049-02-01,global_mlp,2026-03,22.591994,0.0,0.0,False,0.0,0.0,reported_conditioned_mlp,OSEBERG SØR,2028-01,True,0.0,0.0,0.0,0.049452431872487046,0.09153917506337168,0.0,0.0,0.0,0.0,0.0,0.0,0.0,0.0,2.060650086402893,5.014706039428714
2049-03,2049-03-01,global_mlp,2026-03,22.591994,0.0,0.0,False,0.0,0.0,reported_conditioned_mlp,OSEBERG SØR,2028-01,True,0.0,0.0,0.0,0.04231959506869315,0.08101544603705409,0.0,0.0,0.0,0.0,0.0,0.0,0.0,0.0,1.9748166918754566,4.995011711120606
2049-04,2049-04-01,global_mlp,2026-03,22.591994,0.0,0.0,False,0.0,0.0,reported_conditioned_mlp,OSEBERG SØR,2028-01,True,0.0,0.0,0.0,0.04585705474019048,0.08262594640254975,0.0,0.0,0.0,0.0,0.0,0.0,0.0,0.0,1.9148968100547779,4.826229906082154
2049-05,2049-05-01,global_mlp,2026-03,22.591994,0.0,0.0,False,0.0,0.0,reported_conditioned_mlp,OSEBERG SØR,2028-01,True,0.0,0.0,0.0,0.049344102665781965,0.08377914279699328,0.0,0.0,0.0,0.0,0.0,0.0,0.0,0.0,1.8511951684951773,4.75497579574585
2049-06,2049-06-01,global_mlp,2026-03,22.591994,0.0,0.0,False,0.0,0.0,reported_conditioned_mlp,OSEBERG SØR,2028-01,True,0.0,0.0,0.0,0.04701008684933185,0.08280581757426264,0.0,0.0,0.0,0.0,0.0,0.0,0.0,0.0,1.7788783192634574,4.73458456993103
2049-07,2049-07-01,global_mlp,2026-03,22.591994,0.0,0.0,False,0.0,0.0,reported_conditioned_mlp,OSEBERG SØR,2028-01,True,0.0,0.0,0.0,0.04484800286591053,0.08659240007400514,0.0,0.0,0.0,0.0,0.0,0.0,0.0,0.0,1.720547425746916,4.611841630935671
2049-08,2049-08-01,global_mlp,2026-03,22.591994,0.0,0.0,False,0.0,0.0,reported_conditioned_mlp,OSEBERG SØR,2028-01,True,0.0,0.0,0.0,0.04529625400900839,0.08042758926749231,0.0,0.0,0.0,0.0,0.0,0.0,0.0,0.0,1.6390869975089997,4.477151918411258
2049-09,2049-09-01,global_mlp,2026-03,22.591994,0.0,0.0,False,0.0,0.0,reported_conditioned_mlp,OSEBERG SØR,2028-01,True,0.0,0.0,0.0,0.04360048770904539,0.08255996257066738,0.0,0.0,0.0,0.0,0.0,0.0,0.0,0.0,1.5556062340736367,4.438703823089601
2049-10,2049-10-01,global_mlp,2026-03,22.591994,0.0,0.0,False,0.0,0.0,reported_conditioned_mlp,OSEBERG SØR,2028-01,True,0.0,0.0,0.0,0.041704816371202456,0.08858561813831331,0.0,0.0,0.0,0.0,0.0,0.0,0.0,0.0,1.4743597507476804,4.375134992599487
2049-11,2049-11-01,global_mlp,2026-03,22.591994,0.0,0.0,False,0.0,0.0,reported_conditioned_mlp,OSEBERG SØR,2028-01,True,0.0,0.0,0.0,0.04632779248058796,0.08924655392766,0.0,0.0,0.0,0.0,0.0,0.0,0.0,0.0,1.424225556850432,4.2634529113769535
2049-12,2049-12-01,global_mlp,2026-03,22.591994,0.0,0.0,False,0.0,0.0,reported_conditioned_mlp,OSEBERG SØR,2028-01,True,0.0,0.0,0.0,0.047006943076848946,0.08785685673356057,0.0,0.0,0.0,0.0,0.0,0.0,0.0,0.0,1.3554206967353808,4.185439395904542
2050-01,2050-01-01,global_mlp,2026-03,22.591994,0.0,0.0,False,0.0,0.0,reported_conditioned_mlp,OSEBERG SØR,2028-01,True,0.0,0.0,0.0,0.03935689963400362,0.09299753680825235,0.0,0.0,0.0,0.0,0.0,0.0,0.0,0.0,1.2897603869438163,4.054021453857422
2050-02,2050-02-01,global_mlp,2026-03,22.591994,0.0,0.0,False,0.0,0.0,reported_conditioned_mlp,OSEBERG SØR,2028-01,True,0.0,0.0,0.0,0.04213876463472839,0.09169132187962535,0.0,0.0,0.0,0.0,0.0,0.0,0.0,0.0,1.2205076694488517,3.931617784500123
2050-03,2050-03-01,global_mlp,2026-03,22.591994,0.0,0.0,False,0.0,0.0,reported_conditioned_mlp,OSEBERG SØR,2028-01,True,0.0,0.0,0.0,0.03534411452710628,0.08320112079381943,0.0,0.0,0.0,0.0,0.0,0.0,0.0,0.0,1.1753794074058532,3.8451888799667366
2050-04,2050-04-01,global_mlp,2026-03,22.591994,0.0,0.0,False,0.0,0.0,reported_conditioned_mlp,OSEBERG SØR,2028-01,True,0.0,0.0,0.0,0.043718622997403124,0.08275168910622599,0.0,0.0,0.0,0.0,0.0,0.0,0.0,0.0,1.112392365932464,3.7849881172180186
2050-05,2050-05-01,global_mlp,2026-03,22.591994,0.0,0.0,False,0.0,0.0,reported_conditioned_mlp,OSEBERG SØR,2028-01,True,0.0,0.0,0.0,0.04734213538467884,0.08186403661966325,0.0,0.0,0.0,0.0,0.0,0.0,0.0,0.0,1.0439637184143056,3.7311327695846566
2050-06,2050-06-01,global_mlp,2026-03,22.591994,0.0,0.0,False,0.0,0.0,reported_conditioned_mlp,OSEBERG SØR,2028-01,True,0.0,0.0,0.0,0.04139395952224726,0.07848872840404511,0.0,0.0,0.0,0.0,0.0,0.0,0.0,0.0,0.9702629506587982,3.7076597929000856
2050-07,2050-07-01,global_mlp,2026-03,22.591994,0.0,0.0,False,0.0,0.0,reported_conditioned_mlp,OSEBERG SØR,2028-01,True,0.0,0.0,0.0,0.039112028479576094,0.07934267893433572,0.0,0.0,0.0,0.0,0.0,0.0,0.0,0.0,0.9357507467269892,3.651160311698914
2050-08,2050-08-01,global_mlp,2026-03,22.591994,0.0,0.0,False,0.0,0.0,reported_conditioned_mlp,OSEBERG SØR,2028-01,True,0.0,0.0,0.0,0.03714873641729353,0.07814021781086923,0.0,0.0,0.0,0.0,0.0,0.0,0.0,0.0,0.9101458013057708,3.6013522386550916
2050-09,2050-09-01,global_mlp,2026-03,22.591994,0.0,0.0,False,0.0,0.0,reported_conditioned_mlp,OSEBERG SØR,2028-01,True,0.0,0.0,0.0,0.035825556144118295,0.0847931519150734,0.0,0.0,0.0,0.0,0.0,0.0,0.0,0.0,0.8464983999729148,3.570994615554811
2050-10,2050-10-01,global_mlp,2026-03,22.591994,0.0,0.0,False,0.0,0.0,reported_conditioned_mlp,OSEBERG SØR,2028-01,True,0.0,0.0,0.0,0.03654736317694186,0.08207341358065606,0.0,0.0,0.0,0.0,0.0,0.0,0.0,0.0,0.7703443944454189,3.5270782232284548
2050-11,2050-11-01,global_mlp,2026-03,22.591994,0.0,0.0,False,0.0,0.0,reported_conditioned_mlp,OSEBERG SØR,2028-01,True,0.0,0.0,0.0,0.03686792962253091,0.09169329553842546,0.0,0.0,0.0,0.0,0.0,0.0,0.0,0.0,0.7301513373851773,3.41917576789856
2050-12,2050-12-01,global_mlp,2026-03,22.591994,0.0,0.0,False,0.0,0.0,reported_conditioned_mlp,OSEBERG SØR,2028-01,True,0.0,0.0,0.0,0.03472233414649961,0.08971157744526867,0.0,0.0,0.0,0.0,0.0,0.0,0.0,0.0,0.6652168393135065,3.331821608543396
2051-01,2051-01-01,global_mlp,2026-03,22.591994,0.0,0.0,False,0.0,0.0,reported_conditioned_mlp,OSEBERG SØR,2028-01,True,0.0,0.0,0.0,0.02827976904809472,0.08448710143566135,0.0,0.0,0.0,0.0,0.0,0.0,0.0,0.0,0.588438445329666,3.2445542812347425
2051-02,2051-02-01,global_mlp,2026-03,22.591994,0.0,0.0,False,0.0,0.0,reported_conditioned_mlp,OSEBERG SØR,2028-01,True,0.0,0.0,0.0,0.03191326335072516,0.0871185600757599,0.0,0.0,0.0,0.0,0.0,0.0,0.0,0.0,0.5439912021160105,3.183494424819947
2051-03,2051-03-01,global_mlp,2026-03,22.591994,0.0,0.0,False,0.0,0.0,reported_conditioned_mlp,OSEBERG SØR,2028-01,True,0.0,0.0,0.0,0.02060884125530708,0.07603246793150903,0.0,0.0,0.0,0.0,0.0,0.0,0.0,0.0,0.48224864602088696,3.0970750570297247
