month,date,variant,cutoff_month,remaining_reserves_start_msm3oe,production_forecast_msm3oe,remaining_reserves_end_msm3oe,production_was_clipped,fuel_gas_forecast_msm3,fuel_gas_forecast_sm3,fuel_forecast_method,fuel_source_field,fuel_zero_from_month,fuel_zero_override_applied,production_forecast_msm3oe_q10,production_forecast_msm3oe_q30,production_forecast_msm3oe_q50,production_forecast_msm3oe_q70,production_forecast_msm3oe_q90,fuel_gas_forecast_msm3_q10,fuel_gas_forecast_msm3_q30,fuel_gas_forecast_msm3_q50,fuel_gas_forecast_msm3_q70,fuel_gas_forecast_msm3_q90,remaining_reserves_end_msm3oe_q10,remaining_reserves_end_msm3oe_q30,remaining_reserves_end_msm3oe_q50,remaining_reserves_end_msm3oe_q70,remaining_reserves_end_msm3oe_q90
2026-04,2026-04-01,global_mlp,2026-03,26.727725,0.15063279122114182,26.577091217041016,False,7.204585790634155,7204585.790634155,reported_conditioned_mlp,GRANE,,False,0.09413240626454354,0.12928029298782348,0.15063279122114182,0.1746113434433937,0.2318267270922661,3.81560173034668,6.198953533172608,7.204585790634155,8.097833156585693,10.002901840209962,26.495897674560545,26.553112030029297,26.577091217041016,26.598443603515626,26.633591842651366
2026-05,2026-05-01,global_mlp,2026-03,26.727725,0.14571215957403183,26.428778648376465,False,6.678244590759277,6678244.590759277,reported_conditioned_mlp,GRANE,,False,0.07693505287170412,0.12305222004652024,0.14571215957403183,0.17409508973360058,0.22772468477487565,2.5428275585174562,5.270399856567383,6.678244590759277,7.766661834716796,9.465999984741211,26.28199520111084,26.379386711120606,26.428778648376465,26.473269844055174,26.554238319396973
2026-06,2026-06-01,global_mlp,2026-03,26.727725,0.14063343405723572,26.28683567047119,False,6.918413877487183,6918413.877487183,reported_conditioned_mlp,GRANE,,False,0.08501466214656832,0.11881649866700172,0.14063343405723572,0.17151658236980435,0.23071585744619372,3.4222697973251344,5.852995443344116,6.918413877487183,7.7657226562499995,9.378818988800049,26.08072280883789,26.205015182495117,26.28683567047119,26.359186553955077,26.46680850982666
2026-07,2026-07-01,global_mlp,2026-03,26.727725,0.1475285142660141,26.148921012878418,False,7.264880657196045,7264880.657196045,reported_conditioned_mlp,GRANE,,False,0.08171046376228333,0.12059799432754517,0.1475285142660141,0.17259714007377625,0.22147500067949297,2.9014453649520875,5.712314844131469,7.264880657196045,8.358486366271972,9.959122562408448,25.853641319274903,26.031597137451172,26.148921012878418,26.23333168029785,26.37936019897461
2026-08,2026-08-01,global_mlp,2026-03,26.727725,0.14698922634124756,25.998924255371094,False,7.000340700149536,7000340.700149536,reported_conditioned_mlp,GRANE,,False,0.0770719937980175,0.12251997888088226,0.14698922634124756,0.1685731530189514,0.2056101500988007,3.0153682708740233,5.903568744659423,7.000340700149536,7.990252494812011,9.693127155303955,25.65461139678955,25.870786285400392,25.998924255371094,26.102637672424315,26.270840644836426
2026-09,2026-09-01,global_mlp,2026-03,26.727725,0.15112615376710892,25.854320526123047,False,7.058102369308472,7058102.369308472,reported_conditioned_mlp,GRANE,,False,0.08010211884975435,0.12718227803707122,0.15112615376710892,0.17574072778224945,0.21586702764034274,2.2509734153747565,5.348114395141602,7.058102369308472,8.220778656005859,10.411885070800784,25.48233299255371,25.712138748168947,25.854320526123047,25.99462833404541,26.139554595947267
2026-10,2026-10-01,global_mlp,2026-03,26.727725,0.14990898966789246,25.715679168701172,False,7.096454381942749,7096454.381942749,reported_conditioned_mlp,GRANE,,False,0.08244831189513208,0.12571680992841722,0.14990898966789246,0.1730350226163864,0.22086128294467927,2.9819590806961065,5.815043783187866,7.096454381942749,8.297211551666258,10.219359970092773,25.278084373474123,25.546860694885254,25.715679168701172,25.86641674041748,26.03018684387207
2026-11,2026-11-01,global_mlp,2026-03,26.727725,0.15739698708057404,25.55360984802246,False,6.884514331817627,6884514.331817627,reported_conditioned_mlp,GRANE,,False,0.0870259039103985,0.13121782392263412,0.15739698708057404,0.1860466256737709,0.23305521458387377,2.652221202850342,5.676707315444946,6.884514331817627,8.069416904449461,10.162331771850587,25.05867404937744,25.350467872619628,25.55360984802246,25.730429649353027,25.92887725830078
2026-12,2026-12-01,global_mlp,2026-03,26.727725,0.1533900648355484,25.395326614379883,False,6.738703489303589,6738703.489303589,reported_conditioned_mlp,GRANE,,False,0.07087326124310495,0.12395611479878425,0.1533900648355484,0.18359760195016858,0.23155703395605093,3.134103417396546,5.826692295074462,6.738703489303589,7.612521123886109,9.701812744140625,24.86368179321289,25.18122329711914,25.395326614379883,25.599456787109375,25.838254356384276
2027-01,2027-01-01,global_mlp,2026-03,26.727725,0.16106672585010529,25.22397232055664,False,6.569405794143677,6569405.794143677,reported_conditioned_mlp,GRANE,,False,0.07845009192824366,0.13014908134937286,0.16106672585010529,0.18954538255929945,0.24195843338966375,2.7644329071044926,5.229632425308227,6.569405794143677,7.530650377273558,9.00784673690796,24.66874256134033,24.999165534973145,25.22397232055664,25.476430892944336,25.71712875366211
2027-02,2027-02-01,global_mlp,2026-03,26.727725,0.15287625044584274,25.06544017791748,False,6.512342214584351,6512342.214584351,reported_conditioned_mlp,GRANE,,False,0.06763543263077737,0.11729526668787002,0.15287625044584274,0.17943317592144012,0.24183636754751206,2.553752517700196,5.060386419296265,6.512342214584351,7.67712345123291,9.382571983337403,24.428408813476562,24.829713821411133,25.06544017791748,25.361599731445313,25.641739463806154
2027-03,2027-03-01,global_mlp,2026-03,26.727725,0.1411101520061493,24.93162250518799,False,6.521727561950684,6521727.561950684,reported_conditioned_mlp,GRANE,,False,0.051213932782411584,0.11030146107077599,0.1411101520061493,0.17189238071441648,0.22242437601089476,1.5153832077980045,5.061847257614136,6.521727561950684,7.619809007644653,9.629448318481447,24.223641777038573,24.661197853088378,24.93162250518799,25.243571472167968,25.54128074645996
2027-04,2027-04-01,global_mlp,2026-03,26.727725,0.14764675498008728,24.796133041381836,False,5.900890827178955,5900890.827178955,reported_conditioned_mlp,GRANE,,False,0.05824568532407284,0.1086324706673622,0.14764675498008728,0.18170766979455946,0.2445752054452896,2.1776406049728396,4.578806543350219,5.900890827178955,7.47276668548584,9.293059349060059,24.019620513916017,24.488492584228517,24.796133041381836,25.10338764190674,25.48575439453125
2027-05,2027-05-01,global_mlp,2026-03,26.727725,0.14181600511074066,24.65225601196289,False,5.486268758773804,5486268.758773804,reported_conditioned_mlp,GRANE,,False,0.05780759900808335,0.10863029286265373,0.14181600511074066,0.1805611103773117,0.2518982023000717,2.2154345989227298,4.107510566711425,5.486268758773804,6.850893926620483,8.70747470855713,23.74750213623047,24.310671997070312,24.65225601196289,24.97341117858887,25.39421672821045
2027-06,2027-06-01,global_mlp,2026-03,26.727725,0.1412113532423973,24.513184547424316,False,5.697770833969116,5697770.833969116,reported_conditioned_mlp,GRANE,,False,0.06005963124334812,0.10516780838370322,0.1412113532423973,0.17828297913074492,0.23957020640373233,2.390828585624695,4.123680257797241,5.697770833969116,7.189200687408447,9.093628120422364,23.520610809326172,24.108798599243165,24.513184547424316,24.86864528656006,25.315184783935546
2027-07,2027-07-01,global_mlp,2026-03,26.727725,0.14251558482646942,24.37382411956787,False,5.672369956970215,5672369.956970215,reported_conditioned_mlp,GRANE,,False,0.06124816983938217,0.10898409336805343,0.14251558482646942,0.17636563926935192,0.2408808931708336,2.390328121185303,4.120464897155761,5.672369956970215,7.145819902420042,8.903020095825196,23.273397636413574,23.92815055847168,24.37382411956787,24.7403507232666,25.22361526489258
2027-08,2027-08-01,global_mlp,2026-03,26.727725,0.1376923769712448,24.229445457458496,False,5.600750684738159,5600750.684738159,reported_conditioned_mlp,GRANE,,False,0.05982927419245243,0.10502116307616233,0.1376923769712448,0.17317877411842345,0.23792283385992052,2.0916018009185793,4.315278148651123,5.600750684738159,7.0510571002960205,8.918225860595703,23.0633882522583,23.78015727996826,24.229445457458496,24.6193603515625,25.140345764160156
2027-09,2027-09-01,global_mlp,2026-03,26.727725,0.13897131383419037,24.090436935424805,False,5.624063014984131,5624063.014984131,reported_conditioned_mlp,GRANE,,False,0.0635296829044819,0.10198511406779288,0.13897131383419037,0.1774782046675682,0.24677096456289296,1.937623476982117,4.0400838375091555,5.624063014984131,7.048881769180297,9.374591445922855,22.81571102142334,23.604769897460937,24.090436935424805,24.515073585510255,25.06095733642578
2027-10,2027-10-01,global_mlp,2026-03,26.727725,0.13505641371011734,23.945809364318848,False,5.971412897109985,5971412.897109985,reported_conditioned_mlp,GRANE,,False,0.055634110793471345,0.1019420363008976,0.13505641371011734,0.1721422880887985,0.24015434384346007,2.100920605659485,4.5371284008026125,5.971412897109985,7.505057954788207,9.305062198638916,22.647517967224122,23.40150680541992,23.945809364318848,24.42385482788086,24.96260509490967
2027-11,2027-11-01,global_mlp,2026-03,26.727725,0.15262778103351593,23.783666610717773,False,6.071871757507324,6071871.757507324,reported_conditioned_mlp,GRANE,,False,0.07260149866342545,0.11692890599370002,0.15262778103351593,0.1893199175596237,0.2577100813388825,1.8676812410354615,4.667702722549438,6.071871757507324,7.310576009750365,8.815725040435792,22.392849922180176,23.22708930969238,23.783666610717773,24.300253105163574,24.874442100524902
2027-12,2027-12-01,global_mlp,2026-03,26.727725,0.1446542963385582,23.641777992248535,False,5.697392225265503,5697392.225265503,reported_conditioned_mlp,GRANE,,False,0.06646263003349305,0.1124009221792221,0.1446542963385582,0.1837973192334175,0.2766254365444184,1.702904534339905,4.177874612808227,5.697392225265503,7.146311950683592,8.73745355606079,22.195024681091308,23.01711502075195,23.641777992248535,24.184055709838866,24.766438674926757
2028-01,2028-01-01,global_mlp,2026-03,26.727725,0.1574985831975937,23.473106384277344,False,5.402637004852295,5402637.004852295,reported_conditioned_mlp,GRANE,,False,0.06815563663840295,0.11993884071707725,0.1574985831975937,0.1948542669415473,0.2695214420557023,1.7737653851509094,4.169399881362915,5.402637004852295,6.877369976043701,8.775222206115725,21.985200691223145,22.83078536987305,23.473106384277344,24.046090507507323,24.647254371643065
2028-02,2028-02-01,global_mlp,2026-03,26.727725,0.14387930929660797,23.31403350830078,False,5.554424047470093,5554424.047470093,reported_conditioned_mlp,GRANE,,False,0.056647905334830294,0.11151476949453352,0.14387930929660797,0.18898964077234268,0.2653981626033783,1.7256437897682193,3.972715020179748,5.554424047470093,7.062910604476928,9.416492366790772,21.757612228393555,22.679537773132324,23.31403350830078,23.92800064086914,24.556919288635253
2028-03,2028-03-01,global_mlp,2026-03,26.727725,0.1372695192694664,23.18290615081787,False,5.095003604888916,5095003.604888916,reported_conditioned_mlp,GRANE,,False,0.043226719647645954,0.09764641597867012,0.1372695192694664,0.179253314435482,0.25009582042694095,1.2635276675224307,3.5878538370132445,5.095003604888916,6.668039226531981,8.891287899017334,21.47081604003906,22.52576141357422,23.18290615081787,23.836413764953612,24.49755573272705
2028-04,2028-04-01,global_mlp,2026-03,26.727725,0.13977786898612976,23.037524223327637,False,5.163471937179565,5163471.937179565,reported_conditioned_mlp,GRANE,,False,0.04584365673363209,0.10225510820746421,0.13977786898612976,0.1873819842934608,0.26053362488746645,1.5434443354606628,3.2993282318115233,5.163471937179565,6.506118249893188,8.894918727874757,21.219821548461915,22.387088012695312,23.037524223327637,23.68298873901367,24.393939971923828
2028-05,2028-05-01,global_mlp,2026-03,26.727725,0.1329488307237625,22.907212257385254,False,4.616664886474609,4616664.886474609,reported_conditioned_mlp,GRANE,,False,0.04659499004483223,0.09225025326013565,0.1329488307237625,0.17237235605716705,0.24458317607641225,1.43350591659546,2.9689799547195435,4.616664886474609,6.3810943126678445,8.309873676300052,21.022539329528808,22.223450660705566,22.907212257385254,23.5546781539917,24.328680801391602
2028-06,2028-06-01,global_mlp,2026-03,26.727725,0.1306731030344963,22.795077323913574,False,4.646719932556152,4646719.932556152,reported_conditioned_mlp,GRANE,,False,0.04513218402862549,0.09595758318901061,0.1306731030344963,0.17952055782079687,0.25533998012542725,1.573879373073578,3.1357892513275147,4.646719932556152,6.3262158870697,8.30606718063355,20.846747398376465,22.002710342407227,22.795077323913574,23.42509479522705,24.235037994384765
2028-07,2028-07-01,global_mlp,2026-03,26.727725,0.13043150305747986,22.66652774810791,False,4.759927272796631,4759927.272796631,reported_conditioned_mlp,GRANE,,False,0.04634468369185925,0.09279299601912498,0.13043150305747986,0.17174394428730008,0.23887110948562623,1.5712245345115663,3.4473719596862793,4.759927272796631,6.274977207183837,8.596684837341309,20.61652660369873,21.85821475982666,22.66652774810791,23.332984924316406,24.162024307250977
2028-08,2028-08-01,global_mlp,2026-03,26.727725,0.13151724636554718,22.536276817321777,False,4.618376731872559,4618376.731872559,reported_conditioned_mlp,GRANE,,False,0.04904861003160477,0.09278293624520302,0.13151724636554718,0.17634083479642865,0.2473348438739777,1.2272635459899905,3.198284840583801,4.618376731872559,6.314348936080933,8.289491558074953,20.289852905273438,21.724066925048827,22.536276817321777,23.199328804016112,24.06610794067383
2028-09,2028-09-01,global_mlp,2026-03,26.727725,0.13420477509498596,22.43166732788086,False,4.54204535484314,4542045.35484314,reported_conditioned_mlp,GRANE,,False,0.045904557779431344,0.10042688772082328,0.13420477509498596,0.17613938748836516,0.25398960113525393,0.8897799611091615,2.9109815359115596,4.54204535484314,6.465819406509398,9.418991851806641,20.050038146972657,21.550275230407713,22.43166732788086,23.100162315368653,24.02997341156006
2028-10,2028-10-01,global_mlp,2026-03,26.727725,0.14106325060129166,22.285727500915527,False,4.595920085906982,4595920.085906982,reported_conditioned_mlp,GRANE,,False,0.04260116666555405,0.10158847048878669,0.14106325060129166,0.1839903876185417,0.2598751693964005,1.1068395137786866,3.2255566358566283,4.595920085906982,6.481013059616089,8.824167060852051,19.897751235961913,21.35100212097168,22.285727500915527,22.991322708129882,23.9566291809082
2028-11,2028-11-01,global_mlp,2026-03,26.727725,0.14308694005012512,22.132351875305176,False,4.727990388870239,4727990.388870239,reported_conditioned_mlp,GRANE,,False,0.04760624282062056,0.10304309353232384,0.14308694005012512,0.18650138974189756,0.26436323523521427,0.6803657710552219,3.029298949241638,4.727990388870239,6.586570358276367,9.222812175750734,19.661697387695312,21.183025741577147,22.132351875305176,22.87880802154541,23.882881546020506
2028-12,2028-12-01,global_mlp,2026-03,26.727725,0.13733679801225662,22.02328872680664,False,4.649654150009155,4649654.150009155,reported_conditioned_mlp,GRANE,,False,0.03409541957080365,0.0876870609819889,0.13733679801225662,0.1869086131453514,0.27321655452251464,0.9623914837837223,2.9157042503356934,4.649654150009155,6.344255542755127,8.766131591796874,19.461849021911622,21.022514724731444,22.02328872680664,22.7904935836792,23.809234619140625
2029-01,2029-01-01,global_mlp,2026-03,26.727725,0.14500411599874496,21.871530532836914,False,4.498096466064453,4498096.466064453,reported_conditioned_mlp,GRANE,,False,0.04547706171870232,0.10138051733374595,0.14500411599874496,0.1874378144741058,0.2771610647439957,0.8766846835613253,2.874297547340393,4.498096466064453,6.185690069198605,8.449104595184327,19.206897735595703,20.834526824951173,21.871530532836914,22.678252029418946,23.745258331298828
2029-02,2029-02-01,global_mlp,2026-03,26.727725,0.1383889839053154,21.745899200439453,False,4.357675075531006,4357675.075531006,reported_conditioned_mlp,GRANE,,False,0.04092898704111577,0.09613527804613113,0.1383889839053154,0.18710887730121611,0.2672127455472948,0.7378712534904481,2.761951923370361,4.357675075531006,6.168916463851928,8.697868156433106,18.995089721679687,20.66129779815674,21.745899200439453,22.533398628234863,23.704461669921876
2029-03,2029-03-01,global_mlp,2026-03,26.727725,0.12716666609048843,21.632999420166016,False,4.079953193664551,4079953.193664551,reported_conditioned_mlp,GRANE,,False,0.04154706113040449,0.09034423828124999,0.12716666609048843,0.16444800794124603,0.2491763845086098,0.6348848879337312,2.4955776214599608,4.079953193664551,5.812302875518798,7.800873470306397,18.72136573791504,20.492012405395506,21.632999420166016,22.400851821899412,23.621695518493652
2029-04,2029-04-01,global_mlp,2026-03,26.727725,0.12811796367168427,21.502924919128418,False,4.005468487739563,4005468.487739563,reported_conditioned_mlp,GRANE,,False,0.047800179570913315,0.09409668520092963,0.12811796367168427,0.17192981988191602,0.2635536074638367,1.3631471633911132,2.6231513261795043,4.005468487739563,5.866048955917357,8.099510288238527,18.51309585571289,20.356768226623537,21.502924919128418,22.27641181945801,23.526621246337893
2029-05,2029-05-01,global_mlp,2026-03,26.727725,0.1291714310646057,21.390164375305176,False,3.6980165243148804,3698016.5243148804,reported_conditioned_mlp,GRANE,,False,0.05120374746620655,0.09049154222011566,0.1291714310646057,0.17174915820360176,0.2560853183269501,1.2418754696846008,2.4534015417098995,3.6980165243148804,5.515758514404296,7.496824407577515,18.32916088104248,20.189971542358396,21.390164375305176,22.184691238403317,23.345990180969242
2029-06,2029-06-01,global_mlp,2026-03,26.727725,0.12043485417962074,21.2333984375,False,3.6290234327316284,3629023.4327316284,reported_conditioned_mlp,GRANE,,False,0.0468594066798687,0.0885009117424488,0.12043485417962074,0.1601133435964584,0.24310285151004798,1.2495209336280824,2.1654263973236083,3.6290234327316284,5.195609188079834,7.644483518600468,18.081052589416505,20.02201347351074,21.2333984375,22.095026779174805,23.250933647155765
2029-07,2029-07-01,global_mlp,2026-03,26.727725,0.12079663947224617,21.078669548034668,False,3.804005742073059,3804005.742073059,reported_conditioned_mlp,GRANE,,False,0.03710517548024655,0.08141307458281517,0.12079663947224617,0.17118727415800092,0.23782701492309571,1.295711374282837,2.5195661306381223,3.804005742073059,5.405116081237793,8.088151645660401,17.85984401702881,19.8498025894165,21.078669548034668,22.030353546142578,23.2123384475708
2029-08,2029-08-01,global_mlp,2026-03,26.727725,0.11804862320423126,20.965460777282715,False,3.507866859436035,3507866.859436035,reported_conditioned_mlp,GRANE,,False,0.024698907881975176,0.07867321446537971,0.11804862320423126,0.15836830586194992,0.24818340688943863,0.7852467060089111,2.130566883087158,3.507866859436035,5.346769380569455,7.8780111312866214,17.736973762512207,19.724854278564454,20.965460777282715,21.94335651397705,23.185797882080077
2029-09,2029-09-01,global_mlp,2026-03,26.727725,0.11647104099392891,20.841710090637207,False,3.389530062675476,3389530.062675476,reported_conditioned_mlp,GRANE,,False,0.03747796751558781,0.0799177646636963,0.11647104099392891,0.16293548792600623,0.2574320256710053,0.8285298824310304,2.0573949575424195,3.389530062675476,5.118242406845092,7.821703290939333,17.59517059326172,19.593554496765137,20.841710090637207,21.867288208007814,23.13335418701172
2029-10,2029-10-01,global_mlp,2026-03,26.727725,0.12332622706890106,20.717052459716797,False,3.7101335525512695,3710133.5525512695,reported_conditioned_mlp,GRANE,,False,0.044841434061527255,0.08720348998904226,0.12332622706890106,0.16631369143724442,0.247741323709488,0.9794479191303255,2.358873391151428,3.7101335525512695,5.424998188018798,8.42025194168091,17.314549064636232,19.40839080810547,20.717052459716797,21.774044227600097,23.064261817932127
2029-11,2029-11-01,global_mlp,2026-03,26.727725,0.1280863881111145,20.56313991546631,False,3.774704694747925,3774704.694747925,reported_conditioned_mlp,GRANE,,False,0.04764557145535946,0.09497608244419098,0.1280863881111145,0.17971480935811995,0.26043726205825807,0.855730676651001,2.436845898628235,3.774704694747925,5.668764114379883,7.887990427017214,17.012811279296876,19.207672691345216,20.56313991546631,21.677905654907224,22.970469665527343
2029-12,2029-12-01,global_mlp,2026-03,26.727725,0.1278514862060547,20.437024116516113,False,3.583325505256653,3583325.505256653,reported_conditioned_mlp,GRANE,,False,0.042448203265666964,0.08849126622080802,0.1278514862060547,0.17346606403589246,0.2645108968019486,0.7748233318328858,2.2048929691314694,3.583325505256653,5.330611085891722,7.745454645156862,16.82464656829834,19.038074493408203,20.437024116516113,21.570873260498047,22.93258628845215
2030-01,2030-01-01,global_mlp,2026-03,26.727725,0.1309005618095398,20.247687339782715,False,3.530491352081299,3530491.352081299,reported_conditioned_mlp,GRANE,,False,0.04170705676078797,0.08842749297618865,0.1309005618095398,0.17771168500185008,0.2656463652849198,0.7603616714477541,2.1417757987976067,3.530491352081299,4.924350690841674,7.483586692810062,16.61789436340332,18.82297706604004,20.247687339782715,21.50933952331543,22.83646430969238
2030-02,2030-02-01,global_mlp,2026-03,26.727725,0.1209598034620285,20.130541801452637,False,3.2041280269622803,3204128.0269622803,reported_conditioned_mlp,GRANE,,False,0.03369038924574852,0.08164310529828071,0.1209598034620285,0.16509401500225065,0.25055047571659095,0.5631388485431672,2.0640385866165163,3.2041280269622803,5.0142663478851315,7.6575065612793,16.465384483337402,18.67204475402832,20.130541801452637,21.415092086791994,22.762490844726564
2030-03,2030-03-01,global_mlp,2026-03,26.727725,0.11665413901209831,19.987154960632324,False,2.9840012788772583,2984001.2788772583,reported_conditioned_mlp,GRANE,,False,0.02505319342017174,0.08135307133197785,0.11665413901209831,0.15957286953926084,0.24761680215597154,0.4578382194042206,1.8432373642921442,2.9840012788772583,4.563501834869385,7.313307332992556,16.20848331451416,18.554795265197754,19.987154960632324,21.31577625274658,22.695841217041014
2030-04,2030-04-01,global_mlp,2026-03,26.727725,0.11317018046975136,19.864925384521484,False,3.150299549102783,3150299.549102783,reported_conditioned_mlp,GRANE,,False,0.04214438982307911,0.07715677693486213,0.11317018046975136,0.16661928445100785,0.25572617053985597,1.2677277684211732,2.150354146957397,3.150299549102783,4.630600929260254,7.324576282501223,16.080822563171388,18.397411155700684,19.864925384521484,21.20392017364502,22.62311954498291
2030-05,2030-05-01,global_mlp,2026-03,26.727725,0.11380160599946976,19.7127742767334,False,2.8925371170043945,2892537.1170043945,reported_conditioned_mlp,GRANE,,False,0.04329458065330982,0.08072173595428467,0.11380160599946976,0.15687094628810877,0.24573950618505483,1.2183915972709658,2.0521421432495117,2.8925371170043945,4.03158369064331,6.973993968963623,15.924189472198487,18.305683898925782,19.7127742767334,21.114919281005857,22.571943283081055
2030-06,2030-06-01,global_mlp,2026-03,26.727725,0.11424801871180534,19.555087089538574,False,2.769167423248291,2769167.423248291,reported_conditioned_mlp,GRANE,,False,0.04175677932798862,0.07914637774229048,0.11424801871180534,0.15929365158081052,0.24763633608818056,1.0277770638465882,1.9572511434555053,2.769167423248291,4.134071111679076,7.005524873733523,15.728893566131593,18.18419666290283,19.555087089538574,21.025530433654787,22.482252311706542
2030-07,2030-07-01,global_mlp,2026-03,26.727725,0.11086869612336159,19.47328758239746,False,2.970862865447998,2970862.865447998,reported_conditioned_mlp,GRANE,,False,0.0401303455233574,0.07775345221161842,0.11086869612336159,0.15418987125158304,0.24027982056140904,1.2665693879127502,2.1840712785720826,2.970862865447998,4.492945861816406,6.689895868301392,15.598514652252197,18.022147178649902,19.47328758239746,20.906519508361814,22.383855056762695
2030-08,2030-08-01,global_mlp,2026-03,26.727725,0.1100386455655098,19.35167121887207,False,2.8799705505371094,2879970.5505371094,reported_conditioned_mlp,GRANE,,False,0.04363770857453347,0.07771229147911071,0.1100386455655098,0.15257877409458157,0.22985227108001713,0.9917774200439454,1.8720790982246398,2.8799705505371094,4.331254863739013,6.962149953842164,15.426134014129639,17.88090114593506,19.35167121887207,20.82607479095459,22.293602371215822
2030-09,2030-09-01,global_mlp,2026-03,26.727725,0.11117355898022652,19.21663188934326,False,2.7082417011260986,2708241.7011260986,reported_conditioned_mlp,GRANE,,False,0.03844997063279153,0.08078445494174956,0.11117355898022652,0.15018732100725168,0.24396785944700242,0.689685618877411,1.777271556854248,2.7082417011260986,4.011404180526733,7.053159236907959,15.251766395568849,17.795206451416014,19.21663188934326,20.696541213989256,22.234911346435545
2030-10,2030-10-01,global_mlp,2026-03,26.727725,0.11173054575920105,19.068476676940918,False,2.9636378288269043,2963637.8288269043,reported_conditioned_mlp,GRANE,,False,0.040184144303202635,0.0838086485862732,0.11173054575920105,0.14822539836168283,0.23332612216472629,0.8933742225170136,2.0751478195190427,2.9636378288269043,4.389211320877074,7.176061153411866,15.05836296081543,17.592001152038574,19.068476676940918,20.66009769439697,22.162875747680665
2030-11,2030-11-01,global_mlp,2026-03,26.727725,0.11832678690552711,18.927538871765137,False,3.0314738750457764,3031473.8750457764,reported_conditioned_mlp,GRANE,,False,0.03731132559478284,0.08875984847545623,0.11832678690552711,0.1599403634667396,0.24942675530910496,0.7883483767509464,2.0837934494018553,3.0314738750457764,4.490079593658446,6.9836800575256355,14.890552806854249,17.408894348144532,18.927538871765137,20.589865112304686,22.008042716979983
2030-12,2030-12-01,global_mlp,2026-03,26.727725,0.1168830506503582,18.843595504760742,False,2.9476436376571655,2947643.6376571655,reported_conditioned_mlp,GRANE,,False,0.03335689119994641,0.07698803395032881,0.1168830506503582,0.16129066497087477,0.25680313110351566,0.595135819911957,2.066311764717102,2.9476436376571655,4.520287656784056,7.081112575531008,14.740164756774902,17.18759994506836,18.843595504760742,20.514698028564453,21.97946662902832
2031-01,2031-01-01,global_mlp,2026-03,26.727725,0.12050795555114746,18.739004135131836,False,2.801632285118103,2801632.285118103,reported_conditioned_mlp,GRANE,,False,0.03685544095933437,0.08270679861307142,0.12050795555114746,0.1658027336001396,0.2629752695560456,0.6849133789539339,1.9753423929214475,2.801632285118103,4.120171689987182,6.709582138061526,14.487951850891113,16.974714279174805,18.739004135131836,20.384583473205566,21.89390869140625
2031-02,2031-02-01,global_mlp,2026-03,26.727725,0.11312223225831985,18.634485244750977,False,2.856610417366028,2856610.417366028,reported_conditioned_mlp,GRANE,,False,0.03492765016853811,0.08066093400120734,0.11312223225831985,0.15908082723617553,0.24961106926202778,0.4867774546146394,1.8356246471405029,2.856610417366028,4.222977018356322,7.062620210647585,14.200084114074707,16.82875804901123,18.634485244750977,20.264038276672363,21.834467124938964
2031-03,2031-03-01,global_mlp,2026-03,26.727725,0.10815062001347542,18.54985237121582,False,2.6925365924835205,2692536.5924835205,reported_conditioned_mlp,GRANE,,False,0.0312166964635253,0.07213845252990722,0.10815062001347542,0.15400770306587214,0.23260837495326997,0.37055544555187236,1.8072289586067198,2.6925365924835205,3.954168176651,6.184701681137086,13.989393901824952,16.70391788482666,18.54985237121582,20.216761207580564,21.71691951751709
2031-04,2031-04-01,global_mlp,2026-03,26.727725,0.10609571635723114,18.430084228515625,False,2.9281466007232666,2928146.6007232666,reported_conditioned_mlp,GRANE,,False,0.039100861921906475,0.07429485768079758,0.10609571635723114,0.15110359638929366,0.2365637674927712,1.3786226987838746,2.3104816436767575,2.9281466007232666,3.8730134248733505,6.228574466705322,13.76977014541626,16.57076816558838,18.430084228515625,20.09733562469482,21.632348251342773
2031-05,2031-05-01,global_mlp,2026-03,26.727725,0.10591714456677437,18.3363676071167,False,2.593045711517334,2593045.711517334,reported_conditioned_mlp,GRANE,,False,0.035976715385913856,0.07630080580711364,0.10591714456677437,0.15066130906343458,0.22592123299837114,1.0859405159950257,1.9195836544036864,2.593045711517334,3.501260542869567,5.7042835712432876,13.599056339263916,16.478128051757814,18.3363676071167,20.0204927444458,21.530970191955568
2031-06,2031-06-01,global_mlp,2026-03,26.727725,0.10152833163738251,18.222322463989258,False,2.4849151372909546,2484915.1372909546,reported_conditioned_mlp,GRANE,,False,0.03219260908663273,0.07360856235027313,0.10152833163738251,0.14297820180654522,0.22285598516464236,0.9647001683712007,1.8250594854354858,2.4849151372909546,3.475154161453246,5.515099573135378,13.381649398803711,16.346170234680176,18.222322463989258,19.937108612060545,21.403368186950686
2031-07,2031-07-01,global_mlp,2026-03,26.727725,0.1073090061545372,18.15749454498291,False,2.8714159727096558,2871415.9727096558,reported_conditioned_mlp,GRANE,,False,0.03394642695784569,0.07459771037101745,0.1073090061545372,0.14897712618112563,0.23788209408521666,1.1064122200012207,2.1214896202087403,2.8714159727096558,3.669327616691589,5.737462949752808,13.198153591156007,16.16208667755127,18.15749454498291,19.820828437805172,21.28867950439453
2031-08,2031-08-01,global_mlp,2026-03,26.727725,0.10203136131167412,18.08992099761963,False,2.791821599006653,2791821.599006653,reported_conditioned_mlp,GRANE,,False,0.03244642727077007,0.07512639909982681,0.10203136131167412,0.1413120716810226,0.21535597741603854,0.7155682444572451,1.8272653341293332,2.791821599006653,3.71483883857727,5.97110390663147,12.949359226226807,15.96411771774292,18.08992099761963,19.748753929138182,21.192893981933594
2031-09,2031-09-01,global_mlp,2026-03,26.727725,0.1047937385737896,17.98434829711914,False,2.5860434770584106,2586043.4770584106,reported_conditioned_mlp,GRANE,,False,0.03310645446181297,0.07373140156269073,0.1047937385737896,0.14738194793462753,0.23139047026634219,0.5599981307983399,1.7323731064796446,2.5860434770584106,3.633378458023071,5.805733728408814,12.779863166809083,15.815705680847168,17.98434829711914,19.681051445007324,21.104589462280273
2031-10,2031-10-01,global_mlp,2026-03,26.727725,0.10782058537006378,17.884209632873535,False,2.7885971069335938,2788597.1069335938,reported_conditioned_mlp,GRANE,,False,0.03257933221757412,0.0717943601310253,0.10782058537006378,0.15480019152164456,0.22209824621677401,0.7412317097187043,2.1504113435745236,2.7885971069335938,3.820767211914062,6.057512760162355,12.588061332702637,15.752021312713623,17.884209632873535,19.593124389648438,21.019800186157227
2031-11,2031-11-01,global_mlp,2026-03,26.727725,0.11695629358291626,17.765536308288574,False,2.933824896812439,2933824.896812439,reported_conditioned_mlp,GRANE,,False,0.04538619294762613,0.08238915652036664,0.11695629358291626,0.15664869099855422,0.24111290127038967,0.7563084244728089,2.033386874198913,2.933824896812439,3.999797987937927,6.278427028656006,12.347266101837159,15.580108833312988,17.765536308288574,19.496397399902342,20.92666549682617
2031-12,2031-12-01,global_mlp,2026-03,26.727725,0.11048246920108795,17.633695602416992,False,2.789652109146118,2789652.109146118,reported_conditioned_mlp,GRANE,,False,0.03707648515701295,0.07375658079981803,0.11048246920108795,0.14764600694179533,0.22827863544225696,0.22909705638885502,1.8569800972938533,2.789652109146118,3.730188894271849,6.212778091430665,12.034529685974121,15.44246768951416,17.633695602416992,19.36523094177246,20.824117088317873
2032-01,2032-01-01,global_mlp,2026-03,26.727725,0.11697596684098244,17.552722930908203,False,2.6701576709747314,2670157.6709747314,reported_conditioned_mlp,GRANE,,False,0.03477850295603276,0.07823032364249227,0.11697596684098244,0.15403142422437666,0.23030127584934237,0.4175628781318669,1.9251597404479979,2.6701576709747314,3.4622290611267084,5.799985170364383,11.813994407653809,15.35134859085083,17.552722930908203,19.28012065887451,20.7764253616333
2032-02,2032-02-01,global_mlp,2026-03,26.727725,0.11077819019556046,17.474050521850586,False,2.682404637336731,2682404.637336731,reported_conditioned_mlp,GRANE,,False,0.03301418460905552,0.07601600363850593,0.11077819019556046,0.14968712031841275,0.2231107652187348,0.35638145506382013,1.700859761238098,2.682404637336731,3.7760689258575417,6.2807088851928725,11.600004482269288,15.279599761962888,17.474050521850586,19.190814018249508,20.715687561035157
2032-03,2032-03-01,global_mlp,2026-03,26.727725,0.11178391426801682,17.357383728027344,False,2.5439114570617676,2543911.4570617676,reported_conditioned_mlp,GRANE,,False,0.018036704882979405,0.07173786386847496,0.11178391426801682,0.14740414619445796,0.2127786949276925,0.0232306141406298,1.5050638079643246,2.5439114570617676,3.6554789066314686,5.533725929260254,11.42630968093872,15.18061819076538,17.357383728027344,19.1103796005249,20.6391544342041
2032-04,2032-04-01,global_mlp,2026-03,26.727725,0.10225392878055573,17.220247268676758,False,2.737543821334839,2737543.821334839,reported_conditioned_mlp,GRANE,,False,0.034155364334583285,0.07040080428123474,0.10225392878055573,0.14246664345264431,0.21531894654035572,1.157873272895813,2.1199925661087033,2.737543821334839,3.624659299850464,6.041575336456299,11.244052028656006,15.11340808868408,17.220247268676758,19.015413093566888,20.576806831359864
2032-05,2032-05-01,global_mlp,2026-03,26.727725,0.10521134734153748,17.103632926940918,False,2.5229978561401367,2522997.8561401367,reported_conditioned_mlp,GRANE,,False,0.03750251606106758,0.07167837172746658,0.10521134734153748,0.14612787514925,0.2220957443118096,1.0146111965179445,1.914624536037445,2.5229978561401367,3.47523272037506,5.368028068542484,11.067491054534912,14.946272468566894,17.103632926940918,18.90300788879394,20.512933921813964
2032-06,2032-06-01,global_mlp,2026-03,26.727725,0.10371988639235497,17.040200233459473,False,2.411687135696411,2411687.135696411,reported_conditioned_mlp,GRANE,,False,0.03319273367524148,0.07002093270421028,0.10371988639235497,0.13547514230012894,0.22116798907518395,0.8365403175354004,1.6922421097755431,2.411687135696411,3.330151867866516,5.419002532958985,10.928152084350586,14.807021141052246,17.040200233459473,18.775045013427732,20.441828727722168
2032-07,2032-07-01,global_mlp,2026-03,26.727725,0.10049308836460114,16.936689376831055,False,2.5309113264083862,2530911.326408386,reported_conditioned_mlp,GRANE,,False,0.031472842581570154,0.07019929215312004,0.10049308836460114,0.13669126182794566,0.20856423377990732,0.767240869998932,1.903725528717041,2.5309113264083862,3.3639887809753413,5.626931619644165,10.805491256713868,14.673179340362548,16.936689376831055,18.71284198760986,20.41216621398926
2032-08,2032-08-01,global_mlp,2026-03,26.727725,0.09269791096448898,16.841275215148926,False,2.286943197250366,2286943.197250366,reported_conditioned_mlp,GRANE,,False,0.023888626508414747,0.06364771500229835,0.09269791096448898,0.13190850019454955,0.20891588330268862,0.7204326987266542,1.5964183688163753,2.286943197250366,3.309564089775083,5.602426385879517,10.693627166748048,14.518001079559326,16.841275215148926,18.610593795776367,20.325881385803225
2032-09,2032-09-01,global_mlp,2026-03,26.727725,0.10174043849110603,16.77299213409424,False,2.332377791404724,2332377.791404724,reported_conditioned_mlp,GRANE,,False,0.022729056887328628,0.071346715092659,0.10174043849110603,0.1377567216753959,0.21022628098726273,0.45823800861835495,1.6681748270988463,2.332377791404724,3.41598744392395,6.046017408370975,10.604021167755128,14.40209789276123,16.77299213409424,18.53552703857422,20.230574035644533
2032-10,2032-10-01,global_mlp,2026-03,26.727725,0.10557234287261963,16.672612190246582,False,2.735973358154297,2735973.358154297,reported_conditioned_mlp,GRANE,,False,0.02817714884877205,0.07014355733990668,0.10557234287261963,0.1395831525325775,0.20450296998023995,0.7124798595905305,1.9472624778747558,2.735973358154297,3.829211878776549,5.631116819381714,10.36633882522583,14.327247142791748,16.672612190246582,18.450874328613278,20.13637351989746
2032-11,2032-11-01,global_mlp,2026-03,26.727725,0.1139003224670887,16.553333282470703,False,2.591906785964966,2591906.785964966,reported_conditioned_mlp,GRANE,,False,0.02672415338456631,0.07369890734553337,0.1139003224670887,0.151522396504879,0.22221705466508868,0.380945459008217,1.7850558161735535,2.591906785964966,3.711615800857544,6.036344814300537,10.129646396636963,14.200823402404785,16.553333282470703,18.341612434387205,20.029957008361816
2032-12,2032-12-01,global_mlp,2026-03,26.727725,0.10906650125980377,16.467981338500977,False,2.4869464635849,2486946.4635849,reported_conditioned_mlp,GRANE,,False,0.022464112751185896,0.07360920906066894,0.10906650125980377,0.14437473714351653,0.2054720357060433,0.09635689184069657,1.616991651058197,2.4869464635849,3.6141139030456535,5.7588722229003935,9.928024482727052,14.089822101593017,16.467981338500977,18.180062675476073,19.938819885253906
2033-01,2033-01-01,global_mlp,2026-03,26.727725,0.10798782855272293,16.385547637939453,False,2.4235589504241943,2423558.9504241943,reported_conditioned_mlp,GRANE,,False,0.03025085255503655,0.07449990436434745,0.10798782855272293,0.14761810898780822,0.20971020907163637,0.11726974025368696,1.6592217683792112,2.4235589504241943,3.3566573381423948,5.219436168670656,9.671726322174072,13.928880977630614,16.385547637939453,18.075755691528318,19.835392379760744
2033-02,2033-02-01,global_mlp,2026-03,26.727725,0.10680917650461197,16.213984489440918,False,2.289662718772888,2289662.718772888,reported_conditioned_mlp,GRANE,,False,0.0226223586127162,0.06832615956664084,0.10680917650461197,0.14942210167646408,0.22005367130041129,0.06524718776345279,1.488090419769287,2.289662718772888,3.3753485679626425,5.6247150897979745,9.56585273742676,13.770696067810059,16.213984489440918,17.97871150970459,19.784251403808593
2033-03,2033-03-01,global_mlp,2026-03,26.727725,0.0977548398077488,16.149690628051758,False,2.2354127168655396,2235412.7168655396,reported_conditioned_mlp,GRANE,,False,0.014223040267825133,0.06723767518997192,0.0977548398077488,0.13519581258296964,0.2141117721796036,0.0,1.3860671639442443,2.2354127168655396,3.191383099555968,5.487975835800171,9.298084449768066,13.652223682403564,16.149690628051758,17.901282501220702,19.752853012084962
2033-04,2033-04-01,global_mlp,2026-03,26.727725,0.09742528200149536,16.042404174804688,False,2.853334426879883,2853334.426879883,reported_conditioned_mlp,GRANE,,False,0.02119063697755337,0.06581228747963905,0.09742528200149536,0.1300966873764991,0.21983147263526925,1.1703606724739075,2.1754077672958374,2.853334426879883,3.649733066558838,5.873736047744754,9.10975570678711,13.582550048828125,16.042404174804688,17.798248481750488,19.697426795959473
2033-05,2033-05-01,global_mlp,2026-03,26.727725,0.10341664776206017,15.919669151306152,False,2.5448050498962402,2544805.0498962402,reported_conditioned_mlp,GRANE,,False,0.024786127172410494,0.06954206824302672,0.10341664776206017,0.13983777612447737,0.21047720164060596,1.0466790199279785,1.9983925938606262,2.5448050498962402,3.4402559518814084,4.890332221984866,8.930122756958008,13.439552307128906,15.919669151306152,17.73539161682129,19.664696502685548
2033-06,2033-06-01,global_mlp,2026-03,26.727725,0.09887092188000679,15.764525413513184,False,2.4634459018707275,2463445.9018707275,reported_conditioned_mlp,GRANE,,False,0.019653413072228433,0.06506499573588372,0.09887092188000679,0.1333733171224594,0.20128581970930098,1.0382619500160217,1.9520559072494506,2.4634459018707275,3.19555082321167,4.995961523056033,8.771715259552002,13.355296993255616,15.764525413513184,17.672749519348145,19.580521202087404
2033-07,2033-07-01,global_mlp,2026-03,26.727725,0.09676329419016838,15.630404949188232,False,2.69602632522583,2696026.32522583,reported_conditioned_mlp,GRANE,,False,0.024448115192353726,0.06420367956161498,0.09676329419016838,0.12858116030693048,0.2036439433693886,1.0278639912605287,2.075866889953613,2.69602632522583,3.4247528553009015,5.289761734008791,8.671496677398682,13.24077844619751,15.630404949188232,17.555594825744627,19.482845115661622
2033-08,2033-08-01,global_mlp,2026-03,26.727725,0.09492076188325882,15.527915954589844,False,2.4799294471740723,2479929.4471740723,reported_conditioned_mlp,GRANE,,False,0.019565663859248163,0.06276667267084121,0.09492076188325882,0.13256894350051876,0.1988803774118424,1.025246524810791,1.755690062046051,2.4799294471740723,3.261640405654906,5.373603963851931,8.578094959259035,13.134455490112304,15.527915954589844,17.429663467407227,19.405802536010743
2033-09,2033-09-01,global_mlp,2026-03,26.727725,0.09605375677347183,15.441946983337402,False,2.504574179649353,2504574.179649353,reported_conditioned_mlp,GRANE,,False,0.014693891722708949,0.05777140930294989,0.09605375677347183,0.1321962788701057,0.19710163623094562,0.462100675702095,1.733834934234619,2.504574179649353,3.282374954223633,5.301793432235718,8.516022205352785,13.05770845413208,15.441946983337402,17.34403438568115,19.327649688720705
2033-10,2033-10-01,global_mlp,2026-03,26.727725,0.09596361964941025,15.352476596832275,False,2.8415579795837402,2841557.9795837402,reported_conditioned_mlp,GRANE,,False,0.02255711872130633,0.06155605092644691,0.09596361964941025,0.13572116196155548,0.20477855354547508,0.7044490277767183,1.9312183141708374,2.8415579795837402,3.5606734991073608,5.801176166534427,8.331712818145753,12.89552068710327,15.352476596832275,17.29696407318115,19.21716537475586
2033-11,2033-11-01,global_mlp,2026-03,26.727725,0.10292578116059303,15.25385332107544,False,2.6760172843933105,2676017.2843933105,reported_conditioned_mlp,GRANE,,False,0.023379300348460676,0.06598968803882599,0.10292578116059303,0.14064600467681884,0.215237058699131,0.45420907437801405,1.7890344977378845,2.6760172843933105,3.5962075948715206,5.68036060333252,8.189994716644287,12.77350273132324,15.25385332107544,17.220524978637695,19.104003715515137
2033-12,2033-12-01,global_mlp,2026-03,26.727725,0.09604577720165253,15.148261070251465,False,2.467389464378357,2467389.464378357,reported_conditioned_mlp,GRANE,,False,0.02298239301890135,0.06574106067419051,0.09604577720165253,0.1346976265311241,0.202947036921978,0.6383541584014893,1.7988441348075868,2.467389464378357,3.33651168346405,5.422617959976196,8.023491668701173,12.573474025726318,15.148261070251465,17.173970413208007,19.027395248413086
2034-01,2034-01-01,global_mlp,2026-03,26.727725,0.1059906892478466,15.026901245117188,False,2.5926523208618164,2592652.3208618164,reported_conditioned_mlp,GRANE,,False,0.0173002140596509,0.06749585494399069,0.1059906892478466,0.14156638383865353,0.2037076473236084,0.6143312811851502,1.9450690746307373,2.5926523208618164,3.3017656564712516,4.973311185836792,7.830618619918823,12.429924392700196,15.026901245117188,17.055788421630858,18.94942626953125
2034-02,2034-02-01,global_mlp,2026-03,26.727725,0.09831943362951279,14.893028259277344,False,2.376945972442627,2376945.972442627,reported_conditioned_mlp,GRANE,,False,0.007389852171763789,0.061914752796292306,0.09831943362951279,0.14045572876930235,0.19806322753429415,0.3709989607334138,1.65468430519104,2.376945972442627,3.1162590742111194,5.345839214324954,7.7121443271636965,12.304079246520995,14.893028259277344,16.8838529586792,18.836510848999023
2034-03,2034-03-01,global_mlp,2026-03,26.727725,0.08835212886333466,14.757342338562012,False,2.1795454025268555,2179545.4025268555,reported_conditioned_mlp,GRANE,,False,0.0,0.0536552470177412,0.08835212886333466,0.13100997954607008,0.1935802236199379,0.0,1.2615452408790588,2.1795454025268555,3.070708775520324,4.885882425308227,7.6311574459075935,12.176361370086669,14.757342338562012,16.77073879241943,18.778514671325684
2034-04,2034-04-01,global_mlp,2026-03,26.727725,0.0865212008357048,14.715691566467285,False,2.9398075342178345,2939807.5342178345,reported_conditioned_mlp,GRANE,,False,0.018542998842895033,0.05393754653632641,0.0865212008357048,0.12436943203210822,0.1907515272498131,1.375235950946808,2.359474849700928,2.9398075342178345,3.810581016540527,5.501613235473634,7.5964992523193375,12.075645542144775,14.715691566467285,16.64337882995605,18.681938934326173
2034-05,2034-05-01,global_mlp,2026-03,26.727725,0.08510709553956985,14.629359722137451,False,2.7431222200393677,2743122.2200393677,reported_conditioned_mlp,GRANE,,False,0.013226573448628196,0.052667991444468494,0.08510709553956985,0.12675444483757017,0.18948134630918503,0.9047710001468662,2.129947471618652,2.7431222200393677,3.542933869361877,5.165119361877442,7.390552854537964,11.996012020111083,14.629359722137451,16.51233024597168,18.60014533996582
2034-06,2034-06-01,global_mlp,2026-03,26.727725,0.08898792415857315,14.507330417633057,False,2.6213823556900024,2621382.3556900024,reported_conditioned_mlp,GRANE,,False,0.017416836321353914,0.05338585302233694,0.08898792415857315,0.12568807899951934,0.1825256690382958,1.2850991010665895,2.064224290847778,2.6213823556900024,3.2580400943756094,4.932405042648315,7.16943702697754,11.893511772155762,14.507330417633057,16.43031425476074,18.528755378723144
2034-07,2034-07-01,global_mlp,2026-03,26.727725,0.08942156657576561,14.398200988769531,False,2.834246039390564,2834246.039390564,reported_conditioned_mlp,GRANE,,False,0.009749706555157906,0.05162137486040592,0.08942156657576561,0.12618280202150337,0.18344189822673798,0.6858503818511963,2.177518248558044,2.834246039390564,3.492146468162535,5.000735807418825,6.962120389938355,11.794861221313475,14.398200988769531,16.388821601867676,18.494685935974122
2034-08,2034-08-01,global_mlp,2026-03,26.727725,0.08760811015963554,14.259349822998047,False,2.5759631395339966,2575963.1395339966,reported_conditioned_mlp,GRANE,,False,0.013771277014166127,0.053949309140443796,0.08760811015963554,0.12318783402442932,0.18153530657291414,0.6081698894500733,1.9968128442764281,2.5759631395339966,3.488963317871092,5.2294472694396985,6.83082914352417,11.679753684997559,14.259349822998047,16.293802833557127,18.401797103881837
2034-09,2034-09-01,global_mlp,2026-03,26.727725,0.08967366814613342,14.154419422149658,False,2.8392385244369507,2839238.5244369507,reported_conditioned_mlp,GRANE,,False,0.012354658823460353,0.056207510083913795,0.08967366814613342,0.12094234451651571,0.19232169836759572,0.6300246655941013,2.1244948387145994,2.8392385244369507,3.753895592689514,5.614547061920168,6.747810220718384,11.557299613952637,14.154419422149658,16.262408447265624,18.28914451599121
2034-10,2034-10-01,global_mlp,2026-03,26.727725,0.08836828544735909,14.048449039459229,False,2.8940680027008057,2894068.0027008057,reported_conditioned_mlp,GRANE,,False,0.0080880930647254,0.060793283581733706,0.08836828544735909,0.12510209381580348,0.18289557546377183,0.5950019240379336,2.2592724561691284,2.8940680027008057,3.7312154293060296,5.385200738906861,6.66389970779419,11.461464881896973,14.048449039459229,16.187550735473632,18.210682487487794
2034-11,2034-11-01,global_mlp,2026-03,26.727725,0.09599990770220757,13.964273929595947,False,2.9498519897460938,2949851.9897460938,reported_conditioned_mlp,GRANE,,False,0.004646929772570733,0.061276608332991596,0.09599990770220757,0.12922290265560146,0.20062041431665423,0.6255044072866449,2.138937187194824,2.9498519897460938,3.7905762672424315,5.65589737892151,6.5302618026733406,11.353131294250488,13.964273929595947,16.137995147705077,18.13326816558838
2034-12,2034-12-01,global_mlp,2026-03,26.727725,0.09223154187202454,13.876396179199219,False,2.717618942260742,2717618.942260742,reported_conditioned_mlp,GRANE,,False,0.006825729040428997,0.059434040263295164,0.09223154187202454,0.1227455750107765,0.19889654219150546,0.5481908917427067,1.970926320552826,2.717618942260742,3.7472222089767446,5.533851814270021,6.420830106735229,11.268856906890868,13.876396179199219,15.998963356018061,18.126960945129394
2035-01,2035-01-01,global_mlp,2026-03,26.727725,0.0961884930729866,13.722929000854492,False,2.7518584728240967,2751858.4728240967,reported_conditioned_mlp,GRANE,,False,0.010426627006381766,0.06547295600175856,0.0961884930729866,0.13368782550096509,0.199935631453991,0.08491446748375922,1.935757267475128,2.7518584728240967,3.507328748703001,5.12320785522461,6.299891471862793,11.154086875915526,13.722929000854492,15.912010765075676,18.103132057189942
2035-02,2035-02-01,global_mlp,2026-03,26.727725,0.09552333503961563,13.648310661315918,False,2.6378333568573,2637833.3568573,reported_conditioned_mlp,GRANE,,False,0.007269484130665663,0.06385807916522027,0.09552333503961563,0.12998045235872266,0.20066478401422502,0.16570120975375216,1.8290696620941163,2.6378333568573,3.357314443588256,5.358163166046143,6.1086255550384525,10.993498611450194,13.648310661315918,15.888976955413813,17.99995975494385
2035-03,2035-03-01,global_mlp,2026-03,26.727725,0.08422152698040009,13.538994312286377,False,2.512668490409851,2512668.490409851,reported_conditioned_mlp,GRANE,,False,0.0,0.052552971243858326,0.08422152698040009,0.12334428951144216,0.1880047917366028,0.0,1.6613595247268673,2.512668490409851,3.3217135667800894,5.20578446388245,5.991988658905029,10.87897787094116,13.538994312286377,15.86357822418213,17.93405857086182
2035-04,2035-04-01,global_mlp,2026-03,26.727725,0.08161914721131325,13.439691066741943,False,2.9358632564544678,2935863.256454468,reported_conditioned_mlp,GRANE,,False,0.017122664488852024,0.053712721168994906,0.08161914721131325,0.11963161751627915,0.17016427367925646,0.8482029020786287,2.3052472591400144,2.9358632564544678,3.6059244394302365,5.676489639282228,5.890027856826783,10.693103313446045,13.439691066741943,15.802496528625488,17.852904891967775
2035-05,2035-05-01,global_mlp,2026-03,26.727725,0.08785347267985344,13.341708660125732,False,2.7851409912109375,2785140.9912109375,reported_conditioned_mlp,GRANE,,False,0.013152921665459878,0.05559984669089317,0.08785347267985344,0.11814222559332847,0.18423882424831392,0.7766836404800417,2.2593289852142333,2.7851409912109375,3.4767708301544182,4.970253372192383,5.801284885406495,10.583475017547608,13.341708660125732,15.677903175353999,17.766466331481933
2035-06,2035-06-01,global_mlp,2026-03,26.727725,0.08665821328759193,13.256572723388672,False,2.660599112510681,2660599.112510681,reported_conditioned_mlp,GRANE,,False,0.009968619979918011,0.056110356375575064,0.08665821328759193,0.119433556497097,0.17438133358955382,0.5939257204532624,2.0778026342391964,2.660599112510681,3.4030366420745843,4.695946884155274,5.7333217620849615,10.47331886291504,13.256572723388672,15.596163749694819,17.675216293334962
2035-07,2035-07-01,global_mlp,2026-03,26.727725,0.0897456668317318,13.135639190673828,False,2.9259177446365356,2925917.7446365356,reported_conditioned_mlp,GRANE,,False,0.014597520604729665,0.057462413236498824,0.0897456668317318,0.11956657022237767,0.18339496999979024,0.6518374145030975,2.2489400148391723,2.9259177446365356,3.6080499410629265,5.0865559577941895,5.6776527881622325,10.402361106872558,13.135639190673828,15.492822742462156,17.616690635681152
2035-08,2035-08-01,global_mlp,2026-03,26.727725,0.08009972795844078,13.088505268096924,False,2.7111361026763916,2711136.1026763916,reported_conditioned_mlp,GRANE,,False,0.01345041217282417,0.05133902952075003,0.08009972795844078,0.1201016344130039,0.17570556402206425,0.58069463968277,2.085043692588806,2.7111361026763916,3.3445008039474486,4.836215686798097,5.611852550506592,10.31821346282959,13.088505268096924,15.38151397705078,17.53904800415039
2035-09,2035-09-01,global_mlp,2026-03,26.727725,0.0792141817510128,12.988305568695068,False,2.785569906234741,2785569.906234741,reported_conditioned_mlp,GRANE,,False,0.0,0.04778131879866123,0.0792141817510128,0.11213439255952831,0.17479428648948675,0.04765938185155401,2.063805365562439,2.785569906234741,3.4924508810043333,4.958911275863648,5.548828411102296,10.24545087814331,12.988305568695068,15.328020858764647,17.451679992675782
2035-10,2035-10-01,global_mlp,2026-03,26.727725,0.08289877325296402,12.917713165283203,False,3.046351671218872,3046351.671218872,reported_conditioned_mlp,GRANE,,False,0.0,0.053959312662482245,0.08289877325296402,0.11646956428885459,0.1771641492843628,0.15938077867031106,2.3200470447540282,3.046351671218872,4.000185370445251,5.852789545059205,5.458785915374756,10.094468402862548,12.917713165283203,15.276250934600828,17.365555191040038
2035-11,2035-11-01,global_mlp,2026-03,26.727725,0.08407643064856529,12.786898136138916,False,3.0483410358428955,3048341.0358428955,reported_conditioned_mlp,GRANE,,False,0.0,0.054758155718445764,0.08407643064856529,0.12520140409469602,0.19197642058134082,0.031967763975262846,2.164835906028747,3.0483410358428955,3.74417462348938,5.57727131843567,5.361536693572998,9.9747239112854,12.786898136138916,15.113557243347163,17.279008865356445
2035-12,2035-12-01,global_mlp,2026-03,26.727725,0.08729757368564606,12.683875560760498,False,2.9049932956695557,2904993.2956695557,reported_conditioned_mlp,GRANE,,False,0.0,0.05497895777225494,0.08729757368564606,0.12310397475957871,0.18914655894041063,0.0,1.8671793341636658,2.9049932956695557,3.794618821144104,5.385241651535035,5.325457239151001,9.804235553741455,12.683875560760498,15.013720226287836,17.234471702575686
2036-01,2036-01-01,global_mlp,2026-03,26.727725,0.08790150284767151,12.571784973144531,False,2.714761734008789,2714761.734008789,reported_conditioned_mlp,GRANE,,False,0.0,0.055167504027485846,0.08790150284767151,0.12614580839872358,0.1908429011702538,0.0,1.7604509115219114,2.714761734008789,3.625829553604125,5.255694961547852,5.311021375656128,9.749791049957274,12.571784973144531,14.890082550048824,17.173957252502444
2036-02,2036-02-01,global_mlp,2026-03,26.727725,0.08188331127166748,12.474268913269043,False,2.557784080505371,2557784.080505371,reported_conditioned_mlp,GRANE,,False,0.0,0.05148938111960887,0.08188331127166748,0.12095162197947502,0.1781135350465775,0.0,1.5826470494270324,2.557784080505371,3.49928674697876,5.322876691818238,5.205675268173218,9.66935920715332,12.474268913269043,14.760255146026605,17.12016353607178
2036-03,2036-03-01,global_mlp,2026-03,26.727725,0.07297935336828232,12.37045955657959,False,2.5391669273376465,2539166.9273376465,reported_conditioned_mlp,GRANE,,False,0.0,0.042974942922592164,0.07297935336828232,0.10619848817586897,0.17700189650058754,0.0,1.4388679742813109,2.5391669273376465,3.349388360977173,4.736623144149782,5.134074354171754,9.566968250274657,12.37045955657959,14.726923274993895,17.025534248352052
2036-04,2036-04-01,global_mlp,2026-03,26.727725,0.07749490439891815,12.296680927276611,False,2.970121383666992,2970121.383666992,reported_conditioned_mlp,GRANE,,False,0.0,0.053917206823825836,0.07749490439891815,0.11637698188424106,0.184136001765728,0.9249482274055489,2.2560490369796753,2.970121383666992,3.81744122505188,5.126025533676148,5.005729627609253,9.460015392303466,12.296680927276611,14.643685150146483,16.91848545074463
2036-05,2036-05-01,global_mlp,2026-03,26.727725,0.07899701222777367,12.161518096923828,False,2.76431941986084,2764319.41986084,reported_conditioned_mlp,GRANE,,False,0.0,0.04918145425617694,0.07899701222777367,0.11376074627041817,0.1735803991556168,0.24864117801189445,2.089917469024658,2.76431941986084,3.453201341629027,5.0545178890228275,4.892894887924195,9.349028205871582,12.161518096923828,14.501267147064208,16.859983444213867
2036-06,2036-06-01,global_mlp,2026-03,26.727725,0.07882785424590111,12.028777599334717,False,2.670231819152832,2670231.819152832,reported_conditioned_mlp,GRANE,,False,0.0,0.04868741445243358,0.07882785424590111,0.11131132021546362,0.1703965693712235,0.6539543211460114,2.0241809844970704,2.670231819152832,3.565169858932495,4.824241828918457,4.7765534877777105,9.229665565490722,12.028777599334717,14.369783306121825,16.76282482147217
2036-07,2036-07-01,global_mlp,2026-03,26.727725,0.07408750802278519,11.892338752746582,False,2.847253918647766,2847253.918647766,reported_conditioned_mlp,GRANE,,False,0.0,0.04351618699729442,0.07408750802278519,0.10865925028920173,0.16213838905096056,0.15601504072546993,2.134163188934326,2.847253918647766,3.6781477689743034,4.98045840263367,4.6575030326843265,9.16823205947876,11.892338752746582,14.269564914703368,16.729333877563477
2036-08,2036-08-01,global_mlp,2026-03,26.727725,0.07154862582683563,11.796496868133545,False,2.6528751850128174,2652875.1850128174,reported_conditioned_mlp,GRANE,,False,0.0,0.04058170951902866,0.07154862582683563,0.1048985868692398,0.16430959254503252,0.0,1.8325407505035396,2.6528751850128174,3.394289708137512,4.671887159347535,4.598438358306884,9.02436056137085,11.796496868133545,14.178398609161375,16.683837318420412
2036-09,2036-09-01,global_mlp,2026-03,26.727725,0.0771726556122303,11.729808330535889,False,2.770559549331665,2770559.549331665,reported_conditioned_mlp,GRANE,,False,0.0,0.040893297642469406,0.0771726556122303,0.10872752070426937,0.17304906845092782,0.0,1.8950357794761656,2.770559549331665,3.7544115781784053,5.555216217041017,4.519579839706421,8.925394058227539,11.729808330535889,14.121936511993407,16.613889694213867
2036-10,2036-10-01,global_mlp,2026-03,26.727725,0.07501499354839325,11.663618564605713,False,2.914106011390686,2914106.011390686,reported_conditioned_mlp,GRANE,,False,0.0,0.04119680039584637,0.07501499354839325,0.10748646110296244,0.16934648454189302,0.0,2.059850239753723,2.914106011390686,3.869688987731933,5.528895378112793,4.424126625061036,8.855069160461426,11.663618564605713,14.05566759109497,16.604063034057617
2036-11,2036-11-01,global_mlp,2026-03,26.727725,0.08082081004977226,11.621044158935547,False,2.8460373878479004,2846037.3878479004,reported_conditioned_mlp,GRANE,,False,0.0,0.0509176205843687,0.08082081004977226,0.12024483978748318,0.17573619633913043,0.0,1.953893756866455,2.8460373878479004,3.511121892929076,5.4130857467651365,4.161057996749878,8.743815326690674,11.621044158935547,13.969887351989746,16.583313179016113
2036-12,2036-12-01,global_mlp,2026-03,26.727725,0.07472429424524307,11.52427625656128,False,2.806126594543457,2806126.594543457,reported_conditioned_mlp,GRANE,,False,0.0,0.0415914312005043,0.07472429424524307,0.11033680289983748,0.16465473026037217,0.0,1.823789584636688,2.806126594543457,3.6922317028045635,5.250289821624756,4.023708152770996,8.622643089294433,11.52427625656128,13.933769607543946,16.547605895996092
2037-01,2037-01-01,global_mlp,2026-03,26.727725,0.08204963803291321,11.453725337982178,False,2.6852389574050903,2685238.9574050903,reported_conditioned_mlp,GRANE,,False,0.0,0.04738452173769474,0.08204963803291321,0.11207869127392767,0.17691079676151275,0.0,1.702677547931671,2.6852389574050903,3.4077899694442744,5.045907974243165,3.9116711616516113,8.55405158996582,11.453725337982178,13.858681297302246,16.48345775604248
2037-02,2037-02-01,global_mlp,2026-03,26.727725,0.07946433871984482,11.374487400054932,False,2.515601396560669,2515601.396560669,reported_conditioned_mlp,GRANE,,False,0.0,0.04870806336402893,0.07946433871984482,0.1177044168114662,0.1741609811782837,0.0,1.6668566107749934,2.515601396560669,3.4461940765380854,5.066362524032593,3.7447330951690674,8.40984058380127,11.374487400054932,13.757561016082763,16.379082679748535
2037-03,2037-03-01,global_mlp,2026-03,26.727725,0.07304292917251587,11.30191946029663,False,2.5203438997268677,2520343.8997268677,reported_conditioned_mlp,GRANE,,False,0.0,0.041153256595134725,0.07304292917251587,0.10251325443387027,0.15860859453678133,0.0,1.5451438546180722,2.5203438997268677,3.2340862512588497,4.725256252288819,3.5851526498794555,8.279725360870362,11.30191946029663,13.66682596206665,16.275368309020998
2037-04,2037-04-01,global_mlp,2026-03,26.727725,0.07465668395161629,11.208593368530273,False,3.0191317796707153,3019131.7796707153,reported_conditioned_mlp,GRANE,,False,0.0,0.04500789977610111,0.07465668395161629,0.11105376258492468,0.16748678535223008,0.3566630184650438,2.104018211364746,3.0191317796707153,3.6801429510116574,5.11707820892334,3.494631361961365,8.204965400695801,11.208593368530273,13.562897300720214,16.200641250610353
2037-05,2037-05-01,global_mlp,2026-03,26.727725,0.07773519679903984,11.121310234069824,False,2.813546657562256,2813546.657562256,reported_conditioned_mlp,GRANE,,False,0.0,0.04791876710951327,0.07773519679903984,0.11127043813467026,0.17724197506904607,0.5643532156944276,2.0833761692047115,2.813546657562256,3.507633018493652,4.726669120788575,3.3874957799911503,8.126137256622314,11.121310234069824,13.475957870483397,16.127707481384277
2037-06,2037-06-01,global_mlp,2026-03,26.727725,0.07450462132692337,10.919983863830566,False,2.8670120239257812,2867012.0239257812,reported_conditioned_mlp,GRANE,,False,0.0,0.04873844385147095,0.07450462132692337,0.11471665501594543,0.17257412970066072,0.6367067277431488,2.000391149520874,2.8670120239257812,3.464627075195312,4.960719680786133,3.2436820507049564,8.03530969619751,10.919983863830566,13.404036808013913,16.03083324432373
2037-07,2037-07-01,global_mlp,2026-03,26.727725,0.0753079429268837,10.75456714630127,False,3.0326552391052246,3032655.2391052246,reported_conditioned_mlp,GRANE,,False,0.0,0.044814397022128104,0.0753079429268837,0.10981688052415846,0.1852418169379235,0.589154887199402,2.226088809967041,3.0326552391052246,3.686442303657531,5.010362195968629,3.078472447395325,7.973688459396362,10.75456714630127,13.259539508819573,15.973321342468262
2037-08,2037-08-01,global_mlp,2026-03,26.727725,0.07695552334189415,10.669026851654053,False,2.685896396636963,2685896.396636963,reported_conditioned_mlp,GRANE,,False,0.0,0.047886332497000694,0.07695552334189415,0.10637060552835464,0.1768693804740906,0.0,1.9718355059623716,2.685896396636963,3.425615859031677,4.784110641479493,2.882201218605042,7.898090362548828,10.669026851654053,13.119495201110832,15.911789894104004
2037-09,2037-09-01,global_mlp,2026-03,26.727725,0.07415243238210678,10.630534172058105,False,2.9593546390533447,2959354.6390533447,reported_conditioned_mlp,GRANE,,False,0.0,0.03976306244730949,0.07415243238210678,0.10721396356821059,0.1722123682498932,0.0,1.9831851601600647,2.9593546390533447,3.767758798599243,5.466406440734865,2.796890163421631,7.8436909198760985,10.630534172058105,13.015328979492187,15.827789783477783
2037-10,2037-10-01,global_mlp,2026-03,26.727725,0.07638652995228767,10.560489654541016,False,3.138907313346863,3138907.313346863,reported_conditioned_mlp,GRANE,,False,0.0,0.04355728290975093,0.07638652995228767,0.10904058218002319,0.17171555459499366,0.0,2.0419697046279905,3.138907313346863,3.839937305450439,5.071029996871949,2.7255208969116214,7.775685834884643,10.560489654541016,12.886592960357666,15.721748352050781
2037-11,2037-11-01,global_mlp,2026-03,26.727725,0.0799606442451477,10.465293884277344,False,2.8601996898651123,2860199.6898651123,reported_conditioned_mlp,GRANE,,False,0.0,0.04225502833724022,0.0799606442451477,0.11323976144194597,0.180397430062294,0.0,1.963392984867096,2.8601996898651123,3.684824776649474,5.167210435867309,2.61662449836731,7.691568899154663,10.465293884277344,12.781506729125972,15.615289402008058
2037-12,2037-12-01,global_mlp,2026-03,26.727725,0.07954883202910423,10.369511127471924,False,2.713061571121216,2713061.571121216,reported_conditioned_mlp,GRANE,,False,0.0,0.043596885353326786,0.07954883202910423,0.11075775027275078,0.17207237333059316,0.0,1.7579978346824645,2.713061571121216,3.5795658111572264,5.070962858200075,2.497192740440369,7.585367202758788,10.369511127471924,12.628261184692374,15.546476745605469
2038-01,2038-01-01,global_mlp,2026-03,26.727725,0.0806163139641285,10.219697952270508,False,2.738500952720642,2738500.952720642,reported_conditioned_mlp,GRANE,,False,0.0,0.052328678220510474,0.0806163139641285,0.11726619824767111,0.1756932243704796,0.0,1.9170344352722164,2.738500952720642,3.4373389005661004,4.6419777393341075,2.349540400505066,7.445058584213257,10.219697952270508,12.580381107330316,15.475406742095949
2038-02,2038-02-01,global_mlp,2026-03,26.727725,0.0764622800052166,10.103147983551025,False,2.445366859436035,2445366.859436035,reported_conditioned_mlp,GRANE,,False,0.0,0.04348785579204559,0.0764622800052166,0.10980602502822867,0.18104072958230977,0.0,1.5447844743728631,2.445366859436035,3.201626443862914,5.02860770225525,2.201900386810303,7.355258226394653,10.103147983551025,12.461567497253416,15.403993606567385
2038-03,2038-03-01,global_mlp,2026-03,26.727725,0.07295777648687363,10.03751802444458,False,2.422808885574341,2422808.885574341,reported_conditioned_mlp,GRANE,,False,0.0,0.04082442037761211,0.07295777648687363,0.10476887300610538,0.16370938420295716,0.0,1.3125893235206603,2.422808885574341,3.2489306926727295,4.6272201538085955,2.140661787986756,7.207208919525146,10.03751802444458,12.364699745178223,15.328786182403565
2038-04,2038-04-01,global_mlp,2026-03,26.727725,0.07748328521847725,9.980655670166016,False,2.8286585807800293,2828658.5807800293,reported_conditioned_mlp,GRANE,,False,0.0,0.05016504228115082,0.07748328521847725,0.10621197745203971,0.1830938458442688,0.18199968189001117,2.249355101585388,2.8286585807800293,3.6126178741455077,4.895036363601685,2.0877299308776864,7.119303512573242,9.980655670166016,12.261730194091795,15.20051622390747
2038-05,2038-05-01,global_mlp,2026-03,26.727725,0.0806378498673439,9.916197776794434,False,2.8385579586029053,2838557.9586029053,reported_conditioned_mlp,GRANE,,False,0.0,0.050823387876152974,0.0806378498673439,0.11180245652794837,0.17964330911636356,0.31697416007518775,2.1420273065567015,2.8385579586029053,3.3972744941711426,4.832716321945192,2.0497773528099072,7.035241794586182,9.916197776794434,12.157847690582273,15.113968086242675
2038-06,2038-06-01,global_mlp,2026-03,26.727725,0.0747135728597641,9.854035377502441,False,2.756503701210022,2756503.701210022,reported_conditioned_mlp,GRANE,,False,0.0,0.04579193927347659,0.0747135728597641,0.10265310630202293,0.173662930727005,0.1689789950847631,2.085050630569458,2.756503701210022,3.4863855123519882,4.982128620147706,1.9255898118019112,6.897449636459351,9.854035377502441,12.065999031066893,14.98842887878418
2038-07,2038-07-01,global_mlp,2026-03,26.727725,0.07114435732364655,9.79231071472168,False,2.9384270906448364,2938427.0906448364,reported_conditioned_mlp,GRANE,,False,0.0,0.04122634306550026,0.07114435732364655,0.10985414087772367,0.17819563448429113,0.0,2.250845646858215,2.9384270906448364,3.6539756536483763,4.908055305480957,1.8696860790252698,6.849905014038086,9.79231071472168,11.92425203323364,14.837118339538575
2038-08,2038-08-01,global_mlp,2026-03,26.727725,0.07567467540502548,9.712361335754395,False,2.7067967653274536,2706796.7653274536,reported_conditioned_mlp,GRANE,,False,0.0,0.04904796667397022,0.07567467540502548,0.10878269374370574,0.1763902246952057,0.20906773209571872,2.056612515449524,2.7067967653274536,3.4781182527542103,5.147884750366211,1.825082945823671,6.7331847667694085,9.712361335754395,11.83223543167114,14.774798679351807
2038-09,2038-09-01,global_mlp,2026-03,26.727725,0.0783313736319542,9.620314121246338,False,2.9180034399032593,2918003.4399032593,reported_conditioned_mlp,GRANE,,False,0.0,0.0456646129488945,0.0783313736319542,0.11278406307101249,0.17273687720298775,0.0,2.137567734718323,2.9180034399032593,3.8992060422897334,5.427352333068851,1.7637424707412739,6.664028406143188,9.620314121246338,11.715431404113769,14.713596057891845
2038-10,2038-10-01,global_mlp,2026-03,26.727725,0.07426251098513603,9.526764392852783,False,2.9393473863601685,2939347.3863601685,reported_conditioned_mlp,GRANE,,False,0.0,0.047177993878722194,0.07426251098513603,0.1092021584510803,0.1766162157058716,0.0,2.160953092575073,2.9393473863601685,3.827570366859436,5.301885843276978,1.6772458910942096,6.546208047866821,9.526764392852783,11.631826877593992,14.629036903381348
2038-11,2038-11-01,global_mlp,2026-03,26.727725,0.07769453153014183,9.30608606338501,False,2.9212573766708374,2921257.3766708374,reported_conditioned_mlp,GRANE,,False,0.0,0.05070541352033614,0.07769453153014183,0.11198786050081252,0.17055116444826127,0.0,1.9252414703369138,2.9212573766708374,3.7901232957839963,5.397937774658203,1.4862536191940314,6.414681577682495,9.30608606338501,11.55390043258667,14.55064458847046
2038-12,2038-12-01,global_mlp,2026-03,26.727725,0.07345987483859062,9.188454627990723,False,2.798876643180847,2798876.643180847,reported_conditioned_mlp,GRANE,,False,0.0,0.04559206813573836,0.07345987483859062,0.11219759210944173,0.17556880861520768,0.0,1.9030482769012451,2.798876643180847,3.652604627609251,5.350558376312256,1.3667041301727303,6.316391420364379,9.188454627990723,11.455324459075927,14.501069831848145
2039-01,2039-01-01,global_mlp,2026-03,26.727725,0.08226880803704262,9.048084735870361,False,2.7281155586242676,2728115.5586242676,reported_conditioned_mlp,GRANE,,False,0.0,0.05109779872000217,0.08226880803704262,0.11949961036443707,0.1853203922510147,0.0,1.735798192024231,2.7281155586242676,3.5771214246749876,4.696069478988648,1.2162328422069568,6.167489290237427,9.048084735870361,11.347538471221922,14.415377998352051
2039-02,2039-02-01,global_mlp,2026-03,26.727725,0.07796873524785042,8.934085845947266,False,2.4932329654693604,2493232.9654693604,reported_conditioned_mlp,GRANE,,False,0.0,0.0413121547549963,0.07796873524785042,0.11037426739931105,0.1861461445689202,0.0,1.3795095205307006,2.4932329654693604,3.23623661994934,4.796935462951661,1.0857994139194507,6.055385398864746,8.934085845947266,11.252264976501463,14.331780815124512
2039-03,2039-03-01,global_mlp,2026-03,26.727725,0.07055604457855225,8.734281539916992,False,2.323617935180664,2323617.935180664,reported_conditioned_mlp,GRANE,,False,0.0,0.03739470951259136,0.07055604457855225,0.10143338814377782,0.16728307604789736,0.0,0.999875164031982,2.323617935180664,3.368006920814514,4.727819538116456,0.9976400196552297,5.998115348815917,8.734281539916992,11.177007770538328,14.276487827301025
2039-04,2039-04-01,global_mlp,2026-03,26.727725,0.07476908341050148,8.565105438232422,False,2.9666398763656616,2966639.8763656616,reported_conditioned_mlp,GRANE,,False,0.0,0.04873242564499377,0.07476908341050148,0.10568673983216278,0.17323560714721684,0.0,2.307902455329895,2.9666398763656616,3.697925496101379,5.517941570281983,0.9384105086326618,5.95254702568054,8.565105438232422,11.081004333496093,14.204255104064943
2039-05,2039-05-01,global_mlp,2026-03,26.727725,0.07522136718034744,8.472466945648193,False,2.769130229949951,2769130.229949951,reported_conditioned_mlp,GRANE,,False,0.0,0.05307771824300288,0.07522136718034744,0.11137083545327187,0.17041526585817338,0.0,2.013828122615814,2.769130229949951,3.3478166103363036,4.538133192062378,0.8595209062099474,5.812669515609741,8.472466945648193,11.022400951385496,14.131099128723145
2039-06,2039-06-01,global_mlp,2026-03,26.727725,0.07132844999432564,8.333616733551025,False,2.7122268676757812,2712226.8676757812,reported_conditioned_mlp,GRANE,,False,0.0,0.044969229772686956,0.07132844999432564,0.10113662779331208,0.1638558477163315,0.0,1.91049290895462,2.7122268676757812,3.3742331504821768,4.7270157814025895,0.7681317090988175,5.790445089340209,8.333616733551025,10.952751922607419,14.009869956970215
2039-07,2039-07-01,global_mlp,2026-03,26.727725,0.07008126005530357,8.270886421203613,False,2.943744659423828,2943744.659423828,reported_conditioned_mlp,GRANE,,False,0.0,0.04522848948836326,0.07008126005530357,0.10439044088125225,0.16033087670803078,0.0,1.9598358511924743,2.943744659423828,3.6267262935638427,4.862533617019653,0.6856324642896666,5.712987422943114,8.270886421203613,10.848207092285154,13.910254669189454
2039-08,2039-08-01,global_mlp,2026-03,26.727725,0.06693890318274498,8.193108558654785,False,2.54914128780365,2549141.28780365,reported_conditioned_mlp,GRANE,,False,0.0,0.03978890851140022,0.06693890318274498,0.10060352534055707,0.15923208594322208,0.0,1.6500093817710877,2.54914128780365,3.243087410926817,4.722433042526245,0.5339267104864128,5.610674810409546,8.193108558654785,10.775467872619627,13.778261184692386
2039-09,2039-09-01,global_mlp,2026-03,26.727725,0.06813420727849007,8.117302894592285,False,2.759569525718689,2759569.525718689,reported_conditioned_mlp,GRANE,,False,0.0,0.03614909946918487,0.06813420727849007,0.09600009843707082,0.1577607333660126,0.0,1.663050043582916,2.759569525718689,3.513196206092834,4.897174596786499,0.4580821454524998,5.4572022438049315,8.117302894592285,10.704064464569091,13.712088108062748
2039-10,2039-10-01,global_mlp,2026-03,26.727725,0.06808394193649292,8.006086826324463,False,2.993821620941162,2993821.620941162,reported_conditioned_mlp,GRANE,,False,0.0,0.038494555279612534,0.06808394193649292,0.10028390139341352,0.16932026296854022,0.0,2.0047683119773865,2.993821620941162,3.803017783164978,5.537249517440796,0.36328839659690887,5.315169286727905,8.006086826324463,10.638625049591065,13.706277561187747
2039-11,2039-11-01,global_mlp,2026-03,26.727725,0.07453547045588493,7.912226915359497,False,2.8521575927734375,2852157.5927734375,reported_conditioned_mlp,GRANE,,False,0.0,0.03966070488095283,0.07453547045588493,0.1104311369359493,0.17883133441209795,0.0,2.0082560539245606,2.8521575927734375,3.7543964147567745,5.048638200759889,0.28617728650569946,5.187557315826416,7.912226915359497,10.563895988464356,13.575346183776858
2039-12,2039-12-01,global_mlp,2026-03,26.727725,0.07146267592906952,7.858928918838501,False,2.756296753883362,2756296.753883362,reported_conditioned_mlp,GRANE,,False,0.0,0.04125509522855282,0.07146267592906952,0.10448180139064783,0.16981320530176164,0.0,1.8198993086814879,2.756296753883362,3.6528269529342645,5.019386196136475,0.15498590022325517,5.08453779220581,7.858928918838501,10.486101818084716,13.508287048339843
2040-01,2040-01-01,global_mlp,2026-03,26.727725,0.07604724913835526,7.746356725692749,False,2.6964001655578613,2696400.1655578613,reported_conditioned_mlp,GRANE,,False,0.0,0.043949929997324944,0.07604724913835526,0.11155620142817496,0.17896127998828892,0.0,1.6641485095024107,2.6964001655578613,3.435630583763122,4.952118635177612,0.08754188641905794,4.96239447593689,7.746356725692749,10.412931728363034,13.372615432739261
2040-02,2040-02-01,global_mlp,2026-03,26.727725,0.07136950269341469,7.604649066925049,False,2.34134042263031,2341340.42263031,reported_conditioned_mlp,GRANE,,False,0.0,0.043529076501727104,0.07136950269341469,0.10423343777656555,0.17122944891452793,0.0,1.1809230923652647,2.34134042263031,3.0965533494949335,4.7190690517425535,0.007310347259044694,4.879743957519531,7.604649066925049,10.313399696350096,13.265766811370854
2040-03,2040-03-01,global_mlp,2026-03,26.727725,0.06981859728693962,7.511580228805542,False,2.444450855255127,2444450.855255127,reported_conditioned_mlp,GRANE,,False,0.0,0.03732801042497157,0.06981859728693962,0.10035050138831132,0.1633665308356286,0.0,1.1883448004722592,2.444450855255127,3.2239425897598264,4.5584176063537605,0.0,4.820511198043823,7.511580228805542,10.246635913848875,13.185015773773198
2040-04,2040-04-01,global_mlp,2026-03,26.727725,0.0726797878742218,7.467222690582275,False,2.834015130996704,2834015.130996704,reported_conditioned_mlp,GRANE,,False,0.0,0.04632179513573646,0.0726797878742218,0.10402444377541542,0.17008410394191742,0.0,2.1375328302383423,2.834015130996704,3.5914818048477173,4.935582208633424,0.0,4.758670091629028,7.467222690582275,10.18343572616577,13.109276866912847
2040-05,2040-05-01,global_mlp,2026-03,26.727725,0.07303456589579582,7.408513784408569,False,2.640687584877014,2640687.584877014,reported_conditioned_mlp,GRANE,,False,0.0,0.04419068805873392,0.07303456589579582,0.10341182649135588,0.15877504348754884,0.0,1.7864232301712029,2.640687584877014,3.31999225616455,4.612439060211183,0.0,4.697882318496704,7.408513784408569,10.112172889709473,13.071779537200932
2040-06,2040-06-01,global_mlp,2026-03,26.727725,0.06933112815022469,7.274256229400635,False,2.671320676803589,2671320.676803589,reported_conditioned_mlp,GRANE,,False,0.0,0.04461253471672535,0.06933112815022469,0.09837488308548924,0.15582772046327592,0.0,1.7135811686515807,2.671320676803589,3.3856877326965322,4.59259295463562,0.0,4.619686412811279,7.274256229400635,10.067579078674315,13.021426486968998
2040-07,2040-07-01,global_mlp,2026-03,26.727725,0.06859562918543816,7.230265855789185,False,2.754762291908264,2754762.291908264,reported_conditioned_mlp,GRANE,,False,0.0,0.041922006756067276,0.06859562918543816,0.09879658296704291,0.1564142554998398,0.0,1.8394523739814759,2.754762291908264,3.6041814327239985,4.741810464859009,0.0,4.561032819747925,7.230265855789185,9.998310756683349,12.99186944961548
2040-08,2040-08-01,global_mlp,2026-03,26.727725,0.06829646974802017,7.148906707763672,False,2.54854416847229,2548544.16847229,reported_conditioned_mlp,GRANE,,False,0.0,0.03793132975697517,0.06829646974802017,0.09808306917548179,0.14888908416032795,0.0,1.61894074678421,2.54854416847229,3.29997272491455,4.513933849334718,0.0,4.490879678726196,7.148906707763672,9.884294414520262,12.960524463653565
2040-09,2040-09-01,global_mlp,2026-03,26.727725,0.0697290301322937,7.074513912200928,False,2.7521392107009888,2752139.210700989,reported_conditioned_mlp,GRANE,,False,0.0,0.03703147396445274,0.0697290301322937,0.10079497694969175,0.15527752190828323,0.0,1.5391721963882445,2.7521392107009888,3.4684700965881343,4.851964330673219,0.0,4.457276296615599,7.074513912200928,9.761249256134032,12.838741683959961
2040-10,2040-10-01,global_mlp,2026-03,26.727725,0.0675421804189682,6.968010425567627,False,2.8447705507278442,2844770.5507278442,reported_conditioned_mlp,GRANE,,False,0.0,0.032977558299899096,0.0675421804189682,0.09613136500120162,0.16300902813673024,0.0,1.6819318413734436,2.8447705507278442,3.583357286453247,4.986669445037845,0.0,4.320833778381347,6.968010425567627,9.611348342895507,12.744778633117678
2040-11,2040-11-01,global_mlp,2026-03,26.727725,0.07084411010146141,6.88809871673584,False,2.8482662439346313,2848266.2439346313,reported_conditioned_mlp,GRANE,,False,0.0,0.035991445928811996,0.07084411010146141,0.10550629571080207,0.16005676686763765,0.0,1.6814460158348081,2.8482662439346313,3.7076442956924436,5.101746463775636,0.0,4.2142953872680655,6.88809871673584,9.567829036712645,12.661827182769777
2040-12,2040-12-01,global_mlp,2026-03,26.727725,0.06819114089012146,6.729108572006226,False,2.560119390487671,2560119.390487671,reported_conditioned_mlp,GRANE,,False,0.0,0.03510569855570792,0.06819114089012146,0.09992805793881415,0.16043880581855777,0.0,1.5199563264846803,2.560119390487671,3.4389413118362415,4.813316488265993,0.0,4.1940057277679434,6.729108572006226,9.544295024871825,12.520372009277343
2041-01,2041-01-01,global_mlp,2026-03,26.727725,0.07737056165933609,6.69742488861084,False,2.5204174518585205,2520417.4518585205,reported_conditioned_mlp,GRANE,,False,0.0,0.03922148793935776,0.07737056165933609,0.10322156399488445,0.16984433829784393,0.0,1.7414857983589171,2.5204174518585205,3.272215318679809,4.525354290008546,0.0,4.085115528106688,6.69742488861084,9.438318347930908,12.391922569274902
2041-02,2041-02-01,global_mlp,2026-03,26.727725,0.07516726851463318,6.6632981300354,False,2.2402772903442383,2240277.2903442383,reported_conditioned_mlp,GRANE,,False,0.0,0.03934492878615854,0.07516726851463318,0.1017689399421215,0.15953904241323472,0.0,1.2982240676879881,2.2402772903442383,3.225352072715758,5.074202156066895,0.0,3.9922731876373287,6.6632981300354,9.357727146148681,12.277533149719238
2041-03,2041-03-01,global_mlp,2026-03,26.727725,0.07003830745816231,6.583706855773926,False,2.4095876216888428,2409587.621688843,reported_conditioned_mlp,GRANE,,False,0.0,0.03637150712311268,0.07003830745816231,0.09647821113467214,0.14665869325399403,0.0,1.1970027685165405,2.4095876216888428,3.157353091239928,4.695113992691041,0.0,3.9352500200271594,6.583706855773926,9.244036960601806,12.200623226165773
2041-04,2041-04-01,global_mlp,2026-03,26.727725,0.0704374685883522,6.487641096115112,False,2.87511146068573,2875111.46068573,reported_conditioned_mlp,GRANE,,False,0.0,0.04232610166072845,0.0704374685883522,0.10596260726451871,0.16620562821626664,0.0,2.135090947151184,2.87511146068573,3.603618192672728,5.175342416763307,0.0,3.8214918136596676,6.487641096115112,9.130237579345703,12.141715717315675
2041-05,2041-05-01,global_mlp,2026-03,26.727725,0.07415993884205818,6.407925605773926,False,2.6714792251586914,2671479.2251586914,reported_conditioned_mlp,GRANE,,False,0.0,0.04368961453437805,0.07415993884205818,0.10476970896124839,0.1674590274691582,0.0,1.9068713188171387,2.6714792251586914,3.3639339208602905,4.641283941268922,0.0,3.6849437952041617,6.407925605773926,9.04852714538574,11.942948150634768
2041-06,2041-06-01,global_mlp,2026-03,26.727725,0.06860091164708138,6.267382383346558,False,2.5650163888931274,2565016.3888931274,reported_conditioned_mlp,GRANE,,False,0.0,0.04365306384861469,0.06860091164708138,0.10356860384345053,0.15508635491132736,0.0,1.836800444126129,2.5650163888931274,3.36881046295166,4.672407484054566,0.0,3.6087997913360583,6.267382383346558,8.96372852325439,11.881561660766604
2041-07,2041-07-01,global_mlp,2026-03,26.727725,0.06784343719482422,6.198577642440796,False,2.873898983001709,2873898.983001709,reported_conditioned_mlp,GRANE,,False,0.0,0.03683281727135181,0.06784343719482422,0.10018634274601934,0.15424378961324695,0.0,2.074191999435425,2.873898983001709,3.4880289554595945,4.613832092285157,0.0,3.5699873924255363,6.198577642440796,8.892336559295652,11.8084379196167
2041-08,2041-08-01,global_mlp,2026-03,26.727725,0.0621661152690649,6.140456199645996,False,2.492917537689209,2492917.537689209,reported_conditioned_mlp,GRANE,,False,0.0,0.031183535046875478,0.0621661152690649,0.10037632435560224,0.15035710483789447,0.0,1.759125030040741,2.492917537689209,3.3371831893920896,4.634216833114626,0.0,3.4921822547912593,6.140456199645996,8.823383235931397,11.751835441589357
2041-09,2041-09-01,global_mlp,2026-03,26.727725,0.0638604499399662,6.068493366241455,False,2.6816810369491577,2681681.0369491577,reported_conditioned_mlp,GRANE,,False,0.0,0.03159633427858353,0.0638604499399662,0.0973657801747322,0.1455650538206101,0.0,1.785722780227661,2.6816810369491577,3.667271423339842,5.056394815444949,0.0,3.410234761238096,6.068493366241455,8.708837795257567,11.682029247283936
2041-10,2041-10-01,global_mlp,2026-03,26.727725,0.06831338256597519,5.9584314823150635,False,2.875409245491028,2875409.245491028,reported_conditioned_mlp,GRANE,,False,0.0,0.0346960786730051,0.06831338256597519,0.10048775300383568,0.15285328477621082,0.0,1.7651321053504945,2.875409245491028,3.6973566055297837,5.333600854873659,0.0,3.347586441040036,5.9584314823150635,8.582182979583738,11.623688411712646
2041-11,2041-11-01,global_mlp,2026-03,26.727725,0.07343555986881256,5.903125524520874,False,2.7025349140167236,2702534.9140167236,reported_conditioned_mlp,GRANE,,False,0.0,0.033896456658840175,0.07343555986881256,0.10561516731977462,0.1603648185729981,0.0,1.6221762061119076,2.7025349140167236,3.655661368370055,5.152109909057618,0.0,3.1674880027770977,5.903125524520874,8.518145084381102,11.48311176300049
2041-12,2041-12-01,global_mlp,2026-03,26.727725,0.06719030439853668,5.8306028842926025,False,2.531885027885437,2531885.027885437,reported_conditioned_mlp,GRANE,,False,0.0,0.035252704843878734,0.06719030439853668,0.10472311675548551,0.16761053353548053,0.0,1.3614974498748775,2.531885027885437,3.488356781005858,4.793749523162843,0.0,2.937179827690124,5.8306028842926025,8.45693883895874,11.426733875274659
2042-01,2042-01-01,global_mlp,2026-03,26.727725,0.07422905787825584,5.738495111465454,False,2.5405977964401245,2540597.7964401245,reported_conditioned_mlp,GRANE,,False,0.0,0.03593124821782112,0.07422905787825584,0.10356371849775312,0.16861561387777332,0.0,1.556823647022247,2.5405977964401245,3.3026145458221428,4.62454833984375,0.0,2.789851665496826,5.738495111465454,8.33117275238037,11.355146217346192
2042-02,2042-02-01,global_mlp,2026-03,26.727725,0.06536643579602242,5.635588645935059,False,2.293476939201355,2293476.939201355,reported_conditioned_mlp,GRANE,,False,0.0,0.031584419310092926,0.06536643579602242,0.10029077529907227,0.165757541358471,0.0,1.356336176395416,2.293476939201355,3.0216822862625117,4.858253049850464,0.0,2.7485155344009393,5.635588645935059,8.224203395843505,11.281928348541262
2042-03,2042-03-01,global_mlp,2026-03,26.727725,0.059664998203516006,5.535571098327637,False,2.239594340324402,2239594.340324402,reported_conditioned_mlp,GRANE,,False,0.0,0.027529248408973216,0.059664998203516006,0.09567235484719272,0.16836861670017245,0.0,0.9434114634990691,2.239594340324402,3.1750351428985586,4.8060328483581545,0.0,2.690087366104126,5.535571098327637,8.101611518859862,11.220273399353031
2042-04,2042-04-01,global_mlp,2026-03,26.727725,0.06780022010207176,5.4656946659088135,False,2.9262818098068237,2926281.8098068237,reported_conditioned_mlp,GRANE,,False,0.0,0.03178853988647461,0.06780022010207176,0.10450031831860541,0.1584086418151856,0.0,2.1131732225418087,2.9262818098068237,3.6246773719787595,5.120757150650027,0.0,2.649484729766846,5.4656946659088135,7.95996356010437,11.206653594970703
2042-05,2042-05-01,global_mlp,2026-03,26.727725,0.0718412883579731,5.386210203170776,False,2.6668388843536377,2666838.8843536377,reported_conditioned_mlp,GRANE,,False,0.0,0.034782231226563445,0.0718412883579731,0.10877735614776611,0.16929873228073122,0.0,1.8046741247177123,2.6668388843536377,3.3643962383270263,4.619468545913697,0.0,2.5436736345291138,5.386210203170776,7.8467311382293685,11.073313426971438
2042-06,2042-06-01,global_mlp,2026-03,26.727725,0.06447945162653923,5.316318511962891,False,2.5939944982528687,2593994.4982528687,reported_conditioned_mlp,GRANE,,False,0.0,0.03018255978822708,0.06447945162653923,0.10153355076909065,0.1650983989238739,0.0,1.7179852962493893,2.5939944982528687,3.4221880674362164,4.759948062896728,0.0,2.5015777826309202,5.316318511962891,7.76152353286743,10.979887866973879
2042-07,2042-07-01,global_mlp,2026-03,26.727725,0.06371891126036644,5.191154718399048,False,2.732131838798523,2732131.838798523,reported_conditioned_mlp,GRANE,,False,0.0,0.033474643155932425,0.06371891126036644,0.10077871009707445,0.1541324272751808,0.0,1.9262200713157651,2.732131838798523,3.5647147417068474,4.941962289810184,0.0,2.3824513912200924,5.191154718399048,7.656841611862181,10.856553649902343
2042-08,2042-08-01,global_mlp,2026-03,26.727725,0.05545453913509846,5.120695114135742,False,2.4925119876861572,2492511.987686157,reported_conditioned_mlp,GRANE,,False,0.0,0.02336325086653232,0.05545453913509846,0.09495589435100554,0.14282114207744612,0.0,1.3626947760581964,2.4925119876861572,3.2765033483505244,4.840077447891236,0.0,2.2882308721542355,5.120695114135742,7.56393527984619,10.789058208465576
2042-09,2042-09-01,global_mlp,2026-03,26.727725,0.06312295794487,5.012851715087891,False,2.6363601684570312,2636360.1684570312,reported_conditioned_mlp,GRANE,,False,0.0,0.02603054381906986,0.06312295794487,0.0961877956986427,0.15012152343988425,0.0,1.431485056877136,2.6363601684570312,3.6222970962524403,4.972641515731812,0.0,2.2390083551406854,5.012851715087891,7.423438310623169,10.72687568664551
2042-10,2042-10-01,global_mlp,2026-03,26.727725,0.06111849658191204,4.959742546081543,False,2.8624725341796875,2862472.5341796875,reported_conditioned_mlp,GRANE,,False,0.0,0.023212106712162475,0.06111849658191204,0.09367281794548031,0.14998181015253068,0.0,1.6463391304016113,2.8624725341796875,3.9500341653823834,5.486314010620117,0.0,2.18787760734558,4.959742546081543,7.3499371051788325,10.698081207275393
2042-11,2042-11-01,global_mlp,2026-03,26.727725,0.06750037893652916,4.816542625427246,False,2.735144257545471,2735144.257545471,reported_conditioned_mlp,GRANE,,False,0.0,0.02390527334064245,0.06750037893652916,0.10248878449201577,0.16744746416807174,0.0,1.2851687550544733,2.735144257545471,3.5282680273056024,5.410788631439211,0.0,2.1150425434112545,4.816542625427246,7.27965292930603,10.63953037261963
2042-12,2042-12-01,global_mlp,2026-03,26.727725,0.06848789751529694,4.6828954219818115,False,2.698629379272461,2698629.379272461,reported_conditioned_mlp,GRANE,,False,0.0,0.027066613174974906,0.06848789751529694,0.10511476099491118,0.1645385935902596,0.0,1.4622012972831724,2.698629379272461,3.57447085380554,4.924944257736209,0.0,2.009192359447479,4.6828954219818115,7.188640975952145,10.505730819702151
2043-01,2043-01-01,global_mlp,2026-03,26.727725,0.06886430457234383,4.5773820877075195,False,2.6208181381225586,2620818.1381225586,reported_conditioned_mlp,GRANE,,False,0.0,0.03132381606847048,0.06886430457234383,0.10644676685333251,0.1681414008140564,0.0,1.4931276202201837,2.6208181381225586,3.3921477794647217,4.807904529571533,0.0,1.9543902993202202,4.5773820877075195,7.0736936569213835,10.42834873199463
2043-02,2043-02-01,global_mlp,2026-03,26.727725,0.06391314417123795,4.5434348583221436,False,2.235361099243164,2235361.099243164,reported_conditioned_mlp,GRANE,,False,0.0,0.017610366828739628,0.06391314417123795,0.09988535791635507,0.1498033210635186,0.0,0.9891204893589005,2.235361099243164,3.0162877321243284,4.709771203994752,0.0,1.890846300125122,4.5434348583221436,6.994235181808471,10.351826572418213
2043-03,2043-03-01,global_mlp,2026-03,26.727725,0.0547792874276638,4.478091478347778,False,2.1349740028381348,2134974.0028381348,reported_conditioned_mlp,GRANE,,False,0.0,0.007008848432451475,0.0547792874276638,0.08906565308570862,0.14681017994880677,0.0,0.2559950336813916,2.1349740028381348,3.034477877616882,4.686436271667481,0.0,1.8071575403213498,4.478091478347778,6.920506048202514,10.265275478363039
2043-04,2043-04-01,global_mlp,2026-03,26.727725,0.05991063266992569,4.417914390563965,False,2.773416757583618,2773416.757583618,reported_conditioned_mlp,GRANE,,False,0.0,0.02833515666425228,0.05991063266992569,0.0945487581193447,0.15715150982141496,0.0,1.9101253509521479,2.773416757583618,3.4990176439285277,4.904848337173464,0.0,1.7149171948432917,4.417914390563965,6.864163112640379,10.183582496643067
2043-05,2043-05-01,global_mlp,2026-03,26.727725,0.06333354115486145,4.366337299346924,False,2.6392077207565308,2639207.7207565308,reported_conditioned_mlp,GRANE,,False,0.0,0.022409140318632104,0.06333354115486145,0.10228891745209694,0.1591865465044976,0.0,1.5430397987365723,2.6392077207565308,3.3792007684707634,4.575128078460693,0.0,1.6144269585609434,4.366337299346924,6.814990472793578,10.045695400238037
2043-06,2043-06-01,global_mlp,2026-03,26.727725,0.06417243182659149,4.209520101547241,False,2.607916474342346,2607916.474342346,reported_conditioned_mlp,GRANE,,False,0.0,0.023684819042682617,0.06417243182659149,0.09785402268171305,0.14910768568515778,0.0,1.6339501261711116,2.607916474342346,3.418572902679443,4.675281858444214,0.0,1.4897068619728087,4.209520101547241,6.720560789108274,9.987919330596926
2043-07,2043-07-01,global_mlp,2026-03,26.727725,0.05683537572622299,4.079805374145508,False,2.779989004135132,2779989.004135132,reported_conditioned_mlp,GRANE,,False,0.0,0.011253056582063426,0.05683537572622299,0.09682619422674178,0.14869305789470674,0.0,1.3730386257171627,2.779989004135132,3.559271240234375,4.795156335830691,0.0,1.3532157063484191,4.079805374145508,6.655952882766723,9.916261863708497
2043-08,2043-08-01,global_mlp,2026-03,26.727725,0.05933547578752041,4.0052831172943115,False,2.410573124885559,2410573.124885559,reported_conditioned_mlp,GRANE,,False,0.0,0.010453868191689237,0.05933547578752041,0.09173300564289093,0.1401660665869713,0.0,1.2035586476325988,2.410573124885559,3.2888030052185058,4.901627731323242,0.0,1.2761558771133419,4.0052831172943115,6.57310800552368,9.854033756256104
2043-09,2043-09-01,global_mlp,2026-03,26.727725,0.05526243709027767,3.967493772506714,False,2.5631051063537598,2563105.1063537598,reported_conditioned_mlp,GRANE,,False,0.0,0.01556000933051109,0.05526243709027767,0.09365208819508553,0.1545695349574089,0.0,1.2715966701507566,2.5631051063537598,3.5083951234817503,4.868518733978272,0.0,1.239026808738708,3.967493772506714,6.444170188903808,9.78077621459961
2043-10,2043-10-01,global_mlp,2026-03,26.727725,0.05463648401200771,3.884205937385559,False,2.8009203672409058,2800920.3672409058,reported_conditioned_mlp,GRANE,,False,0.0,0.003920619771815834,0.05463648401200771,0.09254280999302862,0.14787617623806004,0.0,1.2343148112297035,2.8009203672409058,3.6700763463973973,5.108024120330811,0.0,1.1854497551918028,3.884205937385559,6.38057518005371,9.690542602539063
2043-11,2043-11-01,global_mlp,2026-03,26.727725,0.061556845903396606,3.788015127182007,False,2.513514757156372,2513514.757156372,reported_conditioned_mlp,GRANE,,False,0.0,0.006921277148649094,0.061556845903396606,0.09262155815958974,0.16597287654876713,0.0,0.5860662639141079,2.513514757156372,3.351961040496825,5.065320014953614,0.0,1.1226649880409239,3.788015127182007,6.3197450637817365,9.574623107910158
2043-12,2043-12-01,global_mlp,2026-03,26.727725,0.05725298263132572,3.7068639993667603,False,2.3713654279708862,2371365.427970886,reported_conditioned_mlp,GRANE,,False,0.0,0.0,0.05725298263132572,0.08683542683720587,0.14301580041646958,0.0,0.38557744622230394,2.3713654279708862,3.324016475677489,5.053490161895753,0.0,1.1001208424568165,3.7068639993667603,6.215243101119991,9.444688510894776
2044-01,2044-01-01,global_mlp,2026-03,26.727725,0.055741311982274055,3.6425024271011353,False,2.4089839458465576,2408983.9458465576,reported_conditioned_mlp,GRANE,,False,0.0,0.0,0.055741311982274055,0.09779731482267377,0.15823212713003162,0.0,0.8720032095909077,2.4089839458465576,3.2415236473083495,4.704492235183716,0.0,1.0063415586948392,3.6425024271011353,6.160083150863647,9.322834777832032
2044-02,2044-02-01,global_mlp,2026-03,26.727725,0.05445719510316849,3.5658267736434937,False,2.1498385667800903,2149838.5667800903,reported_conditioned_mlp,GRANE,,False,0.0,0.0,0.05445719510316849,0.09054766297340384,0.1553245469927788,0.0,0.07405374050140359,2.1498385667800903,2.978342270851135,4.483112525939942,0.0,0.9064229249954223,3.5658267736434937,6.0810449600219725,9.24488582611084
2044-03,2044-03-01,global_mlp,2026-03,26.727725,0.05161828175187111,3.4453402757644653,False,2.044198513031006,2044198.5130310059,reported_conditioned_mlp,GRANE,,False,0.0,0.0,0.05161828175187111,0.08939130082726479,0.14613236933946613,0.0,0.0,2.044198513031006,3.0580216169357297,4.44794225692749,0.0,0.8602936506271361,3.4453402757644653,5.980163669586181,9.239699935913086
2044-04,2044-04-01,global_mlp,2026-03,26.727725,0.05540504306554794,3.367706775665283,False,2.6981444358825684,2698144.4358825684,reported_conditioned_mlp,GRANE,,False,0.0,0.0,0.05540504306554794,0.09076332971453667,0.15154990851879122,0.0,1.2964493989944457,2.6981444358825684,3.5890057563781737,4.921967792510988,0.0,0.7373996913433072,3.367706775665283,5.8740536689758285,9.164228630065919
2044-05,2044-05-01,global_mlp,2026-03,26.727725,0.06254136562347412,3.2850210666656494,False,2.6482012271881104,2648201.2271881104,reported_conditioned_mlp,GRANE,,False,0.0,0.009903907962143367,0.06254136562347412,0.09933156818151473,0.16788795441389093,0.0,1.2650104284286494,2.6482012271881104,3.292504525184631,4.5274893283844,0.0,0.6612977564334853,3.2850210666656494,5.801001071929931,9.030069541931153
2044-06,2044-06-01,global_mlp,2026-03,26.727725,0.057740895077586174,3.195778489112854,False,2.6313141584396362,2631314.158439636,reported_conditioned_mlp,GRANE,,False,0.0,0.006007352657616089,0.057740895077586174,0.09059238731861113,0.15198836326599122,0.0,1.1727015137672423,2.6313141584396362,3.310791206359863,4.397739744186402,0.0,0.5737064361572256,3.195778489112854,5.666572189331053,8.958148670196534
2044-07,2044-07-01,global_mlp,2026-03,26.727725,0.055471306666731834,3.10455322265625,False,2.784256935119629,2784256.935119629,reported_conditioned_mlp,GRANE,,False,0.0,0.0,0.055471306666731834,0.09306784942746162,0.1577255696058274,0.0,1.5393969893455504,2.784256935119629,3.556979298591613,4.898122262954713,0.0,0.4544705092906949,3.10455322265625,5.575214099884031,8.844780731201173
2044-08,2044-08-01,global_mlp,2026-03,26.727725,0.052961645647883415,3.015069007873535,False,2.3856139183044434,2385613.9183044434,reported_conditioned_mlp,GRANE,,False,0.0,0.0,0.052961645647883415,0.08940207585692406,0.14783086776733403,0.0,0.7281187891960142,2.3856139183044434,3.1525175094604485,4.385004901885987,0.0,0.37956814467906924,3.015069007873535,5.5166162014007565,8.779678916931154
2044-09,2044-09-01,global_mlp,2026-03,26.727725,0.055126339197158813,2.9186421632766724,False,2.61184298992157,2611842.98992157,reported_conditioned_mlp,GRANE,,False,0.0,0.0,0.055126339197158813,0.089055398106575,0.1589797228574753,0.0,0.9471104145050043,2.61184298992157,3.4181415319442743,4.9719410896301275,0.0,0.28455710113048543,2.9186421632766724,5.450028324127197,8.630756855010988
2044-10,2044-10-01,global_mlp,2026-03,26.727725,0.055085569620132446,2.839358925819397,False,2.8229384422302246,2822938.4422302246,reported_conditioned_mlp,GRANE,,False,0.0,0.0,0.055085569620132446,0.08973037153482435,0.15711386203765873,0.0,0.5832290410995481,2.8229384422302246,3.7577399969100944,5.2320097446441665,0.0,0.10568290501832953,2.839358925819397,5.362356519699095,8.50008983612061
2044-11,2044-11-01,global_mlp,2026-03,26.727725,0.054564766585826874,2.7658796310424805,False,2.6826993227005005,2682699.3227005005,reported_conditioned_mlp,GRANE,,False,0.0,0.0,0.054564766585826874,0.09258947521448135,0.16267149448394783,0.0,0.18482790440320931,2.6826993227005005,3.4699982881546005,5.109763336181642,0.0,0.07432496361434394,2.7658796310424805,5.281348609924316,8.475977706909182
2044-12,2044-12-01,global_mlp,2026-03,26.727725,0.050063179805874825,2.676991105079651,False,2.467030167579651,2467030.167579651,reported_conditioned_mlp,GRANE,,False,0.0,0.0,0.050063179805874825,0.0888737387955188,0.14757372885942466,0.0,0.08764800801873207,2.467030167579651,3.3050885915756223,4.808515834808351,0.0,0.02337874770164452,2.676991105079651,5.208900928497314,8.362266731262208
2045-01,2045-01-01,global_mlp,2026-03,26.727725,0.05693249590694904,2.5202420949935913,False,2.513533592224121,2513533.592224121,reported_conditioned_mlp,GRANE,,False,0.0,0.0,0.05693249590694904,0.0893333040177822,0.15850319415330888,0.0,0.08721745833754503,2.513533592224121,3.2672159910202017,4.690792655944824,0.0,0.0,2.5202420949935913,5.082228279113768,8.2764461517334
2045-02,2045-02-01,global_mlp,2026-03,26.727725,0.052127329632639885,2.3996165990829468,False,2.0167353749275208,2016735.3749275208,reported_conditioned_mlp,GRANE,,False,0.0,0.0,0.052127329632639885,0.08783859685063353,0.15389294028282177,0.0,0.0,2.0167353749275208,3.0966971635818483,4.56592516899109,0.0,0.0,2.3996165990829468,4.964266586303711,8.198507308959961
2045-03,2045-03-01,global_mlp,2026-03,26.727725,0.04046422988176346,2.329034924507141,False,1.966223120689392,1966223.120689392,reported_conditioned_mlp,GRANE,,False,0.0,0.0,0.04046422988176346,0.08121082186698914,0.15530211627483367,0.0,0.0,1.966223120689392,3.0116900682449335,4.588784503936768,0.0,0.0,2.329034924507141,4.8658835887908936,8.161867141723633
2045-04,2045-04-01,global_mlp,2026-03,26.727725,0.0469199288636446,2.219958186149597,False,2.621752381324768,2621752.381324768,reported_conditioned_mlp,GRANE,,False,0.0,0.0,0.0469199288636446,0.08375476524233817,0.14945745915174494,0.0,0.07571562230586883,2.621752381324768,3.37766535282135,4.647416830062866,0.0,0.0,2.219958186149597,4.770744609832762,8.068881988525392
2045-05,2045-05-01,global_mlp,2026-03,26.727725,0.05137794837355614,2.080824851989746,False,2.239073157310486,2239073.157310486,reported_conditioned_mlp,GRANE,,False,0.0,0.0,0.05137794837355614,0.09049521610140798,0.15781885981559754,0.0,0.0,2.239073157310486,3.151385378837585,4.6437318325042725,0.0,0.0,2.080824851989746,4.663917112350459,7.974944448471069
2045-06,2045-06-01,global_mlp,2026-03,26.727725,0.047388629987835884,1.95805162191391,False,2.3030195236206055,2303019.5236206055,reported_conditioned_mlp,GRANE,,False,0.0,0.0,0.047388629987835884,0.09391334280371666,0.14566254019737246,0.0,0.0,2.3030195236206055,3.0928504705429076,4.456771898269653,0.0,0.0,1.95805162191391,4.5488241195678665,7.863017177581788
2045-07,2045-07-01,global_mlp,2026-03,26.727725,0.04486166313290596,1.8590378761291504,False,2.2521332502365112,2252133.250236511,reported_conditioned_mlp,GRANE,,False,0.0,0.0,0.04486166313290596,0.08644305467605588,0.15291042476892477,0.0,0.0,2.2521332502365112,3.292895436286926,4.462771749496461,0.0,0.0,1.8590378761291504,4.444805288314817,7.769257211685182
2045-08,2045-08-01,global_mlp,2026-03,26.727725,0.04063381440937519,1.7786086201667786,False,1.9878968596458435,1987896.8596458435,reported_conditioned_mlp,GRANE,,False,0.0,0.0,0.04063381440937519,0.07789397612214088,0.14630639702081683,0.0,0.0,1.9878968596458435,2.8645667791366574,4.171861219406128,0.0,0.0,1.7786086201667786,4.326236724853513,7.742606544494629
2045-09,2045-09-01,global_mlp,2026-03,26.727725,0.044350720942020416,1.7015476822853088,False,2.1056491136550903,2105649.1136550903,reported_conditioned_mlp,GRANE,,False,0.0,0.0,0.044350720942020416,0.0790428601205349,0.14074960947036744,0.0,0.0,2.1056491136550903,3.0675574541091915,4.758908605575562,0.0,0.0,1.7015476822853088,4.261742734909057,7.668116712570191
2045-10,2045-10-01,global_mlp,2026-03,26.727725,0.04140834882855415,1.6149624586105347,False,2.321823239326477,2321823.239326477,reported_conditioned_mlp,GRANE,,False,0.0,0.0,0.04140834882855415,0.08366113603115077,0.14176463931798935,0.0,0.0,2.321823239326477,3.378121376037597,4.649656057357788,0.0,0.0,1.6149624586105347,4.230301094055175,7.543318462371826
2045-11,2045-11-01,global_mlp,2026-03,26.727725,0.0418101791292429,1.5239099860191345,False,2.1146315336227417,2114631.5336227417,reported_conditioned_mlp,GRANE,,False,0.0,0.0,0.0418101791292429,0.08315575048327438,0.14627059400081635,0.0,0.0,2.1146315336227417,3.3115931034088124,4.677941656112671,0.0,0.0,1.5239099860191345,4.180609464645385,7.36510491371155
2045-12,2045-12-01,global_mlp,2026-03,26.727725,0.03850513510406017,1.4544770121574402,False,1.8928444385528564,1892844.4385528564,reported_conditioned_mlp,GRANE,,False,0.0,0.0,0.03850513510406017,0.07979034110903738,0.14013849943876278,0.0,0.0,1.8928444385528564,3.2840374708175655,4.633055257797241,0.0,0.0,1.4544770121574402,4.107874488830565,7.224458169937137
2046-01,2046-01-01,global_mlp,2026-03,26.727725,0.03692471422255039,1.3621433973312378,False,1.8012003302574158,1801200.3302574158,reported_conditioned_mlp,GRANE,,False,0.0,0.0,0.03692471422255039,0.082145519554615,0.14497751742601395,0.0,0.0,1.8012003302574158,2.9527646780014027,4.242520570755007,0.0,0.0,1.3621433973312378,4.004123258590698,7.162833166122438
2046-02,2046-02-01,global_mlp,2026-03,26.727725,0.03326625004410744,1.2930076718330383,False,1.4498621225357056,1449862.1225357056,reported_conditioned_mlp,GRANE,,False,0.0,0.0,0.03326625004410744,0.08174954280257223,0.14416440427303318,0.0,0.0,1.4498621225357056,2.6019281864166253,4.164474964141846,0.0,0.0,1.2930076718330383,3.8649228096008295,7.09305353164673
2046-03,2046-03-01,global_mlp,2026-03,26.727725,0.019493299536406994,1.238027572631836,False,1.237826943397522,1237826.943397522,reported_conditioned_mlp,GRANE,,False,0.0,0.0,0.019493299536406994,0.07760118171572679,0.13439201563596728,0.0,0.0,1.237826943397522,2.660843777656553,4.147551298141481,0.0,0.0,1.238027572631836,3.7250965833663914,7.051089286804199
2046-04,2046-04-01,global_mlp,2026-03,26.727725,0.0366110447794199,1.1391502618789673,False,2.4396862983703613,2439686.2983703613,reported_conditioned_mlp,GRANE,,False,0.0,0.0,0.0366110447794199,0.079447504132986,0.12674235105514528,0.0,0.0,2.4396862983703613,3.284488749504089,4.715870428085327,0.0,0.0,1.1391502618789673,3.674876499176021,6.9874484062194835
2046-05,2046-05-01,global_mlp,2026-03,26.727725,0.041555821895599365,1.0473666191101074,False,2.1691455841064453,2169145.5841064453,reported_conditioned_mlp,GRANE,,False,0.0,0.0,0.041555821895599365,0.08334805592894552,0.14152524024248123,0.0,0.0,2.1691455841064453,3.0048358201980587,4.076743412017822,0.0,0.0,1.0473666191101074,3.5975591421127318,6.9273211002349875
2046-06,2046-06-01,global_mlp,2026-03,26.727725,0.03433108702301979,0.9688748717308044,False,2.088683009147644,2088683.009147644,reported_conditioned_mlp,GRANE,,False,0.0,0.0,0.03433108702301979,0.07520396485924719,0.13227797150611878,0.0,0.0,2.088683009147644,3.034246802330016,4.417416858673096,0.0,0.0,0.9688748717308044,3.5106971979141237,6.8829214096069355
2046-07,2046-07-01,global_mlp,2026-03,26.727725,0.028785900212824345,0.8728519380092621,False,2.0265644788742065,2026564.4788742065,reported_conditioned_mlp,GRANE,,False,0.0,0.0,0.028785900212824345,0.0711423821747302,0.1343130484223366,0.0,0.0,2.0265644788742065,3.2626323699951167,4.314489698410035,0.0,0.0,0.8728519380092621,3.360456562042231,6.84026484489441
2046-08,2046-08-01,global_mlp,2026-03,26.727725,0.0284361457452178,0.8220437467098236,False,1.8611693382263184,1861169.3382263184,reported_conditioned_mlp,GRANE,,False,0.0,0.0,0.0284361457452178,0.0687555618584156,0.13087846636772157,0.0,0.0,1.8611693382263184,2.912284970283508,4.08803129196167,0.0,0.0,0.8220437467098236,3.297262167930598,6.734192371368411
2046-09,2046-09-01,global_mlp,2026-03,26.727725,0.023523656651377678,0.771684318780899,False,1.8085522055625916,1808552.2055625916,reported_conditioned_mlp,GRANE,,False,0.0,0.0,0.023523656651377678,0.06828518956899642,0.11800521984696391,0.0,0.0,1.8085522055625916,2.9889792919158933,4.582566070556641,0.0,0.0,0.771684318780899,3.246062612533566,6.610582065582279
2046-10,2046-10-01,global_mlp,2026-03,26.727725,0.01794530265033245,0.6779085397720337,False,1.9292412400245667,1929241.2400245667,reported_conditioned_mlp,GRANE,,False,0.0,0.0,0.01794530265033245,0.0669259265065193,0.11867672726511957,0.0,0.0,1.9292412400245667,3.1457949399948117,4.58843765258789,0.0,0.0,0.6779085397720337,3.196908283233641,6.485519027709966
2046-11,2046-11-01,global_mlp,2026-03,26.727725,0.011532115750014782,0.525524914264679,False,1.3826394081115723,1382639.4081115723,reported_conditioned_mlp,GRANE,,False,0.0,0.0,0.011532115750014782,0.0730514720082283,0.13112211376428606,0.0,0.0,1.3826394081115723,2.958065891265869,4.569499444961548,0.0,0.0,0.525524914264679,3.082206487655637,6.392104244232183
2046-12,2046-12-01,global_mlp,2026-03,26.727725,0.0019878759048879147,0.39661705493927,False,1.3168659210205078,1316865.9210205078,reported_conditioned_mlp,GRANE,,False,0.0,0.0,0.0019878759048879147,0.06811154484748833,0.12503157258033754,0.0,0.0,1.3168659210205078,2.82993938922882,4.475169467926026,0.0,0.0,0.39661705493927,3.000325608253476,6.3112001895904575
2047-01,2047-01-01,global_mlp,2026-03,26.727725,0.0,0.2786315083503723,False,1.3710516691207886,1371051.6691207886,reported_conditioned_mlp,GRANE,,False,0.0,0.0,0.0,0.07657304406166075,0.13064304143190383,0.0,0.0,1.3710516691207886,2.7355102777481077,4.321055126190186,0.0,0.0,0.2786315083503723,2.907298779487609,6.253624534606936
2047-02,2047-02-01,global_mlp,2026-03,26.727725,0.0,0.18270616978406906,False,1.0130906701087952,1013090.6701087952,reported_conditioned_mlp,GRANE,,False,0.0,0.0,0.0,0.06971836015582074,0.12686362564563752,0.0,0.0,1.0130906701087952,2.531273889541626,3.9282690048217774,0.0,0.0,0.18270616978406906,2.779102945327756,6.203805971145631
2047-03,2047-03-01,global_mlp,2026-03,26.727725,0.0,0.1135740876197815,False,0.6476263105869293,647626.3105869293,reported_conditioned_mlp,GRANE,,False,0.0,0.0,0.0,0.061686273664236034,0.11991348788142206,0.0,0.0,0.6476263105869293,2.4727501153945903,4.161050367355348,0.0,0.0,0.1135740876197815,2.712885189056394,6.086924171447756
2047-04,2047-04-01,global_mlp,2026-03,26.727725,0.0,0.07246997207403183,False,2.007600426673889,2007600.4266738892,reported_conditioned_mlp,GRANE,,False,0.0,0.0,0.0,0.06671020463109015,0.12980167418718339,0.0,0.0,2.007600426673889,3.0426396846771238,4.496450567245484,0.0,0.0,0.07246997207403183,2.6086515188217145,6.029604148864748
2047-05,2047-05-01,global_mlp,2026-03,26.727725,0.0,0.0,False,1.6303661465644836,1630366.1465644836,reported_conditioned_mlp,GRANE,,False,0.0,0.0,0.0,0.0700334034860134,0.12643557488918306,0.0,0.0,1.6303661465644836,2.885983228683471,4.256516408920289,0.0,0.0,0.0,2.550802946090697,5.952990818023683
2047-06,2047-06-01,global_mlp,2026-03,26.727725,0.0,0.0,False,1.516730785369873,1516730.785369873,reported_conditioned_mlp,GRANE,,False,0.0,0.0,0.0,0.06562636271119117,0.12482977285981178,0.0,0.0,1.516730785369873,2.640900969505309,4.048294973373413,0.0,0.0,0.0,2.444197583198544,5.876601123809815
2047-07,2047-07-01,global_mlp,2026-03,26.727725,0.0,0.0,False,1.0977476835250854,1097747.6835250854,reported_conditioned_mlp,GRANE,,False,0.0,0.0,0.0,0.06194392293691634,0.12197115644812587,0.0,0.0,1.0977476835250854,2.966889190673828,4.30897765159607,0.0,0.0,0.0,2.382833600044248,5.797307300567629
2047-08,2047-08-01,global_mlp,2026-03,26.727725,0.0,0.0,False,1.1932438611984253,1193243.8611984253,reported_conditioned_mlp,GRANE,,False,0.0,0.0,0.0,0.061257699131965625,0.11664948686957367,0.0,0.0,1.1932438611984253,2.7140724897384643,3.8360495328903204,0.0,0.0,0.0,2.350721287727356,5.732188558578494
2047-09,2047-09-01,global_mlp,2026-03,26.727725,0.0,0.0,False,0.9789272844791412,978927.2844791412,reported_conditioned_mlp,GRANE,,False,0.0,0.0,0.0,0.05826227590441704,0.12464631646871567,0.0,0.0,0.9789272844791412,2.9007734060287476,4.370734453201295,0.0,0.0,0.0,2.242177271842956,5.685566616058352
2047-10,2047-10-01,global_mlp,2026-03,26.727725,0.0,0.0,False,1.1363731026649475,1136373.1026649475,reported_conditioned_mlp,GRANE,,False,0.0,0.0,0.0,0.058146781474351865,0.1148516178131104,0.0,0.0,1.1363731026649475,3.1175666570663445,4.468686628341675,0.0,0.0,0.0,2.1294572114944454,5.64081816673279
2047-11,2047-11-01,global_mlp,2026-03,26.727725,0.0,0.0,False,0.9240066111087799,924006.6111087799,reported_conditioned_mlp,GRANE,,False,0.0,0.0,0.0,0.05669999420642851,0.12417004406452183,0.0,0.0,0.9240066111087799,2.9534828186035154,4.510051059722901,0.0,0.0,0.0,2.010717225074768,5.5835773944854745
2047-12,2047-12-01,global_mlp,2026-03,26.727725,0.0,0.0,False,0.5733461678028107,573346.1678028107,reported_conditioned_mlp,GRANE,,False,0.0,0.0,0.0,0.06207548119127748,0.11894300729036332,0.0,0.0,0.5733461678028107,2.79304518699646,4.294633007049561,0.0,0.0,0.0,1.9192221045494067,5.5208936691284185
2048-01,2048-01-01,global_mlp,2026-03,26.727725,0.0,0.0,False,0.8665421009063721,866542.1009063721,reported_conditioned_mlp,GRANE,,False,0.0,0.0,0.0,0.06297733560204506,0.12524841576814652,0.0,0.0,0.8665421009063721,2.7688328981399533,3.9406414270401005,0.0,0.0,0.0,1.8662758827209465,5.466981029510499
2048-02,2048-02-01,global_mlp,2026-03,26.727725,0.0,0.0,False,0.2820504605770111,282050.4605770111,reported_conditioned_mlp,GRANE,,False,0.0,0.0,0.0,0.05564106628298758,0.11644289419054993,0.0,0.0,0.2820504605770111,2.444131875038146,4.040781259536743,0.0,0.0,0.0,1.7789722800254808,5.4050826072692875
2048-03,2048-03-01,global_mlp,2026-03,26.727725,0.0,0.0,False,0.0,0.0,reported_conditioned_mlp,GRANE,,False,0.0,0.0,0.0,0.04970730021595951,0.11484494134783746,0.0,0.0,0.0,2.563361859321592,3.9045173406600955,0.0,0.0,0.0,1.6993027091026305,5.323578548431397
2048-04,2048-04-01,global_mlp,2026-03,26.727725,0.0,0.0,False,1.2409526705741882,1240952.6705741882,reported_conditioned_mlp,GRANE,,False,0.0,0.0,0.0,0.06092767380177974,0.12874588966369632,0.0,0.0,1.2409526705741882,2.909789657592773,4.144031143188478,0.0,0.0,0.0,1.581060457229613,5.250880384445191
2048-05,2048-05-01,global_mlp,2026-03,26.727725,0.0,0.0,False,0.5375031232833862,537503.1232833862,reported_conditioned_mlp,GRANE,,False,0.0,0.0,0.0,0.06216090731322765,0.12690991312265407,0.0,0.0,0.5375031232833862,2.820208072662353,3.961136102676392,0.0,0.0,0.0,1.449481666088104,5.125008106231691
2048-06,2048-06-01,global_mlp,2026-03,26.727725,0.0,0.0,False,0.04883424565196037,48834.24565196037,reported_conditioned_mlp,GRANE,,False,0.0,0.0,0.0,0.059917569160461426,0.12096973955631257,0.0,0.0,0.04883424565196037,2.6184506177902214,3.7624777793884285,0.0,0.0,0.0,1.338497054576872,5.048501682281494
2048-07,2048-07-01,global_mlp,2026-03,26.727725,0.0,0.0,False,0.15564114600419998,155641.14600419998,reported_conditioned_mlp,GRANE,,False,0.0,0.0,0.0,0.05746161974966526,0.11396810412406923,0.0,0.0,0.15564114600419998,2.877232885360717,4.155566835403443,0.0,0.0,0.0,1.2407842278480516,4.9961966514587415
2048-08,2048-08-01,global_mlp,2026-03,26.727725,0.0,0.0,False,0.0,0.0,reported_conditioned_mlp,GRANE,,False,0.0,0.0,0.0,0.052930736541748014,0.11085042208433156,0.0,0.0,0.0,2.412243723869323,3.8121102571487437,0.0,0.0,0.0,1.1250422120094286,4.9433998584747325
2048-09,2048-09-01,global_mlp,2026-03,26.727725,0.0,0.0,False,0.0,0.0,reported_conditioned_mlp,GRANE,,False,0.0,0.0,0.0,0.04543698988854884,0.10878631845116617,0.0,0.0,0.0,2.5788833379745473,4.159379148483277,0.0,0.0,0.0,1.0844010472297663,4.895535516738892
2048-10,2048-10-01,global_mlp,2026-03,26.727725,0.0,0.0,False,0.0,0.0,reported_conditioned_mlp,GRANE,,False,0.0,0.0,0.0,0.042154167592525466,0.10593091621994975,0.0,0.0,0.0,2.7253035306930538,4.030349063873292,0.0,0.0,0.0,0.9952547907829269,4.779246473312378
2048-11,2048-11-01,global_mlp,2026-03,26.727725,0.0,0.0,False,0.0,0.0,reported_conditioned_mlp,GRANE,,False,0.0,0.0,0.0,0.04762807451188557,0.11497647389769557,0.0,0.0,0.0,2.6064903974533076,4.048292827606201,0.0,0.0,0.0,0.9364375114440918,4.683136463165284
2048-12,2048-12-01,global_mlp,2026-03,26.727725,0.0,0.0,False,0.0,0.0,reported_conditioned_mlp,GRANE,,False,0.0,0.0,0.0,0.043908070027828185,0.11182520538568497,0.0,0.0,0.0,2.5887316942214964,4.052703285217286,0.0,0.0,0.0,0.8741938948631284,4.617601251602174
2049-01,2049-01-01,global_mlp,2026-03,26.727725,0.0,0.0,False,0.0,0.0,reported_conditioned_mlp,GRANE,,False,0.0,0.0,0.0,0.049525897204875935,0.11267834529280665,0.0,0.0,0.0,2.3423210620880117,3.56718146800995,0.0,0.0,0.0,0.729699313640594,4.517784070968629
2049-02,2049-02-01,global_mlp,2026-03,26.727725,0.0,0.0,False,0.0,0.0,reported_conditioned_mlp,GRANE,,False,0.0,0.0,0.0,0.04027921669185157,0.10597860887646676,0.0,0.0,0.0,2.197175598144531,3.518017411231996,0.0,0.0,0.0,0.5990265190601343,4.4154575824737545
2049-03,2049-03-01,global_mlp,2026-03,26.727725,0.0,0.0,False,0.0,0.0,reported_conditioned_mlp,GRANE,,False,0.0,0.0,0.0,0.029216855205595468,0.09494203701615336,0.0,0.0,0.0,1.9567294478416426,3.5299635887146,0.0,0.0,0.0,0.4948624938726414,4.311533737182618
2049-04,2049-04-01,global_mlp,2026-03,26.727725,0.0,0.0,False,0.0,0.0,reported_conditioned_mlp,GRANE,,False,0.0,0.0,0.0,0.030919205956160975,0.0990599684417248,0.0,0.0,0.0,2.5073880672454822,4.208750677108768,0.0,0.0,0.0,0.43822880685329224,4.209200811386109
2049-05,2049-05-01,global_mlp,2026-03,26.727725,0.0,0.0,False,0.0,0.0,reported_conditioned_mlp,GRANE,,False,0.0,0.0,0.0,0.008294079918413794,0.1047905243933201,0.0,0.0,0.0,2.2691895961761466,3.7743346214294453,0.0,0.0,0.0,0.37261216640472333,4.111350488662722
2049-06,2049-06-01,global_mlp,2026-03,26.727725,0.0,0.0,False,0.0,0.0,reported_conditioned_mlp,GRANE,,False,0.0,0.0,0.0,0.014959615096449764,0.09573291763663293,0.0,0.0,0.0,2.3164840459823606,3.709318947792054,0.0,0.0,0.0,0.3313273221254343,4.040684795379643
2049-07,2049-07-01,global_mlp,2026-03,26.727725,0.0,0.0,False,0.0,0.0,reported_conditioned_mlp,GRANE,,False,0.0,0.0,0.0,0.009328016173094462,0.09073260724544525,0.0,0.0,0.0,2.519340038299559,4.013191461563112,0.0,0.0,0.0,0.26547639966011044,3.965448355674746
2049-08,2049-08-01,global_mlp,2026-03,26.727725,0.0,0.0,False,0.0,0.0,reported_conditioned_mlp,GRANE,,False,0.0,0.0,0.0,0.0,0.09218133687973024,0.0,0.0,0.0,2.113042020797728,3.7044068813323983,0.0,0.0,0.0,0.12592984288930809,3.9309958934783937
2049-09,2049-09-01,global_mlp,2026-03,26.727725,0.0,0.0,False,0.0,0.0,reported_conditioned_mlp,GRANE,,False,0.0,0.0,0.0,0.0,0.09378883838653566,0.0,0.0,0.0,2.0726443290710446,3.975855064392092,0.0,0.0,0.0,0.02912644594907498,3.8083793878555308
2049-10,2049-10-01,global_mlp,2026-03,26.727725,0.0,0.0,False,0.0,0.0,reported_conditioned_mlp,GRANE,,False,0.0,0.0,0.0,0.0,0.09240102991461756,0.0,0.0,0.0,2.430708289146423,3.8085065603256227,0.0,0.0,0.0,0.005497846752404333,3.74692966938019
2049-11,2049-11-01,global_mlp,2026-03,26.727725,0.0,0.0,False,0.0,0.0,reported_conditioned_mlp,GRANE,,False,0.0,0.0,0.0,0.0,0.09442153126001358,0.0,0.0,0.0,2.22762701511383,4.0601123809814474,0.0,0.0,0.0,0.0,3.625557518005373
2049-12,2049-12-01,global_mlp,2026-03,26.727725,0.0,0.0,False,0.0,0.0,reported_conditioned_mlp,GRANE,,False,0.0,0.0,0.0,0.0,0.09013221561908723,0.0,0.0,0.0,1.8125175952911374,3.6754621028900156,0.0,0.0,0.0,0.0,3.5084948062896766
2050-01,2050-01-01,global_mlp,2026-03,26.727725,0.0,0.0,False,0.0,0.0,reported_conditioned_mlp,GRANE,,False,0.0,0.0,0.0,0.0,0.09342204779386523,0.0,0.0,0.0,1.3924878120422337,3.228250575065614,0.0,0.0,0.0,0.0,3.4078664541244548
2050-02,2050-02-01,global_mlp,2026-03,26.727725,0.0,0.0,False,0.0,0.0,reported_conditioned_mlp,GRANE,,False,0.0,0.0,0.0,0.0,0.09119943603873254,0.0,0.0,0.0,1.4608677864074704,3.531559610366821,0.0,0.0,0.0,0.0,3.3300662994384798
2050-03,2050-03-01,global_mlp,2026-03,26.727725,0.0,0.0,False,0.0,0.0,reported_conditioned_mlp,GRANE,,False,0.0,0.0,0.0,0.0,0.08114432319998746,0.0,0.0,0.0,0.4820349812507625,3.303465318679811,0.0,0.0,0.0,0.0,3.2609090328216563
2050-04,2050-04-01,global_mlp,2026-03,26.727725,0.0,0.0,False,0.0,0.0,reported_conditioned_mlp,GRANE,,False,0.0,0.0,0.0,0.0,0.09096695259213451,0.0,0.0,0.0,1.9289677619934056,3.566016745567322,0.0,0.0,0.0,0.0,3.1807900190353395
2050-05,2050-05-01,global_mlp,2026-03,26.727725,0.0,0.0,False,0.0,0.0,reported_conditioned_mlp,GRANE,,False,0.0,0.0,0.0,0.0,0.08170057833194734,0.0,0.0,0.0,2.0810463428497314,3.3960352659225466,0.0,0.0,0.0,0.0,3.052788710594178
2050-06,2050-06-01,global_mlp,2026-03,26.727725,0.0,0.0,False,0.0,0.0,reported_conditioned_mlp,GRANE,,False,0.0,0.0,0.0,0.0,0.08211612850427628,0.0,0.0,0.0,1.8787645578384398,3.5419287204742433,0.0,0.0,0.0,0.0,2.955594277381897
2050-07,2050-07-01,global_mlp,2026-03,26.727725,0.0,0.0,False,0.0,0.0,reported_conditioned_mlp,GRANE,,False,0.0,0.0,0.0,0.0,0.07868143022060395,0.0,0.0,0.0,1.6187307000160203,3.5519514083862305,0.0,0.0,0.0,0.0,2.882883715629578
2050-08,2050-08-01,global_mlp,2026-03,26.727725,0.0,0.0,False,0.0,0.0,reported_conditioned_mlp,GRANE,,False,0.0,0.0,0.0,0.0,0.07087419033050553,0.0,0.0,0.0,1.117866945266717,3.2868809700012207,0.0,0.0,0.0,0.0,2.7767234563827516
2050-09,2050-09-01,global_mlp,2026-03,26.727725,0.0,0.0,False,0.0,0.0,reported_conditioned_mlp,GRANE,,False,0.0,0.0,0.0,0.0,0.07745930105447774,0.0,0.0,0.0,1.1271779060363754,3.8711715936660767,0.0,0.0,0.0,0.0,2.6708285331726085
2050-10,2050-10-01,global_mlp,2026-03,26.727725,0.0,0.0,False,0.0,0.0,reported_conditioned_mlp,GRANE,,False,0.0,0.0,0.0,0.0,0.08030671328306198,0.0,0.0,0.0,0.5118757367134028,3.5696593761444095,0.0,0.0,0.0,0.0,2.5549920082092292
2050-11,2050-11-01,global_mlp,2026-03,26.727725,0.0,0.0,False,0.0,0.0,reported_conditioned_mlp,GRANE,,False,0.0,0.0,0.0,0.0,0.07807680219411853,0.0,0.0,0.0,1.0956324815750111,3.406577467918397,0.0,0.0,0.0,0.0,2.48234055042267
2050-12,2050-12-01,global_mlp,2026-03,26.727725,0.0,0.0,False,0.0,0.0,reported_conditioned_mlp,GRANE,,False,0.0,0.0,0.0,0.0,0.07858934774994851,0.0,0.0,0.0,0.8902951240539478,3.5953738927841212,0.0,0.0,0.0,0.0,2.4289047956466696
2051-01,2051-01-01,global_mlp,2026-03,26.727725,0.0,0.0,False,0.0,0.0,reported_conditioned_mlp,GRANE,,False,0.0,0.0,0.0,0.0,0.07779098376631738,0.0,0.0,0.0,0.0,3.0237359046936034,0.0,0.0,0.0,0.0,2.404124546051027
2051-02,2051-02-01,global_mlp,2026-03,26.727725,0.0,0.0,False,0.0,0.0,reported_conditioned_mlp,GRANE,,False,0.0,0.0,0.0,0.0,0.07633526846766474,0.0,0.0,0.0,0.0,3.008998560905458,0.0,0.0,0.0,0.0,2.3703393459320075
2051-03,2051-03-01,global_mlp,2026-03,26.727725,0.0,0.0,False,0.0,0.0,reported_conditioned_mlp,GRANE,,False,0.0,0.0,0.0,0.0,0.07378714978694918,0.0,0.0,0.0,0.0,2.848378443717957,0.0,0.0,0.0,0.0,2.3583218812942506
