month,date,variant,cutoff_month,remaining_reserves_start_msm3oe,production_forecast_msm3oe,remaining_reserves_end_msm3oe,production_was_clipped,fuel_gas_forecast_msm3,fuel_gas_forecast_sm3,fuel_forecast_method,fuel_source_field,fuel_zero_from_month,fuel_zero_override_applied,production_forecast_msm3oe_q10,production_forecast_msm3oe_q30,production_forecast_msm3oe_q50,production_forecast_msm3oe_q70,production_forecast_msm3oe_q90,fuel_gas_forecast_msm3_q10,fuel_gas_forecast_msm3_q30,fuel_gas_forecast_msm3_q50,fuel_gas_forecast_msm3_q70,fuel_gas_forecast_msm3_q90,remaining_reserves_end_msm3oe_q10,remaining_reserves_end_msm3oe_q30,remaining_reserves_end_msm3oe_q50,remaining_reserves_end_msm3oe_q70,remaining_reserves_end_msm3oe_q90
2026-04,2026-04-01,global_mlp,2026-03,7.996970999999999,0.07603722810745239,7.920933961868286,False,0.0,0.0,external_power_zero,Edvard Grieg,,False,0.054736148193478586,0.06637027114629745,0.07603722810745239,0.08724810481071472,0.10548417121171952,0.0,0.0,0.0,0.0,0.0,7.891487169265747,7.909723234176636,7.920933961868286,7.930600881576538,7.942234897613526
2026-05,2026-05-01,global_mlp,2026-03,7.996970999999999,0.07550795003771782,7.845054388046265,False,0.0,0.0,external_power_zero,Edvard Grieg,,False,0.053018304705619815,0.06769441366195679,0.07550795003771782,0.08451281338930128,0.10337992385029793,0.0,0.0,0.0,0.0,0.0,7.789713048934937,7.828687334060669,7.845054388046265,7.86159987449646,7.879205417633057
2026-06,2026-06-01,global_mlp,2026-03,7.996970999999999,0.0703466646373272,7.775688409805298,False,0.0,0.0,external_power_zero,Edvard Grieg,,False,0.05001111514866352,0.06164408810436726,0.0703466646373272,0.08464468717575073,0.10211896449327472,0.0,0.0,0.0,0.0,0.0,7.695460462570191,7.746547031402588,7.775688409805298,7.79694619178772,7.822073364257813
2026-07,2026-07-01,global_mlp,2026-03,7.996970999999999,0.07289823517203331,7.703388690948486,False,0.0,0.0,external_power_zero,Edvard Grieg,,False,0.04927904158830643,0.061914869025349616,0.07289823517203331,0.08644911646842955,0.10325587391853333,0.0,0.0,0.0,0.0,0.0,7.598517894744873,7.662197303771973,7.703388690948486,7.731774425506591,7.769686698913574
2026-08,2026-08-01,global_mlp,2026-03,7.996970999999999,0.07165412604808807,7.6288416385650635,False,0.0,0.0,external_power_zero,Edvard Grieg,,False,0.047857027128338815,0.06043531037867069,0.07165412604808807,0.08450569435954093,0.1043694205582142,0.0,0.0,0.0,0.0,0.0,7.5034215450286865,7.582895421981812,7.6288416385650635,7.66452465057373,7.714600610733032
2026-09,2026-09-01,global_mlp,2026-03,7.996970999999999,0.07197554036974907,7.560532808303833,False,0.0,0.0,external_power_zero,Edvard Grieg,,False,0.043533709645271305,0.05904450230300426,0.07197554036974907,0.08293934166431427,0.10332815051078799,0.0,0.0,0.0,0.0,0.0,7.408791637420654,7.503804445266724,7.560532808303833,7.59975757598877,7.666123151779175
2026-10,2026-10-01,global_mlp,2026-03,7.996970999999999,0.07118860259652138,7.490665912628174,False,0.0,0.0,external_power_zero,Edvard Grieg,,False,0.045099418982863425,0.05900211408734322,0.07118860259652138,0.08373207077383994,0.10595764145255089,0.0,0.0,0.0,0.0,0.0,7.308785676956177,7.42624797821045,7.490665912628174,7.537619733810425,7.61067681312561
2026-11,2026-11-01,global_mlp,2026-03,7.996970999999999,0.07258093357086182,7.423454761505127,False,0.0,0.0,external_power_zero,Edvard Grieg,,False,0.04229567311704159,0.060159020498394965,0.07258093357086182,0.08456732779741287,0.10432845652103426,0.0,0.0,0.0,0.0,0.0,7.218748331069946,7.3377540588378904,7.423454761505127,7.4717203140258786,7.552281904220581
2026-12,2026-12-01,global_mlp,2026-03,7.996970999999999,0.07277067378163338,7.3518407344818115,False,0.0,0.0,external_power_zero,Edvard Grieg,,False,0.03914034850895405,0.06125787794589996,0.07277067378163338,0.08472779095172878,0.10966597050428392,0.0,0.0,0.0,0.0,0.0,7.11083345413208,7.255071353912354,7.3518407344818115,7.40621862411499,7.497835540771485
2027-01,2027-01-01,global_mlp,2026-03,7.996970999999999,0.07072340324521065,7.282306909561157,False,0.0,0.0,external_power_zero,Edvard Grieg,,False,0.03785101026296616,0.05751841366291046,0.07072340324521065,0.08561513945460318,0.10896633490920067,0.0,0.0,0.0,0.0,0.0,7.021185731887817,7.175924158096313,7.282306909561157,7.342999696731567,7.449783658981323
2027-02,2027-02-01,global_mlp,2026-03,7.996970999999999,0.06913507729768753,7.212873220443726,False,0.0,0.0,external_power_zero,Edvard Grieg,,False,0.03559622503817082,0.05483044609427452,0.06913507729768753,0.08235449269413948,0.10575769916176796,0.0,0.0,0.0,0.0,0.0,6.923382997512817,7.096385192871094,7.212873220443726,7.2901163578033445,7.4085980415344235
2027-03,2027-03-01,global_mlp,2026-03,7.996970999999999,0.06433175504207611,7.154825687408447,False,0.0,0.0,external_power_zero,Edvard Grieg,,False,0.028633736260235316,0.05060002617537975,0.06433175504207611,0.07905399873852728,0.10561990961432458,0.0,0.0,0.0,0.0,0.0,6.8190842628479,7.023098278045654,7.154825687408447,7.231362771987915,7.362004566192627
2027-04,2027-04-01,global_mlp,2026-03,7.996970999999999,0.06010823883116245,7.0896079540252686,False,0.0,0.0,external_power_zero,Edvard Grieg,,False,0.032120998948812485,0.048589525744318955,0.06010823883116245,0.0734140060842037,0.10564970225095749,0.0,0.0,0.0,0.0,0.0,6.722135877609253,6.961666107177734,7.0896079540252686,7.177203369140625,7.318214702606201
2027-05,2027-05-01,global_mlp,2026-03,7.996970999999999,0.05639322102069855,7.033949851989746,False,0.0,0.0,external_power_zero,Edvard Grieg,,False,0.030351827666163445,0.04613384567201138,0.05639322102069855,0.07001957222819327,0.10054370984435085,0.0,0.0,0.0,0.0,0.0,6.6207396507263185,6.898370742797852,7.033949851989746,7.129348564147949,7.274645662307739
2027-06,2027-06-01,global_mlp,2026-03,7.996970999999999,0.05537169426679611,6.9721081256866455,False,0.0,0.0,external_power_zero,Edvard Grieg,,False,0.030327809043228626,0.04471836499869823,0.05537169426679611,0.06811060830950734,0.10130706802010543,0.0,0.0,0.0,0.0,0.0,6.5515319347381595,6.827090263366699,6.9721081256866455,7.083207893371582,7.229883527755738
2027-07,2027-07-01,global_mlp,2026-03,7.996970999999999,0.05760723724961281,6.910421133041382,False,0.0,0.0,external_power_zero,Edvard Grieg,,False,0.029419932328164578,0.043910753726959226,0.05760723724961281,0.07051644176244734,0.10027045384049423,0.0,0.0,0.0,0.0,0.0,6.451634645462036,6.758290529251099,6.910421133041382,7.029778337478637,7.196141910552979
2027-08,2027-08-01,global_mlp,2026-03,7.996970999999999,0.05363253504037857,6.855807781219482,False,0.0,0.0,external_power_zero,Edvard Grieg,,False,0.029193675890564923,0.04190709106624126,0.05363253504037857,0.06594616249203682,0.09698856696486476,0.0,0.0,0.0,0.0,0.0,6.370132112503052,6.694928741455078,6.855807781219482,6.987173557281494,7.15095853805542
2027-09,2027-09-01,global_mlp,2026-03,7.996970999999999,0.056503718718886375,6.796658992767334,False,0.0,0.0,external_power_zero,Edvard Grieg,,False,0.028886420466005803,0.04375976659357548,0.056503718718886375,0.06861964985728262,0.09745157659053805,0.0,0.0,0.0,0.0,0.0,6.275202751159668,6.62275538444519,6.796658992767334,6.938762855529785,7.1090000629425045
2027-10,2027-10-01,global_mlp,2026-03,7.996970999999999,0.05308624729514122,6.74596905708313,False,0.0,0.0,external_power_zero,Edvard Grieg,,False,0.023664448224008084,0.04127749837934971,0.05308624729514122,0.06549912765622139,0.09521078988909726,0.0,0.0,0.0,0.0,0.0,6.189467239379883,6.554616641998291,6.74596905708313,6.902968120574951,7.059194087982178
2027-11,2027-11-01,global_mlp,2026-03,7.996970999999999,0.05512954480946064,6.680574178695679,False,0.0,0.0,external_power_zero,Edvard Grieg,,False,0.025079569406807424,0.04320329576730728,0.05512954480946064,0.0670621559023857,0.10461648628115654,0.0,0.0,0.0,0.0,0.0,6.089886713027954,6.489780473709106,6.680574178695679,6.8510112285614015,7.025114250183106
2027-12,2027-12-01,global_mlp,2026-03,7.996970999999999,0.056843891739845276,6.633964538574219,False,0.0,0.0,external_power_zero,Edvard Grieg,,False,0.02291656658053398,0.04236105531454086,0.056843891739845276,0.0709337554872036,0.10313618257641793,0.0,0.0,0.0,0.0,0.0,6.019686651229859,6.422381162643433,6.633964538574219,6.793730115890503,6.999941825866699
2028-01,2028-01-01,global_mlp,2026-03,7.996970999999999,0.052221909165382385,6.5844926834106445,False,0.0,0.0,external_power_zero,Edvard Grieg,,False,0.023415254428982735,0.038625492900609966,0.052221909165382385,0.07009140476584433,0.10723463818430903,0.0,0.0,0.0,0.0,0.0,5.915713119506836,6.356446409225464,6.5844926834106445,6.750954246520996,6.973110008239746
2028-02,2028-02-01,global_mlp,2026-03,7.996970999999999,0.05387912504374981,6.530978441238403,False,0.0,0.0,external_power_zero,Edvard Grieg,,False,0.021841190755367283,0.040602083504199984,0.05387912504374981,0.07023395597934722,0.10652410835027697,0.0,0.0,0.0,0.0,0.0,5.825611400604248,6.285610723495483,6.530978441238403,6.703928804397583,6.9375739097595215
2028-03,2028-03-01,global_mlp,2026-03,7.996970999999999,0.0495794378221035,6.483767032623291,False,0.0,0.0,external_power_zero,Edvard Grieg,,False,0.01935443654656411,0.03541411347687244,0.0495794378221035,0.06350205987691877,0.10281233191490174,0.0,0.0,0.0,0.0,0.0,5.733223390579224,6.233199787139893,6.483767032623291,6.663908624649048,6.906577491760254
2028-04,2028-04-01,global_mlp,2026-03,7.996970999999999,0.04871739074587822,6.429431200027466,False,0.0,0.0,external_power_zero,Edvard Grieg,,False,0.019483990035951138,0.037086558714509006,0.04871739074587822,0.06457616388797756,0.09734146818518641,0.0,0.0,0.0,0.0,0.0,5.61900110244751,6.175520277023315,6.429431200027466,6.624379110336304,6.8687821388244625
2028-05,2028-05-01,global_mlp,2026-03,7.996970999999999,0.045719750225543976,6.384553670883179,False,0.0,0.0,external_power_zero,Edvard Grieg,,False,0.020238312333822252,0.03404965586960316,0.045719750225543976,0.05958500020205973,0.08885707780718806,0.0,0.0,0.0,0.0,0.0,5.514879512786865,6.130933856964111,6.384553670883179,6.586329555511474,6.843659353256226
2028-06,2028-06-01,global_mlp,2026-03,7.996970999999999,0.043654315173625946,6.334973335266113,False,0.0,0.0,external_power_zero,Edvard Grieg,,False,0.017586307786405086,0.03360013067722321,0.043654315173625946,0.05855491273105143,0.08972785100340844,0.0,0.0,0.0,0.0,0.0,5.420969247817993,6.085573005676269,6.334973335266113,6.535196065902709,6.832455015182495
2028-07,2028-07-01,global_mlp,2026-03,7.996970999999999,0.04473054222762585,6.293712615966797,False,0.0,0.0,external_power_zero,Edvard Grieg,,False,0.01902473121881485,0.033069506660103797,0.04473054222762585,0.05586938224732876,0.08596862331032754,0.0,0.0,0.0,0.0,0.0,5.341815567016601,6.036662340164185,6.293712615966797,6.498099374771118,6.80463137626648
2028-08,2028-08-01,global_mlp,2026-03,7.996970999999999,0.04236411862075329,6.252243518829346,False,0.0,0.0,external_power_zero,Edvard Grieg,,False,0.01829948090016842,0.03241171389818191,0.04236411862075329,0.05600550584495067,0.08544048666954042,0.0,0.0,0.0,0.0,0.0,5.264511680603027,5.970458889007569,6.252243518829346,6.466056680679321,6.763898849487306
2028-09,2028-09-01,global_mlp,2026-03,7.996970999999999,0.04315088130533695,6.20526123046875,False,0.0,0.0,external_power_zero,Edvard Grieg,,False,0.01640925444662571,0.032034163177013394,0.04315088130533695,0.05622965320944786,0.08611176311969758,0.0,0.0,0.0,0.0,0.0,5.184921836853027,5.908888864517212,6.20526123046875,6.434209728240966,6.735942602157593
2028-10,2028-10-01,global_mlp,2026-03,7.996970999999999,0.043798331171274185,6.164147615432739,False,0.0,0.0,external_power_zero,Edvard Grieg,,False,0.015019188635051252,0.032154280692338943,0.043798331171274185,0.05389146842062472,0.08644726797938349,0.0,0.0,0.0,0.0,0.0,5.1174486637115475,5.858461666107178,6.164147615432739,6.390758609771728,6.698869276046753
2028-11,2028-11-01,global_mlp,2026-03,7.996970999999999,0.04441492259502411,6.125463485717773,False,0.0,0.0,external_power_zero,Edvard Grieg,,False,0.015411359537392855,0.032682040333747865,0.04441492259502411,0.059731845557689664,0.08763745054602627,0.0,0.0,0.0,0.0,0.0,5.050936508178711,5.796443033218384,6.125463485717773,6.350017881393432,6.679535961151124
2028-12,2028-12-01,global_mlp,2026-03,7.996970999999999,0.042113978415727615,6.085541248321533,False,0.0,0.0,external_power_zero,Edvard Grieg,,False,0.013833997305482628,0.031773296371102336,0.042113978415727615,0.06106381751596926,0.09219418689608574,0.0,0.0,0.0,0.0,0.0,4.953709506988526,5.747819423675537,6.085541248321533,6.315047693252564,6.650745820999146
2029-01,2029-01-01,global_mlp,2026-03,7.996970999999999,0.04308335483074188,6.046344518661499,False,0.0,0.0,external_power_zero,Edvard Grieg,,False,0.013904424291104079,0.03112345729023218,0.04308335483074188,0.05935986824333667,0.08796409815549852,0.0,0.0,0.0,0.0,0.0,4.869784784317017,5.701741886138916,6.046344518661499,6.269910478591918,6.616449689865113
2029-02,2029-02-01,global_mlp,2026-03,7.996970999999999,0.04001125134527683,6.0082597732543945,False,0.0,0.0,external_power_zero,Edvard Grieg,,False,0.012311585340648891,0.029547901824116703,0.04001125134527683,0.055703018233180045,0.08792616650462155,0.0,0.0,0.0,0.0,0.0,4.7897826671600345,5.658603954315185,6.0082597732543945,6.238963747024536,6.593026876449585
2029-03,2029-03-01,global_mlp,2026-03,7.996970999999999,0.03829101473093033,5.974172353744507,False,0.0,0.0,external_power_zero,Edvard Grieg,,False,0.010217263828963043,0.025937080010771753,0.03829101473093033,0.051893401518464076,0.08440438583493233,0.0,0.0,0.0,0.0,0.0,4.732225036621093,5.615596199035645,5.974172353744507,6.200336217880249,6.56982946395874
2029-04,2029-04-01,global_mlp,2026-03,7.996970999999999,0.037674907594919205,5.946425676345825,False,0.0,0.0,external_power_zero,Edvard Grieg,,False,0.01577673070132733,0.026312237791717052,0.037674907594919205,0.05389464050531386,0.07611102834343911,0.0,0.0,0.0,0.0,0.0,4.671441173553466,5.5746644020080565,5.946425676345825,6.175536155700684,6.550533246994019
2029-05,2029-05-01,global_mlp,2026-03,7.996970999999999,0.03520123101770878,5.916935682296753,False,0.0,0.0,external_power_zero,Edvard Grieg,,False,0.01292689805850387,0.026451658643782138,0.03520123101770878,0.04784413576126098,0.07522442340850836,0.0,0.0,0.0,0.0,0.0,4.62368745803833,5.520775890350341,5.916935682296753,6.138515520095824,6.530886507034302
2029-06,2029-06-01,global_mlp,2026-03,7.996970999999999,0.03557786904275417,5.889625072479248,False,0.0,0.0,external_power_zero,Edvard Grieg,,False,0.010691412724554539,0.026061411388218398,0.03557786904275417,0.04749097339808941,0.07424351125955583,0.0,0.0,0.0,0.0,0.0,4.554083347320557,5.46157431602478,5.889625072479248,6.11320481300354,6.511684226989746
2029-07,2029-07-01,global_mlp,2026-03,7.996970999999999,0.0346616730093956,5.854571580886841,False,0.0,0.0,external_power_zero,Edvard Grieg,,False,0.011602780222892762,0.024776823446154592,0.0346616730093956,0.04587392657995224,0.07548151165246965,0.0,0.0,0.0,0.0,0.0,4.478481483459473,5.410193538665771,5.854571580886841,6.084130096435547,6.478310155868531
2029-08,2029-08-01,global_mlp,2026-03,7.996970999999999,0.036485008895397186,5.818528890609741,False,0.0,0.0,external_power_zero,Edvard Grieg,,False,0.008968752436339855,0.024648883938789362,0.036485008895397186,0.047415220364928234,0.0731057718396187,0.0,0.0,0.0,0.0,0.0,4.398253297805787,5.368193912506103,5.818528890609741,6.0698759078979485,6.462203073501587
2029-09,2029-09-01,global_mlp,2026-03,7.996970999999999,0.03408174589276314,5.778072357177734,False,0.0,0.0,external_power_zero,Edvard Grieg,,False,0.008790981490164995,0.023331958614289758,0.03408174589276314,0.047305703163146966,0.07430331781506538,0.0,0.0,0.0,0.0,0.0,4.339048957824708,5.329996156692505,5.778072357177734,6.045032262802124,6.450359773635864
2029-10,2029-10-01,global_mlp,2026-03,7.996970999999999,0.03147159889340401,5.733142852783203,False,0.0,0.0,external_power_zero,Edvard Grieg,,False,0.007879270846024158,0.022038696706295012,0.03147159889340401,0.044283152744174,0.0708686500787735,0.0,0.0,0.0,0.0,0.0,4.2540527343750005,5.278879880905151,5.733142852783203,6.028483438491821,6.432019805908204
2029-11,2029-11-01,global_mlp,2026-03,7.996970999999999,0.034712132066488266,5.704622745513916,False,0.0,0.0,external_power_zero,Edvard Grieg,,False,0.011468202713876963,0.024235131219029423,0.034712132066488266,0.04719823449850082,0.0757747031748295,0.0,0.0,0.0,0.0,0.0,4.15483455657959,5.234761810302734,5.704622745513916,5.997241544723511,6.41482138633728
2029-12,2029-12-01,global_mlp,2026-03,7.996970999999999,0.03511865437030792,5.662477493286133,False,0.0,0.0,external_power_zero,Edvard Grieg,,False,0.007879126258194447,0.024074948020279405,0.03511865437030792,0.048553866520524014,0.0724379487335682,0.0,0.0,0.0,0.0,0.0,4.120400476455688,5.192640876770019,5.662477493286133,5.963080358505248,6.3958652973175045
2030-01,2030-01-01,global_mlp,2026-03,7.996970999999999,0.033365242183208466,5.619279146194458,False,0.0,0.0,external_power_zero,Edvard Grieg,,False,0.009588640369474889,0.022825965471565724,0.033365242183208466,0.04905170165002346,0.07482145726680756,0.0,0.0,0.0,0.0,0.0,4.056227731704712,5.157371854782104,5.619279146194458,5.943876028060913,6.376219749450684
2030-02,2030-02-01,global_mlp,2026-03,7.996970999999999,0.03431639261543751,5.570617198944092,False,0.0,0.0,external_power_zero,Edvard Grieg,,False,0.008120303833857184,0.02126118522137403,0.03431639261543751,0.04720541276037692,0.07598578929901123,0.0,0.0,0.0,0.0,0.0,4.028386354446411,5.11065788269043,5.570617198944092,5.919339227676391,6.357690525054932
2030-03,2030-03-01,global_mlp,2026-03,7.996970999999999,0.030556361190974712,5.543312311172485,False,0.0,0.0,external_power_zero,Edvard Grieg,,False,0.004371666582301263,0.020407839119434355,0.030556361190974712,0.043467207998037334,0.0694952592253685,0.0,0.0,0.0,0.0,0.0,3.986946678161621,5.072228193283081,5.543312311172485,5.9006383419036865,6.344798278808594
2030-04,2030-04-01,global_mlp,2026-03,7.996970999999999,0.030919690616428852,5.523007392883301,False,0.0,0.0,external_power_zero,Edvard Grieg,,False,0.008647690340876582,0.019513351470232008,0.030919690616428852,0.0436286486685276,0.0681801587343216,0.0,0.0,0.0,0.0,0.0,3.954458737373352,5.023724508285523,5.523007392883301,5.885222005844116,6.320870351791382
2030-05,2030-05-01,global_mlp,2026-03,7.996970999999999,0.030099820345640182,5.495348930358887,False,0.0,0.0,external_power_zero,Edvard Grieg,,False,0.006996201863512397,0.02057168502360582,0.030099820345640182,0.04140107966959476,0.06372479274868967,0.0,0.0,0.0,0.0,0.0,3.921642518043518,4.999054336547851,5.495348930358887,5.867993068695068,6.2972735404968265
2030-06,2030-06-01,global_mlp,2026-03,7.996970999999999,0.02940080687403679,5.459408521652222,False,0.0,0.0,external_power_zero,Edvard Grieg,,False,0.009263910073786975,0.01939143668860197,0.02940080687403679,0.042418592423200605,0.0637640342116356,0.0,0.0,0.0,0.0,0.0,3.840208697319031,4.943949222564697,5.459408521652222,5.8432341575622555,6.272181606292725
2030-07,2030-07-01,global_mlp,2026-03,7.996970999999999,0.029390054754912853,5.435476541519165,False,0.0,0.0,external_power_zero,Edvard Grieg,,False,0.007272027246654034,0.019100343994796272,0.029390054754912853,0.042055307701230046,0.06098065376281739,0.0,0.0,0.0,0.0,0.0,3.79049711227417,4.921073627471924,5.435476541519165,5.818407392501831,6.243489694595337
2030-08,2030-08-01,global_mlp,2026-03,7.996970999999999,0.027421158738434315,5.397787094116211,False,0.0,0.0,external_power_zero,Edvard Grieg,,False,0.007802787935361267,0.017947394400835037,0.027421158738434315,0.03902558498084544,0.06105827428400517,0.0,0.0,0.0,0.0,0.0,3.7564317226409916,4.883866786956787,5.397787094116211,5.783833789825439,6.218029975891113
2030-09,2030-09-01,global_mlp,2026-03,7.996970999999999,0.02658194862306118,5.388980865478516,False,0.0,0.0,external_power_zero,Edvard Grieg,,False,0.005664323642849922,0.017336447164416312,0.02658194862306118,0.03836080916225909,0.06123667694628239,0.0,0.0,0.0,0.0,0.0,3.711250066757202,4.851077365875244,5.388980865478516,5.7546806812286375,6.189936923980713
2030-10,2030-10-01,global_mlp,2026-03,7.996970999999999,0.026419121772050858,5.368629693984985,False,0.0,0.0,external_power_zero,Edvard Grieg,,False,0.0042993508744984905,0.016700397431850433,0.026419121772050858,0.03889940865337849,0.06042952649295331,0.0,0.0,0.0,0.0,0.0,3.6614891290664673,4.839636564254761,5.368629693984985,5.7363667488098145,6.172127199172974
2030-11,2030-11-01,global_mlp,2026-03,7.996970999999999,0.029409860260784626,5.336947917938232,False,0.0,0.0,external_power_zero,Edvard Grieg,,False,0.007666990906000139,0.020003099739551545,0.029409860260784626,0.04092614538967609,0.06520480513572693,0.0,0.0,0.0,0.0,0.0,3.6057783126831056,4.793327045440674,5.336947917938232,5.721167421340942,6.155198192596436
2030-12,2030-12-01,global_mlp,2026-03,7.996970999999999,0.02687862515449524,5.294857978820801,False,0.0,0.0,external_power_zero,Edvard Grieg,,False,0.006859601382166151,0.017220283858478066,0.02687862515449524,0.03841114118695258,0.06188697814941407,0.0,0.0,0.0,0.0,0.0,3.5631648302078247,4.762517881393433,5.294857978820801,5.712986135482788,6.138744449615479
2031-01,2031-01-01,global_mlp,2026-03,7.996970999999999,0.026514320634305477,5.26346755027771,False,0.0,0.0,external_power_zero,Edvard Grieg,,False,0.006146565452218056,0.017226497083902358,0.026514320634305477,0.03940486647188663,0.06275259926915171,0.0,0.0,0.0,0.0,0.0,3.535522270202637,4.730314493179321,5.26346755027771,5.690960693359375,6.1347010135650635
2031-02,2031-02-01,global_mlp,2026-03,7.996970999999999,0.026354998350143433,5.216731786727905,False,0.0,0.0,external_power_zero,Edvard Grieg,,False,0.004546874156221748,0.017030532471835613,0.026354998350143433,0.04090614542365074,0.060758807882666604,0.0,0.0,0.0,0.0,0.0,3.4806803703308105,4.682168436050415,5.216731786727905,5.661244297027587,6.125552940368652
2031-03,2031-03-01,global_mlp,2026-03,7.996970999999999,0.022402236238121986,5.181070566177368,False,0.0,0.0,external_power_zero,Edvard Grieg,,False,0.0012227259809151306,0.01293769609183073,0.022402236238121986,0.036864693835377695,0.058342423662543316,0.0,0.0,0.0,0.0,0.0,3.4431576490402223,4.634156703948975,5.181070566177368,5.646923494338989,6.1001305103302
2031-04,2031-04-01,global_mlp,2026-03,7.996970999999999,0.024481202475726604,5.164414405822754,False,0.0,0.0,external_power_zero,Edvard Grieg,,False,0.007198477350175381,0.016207197681069374,0.024481202475726604,0.03451474532485007,0.05555787384510041,0.0,0.0,0.0,0.0,0.0,3.3870682716369633,4.579114627838135,5.164414405822754,5.61598310470581,6.085118198394776
2031-05,2031-05-01,global_mlp,2026-03,7.996970999999999,0.023008563555777073,5.143160343170166,False,0.0,0.0,external_power_zero,Edvard Grieg,,False,0.00634325840510428,0.015608756709843874,0.023008563555777073,0.033943511545658105,0.051174984127283094,0.0,0.0,0.0,0.0,0.0,3.30886595249176,4.546514797210693,5.143160343170166,5.568277215957641,6.065741968154907
2031-06,2031-06-01,global_mlp,2026-03,7.996970999999999,0.023808171972632408,5.128947019577026,False,0.0,0.0,external_power_zero,Edvard Grieg,,False,0.004702622862532736,0.0155431586317718,0.023808171972632408,0.03297799415886402,0.051879108324646955,0.0,0.0,0.0,0.0,0.0,3.276116466522217,4.511398124694824,5.128947019577026,5.548175477981567,6.048967170715333
2031-07,2031-07-01,global_mlp,2026-03,7.996970999999999,0.022799511440098286,5.109473466873169,False,0.0,0.0,external_power_zero,Edvard Grieg,,False,0.005361127201467753,0.01531016556546092,0.022799511440098286,0.032708063721656785,0.052788053080439566,0.0,0.0,0.0,0.0,0.0,3.244410753250122,4.479758834838867,5.109473466873169,5.543344306945801,6.039505958557129
2031-08,2031-08-01,global_mlp,2026-03,7.996970999999999,0.021730177104473114,5.074476957321167,False,0.0,0.0,external_power_zero,Edvard Grieg,,False,0.0036431874381378294,0.013977410458028316,0.021730177104473114,0.031636426597833625,0.05003645308315756,0.0,0.0,0.0,0.0,0.0,3.2079610347747805,4.449824714660644,5.074476957321167,5.522877979278564,6.027456760406494
2031-09,2031-09-01,global_mlp,2026-03,7.996970999999999,0.023126283660531044,5.037611246109009,False,0.0,0.0,external_power_zero,Edvard Grieg,,False,0.004156385501846672,0.013906436972320078,0.023126283660531044,0.0341400299221277,0.05346638374030591,0.0,0.0,0.0,0.0,0.0,3.1751734972000123,4.386522245407105,5.037611246109009,5.498326396942138,5.997706127166748
2031-10,2031-10-01,global_mlp,2026-03,7.996970999999999,0.023094126023352146,5.030635595321655,False,0.0,0.0,external_power_zero,Edvard Grieg,,False,0.002406621468253435,0.013514746446162462,0.023094126023352146,0.03261092826724052,0.05131909139454366,0.0,0.0,0.0,0.0,0.0,3.1593097448349,4.358256006240845,5.030635595321655,5.483000707626342,5.974310493469238
2031-11,2031-11-01,global_mlp,2026-03,7.996970999999999,0.024993802420794964,5.0059003829956055,False,0.0,0.0,external_power_zero,Edvard Grieg,,False,0.004491492919623852,0.014892241917550564,0.024993802420794964,0.03504037410020828,0.05312231592833998,0.0,0.0,0.0,0.0,0.0,3.1098480939865114,4.305203533172607,5.0059003829956055,5.468008232116699,5.9525891780853275
2031-12,2031-12-01,global_mlp,2026-03,7.996970999999999,0.023094705305993557,4.95736837387085,False,0.0,0.0,external_power_zero,Edvard Grieg,,False,0.0021778298541903496,0.012996272277086968,0.023094705305993557,0.03369372747838497,0.055677849799394614,0.0,0.0,0.0,0.0,0.0,3.056646490097046,4.260503721237183,4.95736837387085,5.449334907531738,5.931257867813111
2032-01,2032-01-01,global_mlp,2026-03,7.996970999999999,0.024022052995860577,4.924923419952393,False,0.0,0.0,external_power_zero,Edvard Grieg,,False,0.0017652781913056997,0.013534895796328782,0.024022052995860577,0.03378713168203828,0.05855572968721391,0.0,0.0,0.0,0.0,0.0,3.024650549888611,4.20745620727539,4.924923419952393,5.421076583862304,5.923627328872681
2032-02,2032-02-01,global_mlp,2026-03,7.996970999999999,0.023062190040946007,4.905683517456055,False,0.0,0.0,external_power_zero,Edvard Grieg,,False,0.004734127037227154,0.014275838527828454,0.023062190040946007,0.03218081817030906,0.054732476174831395,0.0,0.0,0.0,0.0,0.0,2.9938194274902346,4.201767444610596,4.905683517456055,5.402182769775391,5.909404039382935
2032-03,2032-03-01,global_mlp,2026-03,7.996970999999999,0.020264790393412113,4.882908344268799,False,0.0,0.0,external_power_zero,Edvard Grieg,,False,0.0,0.01260655904188752,0.020264790393412113,0.030849888175725936,0.05005600489676,0.0,0.0,0.0,0.0,0.0,2.9538067102432253,4.161224985122681,4.882908344268799,5.375183582305908,5.895579099655151
2032-04,2032-04-01,global_mlp,2026-03,7.996970999999999,0.02030734997242689,4.8544628620147705,False,0.0,0.0,external_power_zero,Edvard Grieg,,False,0.005468389205634594,0.013601921219378707,0.02030734997242689,0.028490376472473142,0.04497416280210019,0.0,0.0,0.0,0.0,0.0,2.893389487266541,4.134177732467651,4.8544628620147705,5.361047458648681,5.873369121551514
2032-05,2032-05-01,global_mlp,2026-03,7.996970999999999,0.02027913834899664,4.829338550567627,False,0.0,0.0,external_power_zero,Edvard Grieg,,False,0.005140686733648181,0.013937679585069418,0.02027913834899664,0.029887577891349788,0.04775200821459294,0.0,0.0,0.0,0.0,0.0,2.8577646732330324,4.115543174743652,4.829338550567627,5.3396869659423825,5.846204423904419
2032-06,2032-06-01,global_mlp,2026-03,7.996970999999999,0.02111528255045414,4.796654462814331,False,0.0,0.0,external_power_zero,Edvard Grieg,,False,0.00410200799815357,0.01312885619699955,0.02111528255045414,0.030564230680465695,0.0465144619345665,0.0,0.0,0.0,0.0,0.0,2.7814181327819822,4.077083015441895,4.796654462814331,5.32166633605957,5.836664438247681
2032-07,2032-07-01,global_mlp,2026-03,7.996970999999999,0.02075545582920313,4.773358583450317,False,0.0,0.0,external_power_zero,Edvard Grieg,,False,0.003927833633497358,0.01375798927620053,0.02075545582920313,0.02945041917264461,0.048275969177484515,0.0,0.0,0.0,0.0,0.0,2.740258026123047,4.040567302703857,4.773358583450317,5.310803031921386,5.835038805007935
2032-08,2032-08-01,global_mlp,2026-03,7.996970999999999,0.020422745496034622,4.752913236618042,False,0.0,0.0,external_power_zero,Edvard Grieg,,False,0.0022600101539865143,0.012444584816694259,0.020422745496034622,0.030487919598817824,0.04818526282906532,0.0,0.0,0.0,0.0,0.0,2.7028746128082277,4.019157886505127,4.752913236618042,5.299314928054809,5.8122861862182615
2032-09,2032-09-01,global_mlp,2026-03,7.996970999999999,0.021368335001170635,4.7261645793914795,False,0.0,0.0,external_power_zero,Edvard Grieg,,False,0.002202442323323341,0.011029259022325277,0.021368335001170635,0.030595302209258074,0.05191025808453561,0.0,0.0,0.0,0.0,0.0,2.670045351982117,4.006018257141113,4.7261645793914795,5.281250667572022,5.784846448898316
2032-10,2032-10-01,global_mlp,2026-03,7.996970999999999,0.01892059948295355,4.7076263427734375,False,0.0,0.0,external_power_zero,Edvard Grieg,,False,0.0001124950518715198,0.011791624780744312,0.01892059948295355,0.028930708020925514,0.04566884115338326,0.0,0.0,0.0,0.0,0.0,2.6441950082778933,3.995875096321106,4.7076263427734375,5.264994192123413,5.7689587593078615
2032-11,2032-11-01,global_mlp,2026-03,7.996970999999999,0.021291226148605347,4.676918029785156,False,0.0,0.0,external_power_zero,Edvard Grieg,,False,0.0033160422928631313,0.01299599353224039,0.021291226148605347,0.03022495433688163,0.04934317320585251,0.0,0.0,0.0,0.0,0.0,2.585176467895508,3.967214322090149,4.676918029785156,5.2505669593811035,5.758120489120484
2032-12,2032-12-01,global_mlp,2026-03,7.996970999999999,0.019461197778582573,4.644542455673218,False,0.0,0.0,external_power_zero,Edvard Grieg,,False,0.0,0.013076018914580344,0.019461197778582573,0.027507843263447285,0.043358784168958664,0.0,0.0,0.0,0.0,0.0,2.561303734779358,3.9276071786880493,4.644542455673218,5.235732507705688,5.749158811569214
2033-01,2033-01-01,global_mlp,2026-03,7.996970999999999,0.019783317111432552,4.612988471984863,False,0.0,0.0,external_power_zero,Edvard Grieg,,False,0.0,0.011422141641378402,0.019783317111432552,0.0300300208851695,0.04931942038238052,0.0,0.0,0.0,0.0,0.0,2.5404221773147584,3.9046814441680904,4.612988471984863,5.2164758205413815,5.740379285812378
2033-02,2033-02-01,global_mlp,2026-03,7.996970999999999,0.02022985089570284,4.577546834945679,False,0.0,0.0,external_power_zero,Edvard Grieg,,False,0.0,0.011308703199028968,0.02022985089570284,0.029933806695044033,0.04747119098901749,0.0,0.0,0.0,0.0,0.0,2.527092552185059,3.883755207061767,4.577546834945679,5.197628450393677,5.723057031631471
2033-03,2033-03-01,global_mlp,2026-03,7.996970999999999,0.01809075940400362,4.553151369094849,False,0.0,0.0,external_power_zero,Edvard Grieg,,False,0.0,0.00976116182282567,0.01809075940400362,0.027610673941671847,0.04512208215892317,0.0,0.0,0.0,0.0,0.0,2.5175024986267096,3.83198561668396,4.553151369094849,5.172166633605957,5.710228633880615
2033-04,2033-04-01,global_mlp,2026-03,7.996970999999999,0.018258612602949142,4.539748907089233,False,0.0,0.0,external_power_zero,Edvard Grieg,,False,0.002582646161317826,0.011094228737056252,0.018258612602949142,0.025894387625157823,0.04164388403296471,0.0,0.0,0.0,0.0,0.0,2.4915309906005865,3.814028000831604,4.539748907089233,5.143889999389648,5.697750091552734
2033-05,2033-05-01,global_mlp,2026-03,7.996970999999999,0.016969366930425167,4.515611410140991,False,0.0,0.0,external_power_zero,Edvard Grieg,,False,0.0027027790434658544,0.01174467448145151,0.016969366930425167,0.026101473718881597,0.04377551414072515,0.0,0.0,0.0,0.0,0.0,2.4585815668106084,3.7994934797286986,4.515611410140991,5.125487565994263,5.688040256500244
2033-06,2033-06-01,global_mlp,2026-03,7.996970999999999,0.018020600080490112,4.49351954460144,False,0.0,0.0,external_power_zero,Edvard Grieg,,False,0.0037929845042526727,0.012385647557675837,0.018020600080490112,0.02612202316522598,0.04369184896349908,0.0,0.0,0.0,0.0,0.0,2.414718580245972,3.77764356136322,4.49351954460144,5.108507633209228,5.677031517028809
2033-07,2033-07-01,global_mlp,2026-03,7.996970999999999,0.017142505384981632,4.472219944000244,False,0.0,0.0,external_power_zero,Edvard Grieg,,False,0.0005915597488638014,0.010256763640791176,0.017142505384981632,0.0255370657891035,0.041066683456301704,0.0,0.0,0.0,0.0,0.0,2.384207916259766,3.7664681911468505,4.472219944000244,5.085237503051758,5.6615190505981445
2033-08,2033-08-01,global_mlp,2026-03,7.996970999999999,0.01707193162292242,4.456311464309692,False,0.0,0.0,external_power_zero,Edvard Grieg,,False,0.0017631380935199566,0.010054379887878894,0.01707193162292242,0.024879144877195346,0.0411301676183939,0.0,0.0,0.0,0.0,0.0,2.3642128705978394,3.7420968532562253,4.456311464309692,5.05953197479248,5.6237961769104015
2033-09,2033-09-01,global_mlp,2026-03,7.996970999999999,0.01662908587604761,4.441730499267578,False,0.0,0.0,external_power_zero,Edvard Grieg,,False,0.001407855201978238,0.009029659442603588,0.01662908587604761,0.025528813339769835,0.041110024228692074,0.0,0.0,0.0,0.0,0.0,2.318317484855652,3.720941042900085,4.441730499267578,5.044901371002197,5.588171768188477
2033-10,2033-10-01,global_mlp,2026-03,7.996970999999999,0.015293553937226534,4.421511650085449,False,0.0,0.0,external_power_zero,Edvard Grieg,,False,0.0,0.007903989031910896,0.015293553937226534,0.024635996669530858,0.04153988100588324,0.0,0.0,0.0,0.0,0.0,2.308355450630188,3.6938689947128296,4.421511650085449,5.02313551902771,5.567821502685548
2033-11,2033-11-01,global_mlp,2026-03,7.996970999999999,0.017474121414124966,4.411151885986328,False,0.0,0.0,external_power_zero,Edvard Grieg,,False,0.0,0.009489164408296343,0.017474121414124966,0.025849528051912783,0.044196937605738645,0.0,0.0,0.0,0.0,0.0,2.2778769731521606,3.68112301826477,4.411151885986328,5.005090045928955,5.5564254283905035
2033-12,2033-12-01,global_mlp,2026-03,7.996970999999999,0.01638524141162634,4.395017385482788,False,0.0,0.0,external_power_zero,Edvard Grieg,,False,0.0,0.010291547700762748,0.01638524141162634,0.024274121969938278,0.041609925031661985,0.0,0.0,0.0,0.0,0.0,2.2203094720840455,3.662719559669494,4.395017385482788,4.979916954040527,5.5489050388336185
2034-01,2034-01-01,global_mlp,2026-03,7.996970999999999,0.01702428050339222,4.381120204925537,False,0.0,0.0,external_power_zero,Edvard Grieg,,False,0.0,0.009347973484545946,0.01702428050339222,0.027621053159236908,0.040596948191523555,0.0,0.0,0.0,0.0,0.0,2.215677356719971,3.6181401729583738,4.381120204925537,4.960637950897216,5.526031112670899
2034-02,2034-02-01,global_mlp,2026-03,7.996970999999999,0.017037779092788696,4.3672308921813965,False,0.0,0.0,external_power_zero,Edvard Grieg,,False,0.0,0.009173943288624285,0.017037779092788696,0.02693193294107913,0.043562231212854394,0.0,0.0,0.0,0.0,0.0,2.1750000715255737,3.5917432308197017,4.3672308921813965,4.941840791702271,5.495796012878419
2034-03,2034-03-01,global_mlp,2026-03,7.996970999999999,0.013857732061296701,4.348399877548218,False,0.0,0.0,external_power_zero,Edvard Grieg,,False,0.0,0.0055292335338890525,0.013857732061296701,0.023980303108692168,0.040440295264124876,0.0,0.0,0.0,0.0,0.0,2.13565092086792,3.567389798164368,4.348399877548218,4.923029518127441,5.488956928253174
2034-04,2034-04-01,global_mlp,2026-03,7.996970999999999,0.014859146438539028,4.326943635940552,False,0.0,0.0,external_power_zero,Edvard Grieg,,False,0.001218883984256536,0.008369684405624864,0.014859146438539028,0.023927925340831276,0.041816193610429764,0.0,0.0,0.0,0.0,0.0,2.1065102338790895,3.5623835802078245,4.326943635940552,4.911915397644043,5.46610836982727
2034-05,2034-05-01,global_mlp,2026-03,7.996970999999999,0.01555734034627676,4.320046424865723,False,0.0,0.0,external_power_zero,Edvard Grieg,,False,0.0020117749227210884,0.009456386603415011,0.01555734034627676,0.0243692610412836,0.041469322517514236,0.0,0.0,0.0,0.0,0.0,2.0732142448425295,3.5489653587341308,4.320046424865723,4.896060562133789,5.464543676376343
2034-06,2034-06-01,global_mlp,2026-03,7.996970999999999,0.015898436307907104,4.298210859298706,False,0.0,0.0,external_power_zero,Edvard Grieg,,False,0.0016613873420283204,0.01015194272622466,0.015898436307907104,0.02453295830637215,0.04193304628133775,0.0,0.0,0.0,0.0,0.0,2.042062830924988,3.538145875930786,4.298210859298706,4.87371416091919,5.450861120223999
2034-07,2034-07-01,global_mlp,2026-03,7.996970999999999,0.014623143710196018,4.273247241973877,False,0.0,0.0,external_power_zero,Edvard Grieg,,False,0.00030601971375290334,0.007361333398148417,0.014623143710196018,0.02387306652963161,0.04172867760062218,0.0,0.0,0.0,0.0,0.0,2.0371392488479616,3.5087932348251343,4.273247241973877,4.8547751903533936,5.444933080673218
2034-08,2034-08-01,global_mlp,2026-03,7.996970999999999,0.014057464431971312,4.259344100952148,False,0.0,0.0,external_power_zero,Edvard Grieg,,False,0.00042203155462630095,0.008763329125940798,0.014057464431971312,0.02157557196915149,0.04062589034438137,0.0,0.0,0.0,0.0,0.0,2.003616726398468,3.488290500640869,4.259344100952148,4.83563117980957,5.440792417526245
2034-09,2034-09-01,global_mlp,2026-03,7.996970999999999,0.015506439842283726,4.238885402679443,False,0.0,0.0,external_power_zero,Edvard Grieg,,False,0.0,0.00875601842999458,0.015506439842283726,0.023863488994538783,0.0411583833396435,0.0,0.0,0.0,0.0,0.0,1.9685886979103089,3.4689311027526855,4.238885402679443,4.826837730407715,5.427058506011963
2034-10,2034-10-01,global_mlp,2026-03,7.996970999999999,0.013194285333156586,4.2203357219696045,False,0.0,0.0,external_power_zero,Edvard Grieg,,False,0.0,0.006182566471397876,0.013194285333156586,0.021215514093637467,0.03775022365152837,0.0,0.0,0.0,0.0,0.0,1.9413883686065674,3.4497033119201657,4.2203357219696045,4.813179206848145,5.426778793334961
2034-11,2034-11-01,global_mlp,2026-03,7.996970999999999,0.01390425581485033,4.185342311859131,False,0.0,0.0,external_power_zero,Edvard Grieg,,False,0.0,0.00735801109112799,0.01390425581485033,0.023314077220857123,0.039507684484124186,0.0,0.0,0.0,0.0,0.0,1.9243086576461794,3.4250924587249756,4.185342311859131,4.796777057647705,5.403418731689453
2034-12,2034-12-01,global_mlp,2026-03,7.996970999999999,0.013645668979734182,4.160464525222778,False,0.0,0.0,external_power_zero,Edvard Grieg,,False,0.0,0.006909540854394434,0.013645668979734182,0.024196980521082878,0.04105608835816384,0.0,0.0,0.0,0.0,0.0,1.9085577607154847,3.4024885654449464,4.160464525222778,4.774326181411743,5.380018281936646
2035-01,2035-01-01,global_mlp,2026-03,7.996970999999999,0.014215282164514065,4.137394189834595,False,0.0,0.0,external_power_zero,Edvard Grieg,,False,0.0,0.007249154895544052,0.014215282164514065,0.024310270510613897,0.043017701059579846,0.0,0.0,0.0,0.0,0.0,1.8638729929924012,3.398190641403198,4.137394189834595,4.753861331939698,5.3527041435241705
2035-02,2035-02-01,global_mlp,2026-03,7.996970999999999,0.014929965138435364,4.10862398147583,False,0.0,0.0,external_power_zero,Edvard Grieg,,False,0.0,0.006924251094460487,0.014929965138435364,0.02444810420274733,0.040091533958911914,0.0,0.0,0.0,0.0,0.0,1.836352586746216,3.3836710691452025,4.10862398147583,4.74112753868103,5.335669040679932
2035-03,2035-03-01,global_mlp,2026-03,7.996970999999999,0.013263617642223835,4.094458103179932,False,0.0,0.0,external_power_zero,Edvard Grieg,,False,0.0,0.00597456423565745,0.013263617642223835,0.021381128206849093,0.04029210172593595,0.0,0.0,0.0,0.0,0.0,1.8230825543403626,3.3739025592803955,4.094458103179932,4.726186513900757,5.3236652374267575
2035-04,2035-04-01,global_mlp,2026-03,7.996970999999999,0.013321052771061659,4.064798355102539,False,0.0,0.0,external_power_zero,Edvard Grieg,,False,0.0006632885488215876,0.008127213083207605,0.013321052771061659,0.0223327262327075,0.0418253593146801,0.0,0.0,0.0,0.0,0.0,1.8053079128265381,3.3541356563568114,4.064798355102539,4.721258544921875,5.3097875118255615
2035-05,2035-05-01,global_mlp,2026-03,7.996970999999999,0.01420599315315485,4.052635669708252,False,0.0,0.0,external_power_zero,Edvard Grieg,,False,0.0,0.008760965056717395,0.01420599315315485,0.023368037678301326,0.040930915623903295,0.0,0.0,0.0,0.0,0.0,1.794444727897644,3.333178377151489,4.052635669708252,4.690197324752807,5.288743257522583
2035-06,2035-06-01,global_mlp,2026-03,7.996970999999999,0.014764442574232817,4.047274589538574,False,0.0,0.0,external_power_zero,Edvard Grieg,,False,0.0005987730197375655,0.00860992893576622,0.014764442574232817,0.023306073062121867,0.04015117175877095,0.0,0.0,0.0,0.0,0.0,1.7680933952331543,3.2964425802230837,4.047274589538574,4.67656979560852,5.259934520721436
2035-07,2035-07-01,global_mlp,2026-03,7.996970999999999,0.012147767934948206,4.0304436683654785,False,0.0,0.0,external_power_zero,Edvard Grieg,,False,0.0,0.007287851162254809,0.012147767934948206,0.021385296620428547,0.03865312300622465,0.0,0.0,0.0,0.0,0.0,1.7422448515892028,3.276818823814392,4.0304436683654785,4.671084976196289,5.226579666137696
2035-08,2035-08-01,global_mlp,2026-03,7.996970999999999,0.01395486667752266,3.990646719932556,False,0.0,0.0,external_power_zero,Edvard Grieg,,False,0.001391384273301811,0.00746218175627291,0.01395486667752266,0.02068980373442173,0.03913918286561966,0.0,0.0,0.0,0.0,0.0,1.7243764519691467,3.2487154960632325,3.990646719932556,4.657491827011108,5.216280698776245
2035-09,2035-09-01,global_mlp,2026-03,7.996970999999999,0.013902424834668636,3.9604368209838867,False,0.0,0.0,external_power_zero,Edvard Grieg,,False,0.0,0.007218666048720476,0.013902424834668636,0.021037852019071577,0.03623686730861664,0.0,0.0,0.0,0.0,0.0,1.7104432225227355,3.2422998428344725,3.9604368209838867,4.6321612834930415,5.21085786819458
2035-10,2035-10-01,global_mlp,2026-03,7.996970999999999,0.012505389750003815,3.939990997314453,False,0.0,0.0,external_power_zero,Edvard Grieg,,False,0.0,0.005151048349216579,0.012505389750003815,0.020853126980364317,0.03623326607048512,0.0,0.0,0.0,0.0,0.0,1.7001425266265868,3.2318771600723264,3.939990997314453,4.600214624404907,5.201396560668945
2035-11,2035-11-01,global_mlp,2026-03,7.996970999999999,0.01515179080888629,3.9248238801956177,False,0.0,0.0,external_power_zero,Edvard Grieg,,False,0.0,0.007519788248464464,0.01515179080888629,0.02177260741591453,0.038370727375149745,0.0,0.0,0.0,0.0,0.0,1.6847870230674744,3.2158935308456416,3.9248238801956177,4.578420734405517,5.188649845123291
2035-12,2035-12-01,global_mlp,2026-03,7.996970999999999,0.014686975162476301,3.9117558002471924,False,0.0,0.0,external_power_zero,Edvard Grieg,,False,0.0,0.006317966524511575,0.014686975162476301,0.021810375340282916,0.03640007264912132,0.0,0.0,0.0,0.0,0.0,1.6576814174652101,3.1921740293502805,3.9117558002471924,4.556655359268189,5.1847881317138675
2036-01,2036-01-01,global_mlp,2026-03,7.996970999999999,0.014083629008382559,3.8982263803482056,False,0.0,0.0,external_power_zero,Edvard Grieg,,False,0.0,0.0065620101056993,0.014083629008382559,0.022529239952564235,0.03940744102001194,0.0,0.0,0.0,0.0,0.0,1.588703203201294,3.1704653024673464,3.8982263803482056,4.539938211441039,5.174348258972168
2036-02,2036-02-01,global_mlp,2026-03,7.996970999999999,0.014099500607699156,3.886423110961914,False,0.0,0.0,external_power_zero,Edvard Grieg,,False,0.0,0.007227582391351461,0.014099500607699156,0.023218610696494574,0.04021263904869559,0.0,0.0,0.0,0.0,0.0,1.572229862213135,3.142448353767395,3.886423110961914,4.524345207214354,5.17313289642334
2036-03,2036-03-01,global_mlp,2026-03,7.996970999999999,0.012703032232820988,3.8745014667510986,False,0.0,0.0,external_power_zero,Edvard Grieg,,False,0.0,0.0042463562451303,0.012703032232820988,0.02003262657672166,0.038678787276148804,0.0,0.0,0.0,0.0,0.0,1.5572690010070802,3.124784731864929,3.8745014667510986,4.513257503509521,5.159913444519043
2036-04,2036-04-01,global_mlp,2026-03,7.996970999999999,0.013470178470015526,3.8565423488616943,False,0.0,0.0,external_power_zero,Edvard Grieg,,False,0.0,0.008573031052947044,0.013470178470015526,0.020611706562340258,0.037063968926668196,0.0,0.0,0.0,0.0,0.0,1.5458497405052187,3.09236364364624,3.8565423488616943,4.4919710636138905,5.148072099685669
2036-05,2036-05-01,global_mlp,2026-03,7.996970999999999,0.014091453049331903,3.8366886377334595,False,0.0,0.0,external_power_zero,Edvard Grieg,,False,0.00040357668476644965,0.008216995559632779,0.014091453049331903,0.021467463299632065,0.033151071891188634,0.0,0.0,0.0,0.0,0.0,1.530118215084076,3.045777153968811,3.8366886377334595,4.471681070327758,5.129527854919433
2036-06,2036-06-01,global_mlp,2026-03,7.996970999999999,0.014852495864033699,3.816601276397705,False,0.0,0.0,external_power_zero,Edvard Grieg,,False,5.936792658758387e-05,0.00890916595235467,0.014852495864033699,0.021873465180397032,0.03496035709977152,0.0,0.0,0.0,0.0,0.0,1.5200886726379397,3.0333923578262327,3.816601276397705,4.4535017013549805,5.117762613296509
2036-07,2036-07-01,global_mlp,2026-03,7.996970999999999,0.014287268277257681,3.800460934638977,False,0.0,0.0,external_power_zero,Edvard Grieg,,False,0.0,0.0078802693169564,0.014287268277257681,0.021121608465909956,0.0349556814879179,0.0,0.0,0.0,0.0,0.0,1.5094021797180177,3.0122135162353514,3.800460934638977,4.4309741973876955,5.10596227645874
2036-08,2036-08-01,global_mlp,2026-03,7.996970999999999,0.01334397867321968,3.784740924835205,False,0.0,0.0,external_power_zero,Edvard Grieg,,False,0.0,0.007458601240068674,0.01334397867321968,0.020433243364095674,0.03689338900148869,0.0,0.0,0.0,0.0,0.0,1.4924268007278443,2.994236159324646,3.784740924835205,4.4187774658203125,5.098219013214111
2036-09,2036-09-01,global_mlp,2026-03,7.996970999999999,0.013576907105743885,3.7517861127853394,False,0.0,0.0,external_power_zero,Edvard Grieg,,False,0.0,0.00799635089933872,0.013576907105743885,0.021389442309737206,0.036454374715685856,0.0,0.0,0.0,0.0,0.0,1.4922295451164247,2.991319990158081,3.7517861127853394,4.397222280502319,5.086047077178955
2036-10,2036-10-01,global_mlp,2026-03,7.996970999999999,0.012818121816962957,3.715110182762146,False,0.0,0.0,external_power_zero,Edvard Grieg,,False,0.0,0.005932138441130516,0.012818121816962957,0.020219819992780684,0.03403187133371831,0.0,0.0,0.0,0.0,0.0,1.4905067443847657,2.983384847640991,3.715110182762146,4.389925384521484,5.070220804214478
2036-11,2036-11-01,global_mlp,2026-03,7.996970999999999,0.015314075630158186,3.693978428840637,False,0.0,0.0,external_power_zero,Edvard Grieg,,False,0.0,0.007717259833589195,0.015314075630158186,0.022876863554120063,0.03952437341213227,0.0,0.0,0.0,0.0,0.0,1.4791793823242188,2.963037109375,3.693978428840637,4.3777057170867915,5.064921522140503
2036-12,2036-12-01,global_mlp,2026-03,7.996970999999999,0.013738835230469704,3.6635730266571045,False,0.0,0.0,external_power_zero,Edvard Grieg,,False,0.0,0.006759359221905469,0.013738835230469704,0.022003323212265963,0.03859944827854633,0.0,0.0,0.0,0.0,0.0,1.467887020111084,2.9463260412216186,3.6635730266571045,4.360839366912842,5.056824970245361
2037-01,2037-01-01,global_mlp,2026-03,7.996970999999999,0.011870665941387415,3.648234724998474,False,0.0,0.0,external_power_zero,Edvard Grieg,,False,0.0,0.005133226839825509,0.011870665941387415,0.021844705566763864,0.03898951448500158,0.0,0.0,0.0,0.0,0.0,1.4647915720939637,2.93109667301178,3.648234724998474,4.349777507781982,5.050576210021973
2037-02,2037-02-01,global_mlp,2026-03,7.996970999999999,0.013885035179555416,3.62930166721344,False,0.0,0.0,external_power_zero,Edvard Grieg,,False,0.0,0.006053900066763163,0.013885035179555416,0.022554389946162694,0.03754977211356163,0.0,0.0,0.0,0.0,0.0,1.4647487998008728,2.9080389738082886,3.62930166721344,4.3399937629699705,5.041747808456421
2037-03,2037-03-01,global_mlp,2026-03,7.996970999999999,0.010988653171807528,3.5996673107147217,False,0.0,0.0,external_power_zero,Edvard Grieg,,False,0.0,0.003989625116810202,0.010988653171807528,0.019059137254953385,0.03523037359118464,0.0,0.0,0.0,0.0,0.0,1.4594349145889283,2.886016368865967,3.5996673107147217,4.321132373809815,5.024325180053711
2037-04,2037-04-01,global_mlp,2026-03,7.996970999999999,0.01297205314040184,3.5696325302124023,False,0.0,0.0,external_power_zero,Edvard Grieg,,False,0.0,0.00706661627627909,0.01297205314040184,0.020283093862235545,0.034487383440136916,0.0,0.0,0.0,0.0,0.0,1.4578898191452028,2.8724134683609006,3.5696325302124023,4.296235752105713,4.98912320137024
2037-05,2037-05-01,global_mlp,2026-03,7.996970999999999,0.013097975868731737,3.5464236736297607,False,0.0,0.0,external_power_zero,Edvard Grieg,,False,0.0,0.007102289190515876,0.013097975868731737,0.02109319325536489,0.03560467995703221,0.0,0.0,0.0,0.0,0.0,1.4463344097137452,2.860565948486328,3.5464236736297607,4.284037923812866,4.96275954246521
2037-06,2037-06-01,global_mlp,2026-03,7.996970999999999,0.013979481998831034,3.5207260847091675,False,0.0,0.0,external_power_zero,Edvard Grieg,,False,0.0,0.006423139153048396,0.013979481998831034,0.021742475219070908,0.03599300459027291,0.0,0.0,0.0,0.0,0.0,1.4277527689933778,2.842717051506042,3.5207260847091675,4.268684911727905,4.9445493698120115
2037-07,2037-07-01,global_mlp,2026-03,7.996970999999999,0.01199445454403758,3.501837134361267,False,0.0,0.0,external_power_zero,Edvard Grieg,,False,0.0,0.00520443757995963,0.01199445454403758,0.019437260739505285,0.031706640124320985,0.0,0.0,0.0,0.0,0.0,1.427658247947693,2.8267329931259155,3.501837134361267,4.248134899139404,4.938553667068482
2037-08,2037-08-01,global_mlp,2026-03,7.996970999999999,0.013073619455099106,3.4858042001724243,False,0.0,0.0,external_power_zero,Edvard Grieg,,False,0.0,0.006209855992347002,0.013073619455099106,0.019870475679635985,0.032712260633707066,0.0,0.0,0.0,0.0,0.0,1.4117736458778385,2.8193446159362794,3.4858042001724243,4.220663404464721,4.930213403701782
2037-09,2037-09-01,global_mlp,2026-03,7.996970999999999,0.013634639326483011,3.459335207939148,False,0.0,0.0,external_power_zero,Edvard Grieg,,False,0.0,0.00553186354227364,0.013634639326483011,0.021238928288221354,0.035152834281325346,0.0,0.0,0.0,0.0,0.0,1.4047742009162907,2.7918482065200805,3.459335207939148,4.195796251296997,4.9300768852233885
2037-10,2037-10-01,global_mlp,2026-03,7.996970999999999,0.012101352214813232,3.443140745162964,False,0.0,0.0,external_power_zero,Edvard Grieg,,False,0.0,0.004331992240622639,0.012101352214813232,0.019464491493999956,0.03482348658144474,0.0,0.0,0.0,0.0,0.0,1.3938681244850162,2.7806166648864745,3.443140745162964,4.17081799507141,4.9293293952941895
2037-11,2037-11-01,global_mlp,2026-03,7.996970999999999,0.013214482925832272,3.4342767000198364,False,0.0,0.0,external_power_zero,Edvard Grieg,,False,0.0,0.00581014985218644,0.013214482925832272,0.020905763097107406,0.035377370193600655,0.0,0.0,0.0,0.0,0.0,1.3890151977539065,2.770099234580994,3.4342767000198364,4.154109477996825,4.922543334960937
2037-12,2037-12-01,global_mlp,2026-03,7.996970999999999,0.012721686158329248,3.418315887451172,False,0.0,0.0,external_power_zero,Edvard Grieg,,False,0.0,0.006350061343982816,0.012721686158329248,0.019781308434903618,0.03355949558317661,0.0,0.0,0.0,0.0,0.0,1.329049122333527,2.752118730545044,3.418315887451172,4.14223256111145,4.9097740173339846
2038-01,2038-01-01,global_mlp,2026-03,7.996970999999999,0.013339984696358442,3.4010056257247925,False,0.0,0.0,external_power_zero,Edvard Grieg,,False,0.0,0.006368867447599768,0.013339984696358442,0.022134068049490446,0.03604672104120255,0.0,0.0,0.0,0.0,0.0,1.3192108154296882,2.730586004257202,3.4010056257247925,4.133293390274048,4.901646518707276
2038-02,2038-02-01,global_mlp,2026-03,7.996970999999999,0.012210703454911709,3.3936954736709595,False,0.0,0.0,external_power_zero,Edvard Grieg,,False,0.0,0.004307939577847717,0.012210703454911709,0.022964589484035965,0.03675817884504796,0.0,0.0,0.0,0.0,0.0,1.2959138274192816,2.6945697546005247,3.3936954736709595,4.117600393295287,4.893792247772216
2038-03,2038-03-01,global_mlp,2026-03,7.996970999999999,0.010922365356236696,3.383440852165222,False,0.0,0.0,external_power_zero,Edvard Grieg,,False,0.0,0.002770432597026228,0.010922365356236696,0.019656073115766046,0.036061878874897965,0.0,0.0,0.0,0.0,0.0,1.2808819293975837,2.6719863653182983,3.383440852165222,4.105657243728637,4.869339942932129
2038-04,2038-04-01,global_mlp,2026-03,7.996970999999999,0.011653970461338758,3.375239610671997,False,0.0,0.0,external_power_zero,Edvard Grieg,,False,0.0,0.006788940681144595,0.011653970461338758,0.01900783125311136,0.03422461412847043,0.0,0.0,0.0,0.0,0.0,1.2720631837844854,2.6406980752944946,3.375239610671997,4.091573429107665,4.8599631786346436
2038-05,2038-05-01,global_mlp,2026-03,7.996970999999999,0.012944144196808338,3.3699870109558105,False,0.0,0.0,external_power_zero,Edvard Grieg,,False,0.0,0.007238318677991629,0.012944144196808338,0.020174547843635083,0.03296025022864342,0.0,0.0,0.0,0.0,0.0,1.2520299196243292,2.613086628913879,3.3699870109558105,4.076527357101439,4.8429210662841795
2038-06,2038-06-01,global_mlp,2026-03,7.996970999999999,0.012602364178746939,3.3633220195770264,False,0.0,0.0,external_power_zero,Edvard Grieg,,False,0.0,0.006792906485497951,0.012602364178746939,0.020079162716865537,0.03463517762720585,0.0,0.0,0.0,0.0,0.0,1.2257151842117313,2.5886250734329224,3.3633220195770264,4.059544992446899,4.81947283744812
2038-07,2038-07-01,global_mlp,2026-03,7.996970999999999,0.011379403062164783,3.3562443256378174,False,0.0,0.0,external_power_zero,Edvard Grieg,,False,0.0,0.006064122077077626,0.011379403062164783,0.018754774145781992,0.03209166526794434,0.0,0.0,0.0,0.0,0.0,1.2067563533782963,2.579861235618591,3.3562443256378174,4.048773527145386,4.802545499801636
2038-08,2038-08-01,global_mlp,2026-03,7.996970999999999,0.011479864362627268,3.344703435897827,False,0.0,0.0,external_power_zero,Edvard Grieg,,False,0.0,0.0057853117585182166,0.011479864362627268,0.018948997743427752,0.03447160311043265,0.0,0.0,0.0,0.0,0.0,1.1820951700210574,2.56402268409729,3.344703435897827,4.0278298377990716,4.793144941329956
2038-09,2038-09-01,global_mlp,2026-03,7.996970999999999,0.011738389730453491,3.3295013904571533,False,0.0,0.0,external_power_zero,Edvard Grieg,,False,0.0,0.007227849960327148,0.011738389730453491,0.0196133866906166,0.033209111168980614,0.0,0.0,0.0,0.0,0.0,1.1489416480064394,2.543005847930908,3.3295013904571533,4.012380123138428,4.782124614715576
2038-10,2038-10-01,global_mlp,2026-03,7.996970999999999,0.011407277081161737,3.3144898414611816,False,0.0,0.0,external_power_zero,Edvard Grieg,,False,0.0,0.004569878708571195,0.011407277081161737,0.018394059315323823,0.033848648890852935,0.0,0.0,0.0,0.0,0.0,1.1359156012535097,2.5305052995681763,3.3144898414611816,4.003449344635009,4.764920663833618
2038-11,2038-11-01,global_mlp,2026-03,7.996970999999999,0.011324612889438868,3.2929223775863647,False,0.0,0.0,external_power_zero,Edvard Grieg,,False,0.0,0.005766642931848764,0.011324612889438868,0.019568262435495837,0.03595052547752857,0.0,0.0,0.0,0.0,0.0,1.1132494807243347,2.5204200029373167,3.2929223775863647,3.9787343978881835,4.757106018066406
2038-12,2038-12-01,global_mlp,2026-03,7.996970999999999,0.012779750395566225,3.2784963846206665,False,0.0,0.0,external_power_zero,Edvard Grieg,,False,0.0,0.005840901751071214,0.012779750395566225,0.018837476707994936,0.03719622567296029,0.0,0.0,0.0,0.0,0.0,1.097060465812683,2.5013693094253537,3.2784963846206665,3.9606083393096916,4.747137546539307
2039-01,2039-01-01,global_mlp,2026-03,7.996970999999999,0.01269939774647355,3.26775586605072,False,0.0,0.0,external_power_zero,Edvard Grieg,,False,0.0,0.0057676329743117085,0.01269939774647355,0.020310406014323233,0.03681199662387373,0.0,0.0,0.0,0.0,0.0,1.0731635928153993,2.4764206171035767,3.26775586605072,3.9460081100463866,4.744528436660767
2039-02,2039-02-01,global_mlp,2026-03,7.996970999999999,0.012535523157566786,3.2458364963531494,False,0.0,0.0,external_power_zero,Edvard Grieg,,False,0.0,0.00534117640927434,0.012535523157566786,0.019548388943076124,0.03619048446416858,0.0,0.0,0.0,0.0,0.0,1.0586996316909791,2.446690082550049,3.2458364963531494,3.9357331037521357,4.730870532989502
2039-03,2039-03-01,global_mlp,2026-03,7.996970999999999,0.010175363160669804,3.2346683740615845,False,0.0,0.0,external_power_zero,Edvard Grieg,,False,0.0,0.0036458716494962564,0.010175363160669804,0.018415447697043414,0.03779410831630231,0.0,0.0,0.0,0.0,0.0,1.0477368354797365,2.4360621213912963,3.2346683740615845,3.919741296768188,4.702888870239258
2039-04,2039-04-01,global_mlp,2026-03,7.996970999999999,0.012123745866119862,3.219770073890686,False,0.0,0.0,external_power_zero,Edvard Grieg,,False,0.0,0.0068304143380373715,0.012123745866119862,0.018422850221395493,0.033132645860314384,0.0,0.0,0.0,0.0,0.0,1.0312337636947635,2.4255385637283324,3.219770073890686,3.904972314834594,4.688546752929688
2039-05,2039-05-01,global_mlp,2026-03,7.996970999999999,0.011888243723660707,3.2109705209732056,False,0.0,0.0,external_power_zero,Edvard Grieg,,False,0.0,0.005933738732710481,0.011888243723660707,0.018945825658738612,0.034748565405607224,0.0,0.0,0.0,0.0,0.0,1.019788730144501,2.3954574584960935,3.2109705209732056,3.889040422439575,4.659903860092164
2039-06,2039-06-01,global_mlp,2026-03,7.996970999999999,0.011384756304323673,3.1954333782196045,False,0.0,0.0,external_power_zero,Edvard Grieg,,False,0.0,0.005749291600659489,0.011384756304323673,0.018676129728555677,0.03479103296995163,0.0,0.0,0.0,0.0,0.0,1.0135081470012668,2.3717004299163817,3.1954333782196045,3.8833383083343507,4.645868110656739
2039-07,2039-07-01,global_mlp,2026-03,7.996970999999999,0.010877698194235563,3.186088442802429,False,0.0,0.0,external_power_zero,Edvard Grieg,,False,0.0,0.005390659533441066,0.010877698194235563,0.018680668063461775,0.0327888522297144,0.0,0.0,0.0,0.0,0.0,0.9756624698638917,2.3567721605300904,3.186088442802429,3.858953142166137,4.64560170173645
2039-08,2039-08-01,global_mlp,2026-03,7.996970999999999,0.01129844831302762,3.1760348081588745,False,0.0,0.0,external_power_zero,Edvard Grieg,,False,0.0,0.004047839064151048,0.01129844831302762,0.017930935323238365,0.03397557735443115,0.0,0.0,0.0,0.0,0.0,0.9422778606414798,2.3425676584243775,3.1760348081588745,3.848663687705993,4.641050577163696
2039-09,2039-09-01,global_mlp,2026-03,7.996970999999999,0.010897416155785322,3.165940046310425,False,0.0,0.0,external_power_zero,Edvard Grieg,,False,0.0,0.0051201424095779656,0.010897416155785322,0.019241332262754436,0.03261228911578661,0.0,0.0,0.0,0.0,0.0,0.9139792263507849,2.326685905456543,3.165940046310425,3.837120771408081,4.629648780822754
2039-10,2039-10-01,global_mlp,2026-03,7.996970999999999,0.009595821611583233,3.1456446647644043,False,0.0,0.0,external_power_zero,Edvard Grieg,,False,0.0,0.002869059727527201,0.009595821611583233,0.01722497101873159,0.03408637009561063,0.0,0.0,0.0,0.0,0.0,0.8757091581821449,2.3013556957244874,3.1456446647644043,3.816110777854919,4.605431270599365
2039-11,2039-11-01,global_mlp,2026-03,7.996970999999999,0.010249053128063679,3.124102830886841,False,0.0,0.0,external_power_zero,Edvard Grieg,,False,0.0,0.004038112005218863,0.010249053128063679,0.01744288019835949,0.03489077910780907,0.0,0.0,0.0,0.0,0.0,0.8600024640560157,2.280084419250488,3.124102830886841,3.7984813213348385,4.603023862838745
2039-12,2039-12-01,global_mlp,2026-03,7.996970999999999,0.01099739782512188,3.1120799779891968,False,0.0,0.0,external_power_zero,Edvard Grieg,,False,0.0,0.0046583750285208204,0.01099739782512188,0.017694584093987942,0.032509327307343495,0.0,0.0,0.0,0.0,0.0,0.8099646747112277,2.2604238986968994,3.1120799779891968,3.7798286676406847,4.57309422492981
2040-01,2040-01-01,global_mlp,2026-03,7.996970999999999,0.010788955725729465,3.0901094675064087,False,0.0,0.0,external_power_zero,Edvard Grieg,,False,0.0,0.00421367040835321,0.010788955725729465,0.017988827638328073,0.03480061516165733,0.0,0.0,0.0,0.0,0.0,0.7661549389362335,2.235548663139343,3.0901094675064087,3.77538604736328,4.549574232101441
2040-02,2040-02-01,global_mlp,2026-03,7.996970999999999,0.011123535223305225,3.0647772550582886,False,0.0,0.0,external_power_zero,Edvard Grieg,,False,0.0,0.004887718847021458,0.011123535223305225,0.0196225656196475,0.03400177024304867,0.0,0.0,0.0,0.0,0.0,0.7635995209217074,2.2143884658813477,3.0647772550582886,3.756887626647949,4.535131645202638
2040-03,2040-03-01,global_mlp,2026-03,7.996970999999999,0.008321573957800865,3.0528234243392944,False,0.0,0.0,external_power_zero,Edvard Grieg,,False,0.0,0.002896842756308615,0.008321573957800865,0.01708322390913963,0.03394479155540467,0.0,0.0,0.0,0.0,0.0,0.7635995209217074,2.1910437822341917,3.0528234243392944,3.737181806564331,4.532846450805664
2040-04,2040-04-01,global_mlp,2026-03,7.996970999999999,0.012001711875200272,3.037706732749939,False,0.0,0.0,external_power_zero,Edvard Grieg,,False,0.0,0.0060097346082329745,0.012001711875200272,0.017487897537648678,0.0319025579839945,0.0,0.0,0.0,0.0,0.0,0.7269847869873048,2.1695065975189207,3.037706732749939,3.702054357528686,4.521181106567383
2040-05,2040-05-01,global_mlp,2026-03,7.996970999999999,0.012182577978819609,3.025219440460205,False,0.0,0.0,external_power_zero,Edvard Grieg,,False,0.0,0.00689799403771758,0.012182577978819609,0.01709886323660612,0.03371141254901887,0.0,0.0,0.0,0.0,0.0,0.7117805838584904,2.144820976257324,3.025219440460205,3.680170440673828,4.509283494949341
2040-06,2040-06-01,global_mlp,2026-03,7.996970999999999,0.012433062307536602,3.003843307495117,False,0.0,0.0,external_power_zero,Edvard Grieg,,False,0.0,0.006232828926295041,0.012433062307536602,0.02048995494842529,0.03361599259078503,0.0,0.0,0.0,0.0,0.0,0.7043994426727299,2.1334034919738767,3.003843307495117,3.6529078245162965,4.487437534332275
2040-07,2040-07-01,global_mlp,2026-03,7.996970999999999,0.010599245317280293,2.9923280477523804,False,0.0,0.0,external_power_zero,Edvard Grieg,,False,0.0,0.0045335776638239615,0.010599245317280293,0.019616189412772652,0.03379027284681799,0.0,0.0,0.0,0.0,0.0,0.6888204753398899,2.1196335315704347,2.9923280477523804,3.6350379943847653,4.474070262908936
2040-08,2040-08-01,global_mlp,2026-03,7.996970999999999,0.010653906036168337,2.9839519262313843,False,0.0,0.0,external_power_zero,Edvard Grieg,,False,0.0,0.005002064490690827,0.010653906036168337,0.018429105915129182,0.0315416093915701,0.0,0.0,0.0,0.0,0.0,0.6155415892601019,2.1033268213272094,2.9839519262313843,3.6079143285751343,4.4583821296691895
2040-09,2040-09-01,global_mlp,2026-03,7.996970999999999,0.012167319655418396,2.966143846511841,False,0.0,0.0,external_power_zero,Edvard Grieg,,False,0.0,0.005411117430776357,0.012167319655418396,0.019401466846466063,0.03130536824464798,0.0,0.0,0.0,0.0,0.0,0.6125959336757667,2.089534306526184,2.966143846511841,3.5798130989074703,4.44711012840271
2040-10,2040-10-01,global_mlp,2026-03,7.996970999999999,0.009861106052994728,2.960036039352417,False,0.0,0.0,external_power_zero,Edvard Grieg,,False,0.0,0.004227223340421915,0.009861106052994728,0.016155806742608546,0.03376753889024259,0.0,0.0,0.0,0.0,0.0,0.6117307335138329,2.0835439443588255,2.960036039352417,3.5358456373214717,4.429923343658447
2040-11,2040-11-01,global_mlp,2026-03,7.996970999999999,0.011346415616571903,2.941639542579651,False,0.0,0.0,external_power_zero,Edvard Grieg,,False,0.0,0.004374902555719018,0.011346415616571903,0.0187441136687994,0.030009200796484958,0.0,0.0,0.0,0.0,0.0,0.6100379467010507,2.078268408775329,2.941639542579651,3.5288491964340203,4.41842565536499
2040-12,2040-12-01,global_mlp,2026-03,7.996970999999999,0.010933607816696167,2.9192941188812256,False,0.0,0.0,external_power_zero,Edvard Grieg,,False,0.0,0.004065970843657851,0.010933607816696167,0.017442147620022296,0.03347727581858635,0.0,0.0,0.0,0.0,0.0,0.6049025356769571,2.0636022090911865,2.9192941188812256,3.5229249477386473,4.403911352157593
2041-01,2041-01-01,global_mlp,2026-03,7.996970999999999,0.010256157722324133,2.893962025642395,False,0.0,0.0,external_power_zero,Edvard Grieg,,False,0.0,0.0027862034970894452,0.010256157722324133,0.018105388432741162,0.036669448390603064,0.0,0.0,0.0,0.0,0.0,0.6047150969505319,2.043059825897217,2.893962025642395,3.504933762550354,4.3938390731811525
2041-02,2041-02-01,global_mlp,2026-03,7.996970999999999,0.01128664007410407,2.884549856185913,False,0.0,0.0,external_power_zero,Edvard Grieg,,False,0.0,0.003607002692297101,0.01128664007410407,0.01922624502331018,0.03764695897698402,0.0,0.0,0.0,0.0,0.0,0.5827749848365791,2.022658443450928,2.884549856185913,3.492537093162536,4.374598693847656
2041-03,2041-03-01,global_mlp,2026-03,7.996970999999999,0.008641581051051617,2.8591147661209106,False,0.0,0.0,external_power_zero,Edvard Grieg,,False,0.0,0.0011664380552247158,0.008641581051051617,0.01675311718136072,0.03202606439590455,0.0,0.0,0.0,0.0,0.0,0.5487966537475591,2.0140043973922728,2.8591147661209106,3.4680940389633177,4.373336982727051
2041-04,2041-04-01,global_mlp,2026-03,7.996970999999999,0.011864944361150265,2.840492844581604,False,0.0,0.0,external_power_zero,Edvard Grieg,,False,0.0,0.0057885636575520025,0.011864944361150265,0.01772908978164195,0.03405662588775158,0.0,0.0,0.0,0.0,0.0,0.5205653637647633,2.0007781386375427,2.840492844581604,3.4523360967636108,4.345649766921998
2041-05,2041-05-01,global_mlp,2026-03,7.996970999999999,0.011278809048235416,2.819953203201294,False,0.0,0.0,external_power_zero,Edvard Grieg,,False,0.0,0.006579502997919917,0.011278809048235416,0.01716512534767389,0.029727753251791004,0.0,0.0,0.0,0.0,0.0,0.47565502226352707,1.9898618459701538,2.819953203201294,3.428375911712646,4.32881145477295
2041-06,2041-06-01,global_mlp,2026-03,7.996970999999999,0.011695613153278828,2.7923901081085205,False,0.0,0.0,external_power_zero,Edvard Grieg,,False,0.0,0.006460266839712858,0.011695613153278828,0.017457186803221694,0.030086761713027974,0.0,0.0,0.0,0.0,0.0,0.4463725060224533,1.9860554218292235,2.7923901081085205,3.415419340133667,4.318572330474854
2041-07,2041-07-01,global_mlp,2026-03,7.996970999999999,0.010417066048830748,2.762588143348694,False,0.0,0.0,external_power_zero,Edvard Grieg,,False,0.0,0.0046373051125556215,0.010417066048830748,0.01791548598557709,0.03177835792303085,0.0,0.0,0.0,0.0,0.0,0.4406261116266253,1.9629886507987973,2.762588143348694,3.406540918350219,4.31392412185669
2041-08,2041-08-01,global_mlp,2026-03,7.996970999999999,0.00929234316572547,2.733128786087036,False,0.0,0.0,external_power_zero,Edvard Grieg,,False,0.0,0.004610427003353833,0.00929234316572547,0.01690936256200075,0.02862084079533816,0.0,0.0,0.0,0.0,0.0,0.43168261647224454,1.9379597306251524,2.733128786087036,3.3869302511215205,4.301201820373535
2041-09,2041-09-01,global_mlp,2026-03,7.996970999999999,0.009885724168270826,2.713998794555664,False,0.0,0.0,external_power_zero,Edvard Grieg,,False,0.0,0.003459272580221295,0.009885724168270826,0.01758605111390352,0.030235636048018936,0.0,0.0,0.0,0.0,0.0,0.42510428726673155,1.9132347583770752,2.713998794555664,3.3630863666534414,4.294657802581787
2041-10,2041-10-01,global_mlp,2026-03,7.996970999999999,0.00814669206738472,2.7014464139938354,False,0.0,0.0,external_power_zero,Edvard Grieg,,False,0.0,0.002386317006312308,0.00814669206738472,0.015256362129002785,0.0293418699875474,0.0,0.0,0.0,0.0,0.0,0.4205019116401675,1.8977966308593748,2.7014464139938354,3.3570515394210805,4.288859891891479
2041-11,2041-11-01,global_mlp,2026-03,7.996970999999999,0.009675456210970879,2.6898648738861084,False,0.0,0.0,external_power_zero,Edvard Grieg,,False,0.0,0.0037562562152743295,0.009675456210970879,0.016124256886541843,0.030719763971865197,0.0,0.0,0.0,0.0,0.0,0.40162345170974745,1.885620379447937,2.6898648738861084,3.3394254684448232,4.286105585098267
2041-12,2041-12-01,global_mlp,2026-03,7.996970999999999,0.009746528696268797,2.650694251060486,False,0.0,0.0,external_power_zero,Edvard Grieg,,False,0.0,0.003992037847638128,0.009746528696268797,0.01672706957906484,0.03281447328627111,0.0,0.0,0.0,0.0,0.0,0.37584021985530874,1.8724024176597596,2.650694251060486,3.319655227661132,4.274960041046143
2042-01,2042-01-01,global_mlp,2026-03,7.996970999999999,0.010287058539688587,2.6246352195739746,False,0.0,0.0,external_power_zero,Edvard Grieg,,False,0.0,0.0029558282345533366,0.010287058539688587,0.017897616699337957,0.03505374565720559,0.0,0.0,0.0,0.0,0.0,0.37546388208866144,1.847903275489807,2.6246352195739746,3.2975967407226556,4.264874935150147
2042-02,2042-02-01,global_mlp,2026-03,7.996970999999999,0.0100078578107059,2.6189574003219604,False,0.0,0.0,external_power_zero,Edvard Grieg,,False,0.0,0.0031542850891128145,0.0100078578107059,0.017538989707827565,0.030750246532261372,0.0,0.0,0.0,0.0,0.0,0.3747797161340716,1.828193700313568,2.6189574003219604,3.2899050951004023,4.259067821502686
2042-03,2042-03-01,global_mlp,2026-03,7.996970999999999,0.007408785633742809,2.617161750793457,False,0.0,0.0,external_power_zero,Edvard Grieg,,False,0.0,0.0005389087338698999,0.007408785633742809,0.014720609877258537,0.03125817552208901,0.0,0.0,0.0,0.0,0.0,0.3747797161340716,1.8203927516937255,2.617161750793457,3.2874033212661735,4.253184318542481
2042-04,2042-04-01,global_mlp,2026-03,7.996970999999999,0.010176710318773985,2.6076016426086426,False,0.0,0.0,external_power_zero,Edvard Grieg,,False,0.0,0.005754779605194925,0.010176710318773985,0.016681141033768644,0.030679699219763282,0.0,0.0,0.0,0.0,0.0,0.3674928516149524,1.811544954776764,2.6076016426086426,3.284888076782226,4.231432008743287
2042-05,2042-05-01,global_mlp,2026-03,7.996970999999999,0.011418976821005344,2.5991244316101074,False,0.0,0.0,external_power_zero,Edvard Grieg,,False,0.0,0.00590856447815895,0.011418976821005344,0.018414219282567493,0.029656606912612928,0.0,0.0,0.0,0.0,0.0,0.35988669991493255,1.800398063659668,2.5991244316101074,3.2798766374588006,4.219198989868166
2042-06,2042-06-01,global_mlp,2026-03,7.996970999999999,0.010735372081398964,2.5796600580215454,False,0.0,0.0,external_power_zero,Edvard Grieg,,False,0.0,0.004698435449972748,0.010735372081398964,0.01714287623763084,0.03037111777812243,0.0,0.0,0.0,0.0,0.0,0.3511371284723285,1.7926893830299377,2.5796600580215454,3.2711867332458495,4.198949289321901
2042-07,2042-07-01,global_mlp,2026-03,7.996970999999999,0.010378013364970684,2.561784267425537,False,0.0,0.0,external_power_zero,Edvard Grieg,,False,0.0,0.0050434581469744446,0.010378013364970684,0.016372323036193848,0.028291529789566998,0.0,0.0,0.0,0.0,0.0,0.341509157419205,1.7829969286918639,2.561784267425537,3.2483537435531615,4.17204957008362
2042-08,2042-08-01,global_mlp,2026-03,7.996970999999999,0.010135790333151817,2.5461995601654053,False,0.0,0.0,external_power_zero,Edvard Grieg,,False,0.0,0.0042293081525713195,0.010135790333151817,0.017583824321627615,0.027790250442922118,0.0,0.0,0.0,0.0,0.0,0.3323307245969775,1.774241232872009,2.5461995601654053,3.2280608415603633,4.1466259479522725
2042-09,2042-09-01,global_mlp,2026-03,7.996970999999999,0.009183433838188648,2.53353750705719,False,0.0,0.0,external_power_zero,Edvard Grieg,,False,0.0,0.003357060533016919,0.009183433838188648,0.016294844262301916,0.028296496532857422,0.0,0.0,0.0,0.0,0.0,0.3216124385595325,1.7555975198745728,2.53353750705719,3.2099937677383417,4.128443050384523
2042-10,2042-10-01,global_mlp,2026-03,7.996970999999999,0.00831546075642109,2.5152127742767334,False,0.0,0.0,external_power_zero,Edvard Grieg,,False,0.0,0.0033070599893108,0.00831546075642109,0.014926438126713033,0.02765145711600781,0.0,0.0,0.0,0.0,0.0,0.31716453135013606,1.745799970626831,2.5152127742767334,3.197555232048033,4.11085753440857
2042-11,2042-11-01,global_mlp,2026-03,7.996970999999999,0.010009647812694311,2.4984161853790283,False,0.0,0.0,external_power_zero,Edvard Grieg,,False,0.0,0.004092156933620572,0.010009647812694311,0.01622649747878313,0.029945199564099318,0.0,0.0,0.0,0.0,0.0,0.3117925494909289,1.725149917602539,2.4984161853790283,3.184298634529112,4.10498571395874
2042-12,2042-12-01,global_mlp,2026-03,7.996970999999999,0.009184470865875483,2.482662796974182,False,0.0,0.0,external_power_zero,Edvard Grieg,,False,0.0,0.003639707365073263,0.009184470865875483,0.016928562708199018,0.0321403916925192,0.0,0.0,0.0,0.0,0.0,0.3045858561992647,1.718646264076233,2.482662796974182,3.175733304023742,4.092979097366333
2043-01,2043-01-01,global_mlp,2026-03,7.996970999999999,0.009829962626099586,2.4706342220306396,False,0.0,0.0,external_power_zero,Edvard Grieg,,False,0.0,0.0027576265856623645,0.009829962626099586,0.019215606339275836,0.03020823765546084,0.0,0.0,0.0,0.0,0.0,0.29765309691429154,1.71143981218338,2.4706342220306396,3.15912640094757,4.0859791278839115
2043-02,2043-02-01,global_mlp,2026-03,7.996970999999999,0.009289071895182133,2.4450294971466064,False,0.0,0.0,external_power_zero,Edvard Grieg,,False,0.0,0.003280016547068952,0.009289071895182133,0.01699294354766607,0.034187268465757384,0.0,0.0,0.0,0.0,0.0,0.2769456386566162,1.7029598712921141,2.4450294971466064,3.141651153564453,4.064819860458375
2043-03,2043-03-01,global_mlp,2026-03,7.996970999999999,0.008389706257730722,2.4363638162612915,False,0.0,0.0,external_power_zero,Edvard Grieg,,False,0.0,0.0010907721356488765,0.008389706257730722,0.015722468122839926,0.028946101106703283,0.0,0.0,0.0,0.0,0.0,0.2708523124456407,1.7029598712921141,2.4363638162612915,3.1266721725463857,4.054129409790039
2043-04,2043-04-01,global_mlp,2026-03,7.996970999999999,0.01021583192050457,2.426778554916382,False,0.0,0.0,external_power_zero,Edvard Grieg,,False,0.0,0.004515119642019272,0.01021583192050457,0.016038776375353333,0.02695976719260216,0.0,0.0,0.0,0.0,0.0,0.25239165574312217,1.6793433666229247,2.426778554916382,3.1158243417739855,4.028155517578126
2043-05,2043-05-01,global_mlp,2026-03,7.996970999999999,0.010818937327712774,2.41569447517395,False,0.0,0.0,external_power_zero,Edvard Grieg,,False,0.0,0.005080218613147735,0.010818937327712774,0.016192850656807423,0.02720936816185715,0.0,0.0,0.0,0.0,0.0,0.23611347973346714,1.6736221075057982,2.41569447517395,3.1065112113952624,4.018553590774537
2043-06,2043-06-01,global_mlp,2026-03,7.996970999999999,0.011028317734599113,2.3955334424972534,False,0.0,0.0,external_power_zero,Edvard Grieg,,False,0.0,0.005219804449006914,0.011028317734599113,0.016090879775583742,0.027672296389937404,0.0,0.0,0.0,0.0,0.0,0.22433147728443148,1.6542594313621521,2.3955334424972534,3.10049488544464,3.9941014528274548
2043-07,2043-07-01,global_mlp,2026-03,7.996970999999999,0.009292347356677055,2.3851921558380127,False,0.0,0.0,external_power_zero,Edvard Grieg,,False,0.0,0.004563670046627521,0.009292347356677055,0.01631189156323671,0.029667120426893234,0.0,0.0,0.0,0.0,0.0,0.21785549372434618,1.6400856137275694,2.3851921558380127,3.085384368896484,3.9765910625457774
2043-08,2043-08-01,global_mlp,2026-03,7.996970999999999,0.00966951111331582,2.3764153718948364,False,0.0,0.0,external_power_zero,Edvard Grieg,,False,0.0,0.00371435002889484,0.00966951111331582,0.015290496312081809,0.02803316377103329,0.0,0.0,0.0,0.0,0.0,0.2118255078792573,1.6154875874519348,2.3764153718948364,3.0802677631378166,3.9631927728652965
2043-09,2043-09-01,global_mlp,2026-03,7.996970999999999,0.009525047615170479,2.3716862201690674,False,0.0,0.0,external_power_zero,Edvard Grieg,,False,0.0,0.0037013914203271256,0.009525047615170479,0.015488269273191682,0.02895509079098702,0.0,0.0,0.0,0.0,0.0,0.20104615837335593,1.5912450194358825,2.3716862201690674,3.0707501888275135,3.9609806060791017
2043-10,2043-10-01,global_mlp,2026-03,7.996970999999999,0.008236216846853495,2.361268997192383,False,0.0,0.0,external_power_zero,Edvard Grieg,,False,0.0,0.0014702871441841083,0.008236216846853495,0.014771298691630363,0.025979648716747777,0.0,0.0,0.0,0.0,0.0,0.1918898731470108,1.5803223371505735,2.361268997192383,3.04739294052124,3.9557876586914062
2043-11,2043-11-01,global_mlp,2026-03,7.996970999999999,0.008772540837526321,2.347058653831482,False,0.0,0.0,external_power_zero,Edvard Grieg,,False,0.0,0.0036051483359187835,0.008772540837526321,0.014869625773280855,0.030579921603202824,0.0,0.0,0.0,0.0,0.0,0.18478959202766418,1.5503312587738036,2.347058653831482,3.0464106082916254,3.9316730976104743
2043-12,2043-12-01,global_mlp,2026-03,7.996970999999999,0.009758630767464638,2.338926911354065,False,0.0,0.0,external_power_zero,Edvard Grieg,,False,0.0,0.0028690055478364216,0.009758630767464638,0.016365646570920944,0.03136893808841705,0.0,0.0,0.0,0.0,0.0,0.18034302145242698,1.5075135827064512,2.338926911354065,3.037349486351013,3.925895833969117
2044-01,2044-01-01,global_mlp,2026-03,7.996970999999999,0.009080155286937952,2.325043797492981,False,0.0,0.0,external_power_zero,Edvard Grieg,,False,0.0,0.002240627398714419,0.009080155286937952,0.0161630542948842,0.02992772720754147,0.0,0.0,0.0,0.0,0.0,0.17446095347404492,1.474832034111023,2.325043797492981,3.034270930290222,3.925895833969117
2044-02,2044-02-01,global_mlp,2026-03,7.996970999999999,0.00938916252925992,2.313861131668091,False,0.0,0.0,external_power_zero,Edvard Grieg,,False,0.0,0.0028889961540698996,0.00938916252925992,0.01748014241456985,0.032293961569666865,0.0,0.0,0.0,0.0,0.0,0.16043570190668116,1.4630965828895568,2.313861131668091,3.019283103942871,3.9211956024169927
2044-03,2044-03-01,global_mlp,2026-03,7.996970999999999,0.00751710357144475,2.3053059577941895,False,0.0,0.0,external_power_zero,Edvard Grieg,,False,0.0,0.001052796572912484,0.00751710357144475,0.013884711265563964,0.029039664752781393,0.0,0.0,0.0,0.0,0.0,0.14248382002115254,1.4420851111412045,2.3053059577941895,3.001838135719299,3.901329565048218
2044-04,2044-04-01,global_mlp,2026-03,7.996970999999999,0.011349897366017103,2.296350598335266,False,0.0,0.0,external_power_zero,Edvard Grieg,,False,0.0,0.005738440295681356,0.011349897366017103,0.016803655214607714,0.029221236333251,0.0,0.0,0.0,0.0,0.0,0.12936110496521003,1.4323668003082273,2.296350598335266,2.9868282079696646,3.8736158132553102
2044-05,2044-05-01,global_mlp,2026-03,7.996970999999999,0.01124940300360322,2.285750150680542,False,0.0,0.0,external_power_zero,Edvard Grieg,,False,0.0,0.005703341728076338,0.01124940300360322,0.018803208321332927,0.031266644969582556,0.0,0.0,0.0,0.0,0.0,0.11624674871563918,1.423828077316284,2.285750150680542,2.9656032562255845,3.8528526782989507
2044-06,2044-06-01,global_mlp,2026-03,7.996970999999999,0.011593715753406286,2.2725178003311157,False,0.0,0.0,external_power_zero,Edvard Grieg,,False,0.0,0.005082219792529938,0.011593715753406286,0.01849909126758575,0.03298281840980055,0.0,0.0,0.0,0.0,0.0,0.09877524971961979,1.4076800107955931,2.2725178003311157,2.9370379209518434,3.838206648826599
2044-07,2044-07-01,global_mlp,2026-03,7.996970999999999,0.00988386059179902,2.264523983001709,False,0.0,0.0,external_power_zero,Edvard Grieg,,False,0.0,0.003951578703708946,0.00988386059179902,0.017169726826250547,0.03205730579793454,0.0,0.0,0.0,0.0,0.0,0.07935341522097598,1.3938551545143125,2.264523983001709,2.92031557559967,3.812572574615479
2044-08,2044-08-01,global_mlp,2026-03,7.996970999999999,0.010317133739590645,2.243951678276062,False,0.0,0.0,external_power_zero,Edvard Grieg,,False,0.0,0.0027196368668228376,0.010317133739590645,0.01693270057439803,0.03042650744318964,0.0,0.0,0.0,0.0,0.0,0.06234345473349099,1.3875072956085206,2.243951678276062,2.900742697715759,3.786677312850953
2044-09,2044-09-01,global_mlp,2026-03,7.996970999999999,0.009455566760152578,2.2330809831619263,False,0.0,0.0,external_power_zero,Edvard Grieg,,False,0.0,0.0027387377107515928,0.009455566760152578,0.01757527012377976,0.031181301735341553,0.0,0.0,0.0,0.0,0.0,0.04467718265950689,1.3838100910186768,2.2330809831619263,2.881204700469971,3.7582217454910287
2044-10,2044-10-01,global_mlp,2026-03,7.996970999999999,0.008262317162007093,2.226967930793762,False,0.0,0.0,external_power_zero,Edvard Grieg,,False,0.0,0.002201280579902231,0.008262317162007093,0.015748696029186243,0.03120689764618874,0.0,0.0,0.0,0.0,0.0,0.0146663151681424,1.368146538734436,2.226967930793762,2.85025463104248,3.7278938055038466
2044-11,2044-11-01,global_mlp,2026-03,7.996970999999999,0.009227619972079992,2.2213159799575806,False,0.0,0.0,external_power_zero,Edvard Grieg,,False,0.0,0.002948066126555203,0.009227619972079992,0.01580680292099714,0.033465693518519406,0.0,0.0,0.0,0.0,0.0,0.005530205368995702,1.3423038721084595,2.2213159799575806,2.8342158794403076,3.714378261566163
2044-12,2044-12-01,global_mlp,2026-03,7.996970999999999,0.009489486925303936,2.2102130651474,False,0.0,0.0,external_power_zero,Edvard Grieg,,False,0.0,0.0030293598771095266,0.009489486925303936,0.016331756487488747,0.031062630936503414,0.0,0.0,0.0,0.0,0.0,0.0,1.3040354728698729,2.2102130651474,2.8190759181976315,3.707719683647156
2045-01,2045-01-01,global_mlp,2026-03,7.996970999999999,0.008190670050680637,2.198893189430237,False,0.0,0.0,external_power_zero,Edvard Grieg,,False,0.0,0.001631049218121916,0.008190670050680637,0.018373655714094637,0.03403104096651079,0.0,0.0,0.0,0.0,0.0,0.0,1.2892372846603393,2.198893189430237,2.8102285385131833,3.7065008878707886
2045-02,2045-02-01,global_mlp,2026-03,7.996970999999999,0.009245978202670813,2.1939507722854614,False,0.0,0.0,external_power_zero,Edvard Grieg,,False,0.0,0.0016972122946754084,0.009245978202670813,0.017184093967080115,0.032611235603690156,0.0,0.0,0.0,0.0,0.0,0.0,1.2769150018692017,2.1939507722854614,2.794944834709167,3.6853761672973637
2045-03,2045-03-01,global_mlp,2026-03,7.996970999999999,0.007009206572547555,2.1916733980178833,False,0.0,0.0,external_power_zero,Edvard Grieg,,False,0.0,0.0,0.007009206572547555,0.01421509515494108,0.027548025734722616,0.0,0.0,0.0,0.0,0.0,0.0,1.2650850057601928,2.1916733980178833,2.7921632051467897,3.6610054254531867
2045-04,2045-04-01,global_mlp,2026-03,7.996970999999999,0.009567055851221085,2.1696817874908447,False,0.0,0.0,external_power_zero,Edvard Grieg,,False,0.0,0.004241471551358699,0.009567055851221085,0.0148912051692605,0.027097692526876927,0.0,0.0,0.0,0.0,0.0,0.0,1.2515473246574402,2.1696817874908447,2.7875075578689574,3.6557812929153446
2045-05,2045-05-01,global_mlp,2026-03,7.996970999999999,0.009435292333364487,2.1552740335464478,False,0.0,0.0,external_power_zero,Edvard Grieg,,False,0.0,0.003713134140707551,0.009435292333364487,0.015341874770820139,0.02895954977720976,0.0,0.0,0.0,0.0,0.0,0.0,1.2426231741905212,2.1552740335464478,2.7765682935714717,3.6349292039871224
2045-06,2045-06-01,global_mlp,2026-03,7.996970999999999,0.00905704265460372,2.1441506147384644,False,0.0,0.0,external_power_zero,Edvard Grieg,,False,0.0,0.0033934241859242317,0.00905704265460372,0.016310562193393704,0.028774559125304227,0.0,0.0,0.0,0.0,0.0,0.0,1.2359851956367491,2.1441506147384644,2.7502612352371214,3.622477102279664
2045-07,2045-07-01,global_mlp,2026-03,7.996970999999999,0.009948051068931818,2.135700225830078,False,0.0,0.0,external_power_zero,Edvard Grieg,,False,0.0,0.003007400734350085,0.009948051068931818,0.015770731680095195,0.032405558973550797,0.0,0.0,0.0,0.0,0.0,0.0,1.208537483215332,2.135700225830078,2.743473768234253,3.607939195632935
2045-08,2045-08-01,global_mlp,2026-03,7.996970999999999,0.008426182437688112,2.127321720123291,False,0.0,0.0,external_power_zero,Edvard Grieg,,False,0.0,0.00248911150265485,0.008426182437688112,0.016373247094452377,0.029368890076875688,0.0,0.0,0.0,0.0,0.0,0.0,1.1924733400344847,2.127321720123291,2.7117559909820543,3.592378926277161
2045-09,2045-09-01,global_mlp,2026-03,7.996970999999999,0.009289412759244442,2.1035250425338745,False,0.0,0.0,external_power_zero,Edvard Grieg,,False,0.0,0.001913888228591531,0.009289412759244442,0.015388874430209396,0.029073094204068187,0.0,0.0,0.0,0.0,0.0,0.0,1.177372932434082,2.1035250425338745,2.7045808553695676,3.574977540969849
2045-10,2045-10-01,global_mlp,2026-03,7.996970999999999,0.006448103813454509,2.0924112796783447,False,0.0,0.0,external_power_zero,Edvard Grieg,,False,0.0,0.0,0.006448103813454509,0.014086229074746352,0.0277102302759886,0.0,0.0,0.0,0.0,0.0,0.0,1.172102391719818,2.0924112796783447,2.6844408988952635,3.567706346511841
2045-11,2045-11-01,global_mlp,2026-03,7.996970999999999,0.00810912810266018,2.0782665014266968,False,0.0,0.0,external_power_zero,Edvard Grieg,,False,0.0,0.0017026821500621728,0.00810912810266018,0.015342953428626058,0.028310396336019047,0.0,0.0,0.0,0.0,0.0,0.0,1.162924265861511,2.0782665014266968,2.676832842826843,3.5539061546325685
2045-12,2045-12-01,global_mlp,2026-03,7.996970999999999,0.008215957786887884,2.070828437805176,False,0.0,0.0,external_power_zero,Edvard Grieg,,False,0.0,0.0008939447405282403,0.008215957786887884,0.015413921792060133,0.028992432355880768,0.0,0.0,0.0,0.0,0.0,0.0,1.1425691604614256,2.070828437805176,2.6578281641006467,3.5365487813949588
2046-01,2046-01-01,global_mlp,2026-03,7.996970999999999,0.007599623408168554,2.0543473958969116,False,0.0,0.0,external_power_zero,Edvard Grieg,,False,0.0,0.0005562408943660546,0.007599623408168554,0.014439114183187477,0.02793833110481502,0.0,0.0,0.0,0.0,0.0,0.0,1.1364307880401612,2.0543473958969116,2.6478420972824095,3.5169958353042605
2046-02,2046-02-01,global_mlp,2026-03,7.996970999999999,0.00852492405101657,2.0322020053863525,False,0.0,0.0,external_power_zero,Edvard Grieg,,False,0.0,0.0002305765970959322,0.00852492405101657,0.016367122530937188,0.029724336415529254,0.0,0.0,0.0,0.0,0.0,0.0,1.1303980708122254,2.0322020053863525,2.623077845573425,3.5101110696792603
2046-03,2046-03-01,global_mlp,2026-03,7.996970999999999,0.006056161364540458,2.0141046047210693,False,0.0,0.0,external_power_zero,Edvard Grieg,,False,0.0,0.0,0.006056161364540458,0.013641777541488405,0.025738738849759125,0.0,0.0,0.0,0.0,0.0,0.0,1.128061270713806,2.0141046047210693,2.6179280281066895,3.4936387777328495
2046-04,2046-04-01,global_mlp,2026-03,7.996970999999999,0.009048833046108484,1.9986863136291504,False,0.0,0.0,external_power_zero,Edvard Grieg,,False,0.0,0.0027656422927975653,0.009048833046108484,0.014863153453916311,0.026582808978855618,0.0,0.0,0.0,0.0,0.0,0.0,1.1189216136932372,1.9986863136291504,2.60437273979187,3.476199221611023
2046-05,2046-05-01,global_mlp,2026-03,7.996970999999999,0.010283803567290306,1.9829679727554321,False,0.0,0.0,external_power_zero,Edvard Grieg,,False,0.0,0.0034343991428613663,0.010283803567290306,0.014607267081737516,0.02633391730487347,0.0,0.0,0.0,0.0,0.0,0.0,1.113749837875366,1.9829679727554321,2.597744870185852,3.4577585697174076
2046-06,2046-06-01,global_mlp,2026-03,7.996970999999999,0.008983653504401445,1.9626681208610535,False,0.0,0.0,external_power_zero,Edvard Grieg,,False,0.0,0.0018955048872157925,0.008983653504401445,0.014852593280374991,0.026620174013078216,0.0,0.0,0.0,0.0,0.0,0.0,1.0904813766479489,1.9626681208610535,2.584332251548767,3.4460763454437258
2046-07,2046-07-01,global_mlp,2026-03,7.996970999999999,0.007997683249413967,1.9550756812095642,False,0.0,0.0,external_power_zero,Edvard Grieg,,False,0.0,0.0014359392342157657,0.007997683249413967,0.014598142914473996,0.025884272530674938,0.0,0.0,0.0,0.0,0.0,0.0,1.0465621471405029,1.9550756812095642,2.577294826507568,3.4382935523986817
2046-08,2046-08-01,global_mlp,2026-03,7.996970999999999,0.007450779899954796,1.9331875443458557,False,0.0,0.0,external_power_zero,Edvard Grieg,,False,0.0,0.0015337440418079491,0.007450779899954796,0.01437493860721588,0.02436126414686442,0.0,0.0,0.0,0.0,0.0,0.0,1.0276484489440914,1.9331875443458557,2.5591906785964964,3.4306499004364013
2046-09,2046-09-01,global_mlp,2026-03,7.996970999999999,0.008874646853655577,1.9160173535346985,False,0.0,0.0,external_power_zero,Edvard Grieg,,False,0.0,0.0021798274014145115,0.008874646853655577,0.014790927618741975,0.025191166996955873,0.0,0.0,0.0,0.0,0.0,0.0,1.0231298208236692,1.9160173535346985,2.5584999561309814,3.4080936670303346
2046-10,2046-10-01,global_mlp,2026-03,7.996970999999999,0.0066117155365645885,1.9012075066566467,False,0.0,0.0,external_power_zero,Edvard Grieg,,False,0.0,0.0,0.0066117155365645885,0.012270819954574106,0.023908358253538608,0.0,0.0,0.0,0.0,0.0,0.0,1.0182945132255552,1.9012075066566467,2.5348180770874014,3.391379761695862
2046-11,2046-11-01,global_mlp,2026-03,7.996970999999999,0.006481632124632597,1.8837586641311646,False,0.0,0.0,external_power_zero,Edvard Grieg,,False,0.0,0.0,0.006481632124632597,0.013913752976804968,0.023925368115305917,0.0,0.0,0.0,0.0,0.0,0.0,1.0116878032684324,1.8837586641311646,2.528369688987732,3.3830183029174807
2046-12,2046-12-01,global_mlp,2026-03,7.996970999999999,0.007345000747591257,1.8597866892814636,False,0.0,0.0,external_power_zero,Edvard Grieg,,False,0.0,0.000991218420676887,0.007345000747591257,0.014524647686630487,0.026135584898293027,0.0,0.0,0.0,0.0,0.0,0.0,1.0081925630569457,1.8597866892814636,2.5214143753051754,3.3643424749374393
2047-01,2047-01-01,global_mlp,2026-03,7.996970999999999,0.007162487367168069,1.8382632732391357,False,0.0,0.0,external_power_zero,Edvard Grieg,,False,0.0,0.0,0.007162487367168069,0.014894332736730576,0.02657094225287438,0.0,0.0,0.0,0.0,0.0,0.0,1.0041205465793608,1.8382632732391357,2.517384433746338,3.3494003534317023
2047-02,2047-02-01,global_mlp,2026-03,7.996970999999999,0.007094566244632006,1.8229917883872986,False,0.0,0.0,external_power_zero,Edvard Grieg,,False,0.0,0.0,0.007094566244632006,0.014570765011012544,0.02934092599898577,0.0,0.0,0.0,0.0,0.0,0.0,0.9839289367198942,1.8229917883872986,2.5060555696487423,3.3407045602798466
2047-03,2047-03-01,global_mlp,2026-03,7.996970999999999,0.004975352669134736,1.815463125705719,False,0.0,0.0,external_power_zero,Edvard Grieg,,False,0.0,0.0,0.004975352669134736,0.012877458054572327,0.02743905968964101,0.0,0.0,0.0,0.0,0.0,0.0,0.9526059269905086,1.815463125705719,2.5037156105041505,3.331692457199097
2047-04,2047-04-01,global_mlp,2026-03,7.996970999999999,0.009927515871822834,1.794030249118805,False,0.0,0.0,external_power_zero,Edvard Grieg,,False,0.0,0.003858387772925198,0.009927515871822834,0.015534458588808774,0.026929202303290368,0.0,0.0,0.0,0.0,0.0,0.0,0.9075804233551025,1.794030249118805,2.4888874053955075,3.3193075180053717
2047-05,2047-05-01,global_mlp,2026-03,7.996970999999999,0.009320756420493126,1.7706988453865051,False,0.0,0.0,external_power_zero,Edvard Grieg,,False,0.0,0.0024025675142183888,0.009320756420493126,0.01601529177278279,0.027150289155542854,0.0,0.0,0.0,0.0,0.0,0.0,0.8991901040077207,1.7706988453865051,2.4673479557037354,3.3096120119094854
2047-06,2047-06-01,global_mlp,2026-03,7.996970999999999,0.008530694525688887,1.7611665725708008,False,0.0,0.0,external_power_zero,Edvard Grieg,,False,0.0,0.00268554410431534,0.008530694525688887,0.016027208976447545,0.03015525322407485,0.0,0.0,0.0,0.0,0.0,0.0,0.8751253843307494,1.7611665725708008,2.4476536750793456,3.3002168178558353
2047-07,2047-07-01,global_mlp,2026-03,7.996970999999999,0.008237437345087528,1.749442458152771,False,0.0,0.0,external_power_zero,Edvard Grieg,,False,0.0,0.0013681543990969654,0.008237437345087528,0.014036521688103673,0.027539866603910924,0.0,0.0,0.0,0.0,0.0,0.0,0.8655402362346649,1.749442458152771,2.432695031166076,3.2955494403839114
2047-08,2047-08-01,global_mlp,2026-03,7.996970999999999,0.008217080496251583,1.7332866787910461,False,0.0,0.0,external_power_zero,Edvard Grieg,,False,0.0,0.0010999966529197987,0.008217080496251583,0.01461391923949122,0.026265682466328145,0.0,0.0,0.0,0.0,0.0,0.0,0.8607080399990079,1.7332866787910461,2.425998997688293,3.2868154048919678
2047-09,2047-09-01,global_mlp,2026-03,7.996970999999999,0.00783079070970416,1.7131028771400452,False,0.0,0.0,external_power_zero,Edvard Grieg,,False,0.0,0.0013154552900232366,0.00783079070970416,0.014575270283967254,0.026218157261610035,0.0,0.0,0.0,0.0,0.0,0.0,0.8480802357196807,1.7131028771400452,2.406815648078918,3.2690909385681155
2047-10,2047-10-01,global_mlp,2026-03,7.996970999999999,0.00665861158631742,1.6961175203323364,False,0.0,0.0,external_power_zero,Edvard Grieg,,False,0.0,0.0,0.00665861158631742,0.013948728423565624,0.023932517506182194,0.0,0.0,0.0,0.0,0.0,0.0,0.8399474859237671,1.6961175203323364,2.3868756771087645,3.2523612499237067
2047-11,2047-11-01,global_mlp,2026-03,7.996970999999999,0.008495633024722338,1.6854247450828552,False,0.0,0.0,external_power_zero,Edvard Grieg,,False,0.0,0.0,0.008495633024722338,0.01552976612001657,0.026548649370670332,0.0,0.0,0.0,0.0,0.0,0.0,0.8353876531124115,1.6854247450828552,2.361988282203674,3.2449738025665287
2047-12,2047-12-01,global_mlp,2026-03,7.996970999999999,0.007375305984169245,1.6854247450828552,False,0.0,0.0,external_power_zero,Edvard Grieg,,False,0.0,0.0,0.007375305984169245,0.014917082060128447,0.0263240460306406,0.0,0.0,0.0,0.0,0.0,0.0,0.8299125134944915,1.6854247450828552,2.338963437080383,3.2359589338302612
2048-01,2048-01-01,global_mlp,2026-03,7.996970999999999,0.007163382368162274,1.6666035652160645,False,0.0,0.0,external_power_zero,Edvard Grieg,,False,0.0,0.0,0.007163382368162274,0.013702683988958592,0.028177965991199018,0.0,0.0,0.0,0.0,0.0,0.0,0.8124813258647918,1.6666035652160645,2.320366144180298,3.2310132503509523
2048-02,2048-02-01,global_mlp,2026-03,7.996970999999999,0.007571028778329492,1.6444334983825684,False,0.0,0.0,external_power_zero,Edvard Grieg,,False,0.0,0.0,0.007571028778329492,0.01621647384017705,0.02708227839320899,0.0,0.0,0.0,0.0,0.0,0.0,0.8013395488262176,1.6444334983825684,2.307818126678467,3.2002130508422852
2048-03,2048-03-01,global_mlp,2026-03,7.996970999999999,0.005876590497791767,1.631207823753357,False,0.0,0.0,external_power_zero,Edvard Grieg,,False,0.0,0.0,0.005876590497791767,0.013358281087130304,0.023283606767654424,0.0,0.0,0.0,0.0,0.0,0.0,0.7907337129116058,1.631207823753357,2.2959042549133297,3.18423388004303
2048-04,2048-04-01,global_mlp,2026-03,7.996970999999999,0.009865569416433573,1.6226046085357666,False,0.0,0.0,external_power_zero,Edvard Grieg,,False,0.0,0.002578815864399074,0.009865569416433573,0.015338796190917488,0.02475180327892306,0.0,0.0,0.0,0.0,0.0,0.0,0.7800019621849059,1.6226046085357666,2.2860269069671633,3.1766263008117677
2048-05,2048-05-01,global_mlp,2026-03,7.996970999999999,0.010430179070681334,1.6086630821228027,False,0.0,0.0,external_power_zero,Edvard Grieg,,False,0.0,0.004024793859571218,0.010430179070681334,0.01592170689254999,0.027449109777808192,0.0,0.0,0.0,0.0,0.0,0.0,0.7710200786590575,1.6086630821228027,2.261523461341857,3.159565567970276
2048-06,2048-06-01,global_mlp,2026-03,7.996970999999999,0.00956537202000618,1.5892146229743958,False,0.0,0.0,external_power_zero,Edvard Grieg,,False,0.0,0.0014295148546807463,0.00956537202000618,0.016356039419770235,0.028689706325531018,0.0,0.0,0.0,0.0,0.0,0.0,0.7637173354625701,1.5892146229743958,2.239403557777403,3.139934349060059
2048-07,2048-07-01,global_mlp,2026-03,7.996970999999999,0.009025505743920803,1.5801081657409668,False,0.0,0.0,external_power_zero,Edvard Grieg,,False,0.0,0.0022694791899994,0.009025505743920803,0.015629079565405844,0.026201114989817146,0.0,0.0,0.0,0.0,0.0,0.0,0.7459562897682189,1.5801081657409668,2.2275009870529163,3.1202113389968877
2048-08,2048-08-01,global_mlp,2026-03,7.996970999999999,0.008685416541993618,1.562834918498993,False,0.0,0.0,external_power_zero,Edvard Grieg,,False,0.0,0.0008147112443111824,0.008685416541993618,0.013793876394629477,0.025666246376931667,0.0,0.0,0.0,0.0,0.0,0.0,0.7419380009174346,1.562834918498993,2.2181233644485467,3.1121811389923097
2048-09,2048-09-01,global_mlp,2026-03,7.996970999999999,0.008838919457048178,1.5511841773986816,False,0.0,0.0,external_power_zero,Edvard Grieg,,False,0.0,4.190997969999376e-05,0.008838919457048178,0.01454968452453613,0.026159787550568598,0.0,0.0,0.0,0.0,0.0,0.0,0.729929620027542,1.5511841773986816,2.1981077194213867,3.1023969888687137
2048-10,2048-10-01,global_mlp,2026-03,7.996970999999999,0.007340538082644343,1.5298030972480774,False,0.0,0.0,external_power_zero,Edvard Grieg,,False,0.0,0.0,0.007340538082644343,0.013740492798388002,0.023828453570604334,0.0,0.0,0.0,0.0,0.0,0.0,0.7216116845607757,1.5298030972480774,2.1822303295135494,3.0933775663375855
2048-11,2048-11-01,global_mlp,2026-03,7.996970999999999,0.008607671596109867,1.513214886188507,False,0.0,0.0,external_power_zero,Edvard Grieg,,False,0.0,0.0002547079726355124,0.008607671596109867,0.014781127963215106,0.026087062992155553,0.0,0.0,0.0,0.0,0.0,0.0,0.7115795493125912,1.513214886188507,2.1632004022598257,3.080387091636658
2048-12,2048-12-01,global_mlp,2026-03,7.996970999999999,0.008960067760199308,1.504010021686554,False,0.0,0.0,external_power_zero,Edvard Grieg,,False,0.0,0.0010841068113222716,0.008960067760199308,0.015549095068126914,0.02710004597902298,0.0,0.0,0.0,0.0,0.0,0.0,0.7068856358528134,1.504010021686554,2.157211256027221,3.0679004907608034
2049-01,2049-01-01,global_mlp,2026-03,7.996970999999999,0.008376149460673332,1.4992607831954956,False,0.0,0.0,external_power_zero,Edvard Grieg,,False,0.0,0.0,0.008376149460673332,0.014070664905011653,0.028800893761217604,0.0,0.0,0.0,0.0,0.0,0.0,0.69838969707489,1.4992607831954956,2.1488560438156123,3.0521816730499274
2049-02,2049-02-01,global_mlp,2026-03,7.996970999999999,0.008172951638698578,1.4960722923278809,False,0.0,0.0,external_power_zero,Edvard Grieg,,False,0.0,0.0,0.008172951638698578,0.01584513634443283,0.02804333064705134,0.0,0.0,0.0,0.0,0.0,0.0,0.6792683839797974,1.4960722923278809,2.1468591213226316,3.0386777877807623
2049-03,2049-03-01,global_mlp,2026-03,7.996970999999999,0.006667396053671837,1.4805469512939453,False,0.0,0.0,external_power_zero,Edvard Grieg,,False,0.0,0.0,0.006667396053671837,0.013269744068384158,0.02708743475377561,0.0,0.0,0.0,0.0,0.0,0.0,0.673143148422241,1.4805469512939453,2.126945137977599,3.0313801765441895
2049-04,2049-04-01,global_mlp,2026-03,7.996970999999999,0.008907711133360863,1.4679406881332397,False,0.0,0.0,external_power_zero,Edvard Grieg,,False,0.0,0.0018202305305749177,0.008907711133360863,0.014778964873403308,0.02621082421392203,0.0,0.0,0.0,0.0,0.0,0.0,0.6604523360729215,1.4679406881332397,2.1148993968963623,3.0196533679962156
2049-05,2049-05-01,global_mlp,2026-03,7.996970999999999,0.008676928002387285,1.4505231976509094,False,0.0,0.0,external_power_zero,Edvard Grieg,,False,0.0,0.0020599092124029984,0.008676928002387285,0.01494367718696594,0.028280004486441617,0.0,0.0,0.0,0.0,0.0,0.0,0.6508631229400634,1.4505231976509094,2.100160408020019,3.007736873626709
2049-06,2049-06-01,global_mlp,2026-03,7.996970999999999,0.008312951773405075,1.4233204126358032,False,0.0,0.0,external_power_zero,Edvard Grieg,,False,0.0,0.001287879364099353,0.008312951773405075,0.01579872239381075,0.02579311039298773,0.0,0.0,0.0,0.0,0.0,0.0,0.6407051801681518,1.4233204126358032,2.0641745328903194,2.9879402399063113
2049-07,2049-07-01,global_mlp,2026-03,7.996970999999999,0.007723920280113816,1.4180323481559753,False,0.0,0.0,external_power_zero,Edvard Grieg,,False,0.0,0.0014788403059355915,0.007723920280113816,0.01428924575448035,0.025825011916458633,0.0,0.0,0.0,0.0,0.0,0.0,0.6218497037887573,1.4180323481559753,2.0524730682373042,2.9851872205734256
2049-08,2049-08-01,global_mlp,2026-03,7.996970999999999,0.007544766878709197,1.3993343114852905,False,0.0,0.0,external_power_zero,Edvard Grieg,,False,0.0,0.0008073158969636979,0.007544766878709197,0.01472400203347206,0.026426767744123936,0.0,0.0,0.0,0.0,0.0,0.0,0.6084618508815766,1.3993343114852905,2.0342781782150268,2.9756888151168828
2049-09,2049-09-01,global_mlp,2026-03,7.996970999999999,0.008184898179024458,1.37655508518219,False,0.0,0.0,external_power_zero,Edvard Grieg,,False,0.0,0.0,0.008184898179024458,0.014705777540802953,0.026202775537967696,0.0,0.0,0.0,0.0,0.0,0.0,0.5929357528686522,1.37655508518219,2.023077082633972,2.9677215576171876
2049-10,2049-10-01,global_mlp,2026-03,7.996970999999999,0.0058368847239762545,1.3720712661743164,False,0.0,0.0,external_power_zero,Edvard Grieg,,False,0.0,0.0,0.0058368847239762545,0.01365306507796049,0.026482961326837542,0.0,0.0,0.0,0.0,0.0,0.0,0.5746304571628569,1.3720712661743164,2.006016445159912,2.954293179512024
2049-11,2049-11-01,global_mlp,2026-03,7.996970999999999,0.008236646186560392,1.3576765060424805,False,0.0,0.0,external_power_zero,Edvard Grieg,,False,0.0,8.780312928138158e-05,0.008236646186560392,0.015231177024543284,0.02972628176212311,0.0,0.0,0.0,0.0,0.0,0.0,0.5601572155952452,1.3576765060424805,1.986994218826294,2.9403240919113163
2049-12,2049-12-01,global_mlp,2026-03,7.996970999999999,0.007032976485788822,1.335909128189087,False,0.0,0.0,external_power_zero,Edvard Grieg,,False,0.0,0.0,0.007032976485788822,0.015634596534073345,0.030056838691234593,0.0,0.0,0.0,0.0,0.0,0.0,0.5383163571357726,1.335909128189087,1.9795502543449401,2.91372721195221
2050-01,2050-01-01,global_mlp,2026-03,7.996970999999999,0.007093153428286314,1.316525638103485,False,0.0,0.0,external_power_zero,Edvard Grieg,,False,0.0,0.0001702525216387557,0.007093153428286314,0.014806029386818395,0.03082392103970052,0.0,0.0,0.0,0.0,0.0,0.0,0.5304168939590453,1.316525638103485,1.96815630197525,2.9004512071609505
2050-02,2050-02-01,global_mlp,2026-03,7.996970999999999,0.00817012507468462,1.313786268234253,False,0.0,0.0,external_power_zero,Edvard Grieg,,False,0.0,0.0,0.00817012507468462,0.014886675029993053,0.033415340259671245,0.0,0.0,0.0,0.0,0.0,0.0,0.514765727519989,1.313786268234253,1.947138285636901,2.8904142141342164
2050-03,2050-03-01,global_mlp,2026-03,7.996970999999999,0.004923076601698995,1.3030558824539185,False,0.0,0.0,external_power_zero,Edvard Grieg,,False,0.0,0.0,0.004923076601698995,0.013674570247530935,0.028621502965688706,0.0,0.0,0.0,0.0,0.0,0.0,0.49564549922943096,1.3030558824539185,1.9289943814277648,2.8844463348388674
2050-04,2050-04-01,global_mlp,2026-03,7.996970999999999,0.009513158351182938,1.2862293124198914,False,0.0,0.0,external_power_zero,Edvard Grieg,,False,0.0,0.001217561698285857,0.009513158351182938,0.016145351901650413,0.02773497346788648,0.0,0.0,0.0,0.0,0.0,0.0,0.47157691717147815,1.2862293124198914,1.9174720168113708,2.874433541297913
2050-05,2050-05-01,global_mlp,2026-03,7.996970999999999,0.010598986875265837,1.27275151014328,False,0.0,0.0,external_power_zero,Edvard Grieg,,False,0.0,0.0026228782488033173,0.010598986875265837,0.016676266677677628,0.029889917559921767,0.0,0.0,0.0,0.0,0.0,0.0,0.4503819495439529,1.27275151014328,1.9082995295524596,2.860608530044556
2050-06,2050-06-01,global_mlp,2026-03,7.996970999999999,0.009085863828659058,1.251300036907196,False,0.0,0.0,external_power_zero,Edvard Grieg,,False,0.0,0.0014853487140499054,0.009085863828659058,0.015635277703404424,0.0262391297146678,0.0,0.0,0.0,0.0,0.0,0.0,0.42671513855457305,1.251300036907196,1.894397461414337,2.849509978294373
2050-07,2050-07-01,global_mlp,2026-03,7.996970999999999,0.008298769127577543,1.2405600547790527,False,0.0,0.0,external_power_zero,Edvard Grieg,,False,0.0,0.0011272829375229766,0.008298769127577543,0.014515876118093726,0.029093266464769847,0.0,0.0,0.0,0.0,0.0,0.0,0.40707325935363753,1.2405600547790527,1.8830851912498474,2.8418304920196538
2050-08,2050-08-01,global_mlp,2026-03,7.996970999999999,0.008458147756755352,1.2325186133384705,False,0.0,0.0,external_power_zero,Edvard Grieg,,False,0.0,0.0010755925613921112,0.008458147756755352,0.014486587140709158,0.02727357093244791,0.0,0.0,0.0,0.0,0.0,0.0,0.3914378702640533,1.2325186133384705,1.8729525566101073,2.8369045495986946
2050-09,2050-09-01,global_mlp,2026-03,7.996970999999999,0.008343347813934088,1.2209122776985168,False,0.0,0.0,external_power_zero,Edvard Grieg,,False,0.0,0.0,0.008343347813934088,0.015422633104026313,0.028232320398092293,0.0,0.0,0.0,0.0,0.0,0.0,0.3865108877420425,1.2209122776985168,1.8643669366836544,2.827234840393067
2050-10,2050-10-01,global_mlp,2026-03,7.996970999999999,0.00781970378011465,1.2117096781730652,False,0.0,0.0,external_power_zero,Edvard Grieg,,False,0.0,0.0,0.00781970378011465,0.015094557031989097,0.026761769875884068,0.0,0.0,0.0,0.0,0.0,0.0,0.37785619497299183,1.2117096781730652,1.8530140399932862,2.8109287977218638
2050-11,2050-11-01,global_mlp,2026-03,7.996970999999999,0.0074302200227975845,1.1865554451942444,False,0.0,0.0,external_power_zero,Edvard Grieg,,False,0.0,0.0,0.0074302200227975845,0.016218532249331473,0.028423682041466253,0.0,0.0,0.0,0.0,0.0,0.0,0.3654920071363448,1.1865554451942444,1.833530843257904,2.809032630920411
2050-12,2050-12-01,global_mlp,2026-03,7.996970999999999,0.008673547301441431,1.173230767250061,False,0.0,0.0,external_power_zero,Edvard Grieg,,False,0.0,0.0,0.008673547301441431,0.01666629966348408,0.03049491122364998,0.0,0.0,0.0,0.0,0.0,0.0,0.35643345117568964,1.173230767250061,1.804704666137695,2.7955403804779055
2051-01,2051-01-01,global_mlp,2026-03,7.996970999999999,0.007288292516022921,1.1546649932861328,False,0.0,0.0,external_power_zero,Edvard Grieg,,False,0.0,0.0,0.007288292516022921,0.01612487137317657,0.028945483453571796,0.0,0.0,0.0,0.0,0.0,0.0,0.3532638639211653,1.1546649932861328,1.790104556083679,2.7689318180084235
2051-02,2051-02-01,global_mlp,2026-03,7.996970999999999,0.007685346296057105,1.1481825709342957,False,0.0,0.0,external_power_zero,Edvard Grieg,,False,0.0,0.0,0.007685346296057105,0.01730312276631593,0.030127117969095712,0.0,0.0,0.0,0.0,0.0,0.0,0.34222761392593376,1.1481825709342957,1.7765151262283325,2.733616614341737
2051-03,2051-03-01,global_mlp,2026-03,7.996970999999999,0.006334000965580344,1.1347396969795227,False,0.0,0.0,external_power_zero,Edvard Grieg,,False,0.0,0.0,0.006334000965580344,0.015335576236248014,0.029123954661190513,0.0,0.0,0.0,0.0,0.0,0.0,0.31557219624519334,1.1347396969795227,1.7685398817062377,2.7077686309814464
