month,date,variant,cutoff_month,remaining_reserves_start_msm3oe,production_forecast_msm3oe,remaining_reserves_end_msm3oe,production_was_clipped,fuel_gas_forecast_msm3,fuel_gas_forecast_sm3,fuel_forecast_method,fuel_source_field,fuel_zero_from_month,fuel_zero_override_applied,production_forecast_msm3oe_q10,production_forecast_msm3oe_q30,production_forecast_msm3oe_q50,production_forecast_msm3oe_q70,production_forecast_msm3oe_q90,fuel_gas_forecast_msm3_q10,fuel_gas_forecast_msm3_q30,fuel_gas_forecast_msm3_q50,fuel_gas_forecast_msm3_q70,fuel_gas_forecast_msm3_q90,remaining_reserves_end_msm3oe_q10,remaining_reserves_end_msm3oe_q30,remaining_reserves_end_msm3oe_q50,remaining_reserves_end_msm3oe_q70,remaining_reserves_end_msm3oe_q90
2026-04,2026-04-01,global_mlp,2026-03,66.56457,0.3754024803638458,66.18916320800781,False,8.709329605102539,8709329.605102539,reported_conditioned_mlp,SNORRE,,False,0.24982004910707473,0.33123172223567965,0.3754024803638458,0.4112160265445709,0.48184759318828585,4.631803894042969,7.3719967842102045,8.709329605102539,9.885608291625976,12.387402439117432,66.08271942138671,66.15335083007812,66.18916320800781,66.2333381652832,66.31474456787109
2026-05,2026-05-01,global_mlp,2026-03,66.56457,0.36634474992752075,65.83485412597656,False,8.488142013549805,8488142.013549805,reported_conditioned_mlp,SNORRE,,False,0.24012154340744019,0.3184729814529419,0.36634474992752075,0.408986821770668,0.4901609957218171,3.9351967334747315,6.986584281921386,8.488142013549805,9.422160625457764,11.0622127532959,65.62421493530273,65.75221557617188,65.83485412597656,65.90909042358399,66.03211822509766
2026-06,2026-06-01,global_mlp,2026-03,66.56457,0.3618123382329941,65.47079849243164,False,8.428101062774658,8428101.062774658,reported_conditioned_mlp,SNORRE,,False,0.21567659676074982,0.31546283066272734,0.3618123382329941,0.4064956963062286,0.4769626140594483,4.562779903411865,7.087305879592895,8.428101062774658,9.44220781326294,11.762587928771973,65.18885726928711,65.3532928466797,65.47079849243164,65.60272827148438,65.77011337280274
2026-07,2026-07-01,global_mlp,2026-03,66.56457,0.37564869225025177,65.08924102783203,False,8.417591571807861,8417591.571807861,reported_conditioned_mlp,SNORRE,,False,0.2396448165178299,0.3246444225311279,0.37564869225025177,0.42635112106800077,0.4955816775560379,4.640372896194458,7.4285304069519045,8.417591571807861,9.711061573028564,11.889883041381836,64.71791915893554,64.9381492614746,65.08924102783203,65.2612403869629,65.50808334350586
2026-08,2026-08-01,global_mlp,2026-03,66.56457,0.3708500564098358,64.72199630737305,False,8.529851913452148,8529851.913452148,reported_conditioned_mlp,SNORRE,,False,0.2562044978141785,0.3274171888828278,0.3708500564098358,0.41705397367477415,0.48560362160205844,4.595785760879517,7.370431518554687,8.529851913452148,9.800170040130615,12.225666236877446,64.26180572509766,64.53536071777344,64.72199630737305,64.93553619384765,65.22352752685546
2026-09,2026-09-01,global_mlp,2026-03,66.56457,0.3698524981737137,64.37564468383789,False,8.651211738586426,8651211.738586426,reported_conditioned_mlp,SNORRE,,False,0.2322518140077591,0.32954278290271755,0.3698524981737137,0.4186751812696457,0.48548544645309455,4.1085991859436035,7.3073606967926015,8.651211738586426,9.969139480590819,12.410499858856202,63.839169311523435,64.16978912353515,64.37564468383789,64.56769790649415,64.92425155639648
2026-10,2026-10-01,global_mlp,2026-03,66.56457,0.37465669214725494,64.00767517089844,False,8.741292476654053,8741292.476654053,reported_conditioned_mlp,SNORRE,,False,0.23687596768140795,0.3286068767309189,0.37465669214725494,0.4226374953985214,0.502830857038498,4.664972829818726,7.453495597839355,8.741292476654053,9.816952037811278,12.19525413513184,63.37896041870117,63.79722290039062,64.00767517089844,64.2045524597168,64.62151641845703
2026-11,2026-11-01,global_mlp,2026-03,66.56457,0.3887281119823456,63.62014579772949,False,8.881540298461914,8881540.298461914,reported_conditioned_mlp,SNORRE,,False,0.2469814032316208,0.34086363315582274,0.3887281119823456,0.43427010476589195,0.5273743987083435,4.706817293167115,7.3544382572174065,8.881540298461914,10.288963603973388,13.038850688934328,62.87654113769531,63.39752426147461,63.62014579772949,63.86155548095703,64.28822021484375
2026-12,2026-12-01,global_mlp,2026-03,66.56457,0.3921266347169876,63.22016525268555,False,8.398921489715576,8398921.489715576,reported_conditioned_mlp,SNORRE,,False,0.2580211937427521,0.341705521941185,0.3921266347169876,0.4471802860498428,0.5383404672145844,4.527735948562623,6.960356616973876,8.398921489715576,9.832487487792967,11.99196891784668,62.36752700805664,62.970756149291994,63.22016525268555,63.498171997070315,63.97598037719727
2027-01,2027-01-01,global_mlp,2026-03,66.56457,0.39813150465488434,62.80471420288086,False,8.384657382965088,8384657.382965088,reported_conditioned_mlp,SNORRE,,False,0.26532350182533265,0.346624368429184,0.39813150465488434,0.4569169700145721,0.5762525260448457,4.138190269470216,7.06731162071228,8.384657382965088,9.420573329925537,11.546542358398439,61.85416107177734,62.52198524475098,62.80471420288086,63.115748977661134,63.655849075317384
2027-02,2027-02-01,global_mlp,2026-03,66.56457,0.39516331255435944,62.4193172454834,False,8.25981330871582,8259813.30871582,reported_conditioned_mlp,SNORRE,,False,0.24879417568445208,0.34469490349292753,0.39516331255435944,0.45476308166980733,0.5621976733207703,3.8272558212280274,6.873695945739746,8.25981330871582,9.910514831542967,12.222937297821046,61.42163734436035,62.05322456359863,62.4193172454834,62.74055709838867,63.34812927246094
2027-03,2027-03-01,global_mlp,2026-03,66.56457,0.3686254322528839,62.056013107299805,False,8.001596927642822,8001596.927642822,reported_conditioned_mlp,SNORRE,,False,0.1997574582695961,0.30739035606384274,0.3686254322528839,0.4353954970836639,0.5360430300235749,2.7676432609558104,6.539876651763914,8.001596927642822,9.440785980224609,12.155340671539308,60.92702102661133,61.59298400878906,62.056013107299805,62.407477951049806,63.10641250610352
2027-04,2027-04-01,global_mlp,2026-03,66.56457,0.3669717013835907,61.68659210205078,False,7.404075860977173,7404075.860977173,reported_conditioned_mlp,SNORRE,,False,0.21910056769847872,0.3083996534347534,0.3669717013835907,0.4262209773063659,0.5356643855571748,3.5585312604904176,5.610610389709472,7.404075860977173,9.124969100952148,11.722705936431884,60.52285652160644,61.20068550109863,61.68659210205078,62.085258865356444,62.829541778564455
2027-05,2027-05-01,global_mlp,2026-03,66.56457,0.3594716340303421,61.32501029968262,False,7.040268659591675,7040268.659591675,reported_conditioned_mlp,SNORRE,,False,0.18434629291296006,0.2968062341213226,0.3594716340303421,0.42528983056545255,0.5504288017749787,3.432587909698487,5.422071075439453,7.040268659591675,8.782056713104248,11.285277175903323,60.01800308227539,60.7817081451416,61.32501029968262,61.72094230651855,62.59195213317871
2027-06,2027-06-01,global_mlp,2026-03,66.56457,0.3564772456884384,60.95357894897461,False,7.290393114089966,7290393.114089966,reported_conditioned_mlp,SNORRE,,False,0.20703189671039582,0.2819207698106766,0.3564772456884384,0.43786296546459197,0.550273472070694,3.4240908145904547,5.7791975975036625,7.290393114089966,8.421260452270507,11.444434642791748,59.50031204223633,60.385302734375,60.95357894897461,61.4096134185791,62.338138580322266
2027-07,2027-07-01,global_mlp,2026-03,66.56457,0.3654213696718216,60.592201232910156,False,7.324418067932129,7324418.067932129,reported_conditioned_mlp,SNORRE,,False,0.20396896153688432,0.30478576123714446,0.3654213696718216,0.43292965292930585,0.5446961641311648,3.368036770820618,5.583437919616698,7.324418067932129,8.758031368255615,11.296911144256592,59.04230079650879,59.97649154663086,60.592201232910156,61.0891788482666,62.06529235839844
2027-08,2027-08-01,global_mlp,2026-03,66.56457,0.3633372336626053,60.21805000305176,False,7.271286725997925,7271286.725997925,reported_conditioned_mlp,SNORRE,,False,0.19943657815456392,0.3033440202474594,0.3633372336626053,0.42090606391429886,0.5573246836662293,3.10422043800354,5.804016971588135,7.271286725997925,9.115795135498045,11.781640625000001,58.539049530029295,59.57828903198242,60.21805000305176,60.75064659118652,61.771270751953125
2027-09,2027-09-01,global_mlp,2026-03,66.56457,0.36007964611053467,59.79964828491211,False,7.588255405426025,7588255.405426025,reported_conditioned_mlp,SNORRE,,False,0.20395827740430833,0.3099570065736771,0.36007964611053467,0.4294304877519606,0.5684846997261047,3.2498739004135135,5.70286750793457,7.588255405426025,9.29866828918457,12.295472908020026,58.022007369995116,59.156646728515625,59.79964828491211,60.40611724853515,61.53977394104004
2027-10,2027-10-01,global_mlp,2026-03,66.56457,0.35679398477077484,59.440542221069336,False,7.373147964477539,7373147.964477539,reported_conditioned_mlp,SNORRE,,False,0.2075259730219841,0.30364068448543546,0.35679398477077484,0.43267775177955625,0.5366989552974701,3.2748021602630626,5.728833627700806,7.373147964477539,9.154467678070068,12.346654033660892,57.53522644042969,58.73465576171875,59.440542221069336,60.09672164916992,61.30460777282715
2027-11,2027-11-01,global_mlp,2026-03,66.56457,0.3659472167491913,59.07637977600098,False,7.6650390625,7665039.0625,reported_conditioned_mlp,SNORRE,,False,0.20999461859464646,0.3126189440488815,0.3659472167491913,0.43599141538143155,0.5581164479255679,2.687375855445862,6.11447582244873,7.6650390625,9.514475917816162,12.865213680267335,57.01539916992188,58.30598335266113,59.07637977600098,59.76711807250977,61.0810245513916
2027-12,2027-12-01,global_mlp,2026-03,66.56457,0.3765425384044647,58.699501037597656,False,7.1952221393585205,7195222.1393585205,reported_conditioned_mlp,SNORRE,,False,0.2074542075395584,0.30342644453048706,0.3765425384044647,0.44225826561450954,0.5807673275470734,2.7437142848968508,5.453588533401489,7.1952221393585205,8.75314302444458,12.093188858032228,56.45071182250977,57.845774459838864,58.699501037597656,59.43841896057129,60.81022300720215
2028-01,2028-01-01,global_mlp,2026-03,66.56457,0.3742784261703491,58.32183647155762,False,7.0533671379089355,7053367.137908936,reported_conditioned_mlp,SNORRE,,False,0.21765295565128326,0.30968445241451265,0.3742784261703491,0.46872270405292504,0.6175376176834106,2.718810558319092,5.484118080139159,7.0533671379089355,8.76862382888794,11.605598926544193,55.96283798217773,57.33691253662109,58.32183647155762,59.14679145812988,60.57698059082031
2028-02,2028-02-01,global_mlp,2026-03,66.56457,0.37493757903575897,57.97250556945801,False,7.133760690689087,7133760.690689087,reported_conditioned_mlp,SNORRE,,False,0.19645993709564208,0.297354981303215,0.37493757903575897,0.46424538493156425,0.606983405351639,2.434524393081665,5.301660203933715,7.133760690689087,8.839859962463377,12.161016273498538,55.43627662658692,56.89434051513672,57.97250556945801,58.84549102783203,60.33554039001465
2028-03,2028-03-01,global_mlp,2026-03,66.56457,0.36583060026168823,57.602256774902344,False,6.63069486618042,6630694.86618042,reported_conditioned_mlp,SNORRE,,False,0.16976105272769929,0.2841358333826065,0.36583060026168823,0.44932906329631805,0.5847781419754029,1.8559472560882568,4.837738084793091,6.63069486618042,8.373456954956053,11.587983226776124,54.8502613067627,56.428982162475585,57.602256774902344,58.56393127441406,60.09769897460938
2028-04,2028-04-01,global_mlp,2026-03,66.56457,0.3546678125858307,57.139339447021484,False,6.335473299026489,6335473.299026489,reported_conditioned_mlp,SNORRE,,False,0.17802760601043702,0.2916294515132904,0.3546678125858307,0.4328450500965118,0.5468224287033081,2.9717364788055423,4.881881809234619,6.335473299026489,8.317336177825927,11.613626098632814,54.35439834594727,56.02846260070801,57.139339447021484,58.26219673156738,59.906669998168944
2028-05,2028-05-01,global_mlp,2026-03,66.56457,0.33833152055740356,56.78123092651367,False,6.256404161453247,6256404.161453247,reported_conditioned_mlp,SNORRE,,False,0.1642049089074135,0.27120831012725827,0.33833152055740356,0.4158436775207519,0.5272612929344178,2.772399663925171,4.635571575164795,6.256404161453247,7.976228332519531,11.203041362762452,53.889146423339845,55.66979751586914,56.78123092651367,57.95901947021484,59.676004028320314
2028-06,2028-06-01,global_mlp,2026-03,66.56457,0.34488143026828766,56.443870544433594,False,6.041855096817017,6041855.096817017,reported_conditioned_mlp,SNORRE,,False,0.17757880985736849,0.273602283000946,0.34488143026828766,0.41566068828105907,0.5268295049667359,2.65069043636322,4.678980779647827,6.041855096817017,8.211000442504883,11.530002212524415,53.39487419128418,55.25629920959473,56.443870544433594,57.69654731750488,59.439087295532225
2028-07,2028-07-01,global_mlp,2026-03,66.56457,0.34251558780670166,56.082502365112305,False,6.54167914390564,6541679.14390564,reported_conditioned_mlp,SNORRE,,False,0.17475797683000566,0.26835961341857906,0.34251558780670166,0.41095870435237875,0.525620836019516,2.78932204246521,4.884103012084961,6.54167914390564,8.202989482879639,11.580728626251224,52.92176132202148,54.954966354370114,56.082502365112305,57.40513534545899,59.16928291320801
2028-08,2028-08-01,global_mlp,2026-03,66.56457,0.339239165186882,55.779727935791016,False,6.547867298126221,6547867.298126221,reported_conditioned_mlp,SNORRE,,False,0.17520195245742798,0.2799118310213089,0.339239165186882,0.41535755395889273,0.5208745539188385,2.592561984062195,4.714022636413574,6.547867298126221,8.184496402740477,11.469451808929444,52.449345397949216,54.53931846618652,55.779727935791016,57.06598434448242,58.91688117980957
2028-09,2028-09-01,global_mlp,2026-03,66.56457,0.3440999537706375,55.42037773132324,False,6.5612592697143555,6561259.2697143555,reported_conditioned_mlp,SNORRE,,False,0.19236563295125966,0.27798402011394496,0.3440999537706375,0.4138250112533568,0.5280301809310913,2.291686367988588,4.737211513519287,6.5612592697143555,8.918172359466551,12.023358726501465,51.99780502319336,54.11558113098145,55.42037773132324,56.747532272338866,58.641705703735354
2028-10,2028-10-01,global_mlp,2026-03,66.56457,0.3412555307149887,55.06316566467285,False,6.51044774055481,6510447.74055481,reported_conditioned_mlp,SNORRE,,False,0.17437435090541842,0.27446497678756715,0.3412555307149887,0.4212670505046844,0.5516610026359559,2.4744028329849246,4.613160133361816,6.51044774055481,8.57000331878662,11.829778671264652,51.6603588104248,53.7046085357666,55.06316566467285,56.4512092590332,58.40286445617676
2028-11,2028-11-01,global_mlp,2026-03,66.56457,0.34951014816761017,54.73311996459961,False,6.7200493812561035,6720049.3812561035,reported_conditioned_mlp,SNORRE,,False,0.18916351944208148,0.2861718118190765,0.34951014816761017,0.44547706544399257,0.5721099436283111,1.796899211406708,5.0945982933044425,6.7200493812561035,8.704994297027582,12.07503080368042,51.104898834228514,53.238423919677736,54.73311996459961,56.12901344299316,58.142202377319336
2028-12,2028-12-01,global_mlp,2026-03,66.56457,0.34844616055488586,54.3780517578125,False,6.497082710266113,6497082.710266113,reported_conditioned_mlp,SNORRE,,False,0.1721111729741097,0.2719932317733765,0.34844616055488586,0.4496885389089584,0.5856378376483918,1.8100894331932071,4.8485370635986325,6.497082710266113,8.23037462234497,11.689152050018313,50.448221588134764,52.82768020629883,54.3780517578125,55.80699691772461,57.89713134765625
2029-01,2029-01-01,global_mlp,2026-03,66.56457,0.3525908887386322,54.046722412109375,False,6.0329906940460205,6032990.6940460205,reported_conditioned_mlp,SNORRE,,False,0.20310687422752383,0.28468904197216033,0.3525908887386322,0.45704231858253447,0.6060108661651611,1.787054824829102,4.489251327514648,6.0329906940460205,8.000660467147826,11.16212205886841,49.91269760131836,52.377921676635744,54.046722412109375,55.49673004150391,57.65116386413574
2029-02,2029-02-01,global_mlp,2026-03,66.56457,0.3588205873966217,53.78322792053223,False,6.300208568572998,6300208.568572998,reported_conditioned_mlp,SNORRE,,False,0.19196554720401765,0.27938299775123593,0.3588205873966217,0.4575939893722534,0.6152943849563599,1.392492282390595,4.269622182846069,6.300208568572998,8.456139278411865,12.324119377136237,49.28649215698242,52.01023635864258,53.78322792053223,55.18140640258789,57.42306976318359
2029-03,2029-03-01,global_mlp,2026-03,66.56457,0.3369092792272568,53.45571327209473,False,5.970479249954224,5970479.249954224,reported_conditioned_mlp,SNORRE,,False,0.1494467094540596,0.25538805723190305,0.3369092792272568,0.4240257441997528,0.5818057239055634,1.083912074565888,4.168744659423828,5.970479249954224,7.903163337707517,11.483431625366212,48.78925247192383,51.62592391967773,53.45571327209473,54.927059173583984,57.13845939636231
2029-04,2029-04-01,global_mlp,2026-03,66.56457,0.32334004342556,53.1008243560791,False,5.782506942749023,5782506.942749023,reported_conditioned_mlp,SNORRE,,False,0.14286782294511796,0.24420448988676066,0.32334004342556,0.4025034993886948,0.5530025362968445,2.7220574855804447,4.5065281867980955,5.782506942749023,7.580089950561523,11.253195381164558,48.371151733398435,51.22261619567871,53.1008243560791,54.67652702331543,56.92115325927735
2029-05,2029-05-01,global_mlp,2026-03,66.56457,0.32158127427101135,52.85047912597656,False,5.646060466766357,5646060.466766357,reported_conditioned_mlp,SNORRE,,False,0.16504062116146087,0.24886781126260757,0.32158127427101135,0.40380833446979525,0.5442230045795441,2.633099102973938,4.4326270580291744,5.646060466766357,7.197642135620115,10.411569309234618,47.88534240722656,50.87567291259766,52.85047912597656,54.3849853515625,56.67095184326172
2029-06,2029-06-01,global_mlp,2026-03,66.56457,0.3111172020435333,52.529563903808594,False,5.489749431610107,5489749.431610107,reported_conditioned_mlp,SNORRE,,False,0.14698009192943573,0.24845455437898634,0.3111172020435333,0.39239718616008756,0.5443686544895173,2.255429887771607,3.97777373790741,5.489749431610107,7.016690492630005,9.991052913665776,47.467965316772464,50.428110122680664,52.529563903808594,54.056024169921876,56.473022842407225
2029-07,2029-07-01,global_mlp,2026-03,66.56457,0.3286875933408737,52.20608139038086,False,5.815749406814575,5815749.406814575,reported_conditioned_mlp,SNORRE,,False,0.1602428808808327,0.25028003901243207,0.3286875933408737,0.4055359303951263,0.5247276186943054,2.4556391477584842,4.223310947418213,5.815749406814575,7.612657833099363,10.829363441467288,46.95151863098145,50.056107711791995,52.20608139038086,53.72887420654297,56.28359375
2029-08,2029-08-01,global_mlp,2026-03,66.56457,0.33516523241996765,51.829341888427734,False,5.712704658508301,5712704.658508301,reported_conditioned_mlp,SNORRE,,False,0.16102770119905474,0.25697978138923644,0.33516523241996765,0.39776554703712463,0.534782510995865,1.8272927165031434,3.996122574806213,5.712704658508301,7.82832679748535,10.892480564117431,46.43719482421875,49.66627540588379,51.829341888427734,53.41447257995605,55.98024635314942
2029-09,2029-09-01,global_mlp,2026-03,66.56457,0.3124762922525406,51.483943939208984,False,5.894643783569336,5894643.783569336,reported_conditioned_mlp,SNORRE,,False,0.16635965555906296,0.25049530565738676,0.3124762922525406,0.3944888651371002,0.5320684790611269,2.0627297401428226,4.215435409545898,5.894643783569336,8.054005050659178,11.220830726623536,45.985891342163086,49.25890960693359,51.483943939208984,53.14903182983398,55.67131309509278
2029-10,2029-10-01,global_mlp,2026-03,66.56457,0.3169790357351303,51.10398292541504,False,6.1547980308532715,6154798.0308532715,reported_conditioned_mlp,SNORRE,,False,0.15712668150663375,0.2545191407203674,0.3169790357351303,0.4001754283905029,0.5420552849769594,2.2606406450271606,4.427110671997069,6.1547980308532715,8.009038829803465,11.444883251190188,45.49421997070313,48.9429012298584,51.10398292541504,52.83778457641601,55.34783630371094
2029-11,2029-11-01,global_mlp,2026-03,66.56457,0.32915620505809784,50.762643814086914,False,6.0472331047058105,6047233.104705811,reported_conditioned_mlp,SNORRE,,False,0.1738933339715004,0.2562388718128204,0.32915620505809784,0.4103315740823746,0.5603280067443848,2.0996674537658695,4.411224699020385,6.0472331047058105,8.016464233398436,11.994445133209231,44.87101020812988,48.52745513916015,50.762643814086914,52.57242126464843,55.157769775390626
2029-12,2029-12-01,global_mlp,2026-03,66.56457,0.32788826525211334,50.39447212219238,False,5.718817710876465,5718817.710876465,reported_conditioned_mlp,SNORRE,,False,0.159761942923069,0.2504271656274796,0.32788826525211334,0.4073264777660369,0.5736487329006196,1.6641965866088868,4.092248725891113,5.718817710876465,7.71924738883972,10.862100791931155,44.46858215332031,48.13454742431641,50.39447212219238,52.341587448120116,55.04182243347168
2030-01,2030-01-01,global_mlp,2026-03,66.56457,0.3307313174009323,50.062049865722656,False,5.449330568313599,5449330.568313599,reported_conditioned_mlp,SNORRE,,False,0.1608219042420388,0.2537060916423798,0.3307313174009323,0.4313818037509918,0.6084505736827852,1.585466396808625,3.923855304718017,5.449330568313599,7.130549526214599,10.584357738494873,43.948523712158206,47.72286376953125,50.062049865722656,52.128883361816406,54.71477851867676
2030-02,2030-02-01,global_mlp,2026-03,66.56457,0.32720011472702026,49.80785369873047,False,5.431813955307007,5431813.955307007,reported_conditioned_mlp,SNORRE,,False,0.16012950837612153,0.2474546045064926,0.32720011472702026,0.42697772979736326,0.5815610229969026,1.2210252523422245,3.729538345336914,5.431813955307007,7.224649810791015,10.785589599609377,43.47094993591308,47.30044288635254,49.80785369873047,51.76904067993164,54.54194717407226
2030-03,2030-03-01,global_mlp,2026-03,66.56457,0.3126842528581619,49.434471130371094,False,5.135448932647705,5135448.932647705,reported_conditioned_mlp,SNORRE,,False,0.13609634339809418,0.22994741797447205,0.3126842528581619,0.3931050449609756,0.5788973033428193,1.2557576894760134,3.622808146476745,5.135448932647705,6.657026433944701,10.53188352584839,42.99104690551758,46.91919059753418,49.434471130371094,51.56150894165039,54.32296447753906
2030-04,2030-04-01,global_mlp,2026-03,66.56457,0.3014962077140808,49.134286880493164,False,5.39009428024292,5390094.28024292,reported_conditioned_mlp,SNORRE,,False,0.13073502480983734,0.22000056207180022,0.3014962077140808,0.37817015051841735,0.5208082377910614,2.7875628948211673,4.145096063613892,5.39009428024292,6.990611886978149,10.21622009277344,42.56572227478027,46.56344795227051,49.134286880493164,51.38460807800293,54.11237716674805
2030-05,2030-05-01,global_mlp,2026-03,66.56457,0.2983401268720627,48.83012390136719,False,5.2070841789245605,5207084.178924561,reported_conditioned_mlp,SNORRE,,False,0.12176665887236596,0.21112762987613676,0.2983401268720627,0.3681009173393249,0.5094177365303041,2.329267954826355,3.9344730377197266,5.2070841789245605,6.99887089729309,9.480277061462402,42.066064071655276,46.22643852233887,48.83012390136719,51.209938049316406,53.95806121826172
2030-06,2030-06-01,global_mlp,2026-03,66.56457,0.29984918236732483,48.54659461975098,False,5.311026096343994,5311026.096343994,reported_conditioned_mlp,SNORRE,,False,0.12134602293372156,0.2213344797492027,0.29984918236732483,0.36683301031589505,0.501999843120575,2.2818201541900636,3.8101866483688354,5.311026096343994,6.8114253520965535,10.152714824676515,41.61044769287109,45.87352409362793,48.54659461975098,51.01638946533203,53.796862030029295
2030-07,2030-07-01,global_mlp,2026-03,66.56457,0.29450902342796326,48.186906814575195,False,5.407445907592773,5407445.907592773,reported_conditioned_mlp,SNORRE,,False,0.13845088183879853,0.22491506934165953,0.29450902342796326,0.37715463936328886,0.5119622349739075,2.6283753871917725,4.299334716796875,5.407445907592773,6.599486064910889,10.110936450958253,41.161322021484374,45.58638648986816,48.186906814575195,50.77141914367676,53.57721786499023
2030-08,2030-08-01,global_mlp,2026-03,66.56457,0.29271845519542694,47.911258697509766,False,5.304333448410034,5304333.448410034,reported_conditioned_mlp,SNORRE,,False,0.13751586228609086,0.2243131458759308,0.29271845519542694,0.3610140621662139,0.5093057513236999,1.917329525947571,3.875404191017151,5.304333448410034,7.062821054458618,10.491190719604493,40.80953712463379,45.20615348815918,47.911258697509766,50.50253677368163,53.37580795288086
2030-09,2030-09-01,global_mlp,2026-03,66.56457,0.2906047850847244,47.59905815124512,False,5.419655799865723,5419655.799865723,reported_conditioned_mlp,SNORRE,,False,0.13573348820209505,0.2305576518177986,0.2906047850847244,0.3741030126810074,0.5244668424129487,1.8292920231819154,4.013008570671081,5.419655799865723,7.254020166397093,11.076427459716797,40.4032485961914,44.90397338867187,47.59905815124512,50.263098526000974,53.16751289367676
2030-10,2030-10-01,global_mlp,2026-03,66.56457,0.29213400185108185,47.31398391723633,False,5.891355037689209,5891355.037689209,reported_conditioned_mlp,SNORRE,,False,0.1481893464922905,0.22515240013599397,0.29213400185108185,0.36702276468276973,0.5259104132652285,2.3618778944015504,4.269872093200683,5.891355037689209,7.466140556335449,10.490712928771977,39.83365745544434,44.56106719970703,47.31398391723633,50.062784576416014,52.96706314086914
2030-11,2030-11-01,global_mlp,2026-03,66.56457,0.3146068900823593,47.00222587585449,False,5.748652219772339,5748652.219772339,reported_conditioned_mlp,SNORRE,,False,0.15280429273843765,0.2352749094367027,0.3146068900823593,0.38646191954612724,0.6026345551013946,2.24251766204834,4.226682186126708,5.748652219772339,7.630564117431639,10.894390869140626,39.163692474365234,44.1909984588623,47.00222587585449,49.750006103515624,52.85944023132324
2030-12,2030-12-01,global_mlp,2026-03,66.56457,0.31856340169906616,46.6643009185791,False,5.443810701370239,5443810.701370239,reported_conditioned_mlp,SNORRE,,False,0.13069062083959582,0.23220684379339215,0.31856340169906616,0.39443563818931565,0.5806895792484286,2.087972331047059,4.015017509460449,5.443810701370239,7.136440801620482,10.530150318145752,38.59837265014649,43.79903984069824,46.6643009185791,49.537783813476565,52.60230674743653
2031-01,2031-01-01,global_mlp,2026-03,66.56457,0.32549646496772766,46.2835807800293,False,5.361858367919922,5361858.367919922,reported_conditioned_mlp,SNORRE,,False,0.14186181277036666,0.24380171447992321,0.32549646496772766,0.41573275327682485,0.588970309495926,2.1019542217254648,3.848703622817993,5.361858367919922,7.092065048217771,10.840943241119389,38.107699966430665,43.43117485046387,46.2835807800293,49.24560012817383,52.32451972961426
2031-02,2031-02-01,global_mlp,2026-03,66.56457,0.32029299437999725,45.9153995513916,False,5.085406064987183,5085406.064987183,reported_conditioned_mlp,SNORRE,,False,0.13425737619400024,0.24259840846061706,0.32029299437999725,0.41518208384513844,0.5796215295791627,1.8246338605880743,3.793847870826721,5.085406064987183,7.114568901062005,10.38178014755249,37.57374114990235,42.99582786560059,45.9153995513916,48.8828441619873,52.178667068481445
2031-03,2031-03-01,global_mlp,2026-03,66.56457,0.3046654015779495,45.57758140563965,False,5.183969020843506,5183969.020843506,reported_conditioned_mlp,SNORRE,,False,0.11647428870201113,0.21562471836805344,0.3046654015779495,0.38739416003227223,0.5796516001224518,1.179081654548645,3.813628768920898,5.183969020843506,6.799334478378296,10.362738513946537,37.149970626831056,42.581245803833006,45.57758140563965,48.61602935791016,52.037331390380864
2031-04,2031-04-01,global_mlp,2026-03,66.56457,0.2827237993478775,45.23577117919922,False,5.490610361099243,5490610.361099243,reported_conditioned_mlp,SNORRE,,False,0.13326328694820405,0.2158331423997879,0.2827237993478775,0.3539979785680771,0.5405214190483097,2.5658765077590946,4.3289330959320065,5.490610361099243,6.528221035003662,9.925034809112551,36.35334510803223,42.23478393554687,45.23577117919922,48.30687294006348,51.82556228637696
2031-05,2031-05-01,global_mlp,2026-03,66.56457,0.277163028717041,44.93980598449707,False,5.239116191864014,5239116.191864014,reported_conditioned_mlp,SNORRE,,False,0.14182051569223406,0.21806910783052444,0.277163028717041,0.3511100172996521,0.5307425856590272,2.28479495048523,3.9183496236801147,5.239116191864014,6.74616241455078,9.418865299224855,35.919253540039065,41.85390510559082,44.93980598449707,48.12510452270508,51.61975593566895
2031-06,2031-06-01,global_mlp,2026-03,66.56457,0.2708834111690521,44.73417091369629,False,5.068118572235107,5068118.572235107,reported_conditioned_mlp,SNORRE,,False,0.12342503964900971,0.20596163123846054,0.2708834111690521,0.3501986414194107,0.5015168845653537,2.0673556089401246,3.900978207588196,5.068118572235107,6.569617938995358,9.233805656433105,35.39384422302246,41.440063858032225,44.73417091369629,47.90418891906738,51.40929527282715
2031-07,2031-07-01,global_mlp,2026-03,66.56457,0.27988454699516296,44.56771659851074,False,5.265899658203125,5265899.658203125,reported_conditioned_mlp,SNORRE,,False,0.12548154592514038,0.2135060340166092,0.27988454699516296,0.36408607661724085,0.523488485813141,2.0688777208328246,3.936984896659851,5.265899658203125,6.855427026748657,10.065968608856206,35.016025924682616,41.158556365966795,44.56771659851074,47.70868339538574,51.130728530883786
2031-08,2031-08-01,global_mlp,2026-03,66.56457,0.26774488389492035,44.2439022064209,False,5.039907217025757,5039907.217025757,reported_conditioned_mlp,SNORRE,,False,0.1171033062040806,0.20319240540266037,0.26774488389492035,0.3586791306734084,0.5342738568782808,1.9526118755340576,3.766926193237304,5.039907217025757,6.858270740509032,10.025587940216065,34.67187652587891,40.941776275634766,44.2439022064209,47.52160491943359,50.921613693237305
2031-09,2031-09-01,global_mlp,2026-03,66.56457,0.2772315889596939,43.86056900024414,False,5.333408355712891,5333408.355712891,reported_conditioned_mlp,SNORRE,,False,0.1235773727297783,0.2097792536020279,0.2772315889596939,0.35790148079395284,0.532847547531128,1.8310825943946838,3.8154632329940794,5.333408355712891,6.97089877128601,9.873351192474367,34.043714904785155,40.63039283752441,43.86056900024414,47.284194183349605,50.736968231201175
2031-10,2031-10-01,global_mlp,2026-03,66.56457,0.28086429834365845,43.54119873046875,False,5.548035383224487,5548035.383224487,reported_conditioned_mlp,SNORRE,,False,0.1229107826948166,0.2059681326150894,0.28086429834365845,0.3675486624240875,0.5417416632175446,2.022986388206482,4.0415764331817625,5.548035383224487,7.1780480384826655,10.292706298828126,33.26829643249512,40.241031646728516,43.54119873046875,46.98153572082519,50.58846130371094
2031-11,2031-11-01,global_mlp,2026-03,66.56457,0.2917729765176773,43.1957893371582,False,5.3852009773254395,5385200.977325439,reported_conditioned_mlp,SNORRE,,False,0.13825683593750002,0.2182978183031082,0.2917729765176773,0.38461799621582027,0.5403066873550416,1.7559574246406557,4.0374657154083256,5.3852009773254395,7.348826074600219,10.37178344726563,32.6847282409668,39.81887016296387,43.1957893371582,46.638912963867185,50.397806549072264
2031-12,2031-12-01,global_mlp,2026-03,66.56457,0.29576143622398376,42.80058670043945,False,5.326700210571289,5326700.210571289,reported_conditioned_mlp,SNORRE,,False,0.13240457028150562,0.21317808330059052,0.29576143622398376,0.3774408787488937,0.5504610121250154,1.2945851445198064,3.952632117271423,5.326700210571289,7.223349237442015,10.507809352874757,32.018813896179196,39.44253311157227,42.80058670043945,46.3568115234375,50.22838668823242
2032-01,2032-01-01,global_mlp,2026-03,66.56457,0.3076604753732681,42.502756118774414,False,5.095112085342407,5095112.085342407,reported_conditioned_mlp,SNORRE,,False,0.12862423062324524,0.22496577650308608,0.3076604753732681,0.386335402727127,0.5641011774539949,1.2850842475891116,3.9295766830444334,5.095112085342407,6.715892076492309,10.024517154693605,31.46800422668457,39.04666595458984,42.502756118774414,46.099457550048825,50.058315658569335
2032-02,2032-02-01,global_mlp,2026-03,66.56457,0.29914167523384094,42.19859313964844,False,5.257172107696533,5257172.107696533,reported_conditioned_mlp,SNORRE,,False,0.1281506136059761,0.2202094197273254,0.29914167523384094,0.3852269142866133,0.5512530148029329,0.9073112308979038,3.6687396526336666,5.257172107696533,6.8898239612579335,10.631346130371098,30.96831283569336,38.64464263916015,42.19859313964844,45.805167007446286,49.86754951477051
2032-03,2032-03-01,global_mlp,2026-03,66.56457,0.28680646419525146,42.00271034240723,False,4.997788906097412,4997788.906097412,reported_conditioned_mlp,SNORRE,,False,0.09913035556674005,0.2058395221829414,0.28680646419525146,0.3772048473358154,0.5724137485027315,0.28489719927310947,3.2414824485778806,4.997788906097412,6.712025213241577,10.400960350036621,30.500401496887207,38.35652198791504,42.00271034240723,45.58706855773926,49.64888305664063
2032-04,2032-04-01,global_mlp,2026-03,66.56457,0.2646580785512924,41.7972412109375,False,5.2144715785980225,5214471.578598022,reported_conditioned_mlp,SNORRE,,False,0.11501734778285026,0.19729548692703247,0.2646580785512924,0.3569337040185928,0.5101366817951205,2.360850238800049,3.918316268920898,5.2144715785980225,6.78060255050659,10.46244764328003,30.293865203857422,37.969635009765625,41.7972412109375,45.484959030151366,49.32583389282227
2032-05,2032-05-01,global_mlp,2026-03,66.56457,0.26854513585567474,41.657236099243164,False,4.850317478179932,4850317.478179932,reported_conditioned_mlp,SNORRE,,False,0.11764842048287392,0.19718674421310425,0.26854513585567474,0.35807521045207974,0.4952253699302674,2.091187858581543,3.7897954940795895,4.850317478179932,6.293356752395629,9.162927627563478,29.74473514556885,37.59583854675293,41.657236099243164,45.16881828308105,49.0663990020752
2032-06,2032-06-01,global_mlp,2026-03,66.56457,0.25825682282447815,41.44050979614258,False,4.8720245361328125,4872024.5361328125,reported_conditioned_mlp,SNORRE,,False,0.10826615691184999,0.19475590139627455,0.25825682282447815,0.3528914779424667,0.4930625438690188,2.21280574798584,3.7324883937835693,4.8720245361328125,6.385796546936035,9.119443988800052,29.29112491607666,37.274254608154294,41.44050979614258,44.98010025024414,48.900785827636724
2032-07,2032-07-01,global_mlp,2026-03,66.56457,0.27244704961776733,41.155569076538086,False,4.976975679397583,4976975.679397583,reported_conditioned_mlp,SNORRE,,False,0.11286636665463448,0.1933599531650543,0.27244704961776733,0.3549075216054916,0.4925413578748704,2.2931239843368534,3.7506972312927247,4.976975679397583,6.364608097076414,9.246970462799073,28.923145866394044,36.99655609130859,41.155569076538086,44.731942367553714,48.671807861328126
2032-08,2032-08-01,global_mlp,2026-03,66.56457,0.25373293459415436,40.87695503234863,False,4.814266204833984,4814266.204833984,reported_conditioned_mlp,SNORRE,,False,0.10273959040641786,0.19413006007671355,0.25373293459415436,0.3303139239549636,0.49147271513938906,1.9018607378005987,3.380838084220886,4.814266204833984,6.150301599502562,9.809121036529541,28.49548625946045,36.69796867370606,40.87695503234863,44.51152648925781,48.56063690185547
2032-09,2032-09-01,global_mlp,2026-03,66.56457,0.259875550866127,40.6928596496582,False,4.847025156021118,4847025.156021118,reported_conditioned_mlp,SNORRE,,False,0.11387508809566498,0.20489258766174318,0.259875550866127,0.3466443419456482,0.483208903670311,1.7650653004646302,3.596077489852905,4.847025156021118,6.818029212951658,9.968241691589357,28.05600681304932,36.42810897827148,40.6928596496582,44.299279022216794,48.386620712280276
2032-10,2032-10-01,global_mlp,2026-03,66.56457,0.25750744342803955,40.3763427734375,False,5.335489988327026,5335489.988327026,reported_conditioned_mlp,SNORRE,,False,0.11927565410733224,0.1880154311656952,0.25750744342803955,0.331385937333107,0.4842134594917297,1.6904362201690677,3.9205132722854614,5.335489988327026,6.967051315307616,10.10959072113037,27.60777187347412,36.13700523376465,40.3763427734375,44.05759544372559,48.24173469543457
2032-11,2032-11-01,global_mlp,2026-03,66.56457,0.27543458342552185,40.1785945892334,False,5.168720245361328,5168720.245361328,reported_conditioned_mlp,SNORRE,,False,0.11670488715171815,0.20814138650894165,0.27543458342552185,0.3628878325223922,0.5205205261707306,1.16380752325058,3.6635674238204956,5.168720245361328,6.866961431503296,10.696694469451904,27.266849327087403,35.640424728393555,40.1785945892334,43.74462089538574,48.08271522521973
2032-12,2032-12-01,global_mlp,2026-03,66.56457,0.2715943902730942,39.987571716308594,False,4.7539451122283936,4753945.112228394,reported_conditioned_mlp,SNORRE,,False,0.11870220005512237,0.20751995146274563,0.2715943902730942,0.3717995882034302,0.5031252205371857,1.0365960776805883,3.396659731864929,4.7539451122283936,6.418536710739134,9.66150178909302,26.814772415161134,35.29868812561035,39.987571716308594,43.423244857788085,47.858118820190434
2033-01,2033-01-01,global_mlp,2026-03,66.56457,0.2844074070453644,39.79628562927246,False,4.861328125,4861328.125,reported_conditioned_mlp,SNORRE,,False,0.12245883047580719,0.21073296219110488,0.2844074070453644,0.37639751732349375,0.5380763232707978,0.684200316667557,3.5773284673690795,4.861328125,6.662765836715696,9.668074417114259,26.304542350769044,34.96347999572754,39.79628562927246,43.18740997314453,47.715704345703124
2033-02,2033-02-01,global_mlp,2026-03,66.56457,0.29271453619003296,39.49821090698242,False,4.537503957748413,4537503.957748413,reported_conditioned_mlp,SNORRE,,False,0.11310543492436412,0.20476704686880112,0.29271453619003296,0.3817890405654907,0.5333904147148136,0.6391663789749154,3.152394700050354,4.537503957748413,6.244373846054075,10.300760650634766,25.863543128967287,34.68515815734863,39.49821090698242,42.965627288818354,47.40908355712891
2033-03,2033-03-01,global_mlp,2026-03,66.56457,0.26261427998542786,39.241092681884766,False,4.555567026138306,4555567.026138306,reported_conditioned_mlp,SNORRE,,False,0.09987854510545732,0.18518254607915877,0.26261427998542786,0.3484636217355727,0.4765881508588792,0.5067226409912111,3.0904536247253414,4.555567026138306,6.242063856124877,9.830038738250733,25.172844886779785,34.35382003784179,39.241092681884766,42.74277000427246,47.16393394470216
2033-04,2033-04-01,global_mlp,2026-03,66.56457,0.24408698827028275,38.949562072753906,False,5.168886423110962,5168886.423110962,reported_conditioned_mlp,SNORRE,,False,0.09760962203145028,0.1870143473148346,0.24408698827028275,0.31518402993679034,0.4785072594881058,2.485330986976624,4.020493745803833,5.168886423110962,6.562599086761474,9.797863197326663,24.869540214538574,34.05231437683105,38.949562072753906,42.54174118041992,46.92376098632813
2033-05,2033-05-01,global_mlp,2026-03,66.56457,0.2431616708636284,38.68426513671875,False,4.82790732383728,4827907.32383728,reported_conditioned_mlp,SNORRE,,False,0.11513525098562241,0.18270239979028702,0.2431616708636284,0.325719678401947,0.48742390275001535,2.239724063873291,3.702825617790222,4.82790732383728,6.164286851882934,8.856379222869872,24.47559356689453,33.66916618347168,38.68426513671875,42.31083106994629,46.69315834045411
2033-06,2033-06-01,global_mlp,2026-03,66.56457,0.23499292135238647,38.44449043273926,False,4.7190468311309814,4719046.831130981,reported_conditioned_mlp,SNORRE,,False,0.0996568351984024,0.17414300590753554,0.23499292135238647,0.3169560074806213,0.47915499508380904,2.1233759164810184,3.675497531890868,4.7190468311309814,6.036200237274169,9.001723670959473,24.04343776702881,33.43359146118164,38.44449043273926,42.10119857788086,46.514410781860356
2033-07,2033-07-01,global_mlp,2026-03,66.56457,0.23582114279270172,38.12917900085449,False,4.9981279373168945,4998127.9373168945,reported_conditioned_mlp,SNORRE,,False,0.09026463925838471,0.17079799324274064,0.23582114279270172,0.31371578276157375,0.4619835913181306,2.1420449018478394,3.90589599609375,4.9981279373168945,6.353370761871337,9.246047401428225,23.67826728820801,33.183715438842775,38.12917900085449,41.83481712341308,46.37589569091797
2033-08,2033-08-01,global_mlp,2026-03,66.56457,0.23173020780086517,37.810869216918945,False,4.746112585067749,4746112.585067749,reported_conditioned_mlp,SNORRE,,False,0.09322701916098595,0.17699678987264633,0.23173020780086517,0.3172386944293975,0.46097294688224794,2.2207502126693734,3.613962793350219,4.746112585067749,6.056932735443115,9.519789886474612,23.272533416748047,33.04116744995117,37.810869216918945,41.57097053527832,46.11142349243164
2033-09,2033-09-01,global_mlp,2026-03,66.56457,0.23786098510026932,37.51378059387207,False,4.93748664855957,4937486.64855957,reported_conditioned_mlp,SNORRE,,False,0.1095932774245739,0.18470315486192704,0.23786098510026932,0.32381568253040305,0.47317380607128146,2.2189026832580567,3.641821026802063,4.93748664855957,6.384015369415282,9.63885545730591,23.003879356384278,32.81969108581543,37.51378059387207,41.32910041809082,45.953942489624026
2033-10,2033-10-01,global_mlp,2026-03,66.56457,0.24567878246307373,37.202558517456055,False,5.431264877319336,5431264.877319336,reported_conditioned_mlp,SNORRE,,False,0.10909844636917115,0.17972838133573532,0.24567878246307373,0.3311195760965347,0.47263147532939914,2.120403599739075,4.045102930068969,5.431264877319336,6.766888380050659,9.478668594360355,22.504433250427248,32.56733856201172,37.202558517456055,41.164368057250975,45.88333244323731
2033-11,2033-11-01,global_mlp,2026-03,66.56457,0.26340532302856445,36.86870765686035,False,5.110347747802734,5110347.747802734,reported_conditioned_mlp,SNORRE,,False,0.11660750284790994,0.194839546084404,0.26340532302856445,0.35510006546974177,0.5008216291666033,1.9132373690605164,3.9726889371871947,5.110347747802734,6.714084529876708,9.992472934722906,22.04615936279297,32.19253807067871,36.86870765686035,40.966718673706055,45.49667053222657
2033-12,2033-12-01,global_mlp,2026-03,66.56457,0.26293322443962097,36.56448936462402,False,4.832909822463989,4832909.822463989,reported_conditioned_mlp,SNORRE,,False,0.11207038015127183,0.19514280706644055,0.26293322443962097,0.34988835155963893,0.47719099819660193,1.6121927380561831,3.616106247901916,4.832909822463989,6.371397733688352,9.3742301940918,21.728974151611332,31.83228588104248,36.56448936462402,40.760888671874994,45.277915573120126
2034-01,2034-01-01,global_mlp,2026-03,66.56457,0.26792508363723755,36.251712799072266,False,4.799778938293457,4799778.938293457,reported_conditioned_mlp,SNORRE,,False,0.10431983470916749,0.1864287942647934,0.26792508363723755,0.34703920185565945,0.4891486734151841,1.6565129399299623,3.623495531082153,4.799778938293457,6.2015557289123535,8.63895483016968,21.31086235046387,31.47441234588623,36.251712799072266,40.52510986328125,45.21022033691407
2034-02,2034-02-01,global_mlp,2026-03,66.56457,0.25906868278980255,36.04199409484863,False,4.596722602844238,4596722.602844238,reported_conditioned_mlp,SNORRE,,False,0.08997495844960215,0.17318969219923017,0.25906868278980255,0.3386821031570434,0.5006004869937897,1.2986592888832094,3.5721619129180904,4.596722602844238,6.369170761108397,9.380954265594484,20.97444572448731,31.164363670349122,36.04199409484863,40.322044372558594,45.17192764282227
2034-03,2034-03-01,global_mlp,2026-03,66.56457,0.23570939898490906,35.85638618469238,False,4.407107591629028,4407107.591629028,reported_conditioned_mlp,SNORRE,,False,0.07862370684742928,0.17123252153396606,0.23570939898490906,0.30704419612884515,0.4676910877227784,0.8029092073440552,3.056155967712402,4.407107591629028,5.88030252456665,8.687561130523683,20.717934226989748,30.892486190795896,35.85638618469238,40.203186416625975,44.97411346435547
2034-04,2034-04-01,global_mlp,2026-03,66.56457,0.22547057271003723,35.67409324645996,False,5.3073577880859375,5307357.7880859375,reported_conditioned_mlp,SNORRE,,False,0.08959398120641708,0.17204582393169404,0.22547057271003723,0.2908096194267273,0.4232117116451264,3.123621439933777,4.3267475128173825,5.3073577880859375,6.589010620117186,9.848853492736819,20.213040924072267,30.68577423095703,35.67409324645996,40.06353073120117,44.879011154174805
2034-05,2034-05-01,global_mlp,2026-03,66.56457,0.2265905812382698,35.54974174499512,False,5.1078479290008545,5107847.9290008545,reported_conditioned_mlp,SNORRE,,False,0.08381421267986298,0.1625152826309204,0.2265905812382698,0.2935363471508026,0.42070907950401315,2.3993262290954593,3.9090378522872924,5.1078479290008545,6.313873147964477,9.214402770996093,20.072949981689455,30.37845001220703,35.54974174499512,39.80872573852539,44.661142349243164
2034-06,2034-06-01,global_mlp,2026-03,66.56457,0.21944785863161087,35.30905723571777,False,4.905844688415527,4905844.688415527,reported_conditioned_mlp,SNORRE,,False,0.0801954410970211,0.15854857861995697,0.21944785863161087,0.28638075590133666,0.43316186070442203,2.422651767730713,3.8878458976745605,4.905844688415527,6.312497663497925,8.636640548706055,19.898098373413088,30.121055603027344,35.30905723571777,39.60936164855957,44.48593368530274
2034-07,2034-07-01,global_mlp,2026-03,66.56457,0.22398404777050018,35.169281005859375,False,5.183004140853882,5183004.140853882,reported_conditioned_mlp,SNORRE,,False,0.0784571960568428,0.1612868383526802,0.22398404777050018,0.2929066866636275,0.44181483387947085,2.4915903329849245,4.085497426986694,5.183004140853882,6.306401968002318,8.792809295654298,19.688643074035646,29.864398193359374,35.169281005859375,39.426531600952146,44.27395744323731
2034-08,2034-08-01,global_mlp,2026-03,66.56457,0.2205667570233345,34.87944412231445,False,4.962512731552124,4962512.731552124,reported_conditioned_mlp,SNORRE,,False,0.09127047285437584,0.162541264295578,0.2205667570233345,0.28067029416561123,0.4309735476970673,2.3997175216674806,3.913300514221191,4.962512731552124,6.307687187194822,8.675904178619385,19.460193061828612,29.525208282470704,34.87944412231445,39.37902297973633,44.1671859741211
2034-09,2034-09-01,global_mlp,2026-03,66.56457,0.2269723042845726,34.5354118347168,False,5.327453851699829,5327453.851699829,reported_conditioned_mlp,SNORRE,,False,0.09038435369729995,0.1699577420949936,0.2269723042845726,0.2922621428966522,0.43938777446746835,2.4104400396347048,4.142553758621215,5.327453851699829,7.069921731948852,9.497938919067384,19.126529121398924,29.365375900268553,34.5354118347168,39.219618225097655,43.98569297790527
2034-10,2034-10-01,global_mlp,2026-03,66.56457,0.224418543279171,34.21126365661621,False,5.57344651222229,5573446.51222229,reported_conditioned_mlp,SNORRE,,False,0.09818308949470521,0.16825393736362457,0.224418543279171,0.29728448092937465,0.43240180611610424,2.375782680511475,4.233911323547363,5.57344651222229,6.766927051544189,9.040715026855471,18.749326515197758,29.068240737915037,34.21126365661621,39.0507568359375,43.88541221618652
2034-11,2034-11-01,global_mlp,2026-03,66.56457,0.23847761005163193,33.90437889099121,False,5.533095836639404,5533095.836639404,reported_conditioned_mlp,SNORRE,,False,0.09221577495336533,0.17536020725965495,0.23847761005163193,0.30127735733985883,0.43188539445400254,2.0638089179992676,4.1532618522644045,5.533095836639404,6.937972497940061,9.650730323791505,18.199136924743655,28.76212978363037,33.90437889099121,38.88381881713867,43.79797515869141
2034-12,2034-12-01,global_mlp,2026-03,66.56457,0.2347937375307083,33.728759765625,False,5.340949296951294,5340949.296951294,reported_conditioned_mlp,SNORRE,,False,0.08981880918145181,0.16746441125869752,0.2347937375307083,0.30179377794265744,0.42867013216018685,1.911947798728943,3.8952568769454956,5.340949296951294,6.590666294097899,9.911610126495363,17.581226539611816,28.42691822052002,33.728759765625,38.79665756225586,43.62417793273926
2035-01,2035-01-01,global_mlp,2026-03,66.56457,0.2351757511496544,33.55082702636719,False,5.03283166885376,5032831.66885376,reported_conditioned_mlp,SNORRE,,False,0.0833185806870461,0.1713562950491905,0.2351757511496544,0.30543929934501646,0.4535757929086685,1.6098526716232304,3.8838201284408567,5.03283166885376,6.299875688552857,8.534136962890626,17.20790882110596,28.21569194793701,33.55082702636719,38.617933654785155,43.45987434387207
2035-02,2035-02-01,global_mlp,2026-03,66.56457,0.23433946818113327,33.465309143066406,False,4.813047409057617,4813047.409057617,reported_conditioned_mlp,SNORRE,,False,0.07841119691729546,0.1674494907259941,0.23433946818113327,0.3027322739362716,0.44981329441070583,1.1190297126770021,3.463109040260315,4.813047409057617,6.157107782363892,9.38234033584595,16.738421630859378,27.93499240875244,33.465309143066406,38.364458847045896,43.2649845123291
2035-03,2035-03-01,global_mlp,2026-03,66.56457,0.2148689478635788,33.2750301361084,False,4.679757595062256,4679757.595062256,reported_conditioned_mlp,SNORRE,,False,0.056072073802351984,0.14886476397514342,0.2148689478635788,0.29147423207759854,0.45662941038608557,0.24565311670303408,3.2504016637802122,4.679757595062256,6.202659940719603,9.062186813354495,16.28936519622803,27.585692405700684,33.2750301361084,38.173003387451175,43.1481819152832
2035-04,2035-04-01,global_mlp,2026-03,66.56457,0.20976269990205765,32.97677230834961,False,5.37533712387085,5375337.12387085,reported_conditioned_mlp,SNORRE,,False,0.07833129540085794,0.15314825922250747,0.20976269990205765,0.2665186166763305,0.4026914000511171,2.42990574836731,4.408989095687866,5.37533712387085,6.673990869522094,9.2882887840271,16.002290630340575,27.199798393249512,32.97677230834961,37.89431343078613,43.048844528198245
2035-05,2035-05-01,global_mlp,2026-03,66.56457,0.20136245340108871,32.67241096496582,False,5.134160280227661,5134160.280227661,reported_conditioned_mlp,SNORRE,,False,0.07374091520905496,0.14555885791778564,0.20136245340108871,0.27837851345539083,0.4399724215269089,1.6764047622680667,3.912054562568664,5.134160280227661,6.385954093933105,8.916635417938233,15.830375480651856,26.907912254333496,32.67241096496582,37.7170295715332,42.91735534667969
2035-06,2035-06-01,global_mlp,2026-03,66.56457,0.20875311642885208,32.42751884460449,False,4.982223272323608,4982223.272323608,reported_conditioned_mlp,SNORRE,,False,0.06299166157841683,0.1456120043992996,0.20875311642885208,0.2742549121379852,0.39971998333930975,1.4669490218162546,4.048739624023438,4.982223272323608,6.063544034957885,8.356287002563482,15.326189041137695,26.75336036682129,32.42751884460449,37.43539123535156,42.69685859680176
2035-07,2035-07-01,global_mlp,2026-03,66.56457,0.20842543989419937,32.26311492919922,False,5.383922100067139,5383922.100067139,reported_conditioned_mlp,SNORRE,,False,0.06923456713557244,0.15088569670915603,0.20842543989419937,0.2678864419460296,0.4068196415901184,2.156367039680481,4.382269382476807,5.383922100067139,6.471678590774536,8.25349378585816,15.18189754486084,26.596885871887206,32.26311492919922,37.25681762695312,42.54138870239258
2035-08,2035-08-01,global_mlp,2026-03,66.56457,0.20257017761468887,31.996047973632812,False,5.039527893066406,5039527.893066406,reported_conditioned_mlp,SNORRE,,False,0.08284438326954843,0.15539788603782653,0.20257017761468887,0.2641030579805374,0.3999038875102999,1.1350433349609377,3.970360493659973,5.039527893066406,6.0635068893432615,8.237457656860352,15.046878147125245,26.2721378326416,31.996047973632812,37.04003677368164,42.32871856689454
2035-09,2035-09-01,global_mlp,2026-03,66.56457,0.20450887084007263,31.826468467712402,False,5.372162103652954,5372162.103652954,reported_conditioned_mlp,SNORRE,,False,0.07425496354699135,0.14933499246835708,0.20450887084007263,0.2664786040782928,0.3888020157814026,1.1818368554115295,4.130753898620606,5.372162103652954,6.662735652923582,9.180700492858891,14.555660057067872,26.059845542907716,31.826468467712402,36.89611549377441,42.1574821472168
2035-10,2035-10-01,global_mlp,2026-03,66.56457,0.20192836225032806,31.64437770843506,False,5.5052947998046875,5505294.7998046875,reported_conditioned_mlp,SNORRE,,False,0.06562194377183916,0.13651134371757506,0.20192836225032806,0.26314396858215333,0.3890999704599381,1.6526115655899052,4.17095832824707,5.5052947998046875,6.759490537643432,9.171784877777103,14.05944004058838,25.829764938354494,31.64437770843506,36.75263023376465,41.940014648437504
2035-11,2035-11-01,global_mlp,2026-03,66.56457,0.2074250653386116,31.465547561645508,False,5.343717813491821,5343717.813491821,reported_conditioned_mlp,SNORRE,,False,0.06976733207702637,0.15334213525056836,0.2074250653386116,0.28728100359439834,0.3869806349277498,0.342572170495987,3.9412362813949584,5.343717813491821,6.7462131500244125,9.616054248809819,13.87391290664673,25.62454319000244,31.465547561645508,36.499736785888665,41.77796707153321
2035-12,2035-12-01,global_mlp,2026-03,66.56457,0.20701127499341965,31.299487113952637,False,5.042608976364136,5042608.976364136,reported_conditioned_mlp,SNORRE,,False,0.056677825003862405,0.15067105889320373,0.20701127499341965,0.272159868478775,0.39834563434123993,0.14077103734016447,3.6368388414382933,5.042608976364136,6.323221445083617,9.07019968032837,13.655952644348147,25.368317794799804,31.299487113952637,36.27933273315429,41.503018951416024
2036-01,2036-01-01,global_mlp,2026-03,66.56457,0.2108948454260826,31.119115829467773,False,4.9158501625061035,4915850.1625061035,reported_conditioned_mlp,SNORRE,,False,0.06135469712316991,0.16321736127138137,0.2108948454260826,0.2808639705181121,0.43790895342826847,0.023725312575697925,3.5453236579895018,4.9158501625061035,6.135561847686767,8.423606204986573,13.388244819641114,25.01115608215332,31.119115829467773,36.050982284545896,41.4141170501709
2036-02,2036-02-01,global_mlp,2026-03,66.56457,0.21882376819849014,30.958539962768555,False,4.691589832305908,4691589.832305908,reported_conditioned_mlp,SNORRE,,False,0.05589739158749583,0.15172537118196489,0.21882376819849014,0.29813760519027704,0.42317426800727864,0.1019422106444838,3.159541034698486,4.691589832305908,6.096558380126949,8.814759922027589,13.087919902801515,24.755393028259277,30.958539962768555,35.81199989318847,41.23373451232911
2036-03,2036-03-01,global_mlp,2026-03,66.56457,0.20033202320337296,30.823837280273438,False,4.589967489242554,4589967.489242554,reported_conditioned_mlp,SNORRE,,False,0.030651649646461013,0.13303638845682145,0.20033202320337296,0.2696741491556167,0.4104769676923753,0.0,2.913272452354431,4.589967489242554,5.9355218410491934,8.47619342803955,12.78277292251587,24.375869941711425,30.823837280273438,35.64070625305175,41.02572822570801
2036-04,2036-04-01,global_mlp,2026-03,66.56457,0.193325974047184,30.643071174621582,False,5.384090185165405,5384090.185165405,reported_conditioned_mlp,SNORRE,,False,0.05396755151450635,0.1355973392724991,0.193325974047184,0.2546591043472289,0.35966567695140844,1.8767799139022832,4.24686255455017,5.384090185165405,6.478206300735473,8.375678539276123,12.516324615478515,24.2041934967041,30.643071174621582,35.570046997070314,40.9037956237793
2036-05,2036-05-01,global_mlp,2026-03,66.56457,0.1858125627040863,30.45435333251953,False,5.040028095245361,5040028.095245361,reported_conditioned_mlp,SNORRE,,False,0.05136609114706516,0.1351763680577278,0.1858125627040863,0.25286815464496615,0.35635853707790394,1.3942845821380616,3.695449042320251,5.040028095245361,6.019226121902465,8.04374408721924,12.175590991973879,24.07306499481201,30.45435333251953,35.31539764404297,40.70688591003418
2036-06,2036-06-01,global_mlp,2026-03,66.56457,0.18591753393411636,30.173364639282227,False,4.985830068588257,4985830.068588257,reported_conditioned_mlp,SNORRE,,False,0.06080809198319913,0.13063055127859116,0.18591753393411636,0.2518543183803558,0.3619507730007172,1.6090234637260439,3.8650462865829462,4.985830068588257,6.129448890686035,7.883933210372928,11.722386550903321,23.79787197113037,30.173364639282227,35.089090728759764,40.52417678833008
2036-07,2036-07-01,global_mlp,2026-03,66.56457,0.18964235484600067,29.946531295776367,False,5.280357599258423,5280357.599258423,reported_conditioned_mlp,SNORRE,,False,0.06613307595252993,0.1395718231797218,0.18964235484600067,0.25033723413944237,0.3657120347023011,0.9880905866622925,3.893138313293457,5.280357599258423,6.315240669250488,8.37130527496338,11.409516906738283,23.541204261779782,29.946531295776367,34.89122085571289,40.34531517028809
2036-08,2036-08-01,global_mlp,2026-03,66.56457,0.18810439854860306,29.74442768096924,False,4.84700608253479,4847006.08253479,reported_conditioned_mlp,SNORRE,,False,0.06197441220283509,0.13782513588666917,0.18810439854860306,0.2566742807626724,0.3751423269510269,1.1894848942756655,3.6587117671966554,4.84700608253479,6.1605417728424055,8.539646911621094,11.214578819274903,23.267060661315917,29.74442768096924,34.723908996582026,40.21899757385254
2036-09,2036-09-01,global_mlp,2026-03,66.56457,0.19678747653961182,29.501233100891113,False,5.258273601531982,5258273.601531982,reported_conditioned_mlp,SNORRE,,False,0.0575972255319357,0.13567774742841718,0.19678747653961182,0.2619687646627426,0.37204127013683325,0.8210607051849375,3.8206461191177365,5.258273601531982,6.579866552352904,8.932504844665528,10.9859094619751,22.96449966430664,29.501233100891113,34.58850440979003,39.86828193664551
2036-10,2036-10-01,global_mlp,2026-03,66.56457,0.18695861101150513,29.28026008605957,False,5.422686815261841,5422686.815261841,reported_conditioned_mlp,SNORRE,,False,0.0524547453969717,0.1338145464658737,0.18695861101150513,0.24941925704479212,0.3459917247295381,1.2567808508873013,4.196665096282959,5.422686815261841,6.738719177246092,9.1376859664917,10.776038646697998,22.777365684509277,29.28026008605957,34.37853164672852,39.70368347167969
2036-11,2036-11-01,global_mlp,2026-03,66.56457,0.21032804995775223,28.956178665161133,False,5.229498386383057,5229498.386383057,reported_conditioned_mlp,SNORRE,,False,0.053800977766513845,0.14356092214584348,0.21032804995775223,0.2708629071712494,0.3762153565883637,0.03003661707043667,4.08023624420166,5.229498386383057,6.577824354171751,8.644012165069581,10.478702449798584,22.60713005065918,28.956178665161133,34.030052947998044,39.45201148986817
2036-12,2036-12-01,global_mlp,2026-03,66.56457,0.19744320958852768,28.715993881225586,False,4.936820030212402,4936820.030212402,reported_conditioned_mlp,SNORRE,,False,0.058538492769002935,0.136934033036232,0.19744320958852768,0.26501850783824915,0.3728903502225876,0.0,3.759317994117737,4.936820030212402,6.162842845916748,8.966071796417237,10.048186588287354,22.353648567199706,28.715993881225586,33.77093429565429,39.28276748657227
2037-01,2037-01-01,global_mlp,2026-03,66.56457,0.19560720771551132,28.35459804534912,False,4.806329965591431,4806329.965591431,reported_conditioned_mlp,SNORRE,,False,0.047994915395975155,0.13318135291337965,0.19560720771551132,0.26676100492477417,0.38921367824077613,0.02169683724641809,3.751185441017151,4.806329965591431,5.879333829879758,8.55443515777588,9.636363697052003,22.12814502716064,28.35459804534912,33.530807113647455,39.158813858032225
2037-02,2037-02-01,global_mlp,2026-03,66.56457,0.18976901471614838,28.099891662597656,False,4.786179065704346,4786179.065704346,reported_conditioned_mlp,SNORRE,,False,0.04645537436008454,0.1252645179629326,0.18976901471614838,0.266991063952446,0.37585103809833537,0.021671363711357253,3.16443645954132,4.786179065704346,6.2087246417999244,8.678733253479006,9.302798557281495,21.976678657531735,28.099891662597656,33.423086929321286,38.94055404663086
2037-03,2037-03-01,global_mlp,2026-03,66.56457,0.17671330273151398,27.922012329101562,False,4.569616079330444,4569616.079330444,reported_conditioned_mlp,SNORRE,,False,0.020958171039819725,0.11609483584761619,0.17671330273151398,0.24086197316646576,0.34313867688179017,0.0,3.1855857610702514,4.569616079330444,6.08307580947876,8.298807239532472,8.929621791839603,21.863001823425293,27.922012329101562,33.244721984863276,38.7244140625
2037-04,2037-04-01,global_mlp,2026-03,66.56457,0.17346619069576263,27.82317352294922,False,5.455982685089111,5455982.685089111,reported_conditioned_mlp,SNORRE,,False,0.04482213109731675,0.12134680971503257,0.17346619069576263,0.23033915609121317,0.3478120446205139,2.1041733980178834,4.429086303710937,5.455982685089111,6.509378719329834,9.087238121032717,8.603438663482667,21.641222953796387,27.82317352294922,33.022172927856445,38.50728530883789
2037-05,2037-05-01,global_mlp,2026-03,66.56457,0.17276372015476227,27.654980659484863,False,5.1279237270355225,5127923.727035522,reported_conditioned_mlp,SNORRE,,False,0.056528424844145775,0.12036332637071608,0.17276372015476227,0.2331887930631637,0.3402535885572434,1.8232076525688172,3.996468210220337,5.1279237270355225,6.200776624679564,8.07960090637207,8.294973468780519,21.509118652343748,27.654980659484863,32.827138519287104,38.25971221923828
2037-06,2037-06-01,global_mlp,2026-03,66.56457,0.1711697280406952,27.416645050048828,False,5.0268778800964355,5026877.880096436,reported_conditioned_mlp,SNORRE,,False,0.05378561355173588,0.11928767561912536,0.1711697280406952,0.2300842225551605,0.34548140168190006,1.6762746810913087,4.021114873886108,5.0268778800964355,6.143758821487425,8.290534400939942,8.198236656188966,21.37914180755615,27.416645050048828,32.66014862060546,38.07275047302247
2037-07,2037-07-01,global_mlp,2026-03,66.56457,0.17868463695049286,27.300838470458984,False,5.200103282928467,5200103.282928467,reported_conditioned_mlp,SNORRE,,False,0.0428222827613354,0.12328349202871322,0.17868463695049286,0.2337930917739868,0.344857993721962,1.3125770688056948,4.036089658737183,5.200103282928467,6.377315711975096,8.364445781707765,7.979296350479126,21.29090881347656,27.300838470458984,32.511243438720705,37.897049331665045
2037-08,2037-08-01,global_mlp,2026-03,66.56457,0.18344011902809143,27.08847999572754,False,4.859270095825195,4859270.095825195,reported_conditioned_mlp,SNORRE,,False,0.0449248269200325,0.1252835042774677,0.18344011902809143,0.23157829344272612,0.34672661423683165,0.8328502058982863,3.8261244773864744,4.859270095825195,6.156945896148682,8.538330650329591,7.747612094879152,21.11215190887451,27.08847999572754,32.33857498168945,37.66094436645508
2037-09,2037-09-01,global_mlp,2026-03,66.56457,0.17702332139015198,26.883108139038086,False,5.387149810791016,5387149.810791016,reported_conditioned_mlp,SNORRE,,False,0.04527931548655034,0.1271868959069252,0.17702332139015198,0.23434052169322955,0.3353633284568788,0.10934447124600424,3.727122497558593,5.387149810791016,6.740312147140503,9.14901933670044,7.526884841918947,20.8329719543457,26.883108139038086,32.21780242919922,37.49615135192871
2037-10,2037-10-01,global_mlp,2026-03,66.56457,0.18019701540470123,26.76559829711914,False,5.373838186264038,5373838.186264038,reported_conditioned_mlp,SNORRE,,False,0.04147954694926742,0.116978370398283,0.18019701540470123,0.23240701854228973,0.33467782735824586,0.5053164631128318,3.940152668952942,5.373838186264038,6.826166582107543,9.243900299072266,7.224396562576295,20.586200523376462,26.76559829711914,32.057844924926755,37.33432197570801
2037-11,2037-11-01,global_mlp,2026-03,66.56457,0.18247798085212708,26.628414154052734,False,5.283299684524536,5283299.684524536,reported_conditioned_mlp,SNORRE,,False,0.0480495035648346,0.1359560891985893,0.18247798085212708,0.25293412208557126,0.3674332469701767,0.40459452569484716,4.054835844039917,5.283299684524536,6.695395374298095,9.553450870513917,6.815174102783206,20.21870861053467,26.628414154052734,31.84123077392578,37.19205207824707
2037-12,2037-12-01,global_mlp,2026-03,66.56457,0.18386010080575943,26.406917572021484,False,5.042307376861572,5042307.376861572,reported_conditioned_mlp,SNORRE,,False,0.05967999845743179,0.12912390530109405,0.18386010080575943,0.24170966893434523,0.3610204100608826,0.0565360371023417,3.567031550407409,5.042307376861572,6.31796951293945,8.472907829284672,6.409806442260744,19.906344413757324,26.406917572021484,31.59641036987304,36.96513824462891
2038-01,2038-01-01,global_mlp,2026-03,66.56457,0.18984335660934448,26.170151710510254,False,4.755334138870239,4755334.138870239,reported_conditioned_mlp,SNORRE,,False,0.05267687924206257,0.1399302005767822,0.18984335660934448,0.25899598598480217,0.3734707057476046,0.18787870109081328,3.722777438163757,4.755334138870239,5.969704532623291,8.454126358032228,6.013046741485597,19.655504608154295,26.170151710510254,31.433191871643068,36.80867919921875
2038-02,2038-02-01,global_mlp,2026-03,66.56457,0.1801060438156128,25.89415168762207,False,4.755204200744629,4755204.200744629,reported_conditioned_mlp,SNORRE,,False,0.030644393898546705,0.12180872112512588,0.1801060438156128,0.25621341466903685,0.36210495531559,0.0,3.1444500207901003,4.755204200744629,5.843050336837767,8.820449733734131,5.750731325149537,19.480368041992186,25.89415168762207,31.079019927978514,36.68491020202637
2038-03,2038-03-01,global_mlp,2026-03,66.56457,0.1540306881070137,25.656786918640137,False,4.6854612827301025,4685461.282730103,reported_conditioned_mlp,SNORRE,,False,0.0054816981311887605,0.1026029460132122,0.1540306881070137,0.22672400325536723,0.34515208899974825,0.0,2.9183831453323363,4.6854612827301025,5.906609487533569,8.505183601379398,5.621015644073489,19.266521453857422,25.656786918640137,30.79688205718994,36.51385231018067
2038-04,2038-04-01,global_mlp,2026-03,66.56457,0.1673077642917633,25.514639854431152,False,5.366640090942383,5366640.090942383,reported_conditioned_mlp,SNORRE,,False,0.033193619921803474,0.1123256616294384,0.1673077642917633,0.21712720543146133,0.3363652050495148,1.9030508637428283,4.226720190048217,5.366640090942383,6.311637210845947,8.111982154846194,5.487011623382571,19.02345085144043,25.514639854431152,30.63715896606445,36.17737503051758
2038-05,2038-05-01,global_mlp,2026-03,66.56457,0.1735801175236702,25.310964584350586,False,4.99774169921875,4997741.69921875,reported_conditioned_mlp,SNORRE,,False,0.03991015851497653,0.12168797552585599,0.1735801175236702,0.22819134891033171,0.33557826876640334,1.1019582986831669,3.859708976745605,4.99774169921875,6.201498413085936,8.208833026885987,5.359666395187382,18.834503936767575,25.310964584350586,30.43021945953369,36.05600090026856
2038-06,2038-06-01,global_mlp,2026-03,66.56457,0.1678168922662735,25.14028549194336,False,5.134913444519043,5134913.444519043,reported_conditioned_mlp,SNORRE,,False,0.03310626223683358,0.11230096593499182,0.1678168922662735,0.21609564870595932,0.331720969080925,1.1792960166931155,3.984324598312378,5.134913444519043,6.336625909805297,8.757172679901123,5.127921152114872,18.43988151550293,25.14028549194336,30.182062339782714,35.969655990600586
2038-07,2038-07-01,global_mlp,2026-03,66.56457,0.17271284759044647,25.031350135803223,False,4.997875690460205,4997875.690460205,reported_conditioned_mlp,SNORRE,,False,0.020351928845047954,0.1092919610440731,0.17271284759044647,0.23329355716705322,0.3381279528141022,0.47996311783790624,4.020067119598388,4.997875690460205,6.260179805755613,8.286108875274659,4.774159193038944,18.2140022277832,25.031350135803223,29.920988845825196,35.81549186706543
2038-08,2038-08-01,global_mlp,2026-03,66.56457,0.16588953137397766,24.79502010345459,False,4.782217502593994,4782217.502593994,reported_conditioned_mlp,SNORRE,,False,0.024164903908968017,0.10596869215369224,0.16588953137397766,0.22673238664865494,0.329945120215416,0.013046009838581167,3.726367807388305,4.782217502593994,6.190256977081298,8.611452293395995,4.3935546875000036,17.95369853973388,24.79502010345459,29.71644535064697,35.21859321594239
2038-09,2038-09-01,global_mlp,2026-03,66.56457,0.16657660156488419,24.676273345947266,False,5.271711111068726,5271711.111068726,reported_conditioned_mlp,SNORRE,,False,0.034490337595343604,0.11463485583662986,0.16657660156488419,0.22363874465227124,0.33474368155002593,0.07842901572585137,3.9592613220214843,5.271711111068726,6.686126470565794,9.509588241577154,4.079184556007389,17.772835159301753,24.676273345947266,29.500869369506834,35.055392837524415
2038-10,2038-10-01,global_mlp,2026-03,66.56457,0.170321024954319,24.505414962768555,False,5.401026010513306,5401026.010513306,reported_conditioned_mlp,SNORRE,,False,0.00437535424716771,0.11282625868916511,0.170321024954319,0.21989790052175515,0.3331416845321656,0.0,3.7516166687011716,5.401026010513306,6.692935562133789,8.999555587768556,3.7906834840774573,17.448808860778804,24.505414962768555,29.291145515441894,34.92052383422852
2038-11,2038-11-01,global_mlp,2026-03,66.56457,0.17740648984909058,24.236985206604004,False,5.248582363128662,5248582.363128662,reported_conditioned_mlp,SNORRE,,False,0.016015142947435383,0.11409879624843597,0.17740648984909058,0.23401917815208428,0.35032598078250893,0.0,3.843486809730529,5.248582363128662,6.689010286331173,9.256356048583985,3.480574679374697,17.154883384704586,24.236985206604004,28.982760810852046,34.76680374145508
2038-12,2038-12-01,global_mlp,2026-03,66.56457,0.17309775948524475,24.097047805786133,False,4.990842342376709,4990842.342376709,reported_conditioned_mlp,SNORRE,,False,0.006637082388624554,0.11865658834576606,0.17309775948524475,0.23261474817991257,0.33403424322605135,0.0,3.3204729080200193,4.990842342376709,6.6572919368743895,8.816980648040772,3.206519389152528,16.888608360290526,24.097047805786133,28.805935478210447,34.6853572845459
2039-01,2039-01-01,global_mlp,2026-03,66.56457,0.17894480377435684,23.938377380371094,False,4.978687763214111,4978687.763214111,reported_conditioned_mlp,SNORRE,,False,0.02109138872474435,0.12315054684877395,0.17894480377435684,0.23739216774702068,0.36944767236709597,0.0,3.5528254270553585,4.978687763214111,6.2412786960601805,8.42725772857666,2.8635000467300418,16.70011405944824,23.938377380371094,28.60283908843994,34.53427505493164
2039-02,2039-02-01,global_mlp,2026-03,66.56457,0.17721714824438095,23.76056957244873,False,4.606734991073608,4606734.991073608,reported_conditioned_mlp,SNORRE,,False,0.01909767445176844,0.11673843860626221,0.17721714824438095,0.24038682132959363,0.3487270295619966,0.0,3.0404643774032585,4.606734991073608,6.093790197372437,8.645085525512698,2.740213274955751,16.584869575500488,23.76056957244873,28.508084869384763,34.41259269714356
2039-03,2039-03-01,global_mlp,2026-03,66.56457,0.16752542555332184,23.538826942443848,False,4.485475063323975,4485475.063323975,reported_conditioned_mlp,SNORRE,,False,0.0,0.10746892392635343,0.16752542555332184,0.22434989064931868,0.319159272313118,0.0,2.890059089660644,4.485475063323975,5.874941492080686,8.535690784454346,2.445338535308839,16.488694381713866,23.538826942443848,28.32890892028808,34.29023704528809
2039-04,2039-04-01,global_mlp,2026-03,66.56457,0.15728017687797546,23.325173377990723,False,5.235860109329224,5235860.109329224,reported_conditioned_mlp,SNORRE,,False,0.010708023793995394,0.10979369282722473,0.15728017687797546,0.20602425932884216,0.3065359741449356,0.0,4.0384824752807615,5.235860109329224,6.30353512763977,9.031147193908692,2.2782565593719495,16.261500930786134,23.325173377990723,28.153966522216795,34.12767448425293
2039-05,2039-05-01,global_mlp,2026-03,66.56457,0.16934239119291306,23.078458786010742,False,5.012622356414795,5012622.356414795,reported_conditioned_mlp,SNORRE,,False,0.0,0.11342796012759208,0.16934239119291306,0.214736697077751,0.32413507997989666,0.0,3.72257535457611,5.012622356414795,6.020501518249511,8.146227073669435,2.0914366483688362,15.941636371612548,23.078458786010742,28.02047424316406,33.82743453979492
2039-06,2039-06-01,global_mlp,2026-03,66.56457,0.1541096642613411,22.946739196777344,False,4.915974855422974,4915974.855422974,reported_conditioned_mlp,SNORRE,,False,0.0,0.11021493226289748,0.1541096642613411,0.20735423266887665,0.31447496712207795,0.0,3.5674497604370115,4.915974855422974,6.073451042175293,8.292450046539306,1.8207954525947574,15.736128044128417,22.946739196777344,27.887906837463376,33.63512954711914
2039-07,2039-07-01,global_mlp,2026-03,66.56457,0.161216601729393,22.805397033691406,False,5.043710947036743,5043710.947036743,reported_conditioned_mlp,SNORRE,,False,0.0,0.10971045270562171,0.161216601729393,0.20671540945768357,0.2968056619167328,0.0,3.6267091751098626,5.043710947036743,6.247616481781006,8.424438285827637,1.6190514206886293,15.558930778503417,22.805397033691406,27.744826316833496,33.44508361816406
2039-08,2039-08-01,global_mlp,2026-03,66.56457,0.1605519950389862,22.554177284240723,False,4.68274712562561,4682747.12562561,reported_conditioned_mlp,SNORRE,,False,0.0,0.1093368574976921,0.1605519950389862,0.21148308068513869,0.3056601107120514,0.0,3.2386307477951046,4.68274712562561,6.040837955474852,8.666547775268556,1.5060794591903701,15.363441562652588,22.554177284240723,27.564950370788573,33.25526199340821
2039-09,2039-09-01,global_mlp,2026-03,66.56457,0.156704343855381,22.415711402893066,False,5.182303428649902,5182303.428649902,reported_conditioned_mlp,SNORRE,,False,0.0,0.11505830064415931,0.156704343855381,0.20818986594676964,0.31502276957035064,0.0,3.6938365459442135,5.182303428649902,6.692642736434936,8.670745754241944,1.0888463497161875,15.169091510772706,22.415711402893066,27.399774169921876,33.20443153381348
2039-10,2039-10-01,global_mlp,2026-03,66.56457,0.16244584321975708,22.071340560913086,False,5.381918430328369,5381918.430328369,reported_conditioned_mlp,SNORRE,,False,0.004948233906179698,0.11617711782455444,0.16244584321975708,0.2127019137144088,0.32585374414920815,0.0,3.832127571105957,5.381918430328369,6.667199516296386,9.406390953063966,0.7580186486244214,14.98106050491333,22.071340560913086,27.240488243103023,32.97936363220215
2039-11,2039-11-01,global_mlp,2026-03,66.56457,0.17157865315675735,21.851630210876465,False,5.157984733581543,5157984.733581543,reported_conditioned_mlp,SNORRE,,False,0.0,0.1263268768787384,0.17157865315675735,0.2247573837637901,0.33079465627670296,0.0,3.5643250942230225,5.157984733581543,6.58184847831726,8.665254116058351,0.4359327405691155,14.660134220123291,21.851630210876465,27.045311737060544,32.85214347839356
2039-12,2039-12-01,global_mlp,2026-03,66.56457,0.17065536230802536,21.76915168762207,False,5.038354873657227,5038354.873657227,reported_conditioned_mlp,SNORRE,,False,0.0,0.12116454169154167,0.17065536230802536,0.2245761066675186,0.34281063079834,0.0,3.499907541275024,5.038354873657227,6.55794768333435,8.821121120452881,0.15224272757768673,14.49777965545654,21.76915168762207,26.836333465576164,32.55760650634766
2040-01,2040-01-01,global_mlp,2026-03,66.56457,0.1768314689397812,21.620309829711914,False,4.793065071105957,4793065.071105957,reported_conditioned_mlp,SNORRE,,False,0.0,0.12175276726484298,0.1768314689397812,0.23258494287729262,0.3339802831411362,0.0,2.926563668251037,4.793065071105957,6.117791223526001,8.040622138977051,0.0,14.410325431823727,21.620309829711914,26.647828483581538,32.27157325744629
2040-02,2040-02-01,global_mlp,2026-03,66.56457,0.16824955493211746,21.420002937316895,False,4.346360921859741,4346360.921859741,reported_conditioned_mlp,SNORRE,,False,0.0,0.11290732845664024,0.16824955493211746,0.2256547689437866,0.3354162633419037,0.0,2.7105678796768187,4.346360921859741,5.846569061279297,8.101247787475588,0.0,14.19968500137329,21.420002937316895,26.552155685424804,32.08898162841797
2040-03,2040-03-01,global_mlp,2026-03,66.56457,0.14858567714691162,21.20436668395996,False,4.5607194900512695,4560719.4900512695,reported_conditioned_mlp,SNORRE,,False,0.0,0.09554240554571151,0.14858567714691162,0.2100005030632019,0.3251098573207855,0.0,2.488713693618774,4.5607194900512695,5.996820259094236,8.205430793762208,0.0,13.990985107421874,21.20436668395996,26.423136138916014,31.93794689178467
2040-04,2040-04-01,global_mlp,2026-03,66.56457,0.1577884703874588,21.000985145568848,False,4.834712982177734,4834712.982177734,reported_conditioned_mlp,SNORRE,,False,0.0,0.0958344042301178,0.1577884703874588,0.21020040363073336,0.3072158783674241,0.0,3.5843944787979125,4.834712982177734,6.214857292175293,8.011020278930665,0.0,13.715566730499267,21.000985145568848,26.302746200561522,31.705925178527835
2040-05,2040-05-01,global_mlp,2026-03,66.56457,0.15761473774909973,20.727989196777344,False,4.607875823974609,4607875.823974609,reported_conditioned_mlp,SNORRE,,False,0.0,0.10160510689020155,0.15761473774909973,0.20947939455509185,0.3066417664289476,0.0,3.2672669410705555,4.607875823974609,5.817455148696899,7.662508773803712,0.0,13.613849353790282,20.727989196777344,26.15352840423584,31.530927085876467
2040-06,2040-06-01,global_mlp,2026-03,66.56457,0.14802556484937668,20.572368621826172,False,4.790751218795776,4790751.218795776,reported_conditioned_mlp,SNORRE,,False,0.0,0.09348232001066208,0.14802556484937668,0.2060062021017074,0.2878920584917069,0.0,3.3527077198028565,4.790751218795776,5.908984708786011,8.03859157562256,0.0,13.40261583328247,20.572368621826172,26.01972599029541,31.29903717041016
2040-07,2040-07-01,global_mlp,2026-03,66.56457,0.15268991142511368,20.363282203674316,False,4.917881011962891,4917881.011962891,reported_conditioned_mlp,SNORRE,,False,0.0,0.0859221339225769,0.15268991142511368,0.20497694313526144,0.31040243804454803,0.0,3.243961548805237,4.917881011962891,6.025872945785522,8.088552188873292,0.0,13.084585952758788,20.363282203674316,25.877487945556638,31.096839904785163
2040-08,2040-08-01,global_mlp,2026-03,66.56457,0.15195634216070175,20.184829711914062,False,4.557818174362183,4557818.174362183,reported_conditioned_mlp,SNORRE,,False,0.0,0.09617666974663733,0.15195634216070175,0.20119806081056593,0.2923507243394852,0.0,3.1254631757736204,4.557818174362183,5.712280178070068,7.775980186462403,0.0,12.837506675720213,20.184829711914062,25.753275489807127,30.895228958129884
2040-09,2040-09-01,global_mlp,2026-03,66.56457,0.15387409925460815,20.103910446166992,False,4.914402008056641,4914402.008056641,reported_conditioned_mlp,SNORRE,,False,0.0,0.09752815663814544,0.15387409925460815,0.20923918634653088,0.30138299465179447,0.0,3.330180788040161,4.914402008056641,6.393627786636352,8.557982063293457,0.0,12.596818828582762,20.103910446166992,25.534124183654786,30.685542488098147
2040-10,2040-10-01,global_mlp,2026-03,66.56457,0.15103308856487274,19.99141216278076,False,4.9628942012786865,4962894.2012786865,reported_conditioned_mlp,SNORRE,,False,0.0,0.09605346545577045,0.15103308856487274,0.20546049475669853,0.30153079926967635,0.0,3.3107860326766967,4.9628942012786865,6.1379903793334964,9.03578100204468,0.0,12.339889907836914,19.99141216278076,25.312713241577146,30.493112564086918
2040-11,2040-11-01,global_mlp,2026-03,66.56457,0.16513699293136597,19.637819290161133,False,4.6322057247161865,4632205.7247161865,reported_conditioned_mlp,SNORRE,,False,0.0,0.10238318219780922,0.16513699293136597,0.22407076954841612,0.3253476768732071,0.0,2.9948864459991453,4.6322057247161865,5.902504253387451,8.443897724151613,0.0,12.155163192749024,19.637819290161133,25.179815673828124,30.113437652587898
2040-12,2040-12-01,global_mlp,2026-03,66.56457,0.1600009799003601,19.4393892288208,False,4.592405796051025,4592405.796051025,reported_conditioned_mlp,SNORRE,,False,0.0,0.09985479116439819,0.1600009799003601,0.22002232819795606,0.32365515232086184,0.0,2.8573965072631826,4.592405796051025,6.037827730178833,8.374059200286865,0.0,11.910235881805418,19.4393892288208,25.0174108505249,30.00708522796631
2041-01,2041-01-01,global_mlp,2026-03,66.56457,0.15308131277561188,19.31448268890381,False,4.5102338790893555,4510233.8790893555,reported_conditioned_mlp,SNORRE,,False,0.0,0.0938128761947155,0.15308131277561188,0.21122699230909345,0.3459603875875473,0.0,2.7526925563812257,4.5102338790893555,5.736223793029785,7.744752597808838,0.0,11.69882593154907,19.31448268890381,24.8631196975708,29.78222789764405
2041-02,2041-02-01,global_mlp,2026-03,66.56457,0.14430537074804306,19.123299598693848,False,4.10739541053772,4107395.4105377197,reported_conditioned_mlp,SNORRE,,False,0.0,0.08993793129920959,0.14430537074804306,0.22025798112154005,0.33958312869071966,0.0,2.267297720909118,4.10739541053772,5.623372507095336,7.824424791336062,0.0,11.476241302490234,19.123299598693848,24.625139045715333,29.496364593505866
2041-03,2041-03-01,global_mlp,2026-03,66.56457,0.13208219408988953,18.929274559020996,False,3.900821566581726,3900821.566581726,reported_conditioned_mlp,SNORRE,,False,0.0,0.07538271471858024,0.13208219408988953,0.2032333329319953,0.29486480355262756,0.0,2.1437358856201167,3.900821566581726,5.449346876144409,8.016844654083252,0.0,11.24740219116211,18.929274559020996,24.458092880249023,29.250914001464853
2041-04,2041-04-01,global_mlp,2026-03,66.56457,0.14152581244707108,18.790183067321777,False,5.114290237426758,5114290.237426758,reported_conditioned_mlp,SNORRE,,False,0.0,0.09610184505581855,0.14152581244707108,0.20472402870655057,0.2874031573534014,0.0,4.029562282562256,5.114290237426758,6.0825419425964355,8.05237855911255,0.0,11.04245328903198,18.790183067321777,24.250834083557127,29.140488052368173
2041-05,2041-05-01,global_mlp,2026-03,66.56457,0.14776229113340378,18.642183303833008,False,4.705685138702393,4705685.138702393,reported_conditioned_mlp,SNORRE,,False,0.0,0.10346918851137159,0.14776229113340378,0.19621407091617585,0.28864136040210725,0.0,3.3100004434585566,4.705685138702393,5.905454444885254,7.4021381855011,0.0,10.702715969085693,18.642183303833008,24.046862411499024,29.046511840820315
2041-06,2041-06-01,global_mlp,2026-03,66.56457,0.13761509954929352,18.50923728942871,False,4.576575517654419,4576575.517654419,reported_conditioned_mlp,SNORRE,,False,0.0,0.08719035387039183,0.13761509954929352,0.19129386991262431,0.28478574454784394,0.0,3.420292019844055,4.576575517654419,5.835661935806274,7.659307098388673,0.0,10.475029563903808,18.50923728942871,23.80127944946289,28.893678283691408
2041-07,2041-07-01,global_mlp,2026-03,66.56457,0.14075208455324173,18.46151351928711,False,4.785921573638916,4785921.573638916,reported_conditioned_mlp,SNORRE,,False,0.0,0.08903152868151663,0.14075208455324173,0.20038434267044067,0.2987866371870041,0.0,3.6910155057907104,4.785921573638916,5.851764154434204,7.686868333816529,0.0,10.286160469055176,18.46151351928711,23.617581367492672,28.734710502624512
2041-08,2041-08-01,global_mlp,2026-03,66.56457,0.13787639141082764,18.391172409057617,False,4.448178052902222,4448178.052902222,reported_conditioned_mlp,SNORRE,,False,0.0,0.07851736322045325,0.13787639141082764,0.1963562563061714,0.2898899108171463,0.0,3.3108709573745725,4.448178052902222,5.785540771484374,7.639841365814211,0.0,10.200772666931153,18.391172409057617,23.460522651672363,28.633940505981446
2041-09,2041-09-01,global_mlp,2026-03,66.56457,0.14087903499603271,18.23991870880127,False,4.856682300567627,4856682.300567627,reported_conditioned_mlp,SNORRE,,False,0.0,0.08331595733761787,0.14087903499603271,0.19546865522861478,0.30787512660026556,0.0,3.5037180185317993,4.856682300567627,6.2719201564788785,9.119942951202395,0.0,10.10159568786621,18.23991870880127,23.251630973815917,28.428388404846192
2041-10,2041-10-01,global_mlp,2026-03,66.56457,0.13659970462322235,18.074044227600098,False,5.012272834777832,5012272.834777832,reported_conditioned_mlp,SNORRE,,False,0.0,0.08215055540204047,0.13659970462322235,0.19567432254552836,0.2754307627677919,0.0,3.5233931541442867,5.012272834777832,6.233295202255248,8.845942878723145,0.0,9.832112598419188,18.074044227600098,22.980161094665526,28.2478874206543
2041-11,2041-11-01,global_mlp,2026-03,66.56457,0.14423608779907227,17.9621000289917,False,4.875608205795288,4875608.205795288,reported_conditioned_mlp,SNORRE,,False,0.0,0.09566713646054267,0.14423608779907227,0.20674095451831812,0.3134418606758118,0.0,3.404911732673645,4.875608205795288,6.1334844589233395,8.494878101348878,0.0,9.498152351379392,17.9621000289917,22.766028594970702,28.10834121704102
2041-12,2041-12-01,global_mlp,2026-03,66.56457,0.14782895147800446,17.740299224853516,False,4.530555725097656,4530555.725097656,reported_conditioned_mlp,SNORRE,,False,0.0,0.10094531252980231,0.14782895147800446,0.20597310513257977,0.3157920181751252,0.0,3.091583156585693,4.530555725097656,6.000883293151855,8.32963800430298,0.0,9.346495342254638,17.740299224853516,22.47365169525146,27.995191574096683
2042-01,2042-01-01,global_mlp,2026-03,66.56457,0.1443442776799202,17.491579055786133,False,4.413586378097534,4413586.378097534,reported_conditioned_mlp,SNORRE,,False,0.0,0.09504806324839589,0.1443442776799202,0.2127105131745337,0.3168848484754563,0.0,2.8082886695861817,4.413586378097534,5.488043928146361,7.96438045501709,0.0,9.114279747009276,17.491579055786133,22.291523361206053,27.8618408203125
2042-02,2042-02-01,global_mlp,2026-03,66.56457,0.14339679479599,17.29001235961914,False,4.129488468170166,4129488.468170166,reported_conditioned_mlp,SNORRE,,False,0.0,0.08371081724762915,0.14339679479599,0.20509917885065077,0.34316709339618684,0.0,2.4401590347290036,4.129488468170166,5.367610931396484,7.586848068237305,0.0,8.890199470520017,17.29001235961914,22.088773918151855,27.687428092956544
2042-03,2042-03-01,global_mlp,2026-03,66.56457,0.12991416454315186,17.126365661621094,False,4.12183690071106,4121836.9007110596,reported_conditioned_mlp,SNORRE,,False,0.0,0.0700201652944088,0.12991416454315186,0.18371039628982544,0.29010434746742253,0.0,2.105616688728332,4.12183690071106,5.484452390670774,8.135101127624514,0.0,8.871653175354,17.126365661621094,21.84226093292236,27.545579528808595
2042-04,2042-04-01,global_mlp,2026-03,66.56457,0.13913998007774353,17.04408359527588,False,5.0833775997161865,5083377.5997161865,reported_conditioned_mlp,SNORRE,,False,0.0,0.08178948909044265,0.13913998007774353,0.19511340111494063,0.2871256560087204,0.0,3.8466044187545774,5.0833775997161865,5.984936428070068,8.592901515960694,0.0,8.767489814758298,17.04408359527588,21.656545448303223,27.384428024291992
2042-05,2042-05-01,global_mlp,2026-03,66.56457,0.13709339499473572,16.865626335144043,False,4.689901113510132,4689901.113510132,reported_conditioned_mlp,SNORRE,,False,0.0,0.08802986219525337,0.13709339499473572,0.1847671717405319,0.2884742558002472,0.0,3.246241283416748,4.689901113510132,5.745984458923339,7.730798625946048,0.0,8.582005405426024,16.865626335144043,21.49085292816162,27.20336627960205
2042-06,2042-06-01,global_mlp,2026-03,66.56457,0.12923354655504227,16.678075790405273,False,4.740458726882935,4740458.726882935,reported_conditioned_mlp,SNORRE,,False,0.0,0.08028144165873527,0.12923354655504227,0.17874692827463148,0.2746081382036209,0.0,3.0963521718978884,4.740458726882935,5.720584297180174,7.89506974220276,0.0,8.381832790374755,16.678075790405273,21.407336235046387,27.05136833190918
2042-07,2042-07-01,global_mlp,2026-03,66.56457,0.131575345993042,16.633891105651855,False,4.782861948013306,4782861.948013306,reported_conditioned_mlp,SNORRE,,False,0.0,0.07990322858095168,0.131575345993042,0.18420108407735813,0.30160283744335176,0.0,3.1923834085464478,4.782861948013306,5.949559545516967,8.063053035736084,0.0,8.224739742279052,16.633891105651855,21.102626991271972,26.863940238952637
2042-08,2042-08-01,global_mlp,2026-03,66.56457,0.13145455718040466,16.48518180847168,False,4.179878234863281,4179878.2348632812,reported_conditioned_mlp,SNORRE,,False,0.0,0.0793466471135616,0.13145455718040466,0.18529350906610487,0.28706355988979343,0.0,2.53164529800415,4.179878234863281,5.405699729919434,7.873905420303345,0.0,8.174177265167236,16.48518180847168,20.9844820022583,26.721721649169922
2042-09,2042-09-01,global_mlp,2026-03,66.56457,0.1366800144314766,16.3015193939209,False,4.531293869018555,4531293.869018555,reported_conditioned_mlp,SNORRE,,False,0.0,0.07588365525007247,0.1366800144314766,0.1804402992129326,0.2763150066137314,0.0,2.6944456577301024,4.531293869018555,5.926986026763916,8.613115978240968,0.0,7.96693034172058,16.3015193939209,20.85094871520996,26.496332359313968
2042-10,2042-10-01,global_mlp,2026-03,66.56457,0.13554248213768005,16.2010440826416,False,4.890705585479736,4890705.585479736,reported_conditioned_mlp,SNORRE,,False,0.0,0.08140938878059387,0.13554248213768005,0.18379743695259093,0.26909548342227935,0.0,2.9985835552215567,4.890705585479736,6.191645526885986,8.736080837249759,0.0,7.809329128265379,16.2010440826416,20.687152862548828,26.286371612548827
2042-11,2042-11-01,global_mlp,2026-03,66.56457,0.1448991820216179,16.050077438354492,False,4.720732927322388,4720732.927322388,reported_conditioned_mlp,SNORRE,,False,0.0,0.08990015462040901,0.1448991820216179,0.1967910274863242,0.29691799581050876,0.0,2.7950147628784165,4.720732927322388,5.995693349838256,8.551232624053956,0.0,7.623835802078247,16.050077438354492,20.609439659118653,26.059986114501953
2042-12,2042-12-01,global_mlp,2026-03,66.56457,0.1437726393342018,15.921311855316162,False,4.598915338516235,4598915.338516235,reported_conditioned_mlp,SNORRE,,False,0.0,0.08405594080686568,0.1437726393342018,0.19563522934913632,0.29962783753871935,0.0,2.4656847238540642,4.598915338516235,6.0124146938323975,8.144708538055422,0.0,7.500721216201782,15.921311855316162,20.497253799438475,25.77809524536133
2043-01,2043-01-01,global_mlp,2026-03,66.56457,0.14216341823339462,15.755460262298584,False,4.322152853012085,4322152.853012085,reported_conditioned_mlp,SNORRE,,False,0.0,0.07860392257571219,0.14216341823339462,0.20598003715276714,0.306657361984253,0.0,2.7636150836944577,4.322152853012085,5.579397344589233,7.648525714874269,0.0,7.342173051834105,15.755460262298584,20.313890266418454,25.545646858215335
2043-02,2043-02-01,global_mlp,2026-03,66.56457,0.1357400119304657,15.525331020355225,False,3.996640205383301,3996640.205383301,reported_conditioned_mlp,SNORRE,,False,0.0,0.077870524674654,0.1357400119304657,0.1980679512023925,0.30925042629241944,0.0,1.9624171018600463,3.996640205383301,5.362980794906614,7.9693039894104025,0.0,7.055154371261595,15.525331020355225,20.07905559539794,25.35608711242676
2043-03,2043-03-01,global_mlp,2026-03,66.56457,0.12515076622366905,15.316067695617676,False,4.1770923137664795,4177092.3137664795,reported_conditioned_mlp,SNORRE,,False,0.0,0.06474665999412536,0.12515076622366905,0.17547502666711806,0.2757629394531251,0.0,1.546397662162779,4.1770923137664795,5.35123438835144,7.424910402297977,0.0,6.880489540100098,15.316067695617676,19.959978675842272,25.184183311462405
2043-04,2043-04-01,global_mlp,2026-03,66.56457,0.13358382880687714,15.199863910675049,False,5.053690671920776,5053690.671920776,reported_conditioned_mlp,SNORRE,,False,0.0,0.08124080002307892,0.13358382880687714,0.19033353775739667,0.2785156488418579,0.0,3.5442131042480467,5.053690671920776,6.055133533477783,7.967260313034059,0.0,6.628779935836791,15.199863910675049,19.879899215698238,25.00718460083008
2043-05,2043-05-01,global_mlp,2026-03,66.56457,0.13286373019218445,15.078257083892822,False,4.872218132019043,4872218.132019043,reported_conditioned_mlp,SNORRE,,False,0.0,0.08105149567127226,0.13286373019218445,0.18764544725418092,0.2837953448295593,0.0,3.2579035282135,4.872218132019043,5.906726884841919,7.411304521560673,0.0,6.4397210597991945,15.078257083892822,19.739369392395012,24.73750591278076
2043-06,2043-06-01,global_mlp,2026-03,66.56457,0.12898039072752,14.981624126434326,False,4.674422264099121,4674422.264099121,reported_conditioned_mlp,SNORRE,,False,0.0,0.06758377030491829,0.12898039072752,0.1772127255797386,0.2778462022542954,0.0,2.8864195585250854,4.674422264099121,5.7389595031738265,7.94258828163147,0.0,6.331080484390259,14.981624126434326,19.62055759429931,24.506189918518068
2043-07,2043-07-01,global_mlp,2026-03,66.56457,0.13136206567287445,14.775614261627197,False,4.791951417922974,4791951.417922974,reported_conditioned_mlp,SNORRE,,False,0.0,0.06858631521463393,0.13136206567287445,0.1850372388958931,0.28116808235645296,0.0,2.9549460411071773,4.791951417922974,5.864328908920287,7.774577760696413,0.0,6.2575621604919425,14.775614261627197,19.49570541381836,24.285284042358406
2043-08,2043-08-01,global_mlp,2026-03,66.56457,0.12531589716672897,14.619118690490723,False,4.333788633346558,4333788.633346558,reported_conditioned_mlp,SNORRE,,False,0.0,0.07152738422155377,0.12531589716672897,0.180900552868843,0.27565704584121703,0.0,2.766870141029358,4.333788633346558,5.463591432571411,7.65346040725708,0.0,6.027908897399902,14.619118690490723,19.19256896972656,24.21792678833008
2043-09,2043-09-01,global_mlp,2026-03,66.56457,0.12448545917868614,14.298119068145752,False,4.651815891265869,4651815.891265869,reported_conditioned_mlp,SNORRE,,False,0.0,0.07134346440434455,0.12448545917868614,0.18004309535026541,0.2680463582277298,0.0,2.9234936475753783,4.651815891265869,5.912848091125488,7.691088485717775,0.0,5.7732032299041744,14.298119068145752,18.950231361389157,24.06625156402588
2043-10,2043-10-01,global_mlp,2026-03,66.56457,0.1261316016316414,14.005139827728271,False,4.912593364715576,4912593.364715576,reported_conditioned_mlp,SNORRE,,False,0.0,0.06597441285848617,0.1261316016316414,0.17896921485662454,0.28463733196258545,0.0,2.7520629882812497,4.912593364715576,6.154819345474243,8.159155464172365,0.0,5.66046905517578,14.005139827728271,18.88161354064941,23.97657718658447
2043-11,2043-11-01,global_mlp,2026-03,66.56457,0.13479043543338776,13.943041324615479,False,4.778885841369629,4778885.841369629,reported_conditioned_mlp,SNORRE,,False,0.0,0.07345942929387092,0.13479043543338776,0.18585389703512192,0.2911432713270187,0.0,2.462071919441223,4.778885841369629,6.066349172592162,8.416324329376222,0.0,5.487813854217529,13.943041324615479,18.661550331115713,23.797400283813477
2043-12,2043-12-01,global_mlp,2026-03,66.56457,0.12737347185611725,13.740638732910156,False,4.138027667999268,4138027.6679992676,reported_conditioned_mlp,SNORRE,,False,0.0,0.06941370740532875,0.12737347185611725,0.17944179028272628,0.28974051177501686,0.0,2.187480592727661,4.138027667999268,5.558979845046997,7.918291139602662,0.0,5.299982833862304,13.740638732910156,18.399739265441895,23.65647792816162
2044-01,2044-01-01,global_mlp,2026-03,66.56457,0.13400866091251373,13.530423641204834,False,4.254715919494629,4254715.919494629,reported_conditioned_mlp,SNORRE,,False,0.0,0.0661588467657566,0.13400866091251373,0.1932055309414863,0.3072788357734684,0.0,1.957859015464782,4.254715919494629,5.63124885559082,7.6450926780700685,0.0,5.01193151473999,13.530423641204834,17.992972373962388,23.455147743225098
2044-02,2044-02-01,global_mlp,2026-03,66.56457,0.12758217751979828,13.32788372039795,False,3.9419796466827393,3941979.6466827393,reported_conditioned_mlp,SNORRE,,False,0.0,0.06015407964587211,0.12758217751979828,0.19399526268243789,0.29268596470356006,0.0,1.5257387757301322,3.9419796466827393,5.335392951965331,7.017574262619019,0.0,4.809775924682615,13.32788372039795,17.87265853881835,23.27570152282715
2044-03,2044-03-01,global_mlp,2026-03,66.56457,0.11706136912107468,13.109328269958496,False,3.8737419843673706,3873741.9843673706,reported_conditioned_mlp,SNORRE,,False,0.0,0.04916547723114491,0.11706136912107468,0.1788378924131393,0.2716002702713013,0.0,0.8898686647415137,3.8737419843673706,5.257180690765381,7.78227734565735,0.0,4.606958866119385,13.109328269958496,17.762732887268065,23.104401206970216
2044-04,2044-04-01,global_mlp,2026-03,66.56457,0.122883640229702,12.864920616149902,False,4.8294782638549805,4829478.2638549805,reported_conditioned_mlp,SNORRE,,False,0.0,0.06282462477684021,0.122883640229702,0.17411616146564482,0.2910026907920838,0.0,3.513785624504089,4.8294782638549805,5.935473871231079,8.329574012756348,0.0,4.4709458351135245,12.864920616149902,17.63843212127685,22.944653129577638
2044-05,2044-05-01,global_mlp,2026-03,66.56457,0.13069865852594376,12.754071235656738,False,4.512833833694458,4512833.833694458,reported_conditioned_mlp,SNORRE,,False,0.0,0.0725472532212734,0.13069865852594376,0.17737447768449766,0.2830038934946061,0.0,2.8110144138336164,4.512833833694458,5.80902509689331,7.579376459121704,0.0,4.209256315231323,12.754071235656738,17.42982788085937,22.81156120300293
2044-06,2044-06-01,global_mlp,2026-03,66.56457,0.1221785731613636,12.675601482391357,False,4.478487014770508,4478487.014770508,reported_conditioned_mlp,SNORRE,,False,0.0,0.06406254991888999,0.1221785731613636,0.1763099670410156,0.2759202480316163,0.0,2.9774343729019157,4.478487014770508,5.678240585327147,7.6029561996459964,0.0,4.087172317504883,12.675601482391357,17.29593734741211,22.66570281982422
2044-07,2044-07-01,global_mlp,2026-03,66.56457,0.1251315474510193,12.481721878051758,False,4.8554534912109375,4855453.4912109375,reported_conditioned_mlp,SNORRE,,False,0.0,0.07296899482607841,0.1251315474510193,0.17917422652244566,0.28241209089756014,0.0,3.0074697971343993,4.8554534912109375,6.008989095687865,7.9911463260650635,0.0,3.9325309753417965,12.481721878051758,17.158553314208984,22.513510513305665
2044-08,2044-08-01,global_mlp,2026-03,66.56457,0.11619989946484566,12.335143566131592,False,4.273268699645996,4273268.699645996,reported_conditioned_mlp,SNORRE,,False,0.0,0.06359228640794752,0.11619989946484566,0.17189707010984415,0.26431332528591156,0.0,2.648909711837768,4.273268699645996,5.480915307998657,7.5433268547058105,0.0,3.6746132850646966,12.335143566131592,17.037845611572266,22.364526176452635
2044-09,2044-09-01,global_mlp,2026-03,66.56457,0.11274285987019539,12.16653823852539,False,4.419505834579468,4419505.834579468,reported_conditioned_mlp,SNORRE,,False,0.0,0.062016744539141605,0.11274285987019539,0.17174316793680183,0.2652358412742615,0.0,2.361266803741455,4.419505834579468,5.9488140583038325,8.233925437927246,0.0,3.492694997787474,12.16653823852539,16.885450744628905,22.221596908569335
2044-10,2044-10-01,global_mlp,2026-03,66.56457,0.11630852147936821,11.998838901519775,False,4.874243259429932,4874243.259429932,reported_conditioned_mlp,SNORRE,,False,0.0,0.059296692162752136,0.11630852147936821,0.17459640800952905,0.26775128543376925,0.0,2.7887330293655395,4.874243259429932,6.11602144241333,8.860719108581545,0.0,3.359639573097228,11.998838901519775,16.75146083831787,22.01428680419922
2044-11,2044-11-01,global_mlp,2026-03,66.56457,0.12484739348292351,11.824275970458984,False,4.855271816253662,4855271.816253662,reported_conditioned_mlp,SNORRE,,False,0.0,0.06385855749249457,0.12484739348292351,0.18121507316827773,0.29698624014854436,0.0,2.3600926399230953,4.855271816253662,5.974150514602661,8.235445213317872,0.0,3.2834908962249734,11.824275970458984,16.561768531799316,21.950045013427737
2044-12,2044-12-01,global_mlp,2026-03,66.56457,0.13089138269424438,11.546506881713867,False,4.373854160308838,4373854.160308838,reported_conditioned_mlp,SNORRE,,False,0.0,0.06283882744610307,0.13089138269424438,0.1891677021980285,0.3071823209524155,0.0,1.8593765497207617,4.373854160308838,5.817616415023804,7.800764131546021,0.0,3.0786125183105466,11.546506881713867,16.389594268798827,21.770865821838377
2045-01,2045-01-01,global_mlp,2026-03,66.56457,0.12730038911104202,11.33866024017334,False,4.3037519454956055,4303751.9454956055,reported_conditioned_mlp,SNORRE,,False,0.0,0.04949808903038501,0.12730038911104202,0.18588135987520216,0.30764416754245766,0.0,0.8884889006614678,4.3037519454956055,5.589640855789184,7.432537794113159,0.0,2.91568989753723,11.33866024017334,15.961626052856435,21.64074001312256
2045-02,2045-02-01,global_mlp,2026-03,66.56457,0.1214781403541565,11.205961227416992,False,3.807021379470825,3807021.379470825,reported_conditioned_mlp,SNORRE,,False,0.0,0.0325446370989084,0.1214781403541565,0.18009088188409803,0.2901292830705643,0.0,0.0,3.807021379470825,5.1799664974212645,7.309470796585083,0.0,2.8094086647033674,11.205961227416992,15.770028305053698,21.474958610534667
2045-03,2045-03-01,global_mlp,2026-03,66.56457,0.10088783130049706,11.112336158752441,False,3.3883742094039917,3388374.2094039917,reported_conditioned_mlp,SNORRE,,False,0.0,0.011714752018451683,0.10088783130049706,0.1648985981941223,0.26766574978828434,0.0,0.0,3.3883742094039917,5.2363028526306135,7.330074882507325,0.0,2.711514306068419,11.112336158752441,15.70479269027709,21.427977943420412
2045-04,2045-04-01,global_mlp,2026-03,66.56457,0.11098334193229675,11.035661697387695,False,4.461963176727295,4461963.176727295,reported_conditioned_mlp,SNORRE,,False,0.0,0.0452372424304485,0.11098334193229675,0.16551755666732787,0.2579469978809357,0.0,2.1752778291702266,4.461963176727295,5.635453748703002,7.766339778900147,0.0,2.5197004556655873,11.035661697387695,15.609041500091548,21.2883846282959
2045-05,2045-05-01,global_mlp,2026-03,66.56457,0.10715138539671898,10.90251111984253,False,4.15451979637146,4154519.79637146,reported_conditioned_mlp,SNORRE,,False,0.0,0.027039741538465018,0.10715138539671898,0.16979072988033286,0.25134574174880986,0.0,0.5001372903585427,4.15451979637146,5.5900127410888665,7.457743120193482,0.0,2.3706256866455075,10.90251111984253,15.503865623474118,21.117441177368168
2045-06,2045-06-01,global_mlp,2026-03,66.56457,0.10392630100250244,10.72772741317749,False,4.299994230270386,4299994.230270386,reported_conditioned_mlp,SNORRE,,False,0.0,0.027156778052449183,0.10392630100250244,0.16885050088167192,0.2548175156116486,0.0,1.1135115027427671,4.299994230270386,5.583984661102294,7.500061798095704,0.0,2.2676013708114624,10.72772741317749,15.42301149368286,20.967617607116704
2045-07,2045-07-01,global_mlp,2026-03,66.56457,0.10901028662919998,10.524856567382812,False,4.171939134597778,4171939.1345977783,reported_conditioned_mlp,SNORRE,,False,0.0,0.040251038596034044,0.10901028662919998,0.17122483998537052,0.2679465562105179,0.0,0.579613709449767,4.171939134597778,5.779319715499878,7.62442626953125,0.0,2.175818443298339,10.524856567382812,15.272537803649898,20.781765174865725
2045-08,2045-08-01,global_mlp,2026-03,66.56457,0.11342254653573036,10.322227954864502,False,4.047763824462891,4047763.8244628906,reported_conditioned_mlp,SNORRE,,False,0.0,0.037919782847166,0.11342254653573036,0.17431071251630775,0.26209045946598053,0.0,0.305980487167834,4.047763824462891,5.364401865005493,7.571245574951172,0.0,2.084056615829467,10.322227954864502,15.054447078704834,20.627820777893067
2045-09,2045-09-01,global_mlp,2026-03,66.56457,0.10823484510183334,10.083027839660645,False,4.2706687450408936,4270668.745040894,reported_conditioned_mlp,SNORRE,,False,0.0,0.028197197988629324,0.10823484510183334,0.17316040992736814,0.2599636703729631,0.0,0.14617780372500294,4.2706687450408936,5.709955167770385,8.134915828704834,0.0,1.8986852526664708,10.083027839660645,14.928624629974365,20.494947242736817
2045-10,2045-10-01,global_mlp,2026-03,66.56457,0.1104620136320591,9.87144422531128,False,4.301952362060547,4301952.362060547,reported_conditioned_mlp,SNORRE,,False,0.0,0.03584793768823144,0.1104620136320591,0.1638678252696991,0.25423017442226414,0.0,0.2361226692795741,4.301952362060547,5.799074125289917,8.144477462768556,0.0,1.82583163976669,9.87144422531128,14.818848228454588,20.348338890075684
2045-11,2045-11-01,global_mlp,2026-03,66.56457,0.1172129288315773,9.773740291595459,False,4.3073413372039795,4307341.3372039795,reported_conditioned_mlp,SNORRE,,False,0.0,0.023797715827822613,0.1172129288315773,0.18050172477960585,0.2719598829746247,0.0,0.0,4.3073413372039795,5.789561080932616,8.445452880859376,0.0,1.6377972483634935,9.773740291595459,14.671620655059813,20.165991210937502
2045-12,2045-12-01,global_mlp,2026-03,66.56457,0.11357363685965538,9.592531681060791,False,4.180725336074829,4180725.336074829,reported_conditioned_mlp,SNORRE,,False,0.0,0.0191915309056639,0.11357363685965538,0.17473874837160105,0.28170356750488296,0.0,0.0,4.180725336074829,5.744281053543088,8.18890085220337,0.0,1.4742467045783993,9.592531681060791,14.449130916595456,20.049346351623537
2046-01,2046-01-01,global_mlp,2026-03,66.56457,0.11813124641776085,9.401307582855225,False,3.811226963996887,3811226.963996887,reported_conditioned_mlp,SNORRE,,False,0.0,0.00810251305811106,0.11813124641776085,0.17522119134664532,0.2711049616336823,0.0,0.0,3.811226963996887,5.424418020248412,7.75027232170105,0.0,1.3451812624931325,9.401307582855225,14.279002952575679,19.92797679901123
2046-02,2046-02-01,global_mlp,2026-03,66.56457,0.11009503155946732,9.224326133728027,False,3.4500969648361206,3450096.9648361206,reported_conditioned_mlp,SNORRE,,False,0.0,0.0,0.11009503155946732,0.17659505456686012,0.29969384372234353,0.0,0.0,3.4500969648361206,5.105959701538086,7.282491397857669,0.0,1.1594940543174739,9.224326133728027,14.09464702606201,19.77745418548584
2046-03,2046-03-01,global_mlp,2026-03,66.56457,0.10025991499423981,8.972614765167236,False,3.223328709602356,3223328.709602356,reported_conditioned_mlp,SNORRE,,False,0.0,0.0,0.10025991499423981,0.1670944973826408,0.2717908620834351,0.0,0.0,3.223328709602356,5.10610556602478,7.627797079086304,0.0,0.9114650607109059,8.972614765167236,13.944227123260497,19.681729888916017
2046-04,2046-04-01,global_mlp,2026-03,66.56457,0.11467296630144119,8.81623888015747,False,4.594638109207153,4594638.109207153,reported_conditioned_mlp,SNORRE,,False,0.0,0.007754693506285542,0.11467296630144119,0.16718544065952298,0.2530074894428256,0.0,0.0,4.594638109207153,5.974845123291015,8.14690170288086,0.0,0.6962931573390951,8.81623888015747,13.743925857543944,19.56651020050049
2046-05,2046-05-01,global_mlp,2026-03,66.56457,0.11959530040621758,8.59366226196289,False,4.205770492553711,4205770.492553711,reported_conditioned_mlp,SNORRE,,False,0.0,0.006238476978614909,0.11959530040621758,0.1699747249484061,0.2696242928504944,0.0,0.0,4.205770492553711,5.478032875061034,7.199084949493409,0.0,0.47364490330219244,8.59366226196289,13.565508937835693,19.44836483001709
2046-06,2046-06-01,global_mlp,2026-03,66.56457,0.100917287170887,8.443516731262207,False,4.189103603363037,4189103.603363037,reported_conditioned_mlp,SNORRE,,False,0.0,0.009635435929521857,0.100917287170887,0.1654541730880737,0.2369625240564347,0.0,0.0,4.189103603363037,5.524535417556763,7.381073999404907,0.0,0.26078799366950983,8.443516731262207,13.442020130157468,19.26263656616211
2046-07,2046-07-01,global_mlp,2026-03,66.56457,0.10641021654009819,8.269981384277344,False,4.091999053955078,4091999.053955078,reported_conditioned_mlp,SNORRE,,False,0.0,0.0,0.10641021654009819,0.1651915296912193,0.25409752428531657,0.0,0.0,4.091999053955078,5.691160631179807,7.958410978317261,0.0,0.08385247886180829,8.269981384277344,13.250239658355712,19.07942638397217
2046-08,2046-08-01,global_mlp,2026-03,66.56457,0.10982288047671318,8.148553848266602,False,3.873940348625183,3873940.348625183,reported_conditioned_mlp,SNORRE,,False,0.0,0.0,0.10982288047671318,0.16264549642801282,0.2503496915102005,0.0,0.0,3.873940348625183,5.318085479736328,7.2999993801116965,0.0,0.0,8.148553848266602,13.134161281585692,18.989098358154298
2046-09,2046-09-01,global_mlp,2026-03,66.56457,0.10474346578121185,8.017077207565308,False,3.8147799968719482,3814779.9968719482,reported_conditioned_mlp,SNORRE,,False,0.0,0.0,0.10474346578121185,0.15956705510616304,0.24485981464386,0.0,0.0,3.8147799968719482,5.633318281173705,7.917041397094728,0.0,0.0,8.017077207565308,12.950074958801263,18.922748565673828
2046-10,2046-10-01,global_mlp,2026-03,66.56457,0.10610987991094589,7.875647783279419,False,4.117056369781494,4117056.369781494,reported_conditioned_mlp,SNORRE,,False,0.0,0.0,0.10610987991094589,0.1693297043442726,0.24720461219549184,0.0,0.0,4.117056369781494,5.697780656814575,8.340017414093019,0.0,0.0,7.875647783279419,12.851366043090819,18.647002220153812
2046-11,2046-11-01,global_mlp,2026-03,66.56457,0.10907894372940063,7.72217583656311,False,3.8900880813598633,3890088.0813598633,reported_conditioned_mlp,SNORRE,,False,0.0,0.0,0.10907894372940063,0.175153824687004,0.25770247578620914,0.0,0.0,3.8900880813598633,5.778601884841919,8.677374076843263,0.0,0.0,7.72217583656311,12.679607391357422,18.372220420837408
2046-12,2046-12-01,global_mlp,2026-03,66.56457,0.1063583493232727,7.449918508529663,False,3.8052221536636353,3805222.1536636353,reported_conditioned_mlp,SNORRE,,False,0.0,0.0,0.1063583493232727,0.16691536605358123,0.24974821507930758,0.0,0.0,3.8052221536636353,5.459399700164791,7.782490301132203,0.0,0.0,7.449918508529663,12.517467594146728,18.15031871795655
2047-01,2047-01-01,global_mlp,2026-03,66.56457,0.11086729541420937,7.268701076507568,False,3.7160898447036743,3716089.8447036743,reported_conditioned_mlp,SNORRE,,False,0.0,0.0,0.11086729541420937,0.17158377617597578,0.25140737593173984,0.0,0.0,3.7160898447036743,5.368320465087891,7.361665773391724,0.0,0.0,7.268701076507568,12.357470703124998,17.921207618713385
2047-02,2047-02-01,global_mlp,2026-03,66.56457,0.10568146780133247,7.113565683364868,False,3.4083199501037598,3408319.9501037598,reported_conditioned_mlp,SNORRE,,False,0.0,0.0,0.10568146780133247,0.16492945402860631,0.2513653188943863,0.0,0.0,3.4083199501037598,5.048708295822143,7.507050323486331,0.0,0.0,7.113565683364868,12.281414699554437,17.760625457763673
2047-03,2047-03-01,global_mlp,2026-03,66.56457,0.08586928620934486,6.923681974411011,False,2.7930266857147217,2793026.6857147217,reported_conditioned_mlp,SNORRE,,False,0.0,0.0,0.08586928620934486,0.15009156465530393,0.2417110309004784,0.0,0.0,2.7930266857147217,4.821173191070556,6.944332885742189,0.0,0.0,6.923681974411011,12.187073898315427,17.643254280090332
2047-04,2047-04-01,global_mlp,2026-03,66.56457,0.10232208669185638,6.734294652938843,False,4.133212566375732,4133212.5663757324,reported_conditioned_mlp,SNORRE,,False,0.0,0.0,0.10232208669185638,0.16616802811622616,0.24422653168439867,0.0,0.0,4.133212566375732,5.66313419342041,7.98200330734253,0.0,0.0,6.734294652938843,12.033965682983396,17.524862861633302
2047-05,2047-05-01,global_mlp,2026-03,66.56457,0.10230066254734993,6.487820386886597,False,3.655482530593872,3655482.530593872,reported_conditioned_mlp,SNORRE,,False,0.0,0.0,0.10230066254734993,0.16717976331710807,0.24488575607538224,0.0,0.0,3.655482530593872,5.516397714614868,7.534711933135988,0.0,0.0,6.487820386886597,11.919426822662354,17.41135540008545
2047-06,2047-06-01,global_mlp,2026-03,66.56457,0.10045822709798813,6.269277095794678,False,3.6359716653823853,3635971.6653823853,reported_conditioned_mlp,SNORRE,,False,0.0,0.0,0.10045822709798813,0.15421092808246611,0.2334202080965042,0.0,0.0,3.6359716653823853,5.396243667602537,7.5962411880493175,0.0,0.0,6.269277095794678,11.667398452758786,17.304698181152343
2047-07,2047-07-01,global_mlp,2026-03,66.56457,0.10095496103167534,6.153670072555542,False,3.941698908805847,3941698.908805847,reported_conditioned_mlp,SNORRE,,False,0.0,0.0,0.10095496103167534,0.15526273399591445,0.2340486630797387,0.0,0.0,3.941698908805847,5.571142959594726,7.836094236373902,0.0,0.0,6.153670072555542,11.549167823791503,17.1058780670166
2047-08,2047-08-01,global_mlp,2026-03,66.56457,0.1003318764269352,5.966370105743408,False,3.3521831035614014,3352183.1035614014,reported_conditioned_mlp,SNORRE,,False,0.0,0.0,0.1003318764269352,0.15256032943725584,0.22707412540912636,0.0,0.0,3.3521831035614014,4.997296142578124,7.080484628677369,0.0,0.0,5.966370105743408,11.357095527648923,16.883635139465333
2047-09,2047-09-01,global_mlp,2026-03,66.56457,0.09569573029875755,5.88131046295166,False,3.226080536842346,3226080.536842346,reported_conditioned_mlp,SNORRE,,False,0.0,0.0,0.09569573029875755,0.15052808374166488,0.22251574248075484,0.0,0.0,3.226080536842346,5.41389570236206,8.41654977798462,0.0,0.0,5.88131046295166,11.14736633300781,16.636614990234374
2047-10,2047-10-01,global_mlp,2026-03,66.56457,0.09462736919522285,5.62425684928894,False,3.5472419261932373,3547241.9261932373,reported_conditioned_mlp,SNORRE,,False,0.0,0.0,0.09462736919522285,0.15537036657333375,0.23147381991148,0.0,0.0,3.5472419261932373,5.657647418975829,7.703890657424926,0.0,0.0,5.62425684928894,10.991523265838623,16.523221397399904
2047-11,2047-11-01,global_mlp,2026-03,66.56457,0.10182524845004082,5.3212339878082275,False,3.7970468997955322,3797046.899795532,reported_conditioned_mlp,SNORRE,,False,0.0,0.0,0.10182524845004082,0.16404397934675216,0.24508152306079867,0.0,0.0,3.7970468997955322,5.601418304443359,8.318682003021241,0.0,0.0,5.3212339878082275,10.792922782897948,16.377630424499515
2047-12,2047-12-01,global_mlp,2026-03,66.56457,0.10682130232453346,5.139213562011719,False,3.2852771282196045,3285277.1282196045,reported_conditioned_mlp,SNORRE,,False,0.0,0.0,0.10682130232453346,0.1602391734719276,0.23316722959280017,0.0,0.0,3.2852771282196045,5.201555967330932,7.878352689743044,0.0,0.0,5.139213562011719,10.660917377471923,16.266040229797365
2048-01,2048-01-01,global_mlp,2026-03,66.56457,0.09429040178656578,4.986172914505005,False,3.1264030933380127,3126403.0933380127,reported_conditioned_mlp,SNORRE,,False,0.0,0.0,0.09429040178656578,0.1658276945352554,0.24454157799482348,0.0,0.0,3.1264030933380127,5.34687876701355,7.541573190689088,0.0,0.0,4.986172914505005,10.568392276763916,16.13170509338379
2048-02,2048-02-01,global_mlp,2026-03,66.56457,0.09559342637658119,4.807865619659424,False,2.8420372009277344,2842037.2009277344,reported_conditioned_mlp,SNORRE,,False,0.0,0.0,0.09559342637658119,0.1627636536955833,0.24741525202989592,0.0,0.0,2.8420372009277344,4.862659311294554,7.402343511581421,0.0,0.0,4.807865619659424,10.409944248199457,15.979346942901614
2048-03,2048-03-01,global_mlp,2026-03,66.56457,0.08252474293112755,4.633156776428223,False,2.6203160285949707,2620316.0285949707,reported_conditioned_mlp,SNORRE,,False,0.0,0.0,0.08252474293112755,0.15087273716926572,0.23963512778282173,0.0,0.0,2.6203160285949707,4.867404413223266,7.318796634674072,0.0,0.0,4.633156776428223,10.219948863983154,15.842684173583985
2048-04,2048-04-01,global_mlp,2026-03,66.56457,0.09534578397870064,4.485573053359985,False,3.777950644493103,3777950.644493103,reported_conditioned_mlp,SNORRE,,False,0.0,0.0,0.09534578397870064,0.16261504888534545,0.24648149013519297,0.0,0.0,3.777950644493103,5.512257051467895,7.967521047592164,0.0,0.0,4.485573053359985,10.101432609558104,15.691050624847415
2048-05,2048-05-01,global_mlp,2026-03,66.56457,0.1069844402372837,4.327335834503174,False,3.6390734910964966,3639073.4910964966,reported_conditioned_mlp,SNORRE,,False,0.0,0.0,0.1069844402372837,0.1716599553823471,0.24568817913532268,0.0,0.0,3.6390734910964966,5.262907981872558,7.689306259155274,0.0,0.0,4.327335834503174,9.91065740585327,15.623212909698488
2048-06,2048-06-01,global_mlp,2026-03,66.56457,0.08565615117549896,4.1444411277771,False,3.190503716468811,3190503.716468811,reported_conditioned_mlp,SNORRE,,False,0.0,0.0,0.08565615117549896,0.1508464097976684,0.23746906220912942,0.0,0.0,3.190503716468811,5.0227700710296626,7.178146219253541,0.0,0.0,4.1444411277771,9.730707550048827,15.426641082763675
2048-07,2048-07-01,global_mlp,2026-03,66.56457,0.09069542959332466,4.022902250289917,False,3.4634697437286377,3463469.7437286377,reported_conditioned_mlp,SNORRE,,False,0.0,0.0,0.09069542959332466,0.1611182227730751,0.24821459949016578,0.0,0.0,3.4634697437286377,5.341505813598632,7.585410404205323,0.0,0.0,4.022902250289917,9.547526645660398,15.267428779602053
2048-08,2048-08-01,global_mlp,2026-03,66.56457,0.07745549455285072,3.833722949028015,False,2.894418954849243,2894418.954849243,reported_conditioned_mlp,SNORRE,,False,0.0,0.0,0.07745549455285072,0.15408237278461456,0.24349001199007034,0.0,0.0,2.894418954849243,4.739218664169312,7.317539548873904,0.0,0.0,3.833722949028015,9.346912002563474,15.110841464996339
2048-09,2048-09-01,global_mlp,2026-03,66.56457,0.07385876774787903,3.507497549057007,False,3.0831648111343384,3083164.8111343384,reported_conditioned_mlp,SNORRE,,False,0.0,0.0,0.07385876774787903,0.15281992405652994,0.2343402773141861,0.0,0.0,3.0831648111343384,4.929979228973388,7.568421173095706,0.0,0.0,3.507497549057007,9.216763591766357,14.90405960083008
2048-10,2048-10-01,global_mlp,2026-03,66.56457,0.08842780441045761,3.292109966278076,False,3.505234479904175,3505234.479904175,reported_conditioned_mlp,SNORRE,,False,0.0,0.0,0.08842780441045761,0.16161668598651885,0.24248969405889517,0.0,0.0,3.505234479904175,5.184643888473509,7.375226545333864,0.0,0.0,3.292109966278076,9.074234580993648,14.799874210357666
2048-11,2048-11-01,global_mlp,2026-03,66.56457,0.08789641037583351,3.1120139360427856,False,2.6057801246643066,2605780.1246643066,reported_conditioned_mlp,SNORRE,,False,0.0,0.0,0.08789641037583351,0.16702684313058846,0.25609633326530457,0.0,0.0,2.6057801246643066,5.489575433731078,8.106538867950439,0.0,0.0,3.1120139360427856,8.954758548736573,14.728778266906739
2048-12,2048-12-01,global_mlp,2026-03,66.56457,0.07662186026573181,2.8448891639709473,False,2.8467392921447754,2846739.2921447754,reported_conditioned_mlp,SNORRE,,False,0.0,0.0,0.07662186026573181,0.16658074110746382,0.25592581033706674,0.0,0.0,2.8467392921447754,5.220879793167113,7.608583831787111,0.0,0.0,2.8448891639709473,8.838896656036372,14.618271446228029
2049-01,2049-01-01,global_mlp,2026-03,66.56457,0.08254966139793396,2.612449884414673,False,2.709290862083435,2709290.862083435,reported_conditioned_mlp,SNORRE,,False,0.0,0.0,0.08254966139793396,0.16451882272958754,0.2644969761371613,0.0,0.0,2.709290862083435,4.894575452804565,7.049879884719849,0.0,0.0,2.612449884414673,8.668382453918456,14.5507381439209
2049-02,2049-02-01,global_mlp,2026-03,66.56457,0.0725603960454464,2.4129650592803955,False,2.186552405357361,2186552.405357361,reported_conditioned_mlp,SNORRE,,False,0.0,0.0,0.0725603960454464,0.154826121032238,0.2505746543407441,0.0,0.0,2.186552405357361,4.525049686431884,7.013187122344972,0.0,0.0,2.4129650592803955,8.449292945861814,14.325710678100588
2049-03,2049-03-01,global_mlp,2026-03,66.56457,0.06170401908457279,2.2197155952453613,False,1.278104305267334,1278104.305267334,reported_conditioned_mlp,SNORRE,,False,0.0,0.0,0.06170401908457279,0.14378314763307565,0.24183690845966338,0.0,0.0,1.278104305267334,4.431560134887695,6.905534267425537,0.0,0.0,2.2197155952453613,8.226897621154784,14.120510387420657
2049-04,2049-04-01,global_mlp,2026-03,66.56457,0.06413193792104721,2.0660289525985718,False,3.0187759399414062,3018775.9399414062,reported_conditioned_mlp,SNORRE,,False,0.0,0.0,0.06413193792104721,0.14621574878692625,0.24262124300003063,0.0,0.0,3.0187759399414062,5.397937393188476,7.490753221511843,0.0,0.0,2.0660289525985718,8.014395332336425,13.981599807739261
2049-05,2049-05-01,global_mlp,2026-03,66.56457,0.0662749782204628,1.9372794032096863,False,1.9541596174240112,1954159.6174240112,reported_conditioned_mlp,SNORRE,,False,0.0,0.0,0.0662749782204628,0.15859839171171186,0.23885890543460853,0.0,0.0,1.9541596174240112,5.0339337348937985,6.91432399749756,0.0,0.0,1.9372794032096863,7.765996599197386,13.865898990631106
2049-06,2049-06-01,global_mlp,2026-03,66.56457,0.06870325282216072,1.7841641306877136,False,2.1276105642318726,2127610.5642318726,reported_conditioned_mlp,SNORRE,,False,0.0,0.0,0.06870325282216072,0.15445687770843503,0.23665860891342166,0.0,0.0,2.1276105642318726,4.903015851974486,6.862903308868408,0.0,0.0,1.7841641306877136,7.589477157592773,13.74499044418335
2049-07,2049-07-01,global_mlp,2026-03,66.56457,0.07196572795510292,1.6828182935714722,False,2.593753457069397,2593753.457069397,reported_conditioned_mlp,SNORRE,,False,0.0,0.0,0.07196572795510292,0.1578088968992232,0.24424525201320657,0.0,0.0,2.593753457069397,5.148656272888181,7.517723560333257,0.0,0.0,1.6828182935714722,7.3835678100585875,13.546638202667237
2049-08,2049-08-01,global_mlp,2026-03,66.56457,0.06603939458727837,1.531341791152954,False,2.2950457334518433,2295045.7334518433,reported_conditioned_mlp,SNORRE,,False,0.0,0.0,0.06603939458727837,0.14928236752748483,0.2379110097885132,0.0,0.0,2.2950457334518433,4.946039581298828,7.515517807006837,0.0,0.0,1.531341791152954,7.223538637161248,13.408045101165772
2049-09,2049-09-01,global_mlp,2026-03,66.56457,0.06186232529580593,1.2415446639060974,False,1.7384296655654907,1738429.6655654907,reported_conditioned_mlp,SNORRE,,False,0.0,0.0,0.06186232529580593,0.1460570693016052,0.24417771697044371,0.0,0.0,1.7384296655654907,5.113862800598139,7.848983192443848,0.0,0.0,1.2415446639060974,7.080177307128901,13.217548084259034
2049-10,2049-10-01,global_mlp,2026-03,66.56457,0.05776345729827881,1.0481681823730469,False,1.0818362534046173,1081836.2534046173,reported_conditioned_mlp,SNORRE,,False,0.0,0.0,0.05776345729827881,0.14762535244226455,0.23567579090595253,0.0,0.0,1.0818362534046173,5.233129692077636,7.77362861633301,0.0,0.0,1.0481681823730469,6.914938545227046,12.976184940338136
2049-11,2049-11-01,global_mlp,2026-03,66.56457,0.07651804760098457,0.8767507970333099,False,2.2578765153884888,2257876.515388489,reported_conditioned_mlp,SNORRE,,False,0.0,0.0,0.07651804760098457,0.1560825571417808,0.24800627380609513,0.0,0.0,2.2578765153884888,5.2636910438537585,7.594077062606812,0.0,0.0,0.8767507970333099,6.770324039459228,12.763530349731445
2049-12,2049-12-01,global_mlp,2026-03,66.56457,0.04989578574895859,0.6701575815677643,False,0.4238039255142212,423803.9255142212,reported_conditioned_mlp,SNORRE,,False,0.0,0.0,0.04989578574895859,0.14856905788183203,0.24411283433437353,0.0,0.0,0.4238039255142212,4.779475879669189,7.612051582336429,0.0,0.0,0.6701575815677643,6.579233789443969,12.54128408432007
2050-01,2050-01-01,global_mlp,2026-03,66.56457,0.04529045149683952,0.48319990932941437,False,0.17555959522724152,175559.59522724152,reported_conditioned_mlp,SNORRE,,False,0.0,0.0,0.04529045149683952,0.15033923238515842,0.2534451693296432,0.0,0.0,0.17555959522724152,4.3820435047149635,7.177925491333011,0.0,0.0,0.48319990932941437,6.350309848785398,12.330692577362061
2050-02,2050-02-01,global_mlp,2026-03,66.56457,0.0,0.29464206099510193,False,0.0,0.0,reported_conditioned_mlp,SNORRE,,False,0.0,0.0,0.0,0.1339649140834807,0.24081721603870393,0.0,0.0,0.0,4.088800239562988,6.9517729759216325,0.0,0.0,0.29464206099510193,6.201554870605467,12.142909622192386
2050-03,2050-03-01,global_mlp,2026-03,66.56457,0.0,0.14846700429916382,False,0.0,0.0,reported_conditioned_mlp,SNORRE,,False,0.0,0.0,0.0,0.12411183491349219,0.22585490942001343,0.0,0.0,0.0,4.218316459655762,7.030258131027223,0.0,0.0,0.14846700429916382,6.031631565093993,12.062093925476075
2050-04,2050-04-01,global_mlp,2026-03,66.56457,0.0,0.030861184000968933,False,0.0,0.0,reported_conditioned_mlp,SNORRE,,False,0.0,0.0,0.0,0.13270187228918076,0.22832270711660405,0.0,0.0,0.0,5.262668704986572,7.257174777984622,0.0,0.0,0.030861184000968933,5.905546379089349,11.938064098358156
2050-05,2050-05-01,global_mlp,2026-03,66.56457,0.0,0.0,False,0.0,0.0,reported_conditioned_mlp,SNORRE,,False,0.0,0.0,0.0,0.13898198157548894,0.24236744791269305,0.0,0.0,0.0,4.807216501235962,7.100312185287477,0.0,0.0,0.0,5.786642026901238,11.792141723632813
2050-06,2050-06-01,global_mlp,2026-03,66.56457,0.0,0.0,False,0.0,0.0,reported_conditioned_mlp,SNORRE,,False,0.0,0.0,0.0,0.12469020634889595,0.22633831053972253,0.0,0.0,0.0,4.720932292938231,6.7872566223144535,0.0,0.0,0.0,5.668848752975453,11.592510986328127
2050-07,2050-07-01,global_mlp,2026-03,66.56457,0.0,0.0,False,0.0,0.0,reported_conditioned_mlp,SNORRE,,False,0.0,0.0,0.0,0.13411495834589005,0.23431549817323685,0.0,0.0,0.0,4.840774297714227,6.844385957717896,0.0,0.0,0.0,5.528535842895506,11.503383827209474
2050-08,2050-08-01,global_mlp,2026-03,66.56457,0.0,0.0,False,0.0,0.0,reported_conditioned_mlp,SNORRE,,False,0.0,0.0,0.0,0.12761569023132321,0.23044283837080007,0.0,0.0,0.0,4.6999164581298825,7.1020345211029055,0.0,0.0,0.0,5.435038280487056,11.427277660369873
2050-09,2050-09-01,global_mlp,2026-03,66.56457,0.0,0.0,False,0.0,0.0,reported_conditioned_mlp,SNORRE,,False,0.0,0.0,0.0,0.1239885129034519,0.22977631241083146,0.0,0.0,0.0,4.744068861007687,7.7345545291900635,0.0,0.0,0.0,5.292766189575194,11.269334793090822
2050-10,2050-10-01,global_mlp,2026-03,66.56457,0.0,0.0,False,0.0,0.0,reported_conditioned_mlp,SNORRE,,False,0.0,0.0,0.0,0.13801442980766293,0.22784824073314666,0.0,0.0,0.0,5.064233064651489,8.047965431213381,0.0,0.0,0.0,5.127805948257446,11.125877094268802
2050-11,2050-11-01,global_mlp,2026-03,66.56457,0.0,0.0,False,0.0,0.0,reported_conditioned_mlp,SNORRE,,False,0.0,0.0,0.0,0.13448263555765147,0.2386573135852814,0.0,0.0,0.0,4.7326090812683095,7.241195631027223,0.0,0.0,0.0,4.966419839859003,11.00795297622681
2050-12,2050-12-01,global_mlp,2026-03,66.56457,0.0,0.0,False,0.0,0.0,reported_conditioned_mlp,SNORRE,,False,0.0,0.0,0.0,0.13409639298915854,0.2383999779820443,0.0,0.0,0.0,4.64703516960144,7.278014707565308,0.0,0.0,0.0,4.779159641265861,10.853004360198979
2051-01,2051-01-01,global_mlp,2026-03,66.56457,0.0,0.0,False,0.0,0.0,reported_conditioned_mlp,SNORRE,,False,0.0,0.0,0.0,0.13258249014616003,0.24495966732501984,0.0,0.0,0.0,4.341750669479368,6.836543941497803,0.0,0.0,0.0,4.52218322753906,10.743494796752932
2051-02,2051-02-01,global_mlp,2026-03,66.56457,0.0,0.0,False,0.0,0.0,reported_conditioned_mlp,SNORRE,,False,0.0,0.0,0.0,0.11866933554410933,0.2451949387788773,0.0,0.0,0.0,3.820191144943233,6.688116931915284,0.0,0.0,0.0,4.236353111267089,10.62854509353638
2051-03,2051-03-01,global_mlp,2026-03,66.56457,0.0,0.0,False,0.0,0.0,reported_conditioned_mlp,SNORRE,,False,0.0,0.0,0.0,0.10075983479619023,0.21986777037382127,0.0,0.0,0.0,3.9161416769027695,6.464532184600832,0.0,0.0,0.0,4.017105197906493,10.500308322906498
