month,date,variant,cutoff_month,remaining_reserves_start_msm3oe,production_forecast_msm3oe,remaining_reserves_end_msm3oe,production_was_clipped,fuel_gas_forecast_msm3,fuel_gas_forecast_sm3,fuel_forecast_method,fuel_source_field,fuel_zero_from_month,fuel_zero_override_applied,production_forecast_msm3oe_q10,production_forecast_msm3oe_q30,production_forecast_msm3oe_q50,production_forecast_msm3oe_q70,production_forecast_msm3oe_q90,fuel_gas_forecast_msm3_q10,fuel_gas_forecast_msm3_q30,fuel_gas_forecast_msm3_q50,fuel_gas_forecast_msm3_q70,fuel_gas_forecast_msm3_q90,remaining_reserves_end_msm3oe_q10,remaining_reserves_end_msm3oe_q30,remaining_reserves_end_msm3oe_q50,remaining_reserves_end_msm3oe_q70,remaining_reserves_end_msm3oe_q90
2026-04,2026-04-01,global_mlp,2026-03,52.522643,0.2419969066977501,52.28064727783203,False,12.035018920898438,12035018.920898438,reported_conditioned_mlp,HEIDRUN,,False,0.1615327224135399,0.21069864928722382,0.2419969066977501,0.27684239149093626,0.3277508646249771,7.328655672073364,10.353202629089354,12.035018920898438,13.176774215698241,16.205996704101565,52.19489212036133,52.24580116271973,52.28064727783203,52.31194534301758,52.36110992431641
2026-05,2026-05-01,global_mlp,2026-03,52.522643,0.2586488425731659,52.02573204040527,False,11.743829250335693,11743829.250335693,reported_conditioned_mlp,HEIDRUN,,False,0.16108364164829253,0.2247163027524948,0.2586488425731659,0.2941266000270843,0.36560963392257695,6.5256288051605225,10.124447631835938,11.743829250335693,12.990910816192624,15.767827510833742,51.84020843505859,51.96095504760742,52.02573204040527,52.082695388793944,52.17592887878418
2026-06,2026-06-01,global_mlp,2026-03,52.522643,0.2502802461385727,51.766788482666016,False,12.144491195678711,12144491.195678711,reported_conditioned_mlp,HEIDRUN,,False,0.1692247748374939,0.21738234162330627,0.2502802461385727,0.287628424167633,0.3513005942106247,7.127443027496338,10.665025234222412,12.144491195678711,13.37253494262695,15.75034399032593,51.518916320800784,51.67497253417969,51.766788482666016,51.854736328125,51.983389663696286
2026-07,2026-07-01,global_mlp,2026-03,52.522643,0.25259101390838623,51.52326202392578,False,12.242847442626953,12242847.442626953,reported_conditioned_mlp,HEIDRUN,,False,0.16477667540311813,0.22107013165950773,0.25259101390838623,0.28886348009109497,0.3429893165826798,6.9249303340911865,10.632831573486328,12.242847442626953,13.67789363861084,16.16941604614258,51.20068130493164,51.404652786254886,51.52326202392578,51.626708602905275,51.80682373046875
2026-08,2026-08-01,global_mlp,2026-03,52.522643,0.26673170924186707,51.24842071533203,False,11.786521434783936,11786521.434783936,reported_conditioned_mlp,HEIDRUN,,False,0.17753868699073794,0.23433935791254043,0.26673170924186707,0.29926836192607875,0.37160765230655673,6.920263433456421,10.482326984405518,11.786521434783936,12.916016769409179,16.24997215270996,50.846292877197264,51.11020736694336,51.24842071533203,51.3897045135498,51.57752151489258
2026-09,2026-09-01,global_mlp,2026-03,52.522643,0.27176183462142944,50.969444274902344,False,11.876363277435303,11876363.277435303,reported_conditioned_mlp,HEIDRUN,,False,0.1652313232421875,0.23564001619815825,0.27176183462142944,0.30668521523475645,0.3685042381286622,6.461452388763428,10.372075939178467,11.876363277435303,13.514848709106444,16.89016265869141,50.500860595703124,50.81939353942871,50.969444274902344,51.144944763183595,51.40204849243164
2026-10,2026-10-01,global_mlp,2026-03,52.522643,0.27483198046684265,50.7226505279541,False,12.113359928131104,12113359.928131104,reported_conditioned_mlp,HEIDRUN,,False,0.1690808564424515,0.2343219503760338,0.27483198046684265,0.30775647461414335,0.36836320161819464,5.643376207351686,10.232892417907715,12.113359928131104,13.544462585449217,16.284004592895506,50.149151992797854,50.52378540039062,50.7226505279541,50.90029296875,51.19985008239746
2026-11,2026-11-01,global_mlp,2026-03,52.522643,0.28848011791706085,50.42763710021973,False,11.694798946380615,11694798.946380615,reported_conditioned_mlp,HEIDRUN,,False,0.17135358303785325,0.24399212300777434,0.28848011791706085,0.325529459118843,0.3956175744533539,6.013396835327149,9.877611064910889,11.694798946380615,13.464109992980955,16.657831382751464,49.80532531738281,50.20982322692871,50.42763710021973,50.61859130859375,50.9824462890625
2026-12,2026-12-01,global_mlp,2026-03,52.522643,0.2762245535850525,50.15898513793945,False,11.312464714050293,11312464.714050293,reported_conditioned_mlp,HEIDRUN,,False,0.1549819439649582,0.22849583327770234,0.2762245535850525,0.3188618272542953,0.3937939554452896,6.29349479675293,9.683412742614745,11.312464714050293,12.8123046875,14.940335369110109,49.45304985046387,49.90087699890137,50.15898513793945,50.36276359558106,50.81940536499023
2027-01,2027-01-01,global_mlp,2026-03,52.522643,0.2707864046096802,49.85554122924805,False,11.48484468460083,11484844.68460083,reported_conditioned_mlp,HEIDRUN,,False,0.15159545242786407,0.2242386221885681,0.2707864046096802,0.31465247869491575,0.37808974981307986,5.107536506652832,9.601192474365234,11.48484468460083,13.255134105682373,16.371009635925294,49.106332015991214,49.596717071533206,49.85554122924805,50.124641036987306,50.65716209411621
2027-02,2027-02-01,global_mlp,2026-03,52.522643,0.2694062888622284,49.592939376831055,False,10.69366979598999,10693669.79598999,reported_conditioned_mlp,HEIDRUN,,False,0.13806821554899218,0.21782762557268143,0.2694062888622284,0.3104218095541,0.37150290608406067,4.1851289749145515,8.410774421691894,10.69366979598999,12.533648395538329,16.014653682708744,48.75973968505859,49.30658874511719,49.592939376831055,49.87933616638183,50.488182067871094
2027-03,2027-03-01,global_mlp,2026-03,52.522643,0.25124724209308624,49.342594146728516,False,10.753050327301025,10753050.327301025,reported_conditioned_mlp,HEIDRUN,,False,0.09557267650961877,0.21396236270666122,0.25124724209308624,0.28829101622104636,0.3570634484291077,2.8252357959747316,8.118989181518554,10.753050327301025,12.708905029296874,15.619758224487304,48.40708198547363,49.04829864501953,49.342594146728516,49.66695289611816,50.386090469360354
2027-04,2027-04-01,global_mlp,2026-03,52.522643,0.21304022520780563,49.09721755981445,False,9.450236797332764,9450236.797332764,reported_conditioned_mlp,HEIDRUN,,False,0.10928450599312782,0.16961062997579573,0.21304022520780563,0.2512099474668502,0.3381687641143799,4.182699489593506,7.330467939376831,9.450236797332764,11.599113368988032,14.362242984771731,48.1037956237793,48.80266494750977,49.09721755981445,49.47046051025391,50.26057472229004
2027-05,2027-05-01,global_mlp,2026-03,52.522643,0.2280731275677681,48.88558387756348,False,9.305952548980713,9305952.548980713,reported_conditioned_mlp,HEIDRUN,,False,0.1108759418129921,0.17511336058378218,0.2280731275677681,0.2724589824676514,0.358883148431778,3.997729444503785,7.1988931655883786,9.305952548980713,11.37805414199829,14.376450920104983,47.79972953796387,48.56260681152344,48.88558387756348,49.26497116088867,50.10446624755859
2027-06,2027-06-01,global_mlp,2026-03,52.522643,0.22469857335090637,48.66745376586914,False,9.845266342163086,9845266.342163086,reported_conditioned_mlp,HEIDRUN,,False,0.11874761879444122,0.17477092444896697,0.22469857335090637,0.27229492664337157,0.33949508368968967,4.540931129455567,7.574003505706787,9.845266342163086,12.014669513702392,14.55545701980591,47.49461326599121,48.3022102355957,48.66745376586914,49.07077178955078,49.99330062866211
2027-07,2027-07-01,global_mlp,2026-03,52.522643,0.21446698158979416,48.472957611083984,False,10.010192394256592,10010192.394256592,reported_conditioned_mlp,HEIDRUN,,False,0.11486118137836457,0.1719911217689514,0.21446698158979416,0.2635679394006729,0.3337217688560487,4.307457304000855,7.499709129333496,10.010192394256592,11.913839054107665,15.259411144256593,47.16824035644531,48.0367374420166,48.472957611083984,48.90201072692871,49.85115509033203
2027-08,2027-08-01,global_mlp,2026-03,52.522643,0.2373744323849678,48.25398826599121,False,9.414333820343018,9414333.820343018,reported_conditioned_mlp,HEIDRUN,,False,0.12400854304432869,0.18789092451334,0.2373744323849678,0.2868050456047058,0.3632191956043244,3.2941559553146362,6.876191282272338,9.414333820343018,11.251409339904784,14.660713005065919,46.83809051513672,47.767106246948245,48.25398826599121,48.67673301696777,49.708357620239255
2027-09,2027-09-01,global_mlp,2026-03,52.522643,0.23317106068134308,48.01272964477539,False,9.523964405059814,9523964.405059814,reported_conditioned_mlp,HEIDRUN,,False,0.12465179264545442,0.19108691960573196,0.23317106068134308,0.2992192804813385,0.38050622940063483,3.468737983703613,7.339512252807617,9.523964405059814,11.68314619064331,15.229091167449953,46.45889892578125,47.45812721252442,48.01272964477539,48.466372680664065,49.58853378295898
2027-10,2027-10-01,global_mlp,2026-03,52.522643,0.22586487233638763,47.75778007507324,False,9.407073020935059,9407073.020935059,reported_conditioned_mlp,HEIDRUN,,False,0.10509482622146608,0.1838145986199379,0.22586487233638763,0.2813730210065842,0.38509622514247893,3.7878196001052857,7.137984132766723,9.407073020935059,11.885717868804926,14.719530296325685,46.07448196411133,47.21847686767578,47.75778007507324,48.28522415161133,49.47878837585449
2027-11,2027-11-01,global_mlp,2026-03,52.522643,0.24130722880363464,47.47654914855957,False,9.851466655731201,9851466.655731201,reported_conditioned_mlp,HEIDRUN,,False,0.11015439406037332,0.1941225841641426,0.24130722880363464,0.30265235304832455,0.3899116516113282,3.4899162530899055,7.4135680198669425,9.851466655731201,11.954973888397214,14.515854263305668,45.69743385314941,46.95716514587402,47.47654914855957,48.05982551574707,49.35763244628906
2027-12,2027-12-01,global_mlp,2026-03,52.522643,0.23886463046073914,47.25577926635742,False,9.214338302612305,9214338.302612305,reported_conditioned_mlp,HEIDRUN,,False,0.11402181610465054,0.19015138000249862,0.23886463046073914,0.2840927541255951,0.37892509102821353,3.5219820737838745,7.065688753128051,9.214338302612305,11.562896633148194,14.768016147613526,45.33391914367676,46.67506408691406,47.25577926635742,47.842430877685544,49.173855209350585
2028-01,2028-01-01,global_mlp,2026-03,52.522643,0.23146525025367737,47.03656005859375,False,9.04090929031372,9040909.29031372,reported_conditioned_mlp,HEIDRUN,,False,0.10314723700284958,0.17972182780504226,0.23146525025367737,0.28749977648258207,0.39546595513820654,3.378707313537598,6.779633283615112,9.04090929031372,11.27521524429321,15.125236129760747,45.0238540649414,46.38232765197754,47.03656005859375,47.66135444641113,48.9606990814209
2028-02,2028-02-01,global_mlp,2026-03,52.522643,0.22748848795890808,46.79718780517578,False,9.308460235595703,9308460.235595703,reported_conditioned_mlp,HEIDRUN,,False,0.09148946180939675,0.17933002561330794,0.22748848795890808,0.27960470914840696,0.3787148267030717,3.4147794008255006,7.1568682193756095,9.308460235595703,11.626034641265868,14.806649303436282,44.72371215820313,46.0927001953125,46.79718780517578,47.492205429077146,48.79322280883789
2028-03,2028-03-01,global_mlp,2026-03,52.522643,0.2165156975388527,46.581661224365234,False,8.804747581481934,8804747.581481934,reported_conditioned_mlp,HEIDRUN,,False,0.06868564561009408,0.17067951560020445,0.2165156975388527,0.2623045414686203,0.3495719909667969,2.9246356010437013,6.674920988082886,8.804747581481934,11.331426048278809,14.858292484283448,44.38987083435059,45.805441284179686,46.581661224365234,47.313995361328125,48.76200370788574
2028-04,2028-04-01,global_mlp,2026-03,52.522643,0.18972179293632507,46.38175964355469,False,8.524962425231934,8524962.425231934,reported_conditioned_mlp,HEIDRUN,,False,0.0926734894514084,0.15128649324178695,0.18972179293632507,0.23977583199739452,0.3174451887607575,3.9183033943176273,6.427925395965576,8.524962425231934,10.73214464187622,14.076500701904298,44.14206390380859,45.57899971008301,46.38175964355469,47.16592903137207,48.60123710632324
2028-05,2028-05-01,global_mlp,2026-03,52.522643,0.19953603297472,46.20737838745117,False,8.287722110748291,8287722.110748291,reported_conditioned_mlp,HEIDRUN,,False,0.10703448504209519,0.16544050872325897,0.19953603297472,0.25354252159595486,0.32893540859222414,3.556677222251893,5.909821033477782,8.287722110748291,10.633791828155514,14.476354598999023,43.84247665405273,45.336417007446286,46.20737838745117,47.021419525146484,48.436008834838866
2028-06,2028-06-01,global_mlp,2026-03,52.522643,0.20184649527072906,45.999929428100586,False,8.65319013595581,8653190.13595581,reported_conditioned_mlp,HEIDRUN,,False,0.10004521310329438,0.16229531317949294,0.20184649527072906,0.2570103824138641,0.33867390751838683,3.078616237640381,6.061215257644653,8.65319013595581,10.72707939147949,14.076143932342529,43.528198623657225,45.089934539794925,45.999929428100586,46.860102844238284,48.3308162689209
2028-07,2028-07-01,global_mlp,2026-03,52.522643,0.19261520355939865,45.77946090698242,False,8.209376811981201,8209376.811981201,reported_conditioned_mlp,HEIDRUN,,False,0.08789277449250221,0.1507000610232353,0.19261520355939865,0.2428276196122169,0.3371933370828629,2.9876492500305187,5.831525659561157,8.209376811981201,10.864085578918456,14.17677059173584,43.17826194763184,44.85249137878418,45.77946090698242,46.668051147460936,48.23164291381836
2028-08,2028-08-01,global_mlp,2026-03,52.522643,0.20783842355012894,45.545894622802734,False,7.702104568481445,7702104.568481445,reported_conditioned_mlp,HEIDRUN,,False,0.10511246621608734,0.16807343661785126,0.20783842355012894,0.25529736280441284,0.3472694605588913,2.3007612466812137,4.930979776382445,7.702104568481445,10.495637035369873,13.64756727218628,42.88605308532715,44.592294692993164,45.545894622802734,46.4873851776123,48.0825382232666
2028-09,2028-09-01,global_mlp,2026-03,52.522643,0.21004872024059296,45.36796188354492,False,8.478172302246094,8478172.302246094,reported_conditioned_mlp,HEIDRUN,,False,0.10067175179719927,0.15792684704065324,0.21004872024059296,0.26159686148166655,0.3432979464530945,2.0801935672760012,5.217581033706665,8.478172302246094,10.737492465972899,13.93337631225586,42.590510559082034,44.30928192138672,45.36796188354492,46.302524185180665,47.909986114501955
2028-10,2028-10-01,global_mlp,2026-03,52.522643,0.21181762218475342,45.1538028717041,False,8.356577396392822,8356577.396392822,reported_conditioned_mlp,HEIDRUN,,False,0.09739591032266617,0.16748131066560745,0.21181762218475342,0.2613644868135452,0.35654189884662635,2.326336741447449,5.400896739959716,8.356577396392822,11.128511524200439,14.155470466613771,42.204215621948244,44.0606071472168,45.1538028717041,46.12844772338867,47.73038024902344
2028-11,2028-11-01,global_mlp,2026-03,52.522643,0.22252247482538223,44.94376564025879,False,8.581376075744629,8581376.075744629,reported_conditioned_mlp,HEIDRUN,,False,0.11168541610240937,0.17120252549648285,0.22252247482538223,0.2780857771635055,0.3788809418678284,1.86228039264679,5.680388832092285,8.581376075744629,11.23774356842041,14.630773639678962,41.8379207611084,43.793422317504884,44.94376564025879,45.96541976928711,47.56912727355957
2028-12,2028-12-01,global_mlp,2026-03,52.522643,0.2172466740012169,44.74152374267578,False,8.13626766204834,8136267.66204834,reported_conditioned_mlp,HEIDRUN,,False,0.09775756895542145,0.1702477142214775,0.2172466740012169,0.2688951075077056,0.36035524308681494,1.9755066037178044,5.359695720672606,8.13626766204834,10.73490056991577,14.153420925140383,41.4771728515625,43.50312271118164,44.74152374267578,45.818871307373044,47.364202880859374
2029-01,2029-01-01,global_mlp,2026-03,52.522643,0.20783128589391708,44.5426139831543,False,7.418235778808594,7418235.778808594,reported_conditioned_mlp,HEIDRUN,,False,0.09120786488056183,0.1592469677329063,0.20783128589391708,0.2690790206193924,0.3641695320606232,1.605785775184632,5.17194571495056,7.418235778808594,10.12969512939453,14.139679908752443,41.09815711975098,43.31156234741211,44.5426139831543,45.609628677368164,47.2081974029541
2029-02,2029-02-01,global_mlp,2026-03,52.522643,0.20381653308868408,44.35360527038574,False,8.049662590026855,8049662.5900268555,reported_conditioned_mlp,HEIDRUN,,False,0.09605701118707657,0.1588957741856575,0.20381653308868408,0.2597172945737838,0.34581344127655034,1.6925101518630983,5.375908279418945,8.049662590026855,10.695180034637449,14.7433861732483,40.8502700805664,43.102511978149415,44.35360527038574,45.42945327758789,47.02000885009765
2029-03,2029-03-01,global_mlp,2026-03,52.522643,0.18953001499176025,44.16107177734375,False,7.464246511459351,7464246.511459351,reported_conditioned_mlp,HEIDRUN,,False,0.057094161957502367,0.1472572460770607,0.18953001499176025,0.24248803108930583,0.33275177478790285,1.0778428077697755,4.817633199691771,7.464246511459351,10.14417867660522,13.505056667327882,40.48050231933594,42.88795280456543,44.16107177734375,45.236070251464845,46.834159469604494
2029-04,2029-04-01,global_mlp,2026-03,52.522643,0.17048972845077515,44.01025199890137,False,6.8147876262664795,6814787.6262664795,reported_conditioned_mlp,HEIDRUN,,False,0.08412841632962227,0.13125322461128236,0.17048972845077515,0.21139601022005075,0.30245420932769773,2.8644708633422855,4.751759052276611,6.8147876262664795,9.304888725280762,12.542108631134035,40.21832275390625,42.673580169677734,44.01025199890137,45.04991989135742,46.68269920349121
2029-05,2029-05-01,global_mlp,2026-03,52.522643,0.19388121366500854,43.798370361328125,False,6.372151851654053,6372151.851654053,reported_conditioned_mlp,HEIDRUN,,False,0.09959872663021088,0.14990537613630295,0.19388121366500854,0.23832472115755082,0.32378858327865623,2.328905630111694,4.552683925628662,6.372151851654053,9.200938129425047,12.590662193298343,39.98258094787598,42.41743774414063,43.798370361328125,44.913758468627925,46.564517211914065
2029-06,2029-06-01,global_mlp,2026-03,52.522643,0.18255846202373505,43.573089599609375,False,6.466310739517212,6466310.739517212,reported_conditioned_mlp,HEIDRUN,,False,0.08812370821833611,0.13625054955482482,0.18255846202373505,0.23344480544328688,0.3173906892538071,2.1325301170349125,4.264635801315308,6.466310739517212,9.176174545288085,13.290394306182863,39.73609237670898,42.25147743225098,43.573089599609375,44.745344924926755,46.46585388183594
2029-07,2029-07-01,global_mlp,2026-03,52.522643,0.1759210154414177,43.40470886230469,False,6.648017883300781,6648017.883300781,reported_conditioned_mlp,HEIDRUN,,False,0.08369696140289307,0.13509968519210816,0.1759210154414177,0.21640309542417524,0.30813485980033883,2.331650233268738,4.392640256881714,6.648017883300781,9.48773965835571,13.457108020782474,39.47910079956055,42.05274772644043,43.40470886230469,44.62255325317383,46.43024673461914
2029-08,2029-08-01,global_mlp,2026-03,52.522643,0.1882520616054535,43.22651290893555,False,5.944300174713135,5944300.174713135,reported_conditioned_mlp,HEIDRUN,,False,0.09167823716998101,0.15153414011001587,0.1882520616054535,0.22985629737377164,0.3058955758810044,1.6447449564933783,3.6728069543838497,5.944300174713135,9.313389873504631,12.77505388259888,39.27669486999512,41.84904518127441,43.22651290893555,44.47668037414551,46.330253219604494
2029-09,2029-09-01,global_mlp,2026-03,52.522643,0.19150979071855545,43.010419845581055,False,6.254778623580933,6254778.623580933,reported_conditioned_mlp,HEIDRUN,,False,0.09584120288491249,0.14889017641544341,0.19150979071855545,0.22650941759347915,0.313187649846077,1.7064790964126588,3.855554986000061,6.254778623580933,9.762458324432373,13.348787307739258,38.98500480651855,41.63523292541504,43.010419845581055,44.32199668884277,46.161471176147465
2029-10,2029-10-01,global_mlp,2026-03,52.522643,0.1893027126789093,42.8358154296875,False,6.754653453826904,6754653.453826904,reported_conditioned_mlp,HEIDRUN,,False,0.08869446367025376,0.1464961066842079,0.1893027126789093,0.23459173291921614,0.33427361249923715,2.037305319309235,4.135567998886108,6.754653453826904,9.044025993347166,13.587747764587405,38.734391403198245,41.404991149902344,42.8358154296875,44.21640548706055,46.00135040283203
2029-11,2029-11-01,global_mlp,2026-03,52.522643,0.2008470669388771,42.642757415771484,False,6.730950355529785,6730950.355529785,reported_conditioned_mlp,HEIDRUN,,False,0.09828816577792168,0.16039400994777675,0.2008470669388771,0.2407412439584732,0.3333832949399948,1.6957213640213016,4.297159671783447,6.730950355529785,9.872808647155761,14.354836177825929,38.353162384033205,41.18583717346191,42.642757415771484,44.016227340698244,45.83959312438965
2029-12,2029-12-01,global_mlp,2026-03,52.522643,0.19804339110851288,42.43661689758301,False,6.4702441692352295,6470244.1692352295,reported_conditioned_mlp,HEIDRUN,,False,0.08947611674666409,0.1563988596200943,0.19804339110851288,0.24463513344526286,0.3265162527561188,1.210822105407715,3.770630884170532,6.4702441692352295,9.135945415496826,13.055893325805664,38.06546058654785,40.98759765625,42.43661689758301,43.82677803039551,45.62034454345703
2030-01,2030-01-01,global_mlp,2026-03,52.522643,0.18401969969272614,42.241275787353516,False,5.825557231903076,5825557.231903076,reported_conditioned_mlp,HEIDRUN,,False,0.07604849785566331,0.14233307540416718,0.18401969969272614,0.2368692621588707,0.32426078617572784,1.3931249141693116,3.7652671098709103,5.825557231903076,8.651144790649415,12.732008171081544,37.69715461730957,40.808054733276364,42.241275787353516,43.68833961486816,45.52834892272949
2030-02,2030-02-01,global_mlp,2026-03,52.522643,0.18738940358161926,42.020647048950195,False,6.532961130142212,6532961.130142212,reported_conditioned_mlp,HEIDRUN,,False,0.06469304487109184,0.13977574557065964,0.18738940358161926,0.24252225458621976,0.3092580676078797,1.2482960462570198,4.060582447052002,6.532961130142212,9.303290653228759,13.813612556457525,37.51156501770019,40.606533432006835,42.020647048950195,43.5086067199707,45.41078414916993
2030-03,2030-03-01,global_mlp,2026-03,52.522643,0.17888832092285156,41.888858795166016,False,5.888864040374756,5888864.040374756,reported_conditioned_mlp,HEIDRUN,,False,0.04240531697869303,0.13019173294305803,0.17888832092285156,0.22826208174228668,0.2980008333921432,1.2693479299545292,4.049420309066773,5.888864040374756,8.842881870269775,13.474173545837402,37.23466262817383,40.40434112548828,41.888858795166016,43.355255889892575,45.30367088317872
2030-04,2030-04-01,global_mlp,2026-03,52.522643,0.158821240067482,41.70163154602051,False,5.626065015792847,5626065.015792847,reported_conditioned_mlp,HEIDRUN,,False,0.06987612918019295,0.12228096649050713,0.158821240067482,0.19867465347051616,0.28957272171974185,2.359100675582886,4.008423757553101,5.626065015792847,8.700744438171386,13.070595073699952,37.058692932128906,40.25725479125977,41.70163154602051,43.22044868469238,45.16694297790528
2030-05,2030-05-01,global_mlp,2026-03,52.522643,0.17809467017650604,41.48385429382324,False,5.324637413024902,5324637.413024902,reported_conditioned_mlp,HEIDRUN,,False,0.08766595646739007,0.1370197594165802,0.17809467017650604,0.22294000983238219,0.3047644138336182,2.1835588693618777,3.577063298225403,5.324637413024902,8.197537040710449,13.189596557617188,36.897033309936525,40.06734352111816,41.48385429382324,43.044692230224605,45.084083557128906
2030-06,2030-06-01,global_mlp,2026-03,52.522643,0.16866227984428406,41.27384376525879,False,5.477014064788818,5477014.064788818,reported_conditioned_mlp,HEIDRUN,,False,0.09146472588181496,0.13494379222393035,0.16866227984428406,0.22120487093925476,0.3014170557260514,2.1969007253646855,3.7890846252441404,5.477014064788818,8.197128295898436,12.684854602813722,36.697814559936525,39.86682205200195,41.27384376525879,42.90298233032227,44.99015922546387
2030-07,2030-07-01,global_mlp,2026-03,52.522643,0.1569780632853508,41.1306209564209,False,5.570178747177124,5570178.747177124,reported_conditioned_mlp,HEIDRUN,,False,0.07212496176362039,0.12299067974090576,0.1569780632853508,0.20192105621099468,0.28823361992836,2.2476419448852543,3.8770771503448485,5.570178747177124,8.223321819305419,13.011348056793214,36.52396659851074,39.678353500366214,41.1306209564209,42.79930877685547,44.887284469604495
2030-08,2030-08-01,global_mlp,2026-03,52.522643,0.17860481888055801,40.966421127319336,False,4.729855298995972,4729855.298995972,reported_conditioned_mlp,HEIDRUN,,False,0.08966215029358865,0.14162370264530183,0.17860481888055801,0.22114463597536083,0.29330843687057495,1.5572377085685731,2.9491190195083616,4.729855298995972,7.600103092193603,12.264112567901611,36.33757362365723,39.47649230957031,40.966421127319336,42.62921485900879,44.73699073791504
2030-09,2030-09-01,global_mlp,2026-03,52.522643,0.17151568084955215,40.79863166809082,False,5.196473836898804,5196473.836898804,reported_conditioned_mlp,HEIDRUN,,False,0.08237326219677926,0.128995580971241,0.17151568084955215,0.2143792405724525,0.3061453551054001,1.7933536410331727,3.626019835472107,5.196473836898804,7.976296949386596,12.913827037811279,36.10318222045898,39.30059280395508,40.79863166809082,42.45732192993164,44.54556007385254
2030-10,2030-10-01,global_mlp,2026-03,52.522643,0.1810925230383873,40.61807060241699,False,5.6124231815338135,5612423.1815338135,reported_conditioned_mlp,HEIDRUN,,False,0.08765477985143662,0.14303224831819533,0.1810925230383873,0.22369309812784188,0.30533361434936523,2.0093898773193364,3.7310889959335327,5.6124231815338135,8.23734769821167,12.971600914001465,35.68544082641601,39.052787399291994,40.61807060241699,42.3330379486084,44.330390548706056
2030-11,2030-11-01,global_mlp,2026-03,52.522643,0.1904437467455864,40.438846588134766,False,5.666123151779175,5666123.151779175,reported_conditioned_mlp,HEIDRUN,,False,0.08302900344133378,0.15497152507305142,0.1904437467455864,0.23496898114681236,0.32089520096778884,1.7653791904449463,3.5893474817276,5.666123151779175,8.598357295989986,13.242891025543216,35.37944717407227,38.776065063476565,40.438846588134766,42.12239990234375,44.037487792968754
2030-12,2030-12-01,global_mlp,2026-03,52.522643,0.18322645872831345,40.22334671020508,False,5.546710014343262,5546710.014343262,reported_conditioned_mlp,HEIDRUN,,False,0.07970142513513566,0.1466914266347885,0.18322645872831345,0.23651545047760003,0.3319495767354966,1.360614287853241,3.5109638452529905,5.546710014343262,8.142745208740232,13.109264564514161,35.16096496582031,38.54787826538086,40.22334671020508,41.96498985290527,43.95185432434082
2031-01,2031-01-01,global_mlp,2026-03,52.522643,0.1735665574669838,39.99593162536621,False,5.218327760696411,5218327.760696411,reported_conditioned_mlp,HEIDRUN,,False,0.06416148617863655,0.13440924137830734,0.1735665574669838,0.22093278467655178,0.31902280747890477,1.384658002853394,3.3566052675247193,5.218327760696411,7.701129341125489,12.908450126647951,34.935359191894534,38.37998809814453,39.99593162536621,41.78096313476562,43.90450592041016
2031-02,2031-02-01,global_mlp,2026-03,52.522643,0.17504042387008667,39.80316162109375,False,5.540608882904053,5540608.882904053,reported_conditioned_mlp,HEIDRUN,,False,0.06103094965219498,0.131629940867424,0.17504042387008667,0.2208609640598297,0.3293487846851349,1.2787661671638488,3.5265604019165036,5.540608882904053,8.233755683898922,13.401055908203126,34.735775756835935,38.1486099243164,39.80316162109375,41.644216537475586,43.711054229736334
2031-03,2031-03-01,global_mlp,2026-03,52.522643,0.1672181338071823,39.61824607849121,False,5.257559776306152,5257559.776306152,reported_conditioned_mlp,HEIDRUN,,False,0.04113695248961449,0.12364561408758164,0.1672181338071823,0.21634580940008163,0.29225115180015565,0.9333949685096747,3.5801895618438713,5.257559776306152,8.06823101043701,12.222205638885505,34.53759269714355,37.95456085205078,39.61824607849121,41.53947486877441,43.58632125854493
2031-04,2031-04-01,global_mlp,2026-03,52.522643,0.1598813384771347,39.50642967224121,False,4.933079719543457,4933079.719543457,reported_conditioned_mlp,HEIDRUN,,False,0.07895818948745728,0.11977008134126663,0.1598813384771347,0.19957625418901437,0.2837070524692536,2.3401954412460326,3.7968899250030517,4.933079719543457,7.01603178977966,12.053583717346198,34.284678268432614,37.77311973571777,39.50642967224121,41.365010833740236,43.46439170837402
2031-05,2031-05-01,global_mlp,2026-03,52.522643,0.17065493762493134,39.27877616882324,False,4.445267915725708,4445267.915725708,reported_conditioned_mlp,HEIDRUN,,False,0.0934290610253811,0.1401476591825485,0.17065493762493134,0.21120486408472056,0.29646275341510775,2.0855536222457887,3.358275055885315,4.445267915725708,6.560573434829712,11.7476149559021,34.030835723876955,37.63706893920899,39.27877616882324,41.151733016967775,43.35932502746582
2031-06,2031-06-01,global_mlp,2026-03,52.522643,0.15954630821943283,39.06552696228027,False,4.437222242355347,4437222.242355347,reported_conditioned_mlp,HEIDRUN,,False,0.07709140554070473,0.12590020447969436,0.15954630821943283,0.20902246236801145,0.2916008621454239,2.0997790813446047,3.278602004051208,4.437222242355347,6.886409330368039,12.04293899536133,33.83328018188477,37.460139465332034,39.06552696228027,41.01227569580078,43.1972412109375
2031-07,2031-07-01,global_mlp,2026-03,52.522643,0.1612902283668518,38.94636535644531,False,4.696818113327026,4696818.113327026,reported_conditioned_mlp,HEIDRUN,,False,0.07223236933350563,0.114756378531456,0.1612902283668518,0.20818049609661102,0.28517581522464763,1.9489336252212526,3.62151620388031,4.696818113327026,6.918041563034055,11.751561546325684,33.637101364135745,37.33863410949707,38.94636535644531,40.88470611572266,43.084656143188475
2031-08,2031-08-01,global_mlp,2026-03,52.522643,0.1732904016971588,38.822818756103516,False,3.96117103099823,3961171.03099823,reported_conditioned_mlp,HEIDRUN,,False,0.0804865837097168,0.13599051386117936,0.1732904016971588,0.21444296389818185,0.2991657286882401,1.3499192237854005,2.761639595031738,3.96117103099823,6.345206212997435,11.638427066802983,33.37853927612305,37.132918167114255,38.822818756103516,40.72362937927246,42.99215660095215
2031-09,2031-09-01,global_mlp,2026-03,52.522643,0.16857662796974182,38.64440727233887,False,4.384012222290039,4384012.222290039,reported_conditioned_mlp,HEIDRUN,,False,0.07203926742076874,0.12353177368640898,0.16857662796974182,0.2174136012792587,0.29993541240692145,1.6749349832534792,3.0657315492630004,4.384012222290039,6.7965681552886945,12.046569538116458,33.22483139038086,36.96626281738281,38.64440727233887,40.584997940063474,42.89102325439453
2031-10,2031-10-01,global_mlp,2026-03,52.522643,0.17173529416322708,38.50887489318848,False,4.736490726470947,4736490.726470947,reported_conditioned_mlp,HEIDRUN,,False,0.07141418233513833,0.12889852821826933,0.17173529416322708,0.22272030115127558,0.2987124025821686,1.6847046852111827,3.5522504091262816,4.736490726470947,6.778922367095946,11.999952983856204,32.96263809204102,36.81368980407715,38.50887489318848,40.33764801025391,42.79063110351562
2031-11,2031-11-01,global_mlp,2026-03,52.522643,0.17829731106758118,38.32892608642578,False,4.758698225021362,4758698.225021362,reported_conditioned_mlp,HEIDRUN,,False,0.07157452926039697,0.14180711060762405,0.17829731106758118,0.21992164254188534,0.302938324213028,1.3265216588974,3.3126589775085447,4.758698225021362,7.205530023574829,12.347127437591556,32.74075813293457,36.546294403076175,38.32892608642578,40.185342407226564,42.62342338562012
2031-12,2031-12-01,global_mlp,2026-03,52.522643,0.1784358099102974,38.14321327209473,False,4.457734823226929,4457734.823226929,reported_conditioned_mlp,HEIDRUN,,False,0.08117698431015015,0.14121913164854047,0.1784358099102974,0.22552337795495983,0.30715470612049106,0.8878206133842474,3.050517439842224,4.457734823226929,7.00971164703369,11.605023002624515,32.41629333496094,36.35875205993652,38.14321327209473,40.05846061706543,42.51613655090332
2032-01,2032-01-01,global_mlp,2026-03,52.522643,0.17570465803146362,37.96881866455078,False,4.323296308517456,4323296.308517456,reported_conditioned_mlp,HEIDRUN,,False,0.06818363219499589,0.12882628291845322,0.17570465803146362,0.2161792859435081,0.2945482969284058,1.0377422213554381,2.93336124420166,4.323296308517456,6.549754762649534,11.737426280975342,32.055815887451175,36.19370002746582,37.96881866455078,39.90111618041992,42.36975746154785
2032-02,2032-02-01,global_mlp,2026-03,52.522643,0.17068935185670853,37.83912467956543,False,4.631162166595459,4631162.166595459,reported_conditioned_mlp,HEIDRUN,,False,0.06982579827308655,0.13114543557167052,0.17068935185670853,0.2134914174675941,0.2939767748117447,0.9885149061679843,2.980509805679321,4.631162166595459,7.079642105102538,12.55703067779541,31.823549270629883,35.96338157653808,37.83912467956543,39.75580368041992,42.28798408508301
2032-03,2032-03-01,global_mlp,2026-03,52.522643,0.16188285499811172,37.63125801086426,False,4.703958511352539,4703958.511352539,reported_conditioned_mlp,HEIDRUN,,False,0.049619567766785624,0.12727504521608352,0.16188285499811172,0.21257047057151793,0.28901921510696427,0.4717988967895509,3.180328941345214,4.703958511352539,6.889010906219477,12.53674488067627,31.550866889953614,35.734978103637694,37.63125801086426,39.57263107299804,42.15113792419434
2032-04,2032-04-01,global_mlp,2026-03,52.522643,0.14745048433542252,37.45889472961426,False,4.712590456008911,4712590.456008911,reported_conditioned_mlp,HEIDRUN,,False,0.07256343513727188,0.11370512321591376,0.14745048433542252,0.19205708801746366,0.25819113552570344,1.8954457998275758,3.489781355857849,4.712590456008911,6.663778209686278,12.209786033630373,31.40219650268555,35.56748237609863,37.45889472961426,39.46788139343262,42.0159912109375
2032-05,2032-05-01,global_mlp,2026-03,52.522643,0.17198777198791504,37.293291091918945,False,4.194539308547974,4194539.308547974,reported_conditioned_mlp,HEIDRUN,,False,0.08056665360927581,0.13315223455429076,0.17198777198791504,0.20673771202564237,0.283230260014534,1.5153648376464846,2.99750325679779,4.194539308547974,5.985778522491454,10.81902723312378,31.265921020507815,35.42964172363281,37.293291091918945,39.28566207885742,41.844839096069336
2032-06,2032-06-01,global_mlp,2026-03,52.522643,0.164829783141613,37.10785675048828,False,4.180865049362183,4180865.0493621826,reported_conditioned_mlp,HEIDRUN,,False,0.07481917142868043,0.12579423934221268,0.164829783141613,0.1997690454125404,0.2751695334911347,1.7034191370010379,3.0336004972457875,4.180865049362183,5.953790426254269,11.64541482925415,31.01242446899414,35.20794258117676,37.10785675048828,39.05780448913574,41.72750663757324
2032-07,2032-07-01,global_mlp,2026-03,52.522643,0.15619530528783798,36.94074630737305,False,4.365431308746338,4365431.308746338,reported_conditioned_mlp,HEIDRUN,,False,0.07704169228672982,0.11988778188824653,0.15619530528783798,0.1890441060066223,0.2834333002567293,1.8552051663398743,3.2970579624176026,4.365431308746338,6.320376157760619,11.518121433258058,30.860682106018068,35.004389953613284,36.94074630737305,38.91715354919433,41.6067440032959
2032-08,2032-08-01,global_mlp,2026-03,52.522643,0.1685728281736374,36.79528045654297,False,3.5316927433013916,3531692.7433013916,reported_conditioned_mlp,HEIDRUN,,False,0.08857919946312905,0.13502640426158904,0.1685728281736374,0.20861819833517067,0.2961621642112732,1.168154633045197,2.4229784965515133,3.5316927433013916,5.4704095840454094,11.456160545349123,30.558384132385253,34.84216957092285,36.79528045654297,38.72767601013183,41.480356979370114
2032-09,2032-09-01,global_mlp,2026-03,52.522643,0.166342630982399,36.61235237121582,False,3.899839401245117,3899839.401245117,reported_conditioned_mlp,HEIDRUN,,False,0.08245192393660546,0.1307421073317528,0.166342630982399,0.21665440499782562,0.2913300573825836,1.0904510736465456,2.731695652008056,3.899839401245117,5.68083004951477,11.868951892852785,30.428914642333986,34.68828163146973,36.61235237121582,38.5496337890625,41.359469985961915
2032-10,2032-10-01,global_mlp,2026-03,52.522643,0.17459747940301895,36.479618072509766,False,4.268794775009155,4268794.775009155,reported_conditioned_mlp,HEIDRUN,,False,0.07917421981692314,0.131012986600399,0.17459747940301895,0.20900129377841947,0.2653544157743455,1.193554222583771,3.1409605264663694,4.268794775009155,6.149166679382324,11.062525653839117,30.10479869842529,34.49066429138183,36.479618072509766,38.402152633666994,41.161342239379884
2032-11,2032-11-01,global_mlp,2026-03,52.522643,0.18017616868019104,36.33319282531738,False,4.368902683258057,4368902.683258057,reported_conditioned_mlp,HEIDRUN,,False,0.08166074156761169,0.1406114473938942,0.18017616868019104,0.21683640033006665,0.3136126220226288,1.0048477172851564,2.8176936149597167,4.368902683258057,6.564009857177734,11.261928367614747,29.917216682434084,34.26619644165039,36.33319282531738,38.23550186157227,41.02107543945313
2032-12,2032-12-01,global_mlp,2026-03,52.522643,0.18568140268325806,36.159969329833984,False,3.8051416873931885,3805141.6873931885,reported_conditioned_mlp,HEIDRUN,,False,0.08490910381078721,0.1423382356762886,0.18568140268325806,0.22525317221879956,0.3138525724411011,0.3448938429355622,2.2636316776275636,3.8051416873931885,6.093633985519408,11.163822937011721,29.751187896728517,34.09200096130371,36.159969329833984,38.08694686889648,40.87834014892578
2033-01,2033-01-01,global_mlp,2026-03,52.522643,0.1724034771323204,35.94639778137207,False,3.8208991289138794,3820899.1289138794,reported_conditioned_mlp,HEIDRUN,,False,0.06415620669722559,0.13060402274131774,0.1724034771323204,0.20890526026487347,0.3132947236299517,0.2348469719290737,2.4970284938812255,3.8208991289138794,5.625127363204953,10.936039638519288,29.52342872619629,33.92892265319824,35.94639778137207,37.94902725219726,40.75340347290039
2033-02,2033-02-01,global_mlp,2026-03,52.522643,0.17223837971687317,35.75243377685547,False,3.8363970518112183,3836397.0518112183,reported_conditioned_mlp,HEIDRUN,,False,0.07128662243485454,0.12981182634830474,0.17223837971687317,0.21353287398815152,0.2905290275812149,0.20633049458265307,2.354725384712219,3.8363970518112183,6.364969778060912,11.492609977722168,29.30147361755371,33.73737335205078,35.75243377685547,37.77879486083984,40.584238052368164
2033-03,2033-03-01,global_mlp,2026-03,52.522643,0.15923891961574554,35.58975791931152,False,4.141242265701294,4141242.265701294,reported_conditioned_mlp,HEIDRUN,,False,0.05169074684381487,0.12020868360996245,0.15923891961574554,0.20377031862735745,0.2727976024150849,0.23856231868267092,2.4936298608779897,4.141242265701294,6.1082895278930645,11.147180652618408,29.160622787475585,33.501944351196286,35.58975791931152,37.623344039916994,40.44817543029785
2033-04,2033-04-01,global_mlp,2026-03,52.522643,0.14839070290327072,35.468034744262695,False,4.479454040527344,4479454.040527344,reported_conditioned_mlp,HEIDRUN,,False,0.06432741656899452,0.11567122861742973,0.14839070290327072,0.18179635256528853,0.2700851470232011,2.2493444204330446,3.499688649177551,4.479454040527344,6.169719743728636,10.975631618499756,28.98733425140381,33.310597610473636,35.468034744262695,37.531843185424805,40.26884231567383
2033-05,2033-05-01,global_mlp,2026-03,52.522643,0.16975130885839462,35.260480880737305,False,3.8739417791366577,3873941.7791366577,reported_conditioned_mlp,HEIDRUN,,False,0.08176336884498596,0.13580753803253173,0.16975130885839462,0.20978345423936828,0.2956150144338608,1.777364981174469,3.0762391090393066,3.8739417791366577,5.206319046020507,9.832783412933352,28.685016250610353,33.152584075927734,35.260480880737305,37.3878059387207,40.04389343261719
2033-06,2033-06-01,global_mlp,2026-03,52.522643,0.15680661797523499,35.078250885009766,False,3.980137825012207,3980137.825012207,reported_conditioned_mlp,HEIDRUN,,False,0.08119479566812515,0.12471482679247856,0.15680661797523499,0.19374969154596325,0.28805815875530244,1.92912575006485,3.1521763324737546,3.980137825012207,5.62726354598999,9.934108352661134,28.485736846923828,32.989606857299805,35.078250885009766,37.19053993225098,39.88044319152832
2033-07,2033-07-01,global_mlp,2026-03,52.522643,0.14137119054794312,34.95677375793457,False,4.366874694824219,4366874.694824219,reported_conditioned_mlp,HEIDRUN,,False,0.06729621887207032,0.11222147196531296,0.14137119054794312,0.191261775791645,0.28627252876758574,2.032998538017273,3.4803867816925047,4.366874694824219,5.449308872222899,10.167685413360598,28.31483268737793,32.840053939819335,34.95677375793457,37.0683708190918,39.73348846435547
2033-08,2033-08-01,global_mlp,2026-03,52.522643,0.1602674201130867,34.79155921936035,False,3.4089044332504272,3408904.4332504272,reported_conditioned_mlp,HEIDRUN,,False,0.0742879182100296,0.12542414665222168,0.1602674201130867,0.2073933482170105,0.2901422291994096,1.5028527975082397,2.615557622909545,3.4089044332504272,4.896757602691647,9.640933704376222,28.027304267883302,32.696856307983396,34.79155921936035,36.92341842651367,39.64214248657227
2033-09,2033-09-01,global_mlp,2026-03,52.522643,0.15438807010650635,34.59580612182617,False,3.5794390439987183,3579439.0439987183,reported_conditioned_mlp,HEIDRUN,,False,0.07191201224923134,0.11840087920427322,0.15438807010650635,0.20187650769948956,0.28941704630851744,1.413341760635376,2.6479870080947876,3.5794390439987183,5.107964468002319,9.888438415527345,27.838493347167972,32.48446960449219,34.59580612182617,36.76995162963867,39.540288925170906
2033-10,2033-10-01,global_mlp,2026-03,52.522643,0.16691391170024872,34.38288879394531,False,4.086769342422485,4086769.3424224854,reported_conditioned_mlp,HEIDRUN,,False,0.06779312640428543,0.13098482340574263,0.16691391170024872,0.20560483038425442,0.29656203985214236,1.7426820874214173,3.141760969161987,4.086769342422485,5.42251353263855,10.179301261901859,27.56810245513916,32.24408950805664,34.38288879394531,36.60844421386719,39.40767669677735
2033-11,2033-11-01,global_mlp,2026-03,52.522643,0.1746840626001358,34.223934173583984,False,4.030065298080444,4030065.2980804443,reported_conditioned_mlp,HEIDRUN,,False,0.0672473654150963,0.13602203875780106,0.1746840626001358,0.2222319722175598,0.2922086954116823,1.3389716029167176,2.88443067073822,4.030065298080444,5.89367628097534,10.869881057739258,27.35620002746582,32.03068809509277,34.223934173583984,36.459821701049805,39.27258491516113
2033-12,2033-12-01,global_mlp,2026-03,52.522643,0.17416074126958847,34.05694007873535,False,3.7775049209594727,3777504.9209594727,reported_conditioned_mlp,HEIDRUN,,False,0.07826137244701385,0.13626020997762678,0.17416074126958847,0.22659611999988552,0.30346142649650576,1.0566464304924013,2.5062715291976927,3.7775049209594727,5.29845242500305,9.6848916053772,27.18142375946045,31.813608741760255,34.05694007873535,36.35055732727051,39.17235107421875
2034-01,2034-01-01,global_mlp,2026-03,52.522643,0.16298867762088776,33.881141662597656,False,3.604343295097351,3604343.295097351,reported_conditioned_mlp,HEIDRUN,,False,0.06075547412037851,0.11985611915588379,0.16298867762088776,0.2032325655221939,0.293728119134903,0.8444992423057559,2.5644420623779296,3.604343295097351,5.154355573654172,9.4973692893982,26.942057800292968,31.64031848907471,33.881141662597656,36.19795570373535,38.98848762512207
2034-02,2034-02-01,global_mlp,2026-03,52.522643,0.16676906496286392,33.70903396606445,False,3.872421622276306,3872421.622276306,reported_conditioned_mlp,HEIDRUN,,False,0.05003652013838292,0.11884816363453865,0.16676906496286392,0.20719964653253553,0.2819027990102768,1.0535477876663208,2.6770718336105346,3.872421622276306,5.924240446090696,10.676934146881106,26.82304096221924,31.444309616088866,33.70903396606445,36.055606079101565,38.788025283813475
2034-03,2034-03-01,global_mlp,2026-03,52.522643,0.1502489298582077,33.60191345214844,False,3.881687045097351,3881687.045097351,reported_conditioned_mlp,HEIDRUN,,False,0.034718715399503726,0.10664812549948692,0.1502489298582077,0.19449370056390763,0.2619534403085709,0.4030629575252536,2.588266324996948,3.881687045097351,5.389228153228759,10.258834266662598,26.65992965698242,31.273439788818358,33.60191345214844,35.88843955993652,38.6596622467041
2034-04,2034-04-01,global_mlp,2026-03,52.522643,0.1366155594587326,33.478797912597656,False,4.522848844528198,4522848.844528198,reported_conditioned_mlp,HEIDRUN,,False,0.06085532978177071,0.10613481476902961,0.1366155594587326,0.17882286608219145,0.24124256670475008,2.305389666557312,3.6043904542922975,4.522848844528198,5.879685544967649,10.01759996414185,26.592149353027345,31.135311889648438,33.478797912597656,35.72592697143555,38.53183135986328
2034-05,2034-05-01,global_mlp,2026-03,52.522643,0.16109281033277512,33.369333267211914,False,4.03635311126709,4036353.11126709,reported_conditioned_mlp,HEIDRUN,,False,0.08184295520186426,0.12491244375705718,0.16109281033277512,0.20105652213096617,0.2673394650220872,1.696309268474579,3.1894136667251587,4.03635311126709,5.0847481727600075,8.786549663543704,26.436639404296876,30.963113403320314,33.369333267211914,35.595420074462886,38.29226722717285
2034-06,2034-06-01,global_mlp,2026-03,52.522643,0.15695440769195557,33.27635955810547,False,3.9752813577651978,3975281.3577651978,reported_conditioned_mlp,HEIDRUN,,False,0.07078000828623772,0.11715803220868111,0.15695440769195557,0.19047948867082595,0.2687956213951111,1.8225789427757264,3.2159932613372804,3.9752813577651978,4.946331310272217,9.29640073776245,26.062654876708987,30.80433807373047,33.27635955810547,35.44115104675293,38.08325424194336
2034-07,2034-07-01,global_mlp,2026-03,52.522643,0.14571651071310043,33.182464599609375,False,4.427187442779541,4427187.442779541,reported_conditioned_mlp,HEIDRUN,,False,0.061767368763685236,0.1067998744547367,0.14571651071310043,0.1854534938931465,0.250928407907486,2.1525198936462404,3.490316915512085,4.427187442779541,5.431183958053589,9.381798553466798,25.729400634765625,30.64222354888916,33.182464599609375,35.30567893981933,37.90552215576172
2034-08,2034-08-01,global_mlp,2026-03,52.522643,0.16013232618570328,33.02410316467285,False,3.5544999837875366,3554499.9837875366,reported_conditioned_mlp,HEIDRUN,,False,0.07259090021252633,0.12426997870206832,0.16013232618570328,0.19965352416038512,0.2773292124271393,1.2483612298965454,2.755091857910156,3.5544999837875366,4.6381019115447994,9.346280097961428,25.606166267395018,30.46101493835449,33.02410316467285,35.16599884033203,37.8241985321045
2034-09,2034-09-01,global_mlp,2026-03,52.522643,0.1576666757464409,32.88686180114746,False,3.820688843727112,3820688.843727112,reported_conditioned_mlp,HEIDRUN,,False,0.06673878207802773,0.11155397295951842,0.1576666757464409,0.1972492843866348,0.27050364613533023,1.4738587021827698,3.061164116859436,3.820688843727112,5.088808727264403,9.17613391876221,25.46930446624756,30.27142219543457,32.88686180114746,35.06352081298828,37.726375579833984
2034-10,2034-10-01,global_mlp,2026-03,52.522643,0.160261869430542,32.66168212890625,False,4.144397974014282,4144397.974014282,reported_conditioned_mlp,HEIDRUN,,False,0.06898860186338425,0.1233825236558914,0.160261869430542,0.20156330317258833,0.2689507007598877,1.7949266433715823,3.282160139083862,4.144397974014282,5.427362537384031,9.274682235717775,25.24354648590088,30.10460910797119,32.66168212890625,34.89710922241211,37.59779434204102
2034-11,2034-11-01,global_mlp,2026-03,52.522643,0.16955338418483734,32.420196533203125,False,4.3441572189331055,4344157.2189331055,reported_conditioned_mlp,HEIDRUN,,False,0.07581759914755822,0.13032283186912536,0.16955338418483734,0.20881742686033242,0.27950285971164707,1.2392525672912598,3.1253309488296503,4.3441572189331055,5.666548633575439,9.79367084503174,25.02074146270752,29.93596782684326,32.420196533203125,34.720224380493164,37.44477081298828
2034-12,2034-12-01,global_mlp,2026-03,52.522643,0.17341716587543488,32.217472076416016,False,4.0702149868011475,4070214.9868011475,reported_conditioned_mlp,HEIDRUN,,False,0.07505459412932397,0.13288573175668716,0.17341716587543488,0.21357258111238478,0.2924727827310564,1.2831964612007145,2.8485432147979735,4.0702149868011475,5.360831356048584,9.41503324508667,24.707030296325684,29.724869346618654,32.217472076416016,34.55555381774902,37.291072082519534
2035-01,2035-01-01,global_mlp,2026-03,52.522643,0.15790528804063797,32.06281089782715,False,3.767728090286255,3767728.090286255,reported_conditioned_mlp,HEIDRUN,,False,0.05541097968816758,0.12254140451550483,0.15790528804063797,0.20177463591098782,0.2748657763004303,0.9893807530403139,2.7481705904006954,3.767728090286255,4.9829551696777346,9.206393337249757,24.453537940979004,29.526846885681152,32.06281089782715,34.40605545043945,37.070328140258795
2035-02,2035-02-01,global_mlp,2026-03,52.522643,0.1601763665676117,31.853489875793457,False,3.920328974723816,3920328.974723816,reported_conditioned_mlp,HEIDRUN,,False,0.06241768635809422,0.12076107561588287,0.1601763665676117,0.19922063648700714,0.27851306796073916,0.9080815672874455,2.905252981185913,3.920328974723816,5.477255773544312,10.06433210372925,24.225565719604493,29.314567375183106,31.853489875793457,34.236030960083006,36.97949867248535
2035-03,2035-03-01,global_mlp,2026-03,52.522643,0.1469244807958603,31.734049797058105,False,4.008101224899292,4008101.224899292,reported_conditioned_mlp,HEIDRUN,,False,0.0450376443564892,0.10916304364800453,0.1469244807958603,0.182892407476902,0.26085961461067214,0.4839783847332001,2.8680899143218994,4.008101224899292,5.58586616516113,9.307394886016846,24.06655101776123,29.183244705200195,31.734049797058105,34.13791770935059,36.88834915161133
2035-04,2035-04-01,global_mlp,2026-03,52.522643,0.13838579505681992,31.56621551513672,False,4.566450357437134,4566450.357437134,reported_conditioned_mlp,HEIDRUN,,False,0.06707152128219605,0.1072508879005909,0.13838579505681992,0.17793709039688102,0.25508077144622804,2.161226511001587,3.6768163442611694,4.566450357437134,5.643435096740722,9.27194299697876,23.943311500549317,28.949005317687988,31.56621551513672,33.94234161376953,36.79156837463379
2035-05,2035-05-01,global_mlp,2026-03,52.522643,0.16146211326122284,31.351423263549805,False,3.950859785079956,3950859.785079956,reported_conditioned_mlp,HEIDRUN,,False,0.08107635602355004,0.12392750456929207,0.16146211326122284,0.20174351781606673,0.28075375258922597,1.8055780172348024,3.14672737121582,3.950859785079956,5.0085423469543455,8.436530494689942,23.68747043609619,28.759637451171876,31.351423263549805,33.78297805786133,36.66880722045899
2035-06,2035-06-01,global_mlp,2026-03,52.522643,0.15139250457286835,31.185867309570312,False,3.9208993911743164,3920899.3911743164,reported_conditioned_mlp,HEIDRUN,,False,0.07800636067986488,0.11892996430397033,0.15139250457286835,0.19474065154790876,0.2571906238794327,1.5193501710891724,3.1835484981536863,3.9208993911743164,4.827762269973755,7.738727712631227,23.493805313110354,28.54200439453125,31.185867309570312,33.57861404418945,36.45442276000977
2035-07,2035-07-01,global_mlp,2026-03,52.522643,0.147708959877491,31.05830669403076,False,4.446565628051758,4446565.628051758,reported_conditioned_mlp,HEIDRUN,,False,0.06515208035707475,0.10902383476495742,0.147708959877491,0.18908409625291822,0.2571708530187607,2.0298882603645327,3.4836642503738404,4.446565628051758,5.392337894439697,8.190815353393555,23.326530075073244,28.373812103271483,31.05830669403076,33.45374717712402,36.242984771728516
2035-08,2035-08-01,global_mlp,2026-03,52.522643,0.15998299419879913,30.92542266845703,False,3.499734044075012,3499734.044075012,reported_conditioned_mlp,HEIDRUN,,False,0.0666524514555931,0.12406780272722244,0.15998299419879913,0.1906296908855438,0.260468989610672,1.3007178068161012,2.730081701278686,3.499734044075012,4.335887432098388,7.747522354125979,23.18129253387451,28.2136381149292,30.92542266845703,33.29709892272949,35.98820419311524
2035-09,2035-09-01,global_mlp,2026-03,52.522643,0.15026550740003586,30.837053298950195,False,3.7541743516921997,3754174.3516921997,reported_conditioned_mlp,HEIDRUN,,False,0.059574626758694654,0.1195579819381237,0.15026550740003586,0.1930807426571846,0.263324722647667,1.4554343938827514,2.988537240028381,3.7541743516921997,4.721942043304441,7.06407885551453,23.08849906921387,28.036555099487305,30.837053298950195,33.10635986328125,35.798348617553714
2035-10,2035-10-01,global_mlp,2026-03,52.522643,0.1608477383852005,30.630525588989258,False,4.186742067337036,4186742.067337036,reported_conditioned_mlp,HEIDRUN,,False,0.0508161123842001,0.1250661440193653,0.1608477383852005,0.1990010291337966,0.2712673634290696,1.5868020772933962,3.236789274215698,4.186742067337036,5.342674207687377,8.457397460937502,22.93232173919678,27.896196556091308,30.630525588989258,32.91557312011719,35.744930267333984
2035-11,2035-11-01,global_mlp,2026-03,52.522643,0.1627969816327095,30.47659397125244,False,4.308528184890747,4308528.184890747,reported_conditioned_mlp,HEIDRUN,,False,0.060103260353207594,0.12608980834484101,0.1627969816327095,0.20621641129255291,0.28531338870525363,1.186796283721924,3.10021071434021,4.308528184890747,5.3883720397949215,8.418453311920167,22.67221965789795,27.654101371765137,30.47659397125244,32.7604377746582,35.6665283203125
2035-12,2035-12-01,global_mlp,2026-03,52.522643,0.1670321449637413,30.28603172302246,False,3.890183925628662,3890183.925628662,reported_conditioned_mlp,HEIDRUN,,False,0.0633342057466507,0.13233825415372846,0.1670321449637413,0.20991600006818772,0.30139350593090064,0.5293184161186224,2.716301870346069,3.890183925628662,5.104686307907104,7.690638685226441,22.37052459716797,27.492355918884275,30.28603172302246,32.613782501220705,35.61359558105469
2036-01,2036-01-01,global_mlp,2026-03,52.522643,0.1632300540804863,30.13294506072998,False,3.677910327911377,3677910.327911377,reported_conditioned_mlp,HEIDRUN,,False,0.04977419003844261,0.12018826827406882,0.1632300540804863,0.19595348834991455,0.2798152804374695,0.2547141671180733,2.694101357460022,3.677910327911377,4.638481855392455,7.709429645538334,22.230121994018557,27.321197509765625,30.13294506072998,32.42539978027344,35.49846839904785
2036-02,2036-02-01,global_mlp,2026-03,52.522643,0.16070528328418732,29.987125396728516,False,4.018758058547974,4018758.0585479736,reported_conditioned_mlp,HEIDRUN,,False,0.04991496875882154,0.1258893981575966,0.16070528328418732,0.1964777439832687,0.2854505777359009,0.07551767490804209,2.589293074607849,4.018758058547974,5.405489921569824,8.373632431030277,21.893289375305176,27.207319068908692,29.987125396728516,32.290283203125,35.26418037414551
2036-03,2036-03-01,global_mlp,2026-03,52.522643,0.14882562309503555,29.922550201416016,False,3.960265278816223,3960265.278816223,reported_conditioned_mlp,HEIDRUN,,False,0.03385310582816601,0.1053855575621128,0.14882562309503555,0.18936174809932707,0.26225231885910044,0.0,2.7230318546295162,3.960265278816223,5.227935600280761,8.664953136444092,21.870498275756837,27.100143814086913,29.922550201416016,32.12968215942383,35.06093444824219
2036-04,2036-04-01,global_mlp,2026-03,52.522643,0.14215204119682312,29.78490447998047,False,4.302387714385986,4302387.714385986,reported_conditioned_mlp,HEIDRUN,,False,0.058023387938737875,0.11106614693999291,0.14215204119682312,0.18239334970712662,0.25200364887714394,2.2469528913497925,3.49678258895874,4.302387714385986,5.3857393741607655,8.171057128906252,21.808273506164554,26.918697166442872,29.78490447998047,31.99535026550293,34.96640892028809
2036-05,2036-05-01,global_mlp,2026-03,52.522643,0.1622392237186432,29.626065254211426,False,3.8771419525146484,3877141.9525146484,reported_conditioned_mlp,HEIDRUN,,False,0.07196582928299904,0.1223904214799404,0.1622392237186432,0.20218677818775177,0.2696631520986558,1.5245705008506778,2.996658444404602,3.8771419525146484,4.694226694107056,6.92336540222168,21.658715438842776,26.743689727783202,29.626065254211426,31.8629861831665,34.7857250213623
2036-06,2036-06-01,global_mlp,2026-03,52.522643,0.14895249158143997,29.50093650817871,False,3.853639006614685,3853639.006614685,reported_conditioned_mlp,HEIDRUN,,False,0.07336740121245384,0.11619258895516395,0.14895249158143997,0.19486805647611619,0.2711784839630127,1.5344752907752992,2.9051074504852297,3.853639006614685,4.734768199920654,7.1102172374725345,21.370009803771975,26.552043533325197,29.50093650817871,31.699677848815917,34.667790222167966
2036-07,2036-07-01,global_mlp,2026-03,52.522643,0.14518706500530243,29.296964645385742,False,4.210168123245239,4210168.123245239,reported_conditioned_mlp,HEIDRUN,,False,0.07272492200136187,0.11141137406229973,0.14518706500530243,0.18430413603782647,0.25433850884437564,1.5226703405380249,3.2251693964004513,4.210168123245239,5.214995718002315,7.451422786712648,21.201632881164553,26.40087432861328,29.296964645385742,31.52268085479736,34.50768508911133
2036-08,2036-08-01,global_mlp,2026-03,52.522643,0.15922485291957855,29.06151294708252,False,3.482129693031311,3482129.693031311,reported_conditioned_mlp,HEIDRUN,,False,0.07517272606492044,0.12615326344966887,0.15922485291957855,0.20214860141277313,0.28165456950664525,1.079888153076172,2.6476672649383546,3.482129693031311,4.462730264663694,7.151820802688599,20.81965045928955,26.241343307495118,29.06151294708252,31.347296714782715,34.32788124084473
2036-09,2036-09-01,global_mlp,2026-03,52.522643,0.15818722546100616,28.956562042236328,False,3.6516194343566895,3651619.4343566895,reported_conditioned_mlp,HEIDRUN,,False,0.06436003707349303,0.12270521596074105,0.15818722546100616,0.20150198489427565,0.27789105474948883,0.8745265126228335,2.6272650718688966,3.6516194343566895,4.779663085937499,6.7777282238006595,20.35182590484619,26.086912727355955,28.956562042236328,31.174466705322263,34.25837287902832
2036-10,2036-10-01,global_mlp,2026-03,52.522643,0.16375217586755753,28.845012664794922,False,3.9868370294570923,3986837.0294570923,reported_conditioned_mlp,HEIDRUN,,False,0.061539721861481676,0.11585458517074584,0.16375217586755753,0.20326682031154633,0.2797882199287415,1.0286680042743694,3.065327787399292,3.9868370294570923,5.0975213050842285,7.934705018997194,20.038068771362305,25.927767181396483,28.845012664794922,31.02300033569336,34.20615425109863
2036-11,2036-11-01,global_mlp,2026-03,52.522643,0.16985932737588882,28.669516563415527,False,3.920846700668335,3920846.700668335,reported_conditioned_mlp,HEIDRUN,,False,0.06530447155237198,0.1305898606777191,0.16985932737588882,0.20899606496095657,0.28704178333282476,1.0008962392807008,2.806083059310913,3.920846700668335,5.15781860351562,8.21419038772583,19.71514892578125,25.738384246826172,28.669516563415527,30.83140525817871,34.08161811828614
2036-12,2036-12-01,global_mlp,2026-03,52.522643,0.17785948514938354,28.480697631835938,False,3.8806244134902954,3880624.4134902954,reported_conditioned_mlp,HEIDRUN,,False,0.07128957211971283,0.13101410418748854,0.17785948514938354,0.21890951991081237,0.30021528899669647,0.24274348616600083,2.5228853225708003,3.8806244134902954,4.81216263771057,8.001556301116944,19.540578842163086,25.56218433380127,28.480697631835938,30.65639133453369,33.93914604187012
2037-01,2037-01-01,global_mlp,2026-03,52.522643,0.15525471419095993,28.302390098571777,False,3.5712227821350098,3571222.7821350098,reported_conditioned_mlp,HEIDRUN,,False,0.04614709727466106,0.12052123621106148,0.15525471419095993,0.19675579220056533,0.27669915556907654,0.07316434681415565,2.4984848022460935,3.5712227821350098,4.519051122665405,7.218048381805421,19.338781356811523,25.32012023925781,28.302390098571777,30.459136772155762,33.734669876098636
2037-02,2037-02-01,global_mlp,2026-03,52.522643,0.15617480129003525,28.131471633911133,False,3.901500940322876,3901500.940322876,reported_conditioned_mlp,HEIDRUN,,False,0.049285537004470824,0.11858952343463897,0.15617480129003525,0.19994422346353521,0.27183895707130445,0.05221356898546243,2.587446880340576,3.901500940322876,5.237801122665404,7.938397264480592,19.117756843566895,25.09098892211914,28.131471633911133,30.294438362121582,33.60994606018067
2037-03,2037-03-01,global_mlp,2026-03,52.522643,0.14165718853473663,28.0213623046875,False,3.9492205381393433,3949220.5381393433,reported_conditioned_mlp,HEIDRUN,,False,0.032137017324566856,0.10545829758048057,0.14165718853473663,0.1878412887454032,0.2623560190200806,0.0,2.723302149772644,3.9492205381393433,5.062372779846191,7.603097009658814,18.862722778320315,24.951873397827146,28.0213623046875,30.15876407623291,33.58858528137207
2037-04,2037-04-01,global_mlp,2026-03,52.522643,0.1473163366317749,27.850773811340332,False,4.368751287460327,4368751.287460327,reported_conditioned_mlp,HEIDRUN,,False,0.0655203603208065,0.10945470035076141,0.1473163366317749,0.17622500360012053,0.24661858528852465,2.016225826740265,3.571777868270874,4.368751287460327,5.453447389602661,7.957999563217167,18.705063247680666,24.80397090911865,27.850773811340332,29.994133567810056,33.43436622619629
2037-05,2037-05-01,global_mlp,2026-03,52.522643,0.16118688881397247,27.58839511871338,False,3.9392035007476807,3939203.5007476807,reported_conditioned_mlp,HEIDRUN,,False,0.07549665272235871,0.1252871721982956,0.16118688881397247,0.20823831856250763,0.27257716059684756,1.6807329416275028,3.0329802989959713,3.9392035007476807,4.705032920837402,6.340825271606446,18.580162429809572,24.5830171585083,27.58839511871338,29.884409523010255,33.27616844177246
2037-06,2037-06-01,global_mlp,2026-03,52.522643,0.15035715699195862,27.441433906555176,False,3.7925398349761963,3792539.8349761963,reported_conditioned_mlp,HEIDRUN,,False,0.06411149948835373,0.11152497455477714,0.15035715699195862,0.18843337148427958,0.28770382702350616,1.4878755807876594,3.0000722885131834,3.7925398349761963,4.836614799499511,6.625656652450561,18.296459579467772,24.37234001159668,27.441433906555176,29.708765602111814,33.04000663757324
2037-07,2037-07-01,global_mlp,2026-03,52.522643,0.13994872570037842,27.299583435058594,False,4.179965019226074,4179965.019226074,reported_conditioned_mlp,HEIDRUN,,False,0.062086262926459315,0.10219826102256775,0.13994872570037842,0.17523205280303947,0.2585779696702957,1.2796980023384095,3.303088521957397,4.179965019226074,4.947869062423705,7.152733707427979,18.08158359527588,24.177634620666502,27.299583435058594,29.578273963928222,32.86937789916992
2037-08,2037-08-01,global_mlp,2026-03,52.522643,0.16078408062458038,27.151348114013672,False,3.489741086959839,3489741.086959839,reported_conditioned_mlp,HEIDRUN,,False,0.07120921760797501,0.12239342629909515,0.16078408062458038,0.2023758918046951,0.2803028464317322,0.858112132549286,2.688328504562378,3.489741086959839,4.5490496635437,6.355325412750244,17.760934257507326,23.984988594055174,27.151348114013672,29.38547191619873,32.64241333007813
2037-09,2037-09-01,global_mlp,2026-03,52.522643,0.1527637466788292,26.990572929382324,False,3.701297163963318,3701297.163963318,reported_conditioned_mlp,HEIDRUN,,False,0.0587464664131403,0.1153828427195549,0.1527637466788292,0.20162338018417353,0.2785493701696396,0.9074497580528263,2.6852452516555783,3.701297163963318,4.774393320083617,6.91714701652527,17.49352779388428,23.81073131561279,26.990572929382324,29.288085746765134,32.526461410522465
2037-10,2037-10-01,global_mlp,2026-03,52.522643,0.1596837267279625,26.76671600341797,False,4.027252435684204,4027252.435684204,reported_conditioned_mlp,HEIDRUN,,False,0.06961585059762002,0.1225528672337532,0.1596837267279625,0.20106251686811447,0.27702214121818547,1.0502645134925845,3.195534420013428,4.027252435684204,4.895991802215576,7.104282140731812,17.285102081298827,23.62236919403076,26.76671600341797,29.180412292480465,32.36911315917969
2037-11,2037-11-01,global_mlp,2026-03,52.522643,0.1597144901752472,26.545761108398438,False,3.979702115058899,3979702.115058899,reported_conditioned_mlp,HEIDRUN,,False,0.06445958837866786,0.1269814595580101,0.1597144901752472,0.20534824430942536,0.28301548361778284,0.7199410796165473,2.8677939414978026,3.979702115058899,4.854571294784545,7.034114170074463,17.03849983215332,23.435513496398926,26.545761108398438,29.04597415924072,32.19982223510742
2037-12,2037-12-01,global_mlp,2026-03,52.522643,0.17386412620544434,26.341137886047363,False,3.52987802028656,3529878.02028656,reported_conditioned_mlp,HEIDRUN,,False,0.05587775185704233,0.12824255675077437,0.17386412620544434,0.22159975767135615,0.30585170388221744,0.16184687018394486,2.5747448205947876,3.52987802028656,4.684405803680419,6.762627887725831,16.829523277282714,23.288562393188474,26.341137886047363,28.88212032318115,32.076903915405275
2038-01,2038-01-01,global_mlp,2026-03,52.522643,0.15830068290233612,26.18886661529541,False,3.4014172554016113,3401417.2554016113,reported_conditioned_mlp,HEIDRUN,,False,0.048282562196254736,0.122295443713665,0.15830068290233612,0.19790608286857603,0.28108490705490113,0.20339888483285987,2.6556786775588987,3.4014172554016113,4.446403884887695,6.143273496627808,16.675082969665528,23.12363758087158,26.18886661529541,28.689677810668943,32.013085556030276
2038-02,2038-02-01,global_mlp,2026-03,52.522643,0.15540246665477753,26.00268268585205,False,3.679033637046814,3679033.637046814,reported_conditioned_mlp,HEIDRUN,,False,0.045940412953495983,0.11551512628793716,0.15540246665477753,0.19924366474151609,0.2894497364759446,0.09097921922802929,2.6843773126602164,3.679033637046814,4.849784851074218,6.9447561740875265,16.51040744781494,22.95353374481201,26.00268268585205,28.53897705078125,31.910387802124024
2038-03,2038-03-01,global_mlp,2026-03,52.522643,0.1424158215522766,25.87628746032715,False,3.908794403076172,3908794.403076172,reported_conditioned_mlp,HEIDRUN,,False,0.011588837765157239,0.10022728145122527,0.1424158215522766,0.18833892345428466,0.27587206959724425,0.0,2.3628036737442017,3.908794403076172,4.879127120971678,7.347104358673098,16.387121963500977,22.85728130340576,25.87628746032715,28.41891174316406,31.73112602233887
2038-04,2038-04-01,global_mlp,2026-03,52.522643,0.1464231312274933,25.721266746520996,False,4.193736553192139,4193736.5531921387,reported_conditioned_mlp,HEIDRUN,,False,0.06132369935512543,0.10823792144656182,0.1464231312274933,0.1846859410405159,0.25457122921943665,2.235672974586487,3.5604640007019044,4.193736553192139,5.06444787979126,6.681783199310306,16.12542610168457,22.67295150756836,25.721266746520996,28.2773645401001,31.595396041870117
2038-05,2038-05-01,global_mlp,2026-03,52.522643,0.16387328505516052,25.536714553833008,False,3.6692965030670166,3669296.5030670166,reported_conditioned_mlp,HEIDRUN,,False,0.07609878629446029,0.129299421608448,0.16387328505516052,0.20306350886821745,0.2743303477764131,1.8403510928153992,2.9735798835754395,3.6692965030670166,4.415411615371704,6.368893623352052,15.983956718444826,22.5191255569458,25.536714553833008,28.095504760742184,31.42239227294922
2038-06,2038-06-01,global_mlp,2026-03,52.522643,0.1537601351737976,25.398024559020996,False,3.738378167152405,3738378.167152405,reported_conditioned_mlp,HEIDRUN,,False,0.06741965711116793,0.118401650339365,0.1537601351737976,0.18912103623151777,0.26107203364372256,1.8008085608482365,2.9863545417785646,3.738378167152405,4.57909526824951,6.075361680984502,15.74681911468506,22.33318977355957,25.398024559020996,27.93337173461914,31.25751171112061
2038-07,2038-07-01,global_mlp,2026-03,52.522643,0.14449836313724518,25.21958351135254,False,4.081736326217651,4081736.3262176514,reported_conditioned_mlp,HEIDRUN,,False,0.052082319185137754,0.11029242873191832,0.14449836313724518,0.18458954244852063,0.2666880548000336,1.6627858400344853,3.3248106479644775,4.081736326217651,4.813074684143065,6.437067556381227,15.320702838897706,21.939019775390626,25.21958351135254,27.771598243713377,31.157698822021487
2038-08,2038-08-01,global_mlp,2026-03,52.522643,0.1638813018798828,25.084912300109863,False,3.4425042867660522,3442504.2867660522,reported_conditioned_mlp,HEIDRUN,,False,0.06343621611595154,0.1250154450535774,0.1638813018798828,0.20615266263484952,0.29121745824813855,1.3388758063316348,2.728767418861389,3.4425042867660522,4.210465335845947,6.193677997589111,15.105358600616457,21.856723976135253,25.084912300109863,27.540298843383788,30.993850517272953
2038-09,2038-09-01,global_mlp,2026-03,52.522643,0.16323688626289368,24.91404151916504,False,3.5922398567199707,3592239.8567199707,reported_conditioned_mlp,HEIDRUN,,False,0.06885481402277947,0.12129225805401801,0.16323688626289368,0.20088741034269328,0.2864623546600343,1.3381734251976014,2.774287962913513,3.5922398567199707,4.439898347854614,6.4888479232788105,14.902651596069337,21.723701858520506,24.91404151916504,27.412018585205075,30.890317535400396
2038-10,2038-10-01,global_mlp,2026-03,52.522643,0.17030158638954163,24.671666145324707,False,3.7292544841766357,3729254.4841766357,reported_conditioned_mlp,HEIDRUN,,False,0.06949986442923546,0.12718123495578765,0.17030158638954163,0.20691690593957898,0.2800661116838456,1.349265694618225,3.0557759284973143,3.7292544841766357,4.676019906997679,6.723449277877807,14.706740760803223,21.52698917388916,24.671666145324707,27.264830780029296,30.88310317993164
2038-11,2038-11-01,global_mlp,2026-03,52.522643,0.1684763953089714,24.464109420776367,False,4.037303924560547,4037303.924560547,reported_conditioned_mlp,HEIDRUN,,False,0.05218238085508347,0.13015239387750627,0.1684763953089714,0.21346350014209742,0.3126634746789933,0.7914055287837986,2.9654736280441285,4.037303924560547,4.95021424293518,7.330851554870606,14.57550621032715,21.302243995666505,24.464109420776367,27.031526947021483,30.820464897155762
2038-12,2038-12-01,global_mlp,2026-03,52.522643,0.1686234325170517,24.237276077270508,False,3.604622483253479,3604622.483253479,reported_conditioned_mlp,HEIDRUN,,False,0.06933136433362962,0.13154684454202653,0.1686234325170517,0.21522277891635885,0.30687177479267125,0.6483894526958472,2.7218365192413327,3.604622483253479,4.626154518127441,6.70804409980774,14.322127914428712,21.21729106903076,24.237276077270508,26.863568115234372,30.560793876647953
2039-01,2039-01-01,global_mlp,2026-03,52.522643,0.16177041828632355,24.042762756347656,False,3.69605028629303,3696050.28629303,reported_conditioned_mlp,HEIDRUN,,False,0.05041721351444722,0.12055749595165252,0.16177041828632355,0.20056793391704558,0.28964860141277315,0.4730841010808946,2.8404591560363768,3.69605028629303,4.43314151763916,5.901290750503542,14.128296279907227,21.080398178100584,24.042762756347656,26.73066635131836,30.436171913146975
2039-02,2039-02-01,global_mlp,2026-03,52.522643,0.1614905744791031,23.865558624267578,False,3.7137515544891357,3713751.5544891357,reported_conditioned_mlp,HEIDRUN,,False,0.03731636330485345,0.12079380527138708,0.1614905744791031,0.19940640330314635,0.27257834970951084,0.0,2.5617249488830565,3.7137515544891357,4.718524074554443,6.873014259338381,13.91227560043335,20.8277681350708,23.865558624267578,26.59331703186035,30.303681564331054
2039-03,2039-03-01,global_mlp,2026-03,52.522643,0.1526435762643814,23.71751308441162,False,3.771031141281128,3771031.141281128,reported_conditioned_mlp,HEIDRUN,,False,0.020051644369959855,0.10735664218664169,0.1526435762643814,0.19405531436204906,0.2528496474027634,0.0,2.543552780151366,3.771031141281128,4.772905111312864,7.119692420959473,13.730798053741456,20.611491775512697,23.71751308441162,26.44877986907959,30.1217586517334
2039-04,2039-04-01,global_mlp,2026-03,52.522643,0.1432248279452324,23.557087898254395,False,4.335317850112915,4335317.850112915,reported_conditioned_mlp,HEIDRUN,,False,0.06000127270817757,0.10909084826707839,0.1432248279452324,0.17893349826335905,0.24172587245702745,1.9691562294960026,3.5925570011138914,4.335317850112915,4.981978702545166,7.086327266693118,13.574933528900148,20.52109889984131,23.557087898254395,26.314482879638668,29.988134765625002
2039-05,2039-05-01,global_mlp,2026-03,52.522643,0.15979403257369995,23.388904571533203,False,3.8406686782836914,3840668.6782836914,reported_conditioned_mlp,HEIDRUN,,False,0.07701285108923912,0.1265793561935425,0.15979403257369995,0.19973123520612712,0.275811690092087,1.6482677817344666,2.947247791290283,3.8406686782836914,4.572228717803955,6.012274551391602,13.409835147857667,20.348437690734862,23.388904571533203,26.132220268249508,29.838441276550295
2039-06,2039-06-01,global_mlp,2026-03,52.522643,0.14954634755849838,23.203125,False,3.701134204864502,3701134.204864502,reported_conditioned_mlp,HEIDRUN,,False,0.06926159411668778,0.11811807677149772,0.14954634755849838,0.1922765269875526,0.26533396840095547,1.4770128965377811,3.000353789329529,3.701134204864502,4.409089612960814,5.969085550308228,13.254162025451661,20.242328453063966,23.203125,25.937024116516113,29.728200340271
2039-07,2039-07-01,global_mlp,2026-03,52.522643,0.13889213651418686,23.074508666992188,False,4.0222601890563965,4022260.1890563965,reported_conditioned_mlp,HEIDRUN,,False,0.06316078156232834,0.10701274201273916,0.13889213651418686,0.181909804046154,0.2623003780841829,1.283212971687317,3.26484637260437,4.0222601890563965,4.9256322383880615,6.5223083972930915,13.114382266998291,20.12193450927734,23.074508666992188,25.738611221313477,29.583020973205567
2039-08,2039-08-01,global_mlp,2026-03,52.522643,0.1544271484017372,22.910507202148438,False,3.4595372676849365,3459537.2676849365,reported_conditioned_mlp,HEIDRUN,,False,0.07285879179835322,0.12609811723232267,0.1544271484017372,0.20451930612325667,0.28297148346900947,0.6865938305854804,2.719877433776855,3.4595372676849365,4.1120648860931395,6.109646606445314,12.989349269866944,19.944396018981934,22.910507202148438,25.593130111694336,29.386721801757815
2039-09,2039-09-01,global_mlp,2026-03,52.522643,0.15634077042341232,22.751018524169922,False,3.56775438785553,3567754.38785553,reported_conditioned_mlp,HEIDRUN,,False,0.05902045257389546,0.11729655265808105,0.15634077042341232,0.1988000363111496,0.2925542622804642,0.3456802040338518,2.7944976091384888,3.56775438785553,4.34211745262146,6.2134057044982915,12.894471836090089,19.846917724609373,22.751018524169922,25.436990737915036,29.248974418640138
2039-10,2039-10-01,global_mlp,2026-03,52.522643,0.1726345792412758,22.591108322143555,False,3.921506643295288,3921506.643295288,reported_conditioned_mlp,HEIDRUN,,False,0.06546610221266747,0.12647204548120497,0.1726345792412758,0.20572748482227315,0.28493010699749,0.648086738586426,3.12496268749237,3.921506643295288,4.712891674041748,6.169737625122072,12.798887538909915,19.726040077209472,22.591108322143555,25.237429046630858,29.074704360961913
2039-11,2039-11-01,global_mlp,2026-03,52.522643,0.16850721091032028,22.468239784240723,False,3.839097738265991,3839097.738265991,reported_conditioned_mlp,HEIDRUN,,False,0.0638014703989029,0.128774157166481,0.16850721091032028,0.21315571218729018,0.29749936163425444,0.3003393605351454,3.0208170890808104,3.839097738265991,4.686139822006225,6.692661428451539,12.673459815979006,19.545973587036134,22.468239784240723,25.051717567443845,28.877581596374515
2039-12,2039-12-01,global_mlp,2026-03,52.522643,0.1794716641306877,22.28704071044922,False,3.7156100273132324,3715610.0273132324,reported_conditioned_mlp,HEIDRUN,,False,0.07569934949278832,0.1330714851617813,0.1794716641306877,0.21494705379009246,0.29391619265079505,0.6194485694170012,2.7311137676239015,3.7156100273132324,4.670681476593018,6.351858425140382,12.452242374420166,19.225370025634767,22.28704071044922,24.84170513153076,28.670127677917485
2040-01,2040-01-01,global_mlp,2026-03,52.522643,0.16084133088588715,22.072721481323242,False,3.475292682647705,3475292.682647705,reported_conditioned_mlp,HEIDRUN,,False,0.05823086537420755,0.12297908887267113,0.16084133088588715,0.19804522991180418,0.3012136280536652,0.0,2.624874901771545,3.475292682647705,4.30463342666626,5.977354860305787,12.363108444213868,19.03608512878418,22.072721481323242,24.646043395996088,28.484892845153812
2040-02,2040-02-01,global_mlp,2026-03,52.522643,0.15915262699127197,21.959423065185547,False,3.6331154108047485,3633115.4108047485,reported_conditioned_mlp,HEIDRUN,,False,0.0562251053750515,0.12585373520851134,0.15915262699127197,0.1977108582854271,0.29968826472759247,0.0,2.489746522903442,3.6331154108047485,4.572104883193968,6.733188438415529,12.33656044006348,18.886288833618163,21.959423065185547,24.52165126800537,28.34519729614258
2040-03,2040-03-01,global_mlp,2026-03,52.522643,0.14953245967626572,21.790283203125,False,3.883832573890686,3883832.573890686,reported_conditioned_mlp,HEIDRUN,,False,0.0361733090132475,0.11218972876667976,0.14953245967626572,0.18685923516750336,0.26562767922878266,0.0,2.7298845052719116,3.883832573890686,4.784435749053955,6.851628541946415,12.018065547943117,18.70475044250488,21.790283203125,24.340382957458495,28.189494323730468
2040-04,2040-04-01,global_mlp,2026-03,52.522643,0.14937572181224823,21.61570453643799,False,4.18026065826416,4180260.65826416,reported_conditioned_mlp,HEIDRUN,,False,0.06283204518258573,0.11156484335660934,0.14937572181224823,0.1827082470059395,0.23907542675733576,2.0589362859725955,3.347981023788452,4.18026065826416,5.050925016403198,7.075711822509765,11.79851016998291,18.541379547119142,21.61570453643799,24.15299701690674,28.012873268127443
2040-05,2040-05-01,global_mlp,2026-03,52.522643,0.16803578287363052,21.388672828674316,False,3.57777202129364,3577772.02129364,reported_conditioned_mlp,HEIDRUN,,False,0.07380960509181023,0.1288988009095192,0.16803578287363052,0.20144715458154677,0.27971352338790895,1.1068763136863708,2.969071006774902,3.57777202129364,4.4582768917083735,5.908877277374269,11.582712650299072,18.310483360290526,21.388672828674316,23.969499015808104,27.891796112060547
2040-06,2040-06-01,global_mlp,2026-03,52.522643,0.15463275462388992,21.168500900268555,False,3.760659694671631,3760659.694671631,reported_conditioned_mlp,HEIDRUN,,False,0.0739544689655304,0.11981872916221618,0.15463275462388992,0.18950323909521102,0.2672793626785278,1.4251380205154422,3.0194416761398317,3.760659694671631,4.454765796661377,6.126754760742188,11.3881236076355,18.082795524597167,21.168500900268555,23.792560005187987,27.8006950378418
2040-07,2040-07-01,global_mlp,2026-03,52.522643,0.14521914720535278,20.9962739944458,False,3.8910632133483887,3891063.2133483887,reported_conditioned_mlp,HEIDRUN,,False,0.05695486105978489,0.10729582160711289,0.14521914720535278,0.1814767733216285,0.2671870648860931,1.1303368926048283,3.1701425313949585,3.8910632133483887,4.789171886444092,6.604256486892702,11.020670795440674,17.936754989624024,20.9962739944458,23.654374504089354,27.71016674041748
2040-08,2040-08-01,global_mlp,2026-03,52.522643,0.1657138094305992,20.807857513427734,False,3.3039467334747314,3303946.7334747314,reported_conditioned_mlp,HEIDRUN,,False,0.06201406866312028,0.12682152986526488,0.1657138094305992,0.20375450402498244,0.2768603265285492,1.0969984412193305,2.5221885681152343,3.3039467334747314,4.126743555068969,6.133363962173464,10.677508354187012,17.821720123291016,20.807857513427734,23.468070793151853,27.611877059936525
2040-09,2040-09-01,global_mlp,2026-03,52.522643,0.15573853254318237,20.623974800109863,False,3.5681639909744263,3568163.9909744263,reported_conditioned_mlp,HEIDRUN,,False,0.0631470762193203,0.12149404659867286,0.15573853254318237,0.1945332661271095,0.2831304371356964,0.8532253265380867,2.8506962060928345,3.5681639909744263,4.358895587921142,6.041129207611084,10.387660503387451,17.609955406188966,20.623974800109863,23.330411911010742,27.52085647583008
2040-10,2040-10-01,global_mlp,2026-03,52.522643,0.16987140476703644,20.452369689941406,False,3.8114198446273804,3811419.8446273804,reported_conditioned_mlp,HEIDRUN,,False,0.07669656053185464,0.1293849378824234,0.16987140476703644,0.20450002402067183,0.281375402212143,0.8758664906024942,2.970905065536499,3.8114198446273804,4.711815261840821,6.303168869018555,10.241566658020021,17.375965118408203,20.452369689941406,23.128972053527832,27.27434005737305
2040-11,2040-11-01,global_mlp,2026-03,52.522643,0.1674402356147766,20.257742881774902,False,4.024119138717651,4024119.1387176514,reported_conditioned_mlp,HEIDRUN,,False,0.055729439854621886,0.13086427450180052,0.1674402356147766,0.2083623349666595,0.3094076752662659,0.29149369597435065,3.0120192527770993,4.024119138717651,4.861863231658935,7.010600805282594,9.962729454040527,17.111828613281247,20.257742881774902,22.952841567993158,27.053065299987797
2040-12,2040-12-01,global_mlp,2026-03,52.522643,0.18321717530488968,20.100154876708984,False,3.6374120712280273,3637412.0712280273,reported_conditioned_mlp,HEIDRUN,,False,0.06555774062871933,0.13768154978752134,0.18321717530488968,0.22528312951326365,0.30139952600002307,0.0,2.689930820465088,3.6374120712280273,4.488859844207763,6.476033592224122,9.668354892730713,16.828881454467773,20.100154876708984,22.779976654052728,26.803366088867193
2041-01,2041-01-01,global_mlp,2026-03,52.522643,0.16156373172998428,20.022340774536133,False,3.494595170021057,3494595.170021057,reported_conditioned_mlp,HEIDRUN,,False,0.04509170018136502,0.12340435609221459,0.16156373172998428,0.20146802216768261,0.2935074508190156,0.0,2.4791608095169066,3.494595170021057,4.393078804016113,6.180134582519532,9.34209327697754,16.664989089965818,20.022340774536133,22.582612991333008,26.555344200134286
2041-02,2041-02-01,global_mlp,2026-03,52.522643,0.16673477739095688,19.791340827941895,False,3.4959020614624023,3495902.0614624023,reported_conditioned_mlp,HEIDRUN,,False,0.037036107853055014,0.11442385837435723,0.16673477739095688,0.205687640607357,0.3038866460323334,0.0,2.423186111450195,3.4959020614624023,4.593537807464599,7.013467359542848,9.256321239471436,16.493350410461424,19.791340827941895,22.409077453613282,26.38540000915528
2041-03,2041-03-01,global_mlp,2026-03,52.522643,0.14777802675962448,19.56815242767334,False,3.8166494369506836,3816649.4369506836,reported_conditioned_mlp,HEIDRUN,,False,0.02145063169300559,0.10823919624090192,0.14777802675962448,0.1870570346713066,0.26275952756404886,0.0,2.7159422397613526,3.8166494369506836,4.8275302886962885,6.724889659881592,9.230848312377931,16.3455904006958,19.56815242767334,22.23036117553711,26.28589267730713
2041-04,2041-04-01,global_mlp,2026-03,52.522643,0.14351972937583923,19.42286205291748,False,4.1546056270599365,4154605.6270599365,reported_conditioned_mlp,HEIDRUN,,False,0.06015822663903239,0.11244405135512352,0.14351972937583923,0.194035767018795,0.2640293121337891,1.8332250118255617,3.4931395292282104,4.1546056270599365,4.941913652420044,6.324450492858888,8.947573375701905,16.20013389587402,19.42286205291748,22.09569225311279,26.1400936126709
2041-05,2041-05-01,global_mlp,2026-03,52.522643,0.1632964387536049,19.243011474609375,False,3.7643951177597046,3764395.1177597046,reported_conditioned_mlp,HEIDRUN,,False,0.07574166953563691,0.12479807287454604,0.1632964387536049,0.20895641446113586,0.2933979541063309,1.3566149353981019,2.9496806383132936,3.7643951177597046,4.435152959823608,5.813211965560915,8.664649486541748,15.959190654754638,19.243011474609375,21.953933715820312,26.02047061920166
2041-06,2041-06-01,global_mlp,2026-03,52.522643,0.15619735419750214,19.062517166137695,False,3.647454261779785,3647454.261779785,reported_conditioned_mlp,HEIDRUN,,False,0.06680826768279076,0.11440609991550445,0.15619735419750214,0.18942230641841887,0.2746472150087357,1.3286323189735414,2.9396662235260007,3.647454261779785,4.392413568496704,5.9227077007293705,8.555147647857668,15.791822910308838,19.062517166137695,21.78322410583496,25.822726058959965
2041-07,2041-07-01,global_mlp,2026-03,52.522643,0.14243358373641968,18.816890716552734,False,4.038763999938965,4038763.999938965,reported_conditioned_mlp,HEIDRUN,,False,0.06338829845190048,0.10787533521652222,0.14243358373641968,0.18247515112161636,0.27011069655418407,1.420717406272889,3.33674418926239,4.038763999938965,4.820493030548095,6.302497720718384,8.411559009552002,15.650642395019531,18.816890716552734,21.67890739440918,25.739716911315924
2041-08,2041-08-01,global_mlp,2026-03,52.522643,0.1581636741757393,18.666014671325684,False,3.464698076248169,3464698.076248169,reported_conditioned_mlp,HEIDRUN,,False,0.06881373226642612,0.12215386107563972,0.1581636741757393,0.20159279555082318,0.2783744812011719,1.4745908856391907,2.6707505464553827,3.464698076248169,4.197967958450318,6.143708419799806,8.29859504699707,15.468113231658934,18.666014671325684,21.55984401702881,25.580039024353034
2041-09,2041-09-01,global_mlp,2026-03,52.522643,0.15281104296445847,18.628150939941406,False,3.495116949081421,3495116.949081421,reported_conditioned_mlp,HEIDRUN,,False,0.0636127382516861,0.11600492075085639,0.15281104296445847,0.193845197558403,0.279973191022873,0.9742774665355683,2.742489981651306,3.495116949081421,4.452927303314209,6.248224020004274,8.068282318115235,15.271969699859618,18.628150939941406,21.413836860656737,25.47366962432862
2041-10,2041-10-01,global_mlp,2026-03,52.522643,0.1567247211933136,18.39965057373047,False,3.7558401823043823,3755840.1823043823,reported_conditioned_mlp,HEIDRUN,,False,0.06017574593424797,0.1209943652153015,0.1567247211933136,0.2097341641783714,0.28305976688861856,0.5212515830993663,2.9983504533767698,3.7558401823043823,4.5246631622314455,6.516320276260377,7.9813801765441905,15.146567916870117,18.39965057373047,21.225901222228998,25.30943832397461
2041-11,2041-11-01,global_mlp,2026-03,52.522643,0.16958314925432205,18.20277976989746,False,3.8911973237991333,3891197.3237991333,reported_conditioned_mlp,HEIDRUN,,False,0.05906865857541563,0.12868599295616148,0.16958314925432205,0.21153369545936584,0.301245501637459,0.7899038255214712,2.895128846168518,3.8911973237991333,4.977118253707885,6.728906106948854,7.82577600479126,15.068623542785645,18.20277976989746,21.061107635498047,25.06359786987305
2041-12,2041-12-01,global_mlp,2026-03,52.522643,0.17722882330417633,18.025996208190918,False,3.8359514474868774,3835951.4474868774,reported_conditioned_mlp,HEIDRUN,,False,0.06877107545733453,0.13180038481950757,0.17722882330417633,0.2208660393953323,0.300444057583809,0.3984188199043281,2.8129660606384275,3.8359514474868774,4.680227708816528,6.5469370841979995,7.6082652568817135,14.921509265899658,18.025996208190918,20.824927520751952,24.890810585021974
2042-01,2042-01-01,global_mlp,2026-03,52.522643,0.15931985527276993,17.77698040008545,False,3.472316265106201,3472316.265106201,reported_conditioned_mlp,HEIDRUN,,False,0.04218186624348164,0.12285779938101768,0.15931985527276993,0.2074313804507255,0.29849057197570805,0.018770165741443752,2.5327485561370846,3.472316265106201,4.349722957611083,5.948435306549073,7.476848793029785,14.797866630554198,17.77698040008545,20.677963829040525,24.82240581512451
2042-02,2042-02-01,global_mlp,2026-03,52.522643,0.15990954637527466,17.58612823486328,False,3.548548698425293,3548548.698425293,reported_conditioned_mlp,HEIDRUN,,False,0.044644693657755856,0.1102877676486969,0.15990954637527466,0.20382241755723945,0.28726043701171877,0.0,2.590654182434082,3.548548698425293,4.448400974273682,6.484640645980836,7.360722780227661,14.601300430297849,17.58612823486328,20.500730514526367,24.74278945922852
2042-03,2042-03-01,global_mlp,2026-03,52.522643,0.14557279646396637,17.409539222717285,False,3.689979672431946,3689979.672431946,reported_conditioned_mlp,HEIDRUN,,False,0.006810739124193804,0.09757171273231506,0.14557279646396637,0.18953897207975384,0.27248675823211677,0.0,2.4451157808303834,3.689979672431946,4.660830736160278,6.800933790206912,7.1118783473968525,14.379080867767334,17.409539222717285,20.33969192504883,24.686148071289065
2042-04,2042-04-01,global_mlp,2026-03,52.522643,0.14190560579299927,17.269174575805664,False,4.2788615226745605,4278861.522674561,reported_conditioned_mlp,HEIDRUN,,False,0.049580299854278566,0.10476487055420874,0.14190560579299927,0.18451294600963591,0.2549642503261566,1.7198912858963014,3.488485550880432,4.2788615226745605,4.9774524688720705,7.107037258148196,6.981018924713139,14.190531635284422,17.269174575805664,20.192371177673337,24.56752395629883
2042-05,2042-05-01,global_mlp,2026-03,52.522643,0.1623847857117653,16.996716499328613,False,3.7759721279144287,3775972.1279144287,reported_conditioned_mlp,HEIDRUN,,False,0.06619097962975502,0.12572364509105682,0.1623847857117653,0.21108252406120295,0.2814633280038834,1.0279385805130006,3.03638904094696,3.7759721279144287,4.438713407516479,6.186579179763795,6.8798667430877725,13.944217109680176,16.996716499328613,19.991279220581053,24.454410171508794
2042-06,2042-06-01,global_mlp,2026-03,52.522643,0.15422208607196808,16.825007438659668,False,3.7735798358917236,3773579.8358917236,reported_conditioned_mlp,HEIDRUN,,False,0.06783051937818528,0.11863057911396023,0.15422208607196808,0.19440771788358688,0.2588262885808945,0.9969546020030977,2.946869373321533,3.7735798358917236,4.517742300033568,5.962110614776613,6.750287675857548,13.768637943267823,16.825007438659668,19.87156658172607,24.339347457885747
2042-07,2042-07-01,global_mlp,2026-03,52.522643,0.1525825560092926,16.667518615722656,False,4.038093090057373,4038093.090057373,reported_conditioned_mlp,HEIDRUN,,False,0.05493448749184608,0.10542939156293868,0.1525825560092926,0.1883775919675827,0.2599013596773148,0.8428618133068085,3.3049792528152464,4.038093090057373,4.893320989608764,6.555404043197632,6.509069156646731,13.604580497741699,16.667518615722656,19.711952209472653,24.187029075622565
2042-08,2042-08-01,global_mlp,2026-03,52.522643,0.16333017498254776,16.411334991455078,False,3.4303276538848877,3430327.6538848877,reported_conditioned_mlp,HEIDRUN,,False,0.048979220539331465,0.11793998926877974,0.16333017498254776,0.20438434332609176,0.27619367837905884,0.3056020468473446,2.5413331985473633,3.4303276538848877,4.178513240814208,6.0468872070312525,6.333229207992557,13.398544979095458,16.411334991455078,19.568110847473136,24.027980041503906
2042-09,2042-09-01,global_mlp,2026-03,52.522643,0.15350113064050674,16.23417377471924,False,3.4942623376846313,3494262.3376846313,reported_conditioned_mlp,HEIDRUN,,False,0.039783652126789096,0.11197465136647224,0.15350113064050674,0.20189727395772933,0.2689493626356125,0.0,2.6427473545074465,3.4942623376846313,4.352639627456664,5.923207616806032,6.126674175262453,13.176241588592529,16.23417377471924,19.412832069396966,23.89079170227051
2042-10,2042-10-01,global_mlp,2026-03,52.522643,0.16974039375782013,16.107022285461426,False,3.916165590286255,3916165.590286255,reported_conditioned_mlp,HEIDRUN,,False,0.05192085579037669,0.1262404695153236,0.16974039375782013,0.21145862638950347,0.28056472241878516,0.05014307796955114,3.164273428916931,3.916165590286255,4.715686750411987,6.3033586025238035,5.651083898544312,12.965108680725097,16.107022285461426,19.227356338500968,23.748642349243163
2042-11,2042-11-01,global_mlp,2026-03,52.522643,0.16374241560697556,16.012771129608154,False,3.935744881629944,3935744.881629944,reported_conditioned_mlp,HEIDRUN,,False,0.03932234644889834,0.12257922068238258,0.16374241560697556,0.21282934844493864,0.2893903940916062,0.0,2.8956240892410277,3.935744881629944,4.980078506469726,6.568914699554444,5.418788003921513,12.707821178436276,16.012771129608154,19.04641551971435,23.579147148132325
2042-12,2042-12-01,global_mlp,2026-03,52.522643,0.17251547425985336,15.893096923828125,False,3.8736499547958374,3873649.9547958374,reported_conditioned_mlp,HEIDRUN,,False,0.04138486273586752,0.13218019157648087,0.17251547425985336,0.22121140360832206,0.2977546185255052,0.0,2.895354461669921,3.8736499547958374,4.757111644744873,6.6072585105896025,4.864510440826419,12.426446628570556,15.893096923828125,18.893951034545896,23.41083679199219
2043-01,2043-01-01,global_mlp,2026-03,52.522643,0.15876679867506027,15.764877319335938,False,3.5526247024536133,3552624.7024536133,reported_conditioned_mlp,HEIDRUN,,False,0.03446926586329938,0.11601200327277184,0.15876679867506027,0.20887590646743767,0.29075146615505226,0.0,2.6493601322174074,3.5526247024536133,4.481676244735717,5.706441593170166,4.409394025802613,12.20486192703247,15.764877319335938,18.774208068847653,23.23404026031494
2043-02,2043-02-01,global_mlp,2026-03,52.522643,0.15858881920576096,15.543405532836914,False,3.6033051013946533,3603305.1013946533,reported_conditioned_mlp,HEIDRUN,,False,0.015303594898432497,0.1169093795120716,0.15858881920576096,0.21138788014650345,0.2935648292303086,0.0,2.4804590463638303,3.6033051013946533,4.664214754104614,6.610060596466065,4.116982412338257,12.00114517211914,15.543405532836914,18.644756507873534,23.084472274780275
2043-03,2043-03-01,global_mlp,2026-03,52.522643,0.14908447116613388,15.361254692077637,False,3.847455620765686,3847455.620765686,reported_conditioned_mlp,HEIDRUN,,False,0.002007421804592026,0.1011337786912918,0.14908447116613388,0.18856587260961533,0.26298090219497683,0.0,2.572935938835144,3.847455620765686,4.801553583145141,6.566280317306519,3.9951379776000984,11.836660194396972,15.361254692077637,18.465973854064938,23.01397171020508
2043-04,2043-04-01,global_mlp,2026-03,52.522643,0.13806428015232086,15.247644424438477,False,4.292848587036133,4292848.587036133,reported_conditioned_mlp,HEIDRUN,,False,0.030028988048434267,0.1054218791425228,0.13806428015232086,0.17408495694398873,0.2526891350746155,1.3984046101570131,3.6382066011428833,4.292848587036133,5.021700239181518,6.616902542114259,3.840264129638673,11.578518199920655,15.247644424438477,18.311364936828614,22.857499313354495
2043-05,2043-05-01,global_mlp,2026-03,52.522643,0.1628352478146553,15.051877498626709,False,3.8728628158569336,3872862.8158569336,reported_conditioned_mlp,HEIDRUN,,False,0.039004639536142374,0.12036901637911797,0.1628352478146553,0.19322229623794554,0.2728951543569565,1.3963776469230655,3.150874066352844,3.8728628158569336,4.488889455795287,5.642757225036623,3.680870509147645,11.366202545166015,15.051877498626709,18.03955192565918,22.70678825378418
2043-06,2043-06-01,global_mlp,2026-03,52.522643,0.14371033757925034,14.851159572601318,False,3.798098087310791,3798098.087310791,reported_conditioned_mlp,HEIDRUN,,False,0.0244205242022872,0.1143089234828949,0.14371033757925034,0.18278373479843138,0.25760874748229984,0.8319111943244935,2.9244051694869992,3.798098087310791,4.4002525329589846,5.764107131958008,3.5541562557220465,11.234441757202148,14.851159572601318,17.87861442565918,22.489464950561526
2043-07,2043-07-01,global_mlp,2026-03,52.522643,0.13395490497350693,14.679593086242676,False,4.062518119812012,4062518.1198120117,reported_conditioned_mlp,HEIDRUN,,False,0.0286512350663543,0.10112370178103447,0.13395490497350693,0.17549975812435145,0.2659555584192278,1.1236257791519169,3.2985079288482666,4.062518119812012,4.764860296249389,6.159373855590821,3.4117509365081786,11.227113819122314,14.679593086242676,17.75727081298828,22.390772628784184
2043-08,2043-08-01,global_mlp,2026-03,52.522643,0.15661556273698807,14.549198150634766,False,3.5644155740737915,3564415.5740737915,reported_conditioned_mlp,HEIDRUN,,False,0.013731916993856485,0.11871402487158775,0.15661556273698807,0.19257133752107616,0.2786590397357941,0.4552314251661311,2.740870928764343,3.5644155740737915,4.189215517044066,5.790342140197755,3.2445348739624036,11.08569164276123,14.549198150634766,17.47528343200683,22.26013278961182
2043-09,2043-09-01,global_mlp,2026-03,52.522643,0.14517764747142792,14.446817874908447,False,3.4513155221939087,3451315.5221939087,reported_conditioned_mlp,HEIDRUN,,False,0.020113334059715274,0.1082404427230358,0.14517764747142792,0.18398791402578352,0.2659735977649689,0.37600274085998703,2.623734760284423,3.4513155221939087,4.1107615470886225,5.962615299224853,3.066147947311403,10.877685165405273,14.446817874908447,17.335165596008295,22.179314613342285
2043-10,2043-10-01,global_mlp,2026-03,52.522643,0.15753424167633057,14.269144058227539,False,3.7080079317092896,3708007.9317092896,reported_conditioned_mlp,HEIDRUN,,False,0.018401999585330488,0.10992272123694419,0.15753424167633057,0.1964033335447311,0.27438349127769474,0.0,2.9536673784255982,3.7080079317092896,4.53227367401123,6.2844135761260995,2.912159514427188,10.604907608032226,14.269144058227539,17.127621459960935,22.045043563842775
2043-11,2043-11-01,global_mlp,2026-03,52.522643,0.1594734787940979,14.157860279083252,False,3.9384573698043823,3938457.3698043823,reported_conditioned_mlp,HEIDRUN,,False,0.01749381730332978,0.11911585777997968,0.1594734787940979,0.20386498421430588,0.2894097924232483,0.0,2.881565737724304,3.9384573698043823,4.8690282821655275,6.612870121002198,2.644753241539005,10.429382228851317,14.157860279083252,16.9782693862915,21.906343460083008
2043-12,2043-12-01,global_mlp,2026-03,52.522643,0.16449805349111557,13.863125801086426,False,3.5989686250686646,3598968.6250686646,reported_conditioned_mlp,HEIDRUN,,False,0.00013067512772977434,0.12305914312601089,0.16449805349111557,0.20733589231967925,0.2942953914403916,0.0,2.673797965049743,3.5989686250686646,4.593890428543087,6.140907669067384,2.139782071113589,10.271175384521484,13.863125801086426,16.778658866882324,21.74818515777588
2044-01,2044-01-01,global_mlp,2026-03,52.522643,0.14845888316631317,13.648561954498291,False,3.4796403646469116,3479640.3646469116,reported_conditioned_mlp,HEIDRUN,,False,0.0,0.10939627438783645,0.14845888316631317,0.1892238453030586,0.2794892728328705,0.0,2.6133206605911257,3.4796403646469116,4.322612857818603,5.902602100372315,1.601042902469635,10.078311347961426,13.648561954498291,16.611230468749998,21.65609741210938
2044-02,2044-02-01,global_mlp,2026-03,52.522643,0.14832338690757751,13.467644691467285,False,3.614066243171692,3614066.243171692,reported_conditioned_mlp,HEIDRUN,,False,0.0,0.10910164564847946,0.14832338690757751,0.19156504273414607,0.26969920396804814,0.0,2.6789384365081785,3.614066243171692,4.55245451927185,6.648270082473755,1.4301168799400341,9.947292232513428,13.467644691467285,16.453312492370603,21.58988246917725
2044-03,2044-03-01,global_mlp,2026-03,52.522643,0.1353924721479416,13.260504722595215,False,3.7075101137161255,3707510.1137161255,reported_conditioned_mlp,HEIDRUN,,False,0.0,0.09323042780160902,0.1353924721479416,0.17541401684284208,0.25801400244235995,0.0,2.231174635887146,3.7075101137161255,4.550974321365356,6.170082950592042,1.2771834731101992,9.753211879730225,13.260504722595215,16.330382537841793,21.54428024291992
2044-04,2044-04-01,global_mlp,2026-03,52.522643,0.13573099672794342,13.139339447021484,False,4.239826917648315,4239826.917648315,reported_conditioned_mlp,HEIDRUN,,False,0.0,0.09576206505298614,0.13573099672794342,0.1697256088256836,0.24390020817518235,0.8805897772312166,3.4334880113601685,4.239826917648315,5.014542055130004,6.827021360397339,1.1674068212509157,9.61536169052124,13.139339447021484,16.135113525390626,21.394921684265135
2044-05,2044-05-01,global_mlp,2026-03,52.522643,0.15424491465091705,12.936083793640137,False,3.8416218757629395,3841621.8757629395,reported_conditioned_mlp,HEIDRUN,,False,0.0,0.11633922159671783,0.15424491465091705,0.19591967165470123,0.26533855497837067,0.22502788603305918,2.9837569713592527,3.8416218757629395,4.51373405456543,5.9032102108001725,0.9525905489921571,9.429308223724364,12.936083793640137,15.8919692993164,21.145549964904784
2044-06,2044-06-01,global_mlp,2026-03,52.522643,0.14285097271203995,12.757601261138916,False,3.676035523414612,3676035.523414612,reported_conditioned_mlp,HEIDRUN,,False,0.0,0.10310530886054038,0.14285097271203995,0.18037008941173546,0.2500695511698724,0.0,2.8300157546997067,3.676035523414612,4.428935766220093,5.679004049301149,0.773805719614029,9.295721435546874,12.757601261138916,15.765913009643553,20.978795051574707
2044-07,2044-07-01,global_mlp,2026-03,52.522643,0.13557133078575134,12.577567100524902,False,4.188481569290161,4188481.569290161,reported_conditioned_mlp,HEIDRUN,,False,0.0,0.09628047794103622,0.13557133078575134,0.16961535513401027,0.245461355149746,0.0,3.179200553894043,4.188481569290161,4.920087051391601,6.116565275192261,0.6286767244338994,9.150396347045898,12.577567100524902,15.618629169464109,20.903992462158204
2044-08,2044-08-01,global_mlp,2026-03,52.522643,0.15046973526477814,12.34511947631836,False,3.439117670059204,3439117.670059204,reported_conditioned_mlp,HEIDRUN,,False,0.0,0.1140186071395874,0.15046973526477814,0.1946140006184578,0.264517205953598,0.0,2.6845457553863525,3.439117670059204,4.094477796554565,5.4838003635406505,0.47282079160213597,8.983888530731202,12.34511947631836,15.462361812591553,20.77840747833252
2044-09,2044-09-01,global_mlp,2026-03,52.522643,0.14618484675884247,12.160128116607666,False,3.5446664094924927,3544666.4094924927,reported_conditioned_mlp,HEIDRUN,,False,0.0,0.10703147426247597,0.14618484675884247,0.1925693556666374,0.2630163431167603,0.0,2.7537645578384398,3.5446664094924927,4.228786516189575,5.706847333908081,0.2577411383390437,8.871702003479005,12.160128116607666,15.312777614593502,20.571509361267093
2044-10,2044-10-01,global_mlp,2026-03,52.522643,0.15034952759742737,12.043705940246582,False,3.823424816131592,3823424.816131592,reported_conditioned_mlp,HEIDRUN,,False,0.0,0.10201436728239059,0.15034952759742737,0.20475680828094484,0.2713031381368637,0.0,2.9931305646896362,3.823424816131592,4.630658149719238,6.174333429336548,0.044989764690399454,8.739517879486083,12.043705940246582,15.136295890808103,20.47330894470215
2044-11,2044-11-01,global_mlp,2026-03,52.522643,0.15828905254602432,11.892761707305908,False,3.906844973564148,3906844.973564148,reported_conditioned_mlp,HEIDRUN,,False,0.0,0.09699572473764419,0.15828905254602432,0.2062126651406288,0.280957356095314,0.0,2.915844130516052,3.906844973564148,4.6628546714782715,6.269561100006105,0.0,8.573343086242675,11.892761707305908,14.84007930755615,20.24226474761963
2044-12,2044-12-01,global_mlp,2026-03,52.522643,0.1632043793797493,11.741602897644043,False,3.7438167333602905,3743816.7333602905,reported_conditioned_mlp,HEIDRUN,,False,0.0,0.10996495410799978,0.1632043793797493,0.20547511279582972,0.283998915553093,0.0,2.698976016044617,3.7438167333602905,4.573816347122191,6.079623031616211,0.0,8.422104358673096,11.741602897644043,14.730978298187255,19.9651237487793
2045-01,2045-01-01,global_mlp,2026-03,52.522643,0.14727303385734558,11.624125957489014,False,3.357473850250244,3357473.850250244,reported_conditioned_mlp,HEIDRUN,,False,0.0,0.08788797780871391,0.14727303385734558,0.19438870549201961,0.2666357219219208,0.0,2.3801424264907833,3.357473850250244,4.249753046035766,5.780801010131836,0.0,8.249373054504394,11.624125957489014,14.579419040679932,19.7784330368042
2045-02,2045-02-01,global_mlp,2026-03,52.522643,0.14712895452976227,11.496193885803223,False,3.4799917936325073,3479991.7936325073,reported_conditioned_mlp,HEIDRUN,,False,0.0,0.08536206483840941,0.14712895452976227,0.196504271030426,0.2722800672054291,0.0,1.9643532395362853,3.4799917936325073,4.438650846481323,5.992061948776247,0.0,8.08160104751587,11.496193885803223,14.374916172027586,19.600983238220216
2045-03,2045-03-01,global_mlp,2026-03,52.522643,0.13065531849861145,11.342558860778809,False,3.449823498725891,3449823.498725891,reported_conditioned_mlp,HEIDRUN,,False,0.0,0.07220800891518592,0.13065531849861145,0.17689028233289716,0.24940871298313141,0.0,1.327073800563812,3.449823498725891,4.365841770172119,6.2433178424835205,0.0,7.925805950164795,11.342558860778809,14.213160705566406,19.42014274597168
2045-04,2045-04-01,global_mlp,2026-03,52.522643,0.1273968145251274,11.204265117645264,False,4.08429217338562,4084292.17338562,reported_conditioned_mlp,HEIDRUN,,False,0.0,0.09423335641622543,0.1273968145251274,0.16808030903339385,0.23584493994712832,0.0,3.099361228942871,4.08429217338562,4.939709758758545,6.804190635681153,0.0,7.753004550933838,11.204265117645264,14.028348541259762,19.311101722717286
2045-05,2045-05-01,global_mlp,2026-03,52.522643,0.14882946014404297,11.007984161376953,False,3.7229902744293213,3722990.2744293213,reported_conditioned_mlp,HEIDRUN,,False,0.0,0.10549936518073082,0.14882946014404297,0.19460636377334595,0.2728133857250214,0.0,2.5948115587234497,3.7229902744293213,4.483291959762573,5.851615095138552,0.0,7.508062219619751,11.007984161376953,13.871205234527585,19.19468173980713
2045-06,2045-06-01,global_mlp,2026-03,52.522643,0.13596510142087936,10.853134155273438,False,3.7033462524414062,3703346.2524414062,reported_conditioned_mlp,HEIDRUN,,False,0.0,0.09706455171108244,0.13596510142087936,0.1765892431139946,0.2674626648426056,0.0,2.8153416395187376,3.7033462524414062,4.36560912132263,5.6193053245544435,0.0,7.245805311203003,10.853134155273438,13.73843021392822,19.10455894470215
2045-07,2045-07-01,global_mlp,2026-03,52.522643,0.1403779238462448,10.660492420196533,False,3.990730047225952,3990730.047225952,reported_conditioned_mlp,HEIDRUN,,False,0.0,0.09181839823722839,0.1403779238462448,0.17956767082214353,0.24545747935771944,0.0,2.9238790988922108,3.990730047225952,4.812578868865964,6.085051822662354,0.0,7.09586133956909,10.660492420196533,13.601840209960935,19.00344944000244
2045-08,2045-08-01,global_mlp,2026-03,52.522643,0.1515670195221901,10.486994743347168,False,3.2831249237060547,3283124.9237060547,reported_conditioned_mlp,HEIDRUN,,False,0.0,0.10837484672665595,0.1515670195221901,0.19159730672836303,0.2633339524269105,0.0,2.2598463535308833,3.2831249237060547,4.017373514175415,5.421262025833131,0.0,6.811407566070557,10.486994743347168,13.451980876922608,18.779374313354495
2045-09,2045-09-01,global_mlp,2026-03,52.522643,0.14230556041002274,10.313202857971191,False,3.3247013092041016,3324701.3092041016,reported_conditioned_mlp,HEIDRUN,,False,0.0,0.09428879022598266,0.14230556041002274,0.1876633122563362,0.2651512503623963,0.0,2.3446074247360227,3.3247013092041016,4.180334997177124,5.732679891586304,0.0,6.649638462066649,10.313202857971191,13.365535640716551,18.684956359863282
2045-10,2045-10-01,global_mlp,2026-03,52.522643,0.15693260729312897,10.16100263595581,False,3.7376657724380493,3737665.7724380493,reported_conditioned_mlp,HEIDRUN,,False,0.0,0.09969776421785354,0.15693260729312897,0.19752589911222457,0.2803225040435791,0.0,2.710998606681824,3.7376657724380493,4.4935701847076395,5.73939552307129,0.0,6.405871343612671,10.16100263595581,13.253919696807861,18.56350975036621
2045-11,2045-11-01,global_mlp,2026-03,52.522643,0.15614573657512665,10.064373016357422,False,3.857128620147705,3857128.620147705,reported_conditioned_mlp,HEIDRUN,,False,0.0,0.0992082953453064,0.15614573657512665,0.19270019978284836,0.29344295263290404,0.0,2.634344172477722,3.857128620147705,4.786434602737427,6.250321197509768,0.0,6.149677562713623,10.064373016357422,13.115408325195311,18.43419666290283
2045-12,2045-12-01,global_mlp,2026-03,52.522643,0.15548142045736313,9.941694259643555,False,3.5211039781570435,3521103.9781570435,reported_conditioned_mlp,HEIDRUN,,False,0.0,0.1028631292283535,0.15548142045736313,0.2105642333626747,0.318990421295166,0.0,2.3246801853179924,3.5211039781570435,4.364766836166381,6.159529399871827,0.0,5.939755296707153,9.941694259643555,12.97948179244995,18.1732292175293
2046-01,2046-01-01,global_mlp,2026-03,52.522643,0.14282050728797913,9.773246765136719,False,3.2748464345932007,3274846.4345932007,reported_conditioned_mlp,HEIDRUN,,False,0.0,0.08664217442274093,0.14282050728797913,0.18902834504842753,0.3019296914339066,0.0,2.1470731019973748,3.2748464345932007,4.274129581451415,5.744163656234742,0.0,5.722426462173462,9.773246765136719,12.806792640686034,17.985377693176275
2046-02,2046-02-01,global_mlp,2026-03,52.522643,0.14389052987098694,9.663618087768555,False,3.333998441696167,3333998.441696167,reported_conditioned_mlp,HEIDRUN,,False,0.0,0.09025802612304687,0.14389052987098694,0.1894192472100258,0.2700293123722076,0.0,1.9672254800796507,3.333998441696167,4.326768207550049,5.906056737899781,0.0,5.529454565048217,9.663618087768555,12.671387481689452,17.892985725402838
2046-03,2046-03-01,global_mlp,2026-03,52.522643,0.12775811553001404,9.468430995941162,False,3.3311710357666016,3331171.0357666016,reported_conditioned_mlp,HEIDRUN,,False,0.0,0.06903568282723427,0.12775811553001404,0.1732672810554504,0.25243581533432013,0.0,1.2609781980514525,3.3311710357666016,4.539282417297363,6.1616340637207045,0.0,5.286026954650879,9.468430995941162,12.519417190551756,17.760778045654302
2046-04,2046-04-01,global_mlp,2026-03,52.522643,0.12658118456602097,9.252176284790039,False,4.099923372268677,4099923.3722686768,reported_conditioned_mlp,HEIDRUN,,False,0.0,0.08491456285119055,0.12658118456602097,0.16776073276996611,0.2430521309375763,0.0,3.096590685844421,4.099923372268677,4.983926057815551,6.404704236984254,0.0,5.084689664840698,9.252176284790039,12.364748096466062,17.632899093627934
2046-05,2046-05-01,global_mlp,2026-03,52.522643,0.144950732588768,8.917738437652588,False,3.6012011766433716,3601201.1766433716,reported_conditioned_mlp,HEIDRUN,,False,0.0,0.09640405252575872,0.144950732588768,0.19099621772766112,0.26696486473083497,0.0,2.508224129676819,3.6012011766433716,4.36275725364685,5.495739221572876,0.0,4.949274826049804,8.917738437652588,12.228647613525391,17.420468330383304
2046-06,2046-06-01,global_mlp,2026-03,52.522643,0.13239159435033798,8.827240943908691,False,3.3470749855041504,3347074.9855041504,reported_conditioned_mlp,HEIDRUN,,False,0.0,0.08354705125093459,0.13239159435033798,0.1747011169791221,0.24946744889020922,0.0,2.283172965049743,3.3470749855041504,4.303761529922485,5.649232387542725,0.0,4.882412672042847,8.827240943908691,12.097183513641356,17.273674392700197
2046-07,2046-07-01,global_mlp,2026-03,52.522643,0.12115221098065376,8.756443500518799,False,3.734287738800049,3734287.738800049,reported_conditioned_mlp,HEIDRUN,,False,0.0,0.08004763424396515,0.12115221098065376,0.1682441726326942,0.24171113073825842,0.0,2.5645896434783926,3.734287738800049,4.568331193923947,5.9356965065002445,0.0,4.74013304710388,8.756443500518799,11.976294231414794,17.14974765777588
2046-08,2046-08-01,global_mlp,2026-03,52.522643,0.13576266914606094,8.556052684783936,False,3.3097695112228394,3309769.5112228394,reported_conditioned_mlp,HEIDRUN,,False,0.0,0.08881515935063362,0.13576266914606094,0.1808321222662925,0.26977544724941255,0.0,2.1727970838546753,3.3097695112228394,3.916217088699339,5.2054964542388955,0.0,4.426963043212891,8.556052684783936,11.824420547485351,17.028211212158205
2046-09,2046-09-01,global_mlp,2026-03,52.522643,0.12952262163162231,8.382365226745605,False,3.2369638681411743,3236963.8681411743,reported_conditioned_mlp,HEIDRUN,,False,0.0,0.07678905203938484,0.12952262163162231,0.18154613524675367,0.2535794705152512,0.0,1.9664146065711974,3.2369638681411743,4.02546124458313,5.440592813491822,0.0,4.311486673355102,8.382365226745605,11.677160549163817,16.88486442565918
2046-10,2046-10-01,global_mlp,2026-03,52.522643,0.1462475210428238,8.185595035552979,False,3.5863579511642456,3586357.9511642456,reported_conditioned_mlp,HEIDRUN,,False,0.0,0.08369689434766768,0.1462475210428238,0.18606211245059967,0.2820929884910584,0.0,2.1762733221054074,3.5863579511642456,4.358110857009888,5.74310450553894,0.0,4.145915555953979,8.185595035552979,11.543592548370357,16.75022621154785
2046-11,2046-11-01,global_mlp,2026-03,52.522643,0.143002450466156,8.034273147583008,False,3.676627516746521,3676627.516746521,reported_conditioned_mlp,HEIDRUN,,False,0.0,0.0835765041410923,0.143002450466156,0.186706069111824,0.27627167403697966,0.0,1.9630743503570556,3.676627516746521,4.6877953052520756,6.136257457733154,0.0,4.0528560161590566,8.034273147583008,11.465516376495362,16.581851959228516
2046-12,2046-12-01,global_mlp,2026-03,52.522643,0.15058492124080658,7.922314882278442,False,3.3465769290924072,3346576.929092407,reported_conditioned_mlp,HEIDRUN,,False,0.0,0.08597852066159248,0.15058492124080658,0.18763657510280607,0.2661027967929841,0.0,1.7428396940231323,3.3465769290924072,4.341330480575562,5.919938135147096,0.0,3.835182762145996,7.922314882278442,11.333993530273435,16.41295642852783
2047-01,2047-01-01,global_mlp,2026-03,52.522643,0.13093826919794083,7.770128488540649,False,3.208369016647339,3208369.016647339,reported_conditioned_mlp,HEIDRUN,,False,0.0,0.06975899711251256,0.13093826919794083,0.18060323148965834,0.2563596844673157,0.0,1.5923361182212825,3.208369016647339,4.156995868682861,5.603055715560913,0.0,3.6766063928604122,7.770128488540649,11.179955101013181,16.23320484161377
2047-02,2047-02-01,global_mlp,2026-03,52.522643,0.12893235683441162,7.607605457305908,False,3.2526334524154663,3252633.4524154663,reported_conditioned_mlp,HEIDRUN,,False,0.0,0.06724979132413864,0.12893235683441162,0.17845274358987806,0.2522449195384979,0.0,1.2027233481407145,3.2526334524154663,4.1613609313964846,5.8492578029632565,0.0,3.504884004592895,7.607605457305908,10.992336654663086,16.09762420654297
2047-03,2047-03-01,global_mlp,2026-03,52.522643,0.1111224964261055,7.476818561553955,False,3.180235505104065,3180235.505104065,reported_conditioned_mlp,HEIDRUN,,False,0.0,0.05042855963110924,0.1111224964261055,0.1559330552816391,0.2264531299471856,0.0,0.3150963664054868,3.180235505104065,4.140520000457763,6.111420679092409,0.0,3.3199065208435052,7.476818561553955,10.874158477783203,15.952607822418214
2047-04,2047-04-01,global_mlp,2026-03,52.522643,0.1200578399002552,7.37318754196167,False,3.866026520729065,3866026.520729065,reported_conditioned_mlp,HEIDRUN,,False,0.0,0.06849982738494872,0.1200578399002552,0.15609225332736965,0.22248559743165972,0.0,2.7639052391052243,3.866026520729065,4.675179767608642,5.989399242401125,0.0,3.157793641090392,7.37318754196167,10.694621181488037,15.806893062591554
2047-05,2047-05-01,global_mlp,2026-03,52.522643,0.13587602972984314,7.194358587265015,False,3.4785574674606323,3478557.4674606323,reported_conditioned_mlp,HEIDRUN,,False,0.0,0.08262353092432022,0.13587602972984314,0.1849780276417732,0.24245263040065768,0.0,2.160905385017395,3.4785574674606323,4.257495546340942,5.3845312118530275,0.0,2.9368471860885617,7.194358587265015,10.508564472198485,15.757487106323243
2047-06,2047-06-01,global_mlp,2026-03,52.522643,0.12426236271858215,6.954028367996216,False,3.294550657272339,3294550.657272339,reported_conditioned_mlp,HEIDRUN,,False,0.0,0.07120655849575996,0.12426236271858215,0.16396966129541396,0.2365303471684456,0.0,2.075830030441284,3.294550657272339,4.063199186325069,5.314268732070925,0.0,2.7760682582855214,6.954028367996216,10.332036685943603,15.65320110321045
2047-07,2047-07-01,global_mlp,2026-03,52.522643,0.11292426288127899,6.682318449020386,False,3.760965585708618,3760965.585708618,reported_conditioned_mlp,HEIDRUN,,False,0.0,0.06657879650592803,0.11292426288127899,0.15665453672409055,0.21844867765903475,0.0,2.483441615104675,3.760965585708618,4.541984415054321,5.968872117996216,0.0,2.5610298633575437,6.682318449020386,10.196901512145994,15.532376194000244
2047-08,2047-08-01,global_mlp,2026-03,52.522643,0.13835614174604416,6.47743821144104,False,3.10942006111145,3109420.06111145,reported_conditioned_mlp,HEIDRUN,,False,0.0,0.07854641154408455,0.13835614174604416,0.17912878692150117,0.23711011707782745,0.0,1.6018556833267206,3.10942006111145,3.8673524856567383,5.409465599060058,0.0,2.353902244567871,6.47743821144104,10.051358604431151,15.439862537384034
2047-09,2047-09-01,global_mlp,2026-03,52.522643,0.1215435229241848,6.355998992919922,False,3.029765248298645,3029765.248298645,reported_conditioned_mlp,HEIDRUN,,False,0.0,0.06157058365643022,0.1215435229241848,0.1694856822490692,0.24723973125219345,0.0,0.936222380399704,3.029765248298645,3.977035140991211,5.2811404228210455,0.0,2.235687994956969,6.355998992919922,9.90346097946167,15.282299995422363
2047-10,2047-10-01,global_mlp,2026-03,52.522643,0.134764663875103,6.161971092224121,False,3.5014466047286987,3501446.6047286987,reported_conditioned_mlp,HEIDRUN,,False,0.0,0.065434792637825,0.134764663875103,0.17671756297349922,0.25532383918762214,0.0,1.6241432547569274,3.5014466047286987,4.288650369644165,5.757049417495729,0.0,2.05464265346527,6.161971092224121,9.723841190338133,15.134669971466066
2047-11,2047-11-01,global_mlp,2026-03,52.522643,0.12860287725925446,6.031829833984375,False,3.530664563179016,3530664.563179016,reported_conditioned_mlp,HEIDRUN,,False,0.0,0.0388864167034626,0.12860287725925446,0.18199905157089227,0.2590240627527237,0.0,1.1983346343040462,3.530664563179016,4.61667890548706,6.175847148895263,0.0,1.8078237652778621,6.031829833984375,9.576302909851075,15.006919670104981
2047-12,2047-12-01,global_mlp,2026-03,52.522643,0.13752810657024384,5.935692071914673,False,3.4094663858413696,3409466.3858413696,reported_conditioned_mlp,HEIDRUN,,False,0.0,0.050406583026051506,0.13752810657024384,0.18264828771352762,0.2714280039072037,0.0,0.6233229041099533,3.4094663858413696,4.27145709991455,5.514998626708987,0.0,1.618576622009276,5.935692071914673,9.398636722564694,14.847146129608156
2048-01,2048-01-01,global_mlp,2026-03,52.522643,0.12421729043126106,5.7126195430755615,False,3.0726397037506104,3072639.7037506104,reported_conditioned_mlp,HEIDRUN,,False,0.0,0.03157818783074617,0.12421729043126106,0.17045790404081343,0.2580811351537705,0.0,0.5208410114049896,3.0726397037506104,4.060041999816894,5.2852351665496835,0.0,1.3547223687171934,5.7126195430755615,9.191363430023191,14.711390209198
2048-02,2048-02-01,global_mlp,2026-03,52.522643,0.12141241133213043,5.481525421142578,False,3.0630677938461304,3063067.7938461304,reported_conditioned_mlp,HEIDRUN,,False,0.0,0.033857300505042064,0.12141241133213043,0.1743150860071182,0.24209793955087672,0.0,0.19590793997049272,3.0630677938461304,4.269077777862549,5.894287586212158,0.0,1.1645020484924316,5.481525421142578,9.015833854675291,14.613096046447755
2048-03,2048-03-01,global_mlp,2026-03,52.522643,0.10706422850489616,5.351093530654907,False,3.181923985481262,3181923.985481262,reported_conditioned_mlp,HEIDRUN,,False,0.0,0.0017449046834371925,0.10706422850489616,0.15319499671459197,0.21851880848407748,0.0,0.0,3.181923985481262,4.246296358108521,5.964488983154297,0.0,0.9830930829048136,5.351093530654907,8.87640037536621,14.47985954284668
2048-04,2048-04-01,global_mlp,2026-03,52.522643,0.11231337487697601,5.220539569854736,False,3.855632781982422,3855632.781982422,reported_conditioned_mlp,HEIDRUN,,False,0.0,0.038055066764354696,0.11231337487697601,0.15277986824512477,0.23517359644174576,0.0,1.9498861789703368,3.855632781982422,4.681338548660278,6.23559036254883,0.0,0.7200829982757568,5.220539569854736,8.78434362411499,14.351606750488283
2048-05,2048-05-01,global_mlp,2026-03,52.522643,0.1311720535159111,5.010307312011719,False,3.534952163696289,3534952.163696289,reported_conditioned_mlp,HEIDRUN,,False,0.0,0.051139862090349174,0.1311720535159111,0.1828086197376251,0.24877471923828132,0.0,1.3999844193458553,3.534952163696289,4.141543626785278,5.54072904586792,0.0,0.5530703008174895,5.010307312011719,8.625025558471679,14.167658710479738
2048-06,2048-06-01,global_mlp,2026-03,52.522643,0.11841782927513123,4.815394878387451,False,3.3516135215759277,3351613.5215759277,reported_conditioned_mlp,HEIDRUN,,False,0.0,0.04327139854431152,0.11841782927513123,0.16205638647079462,0.23579899221658712,0.0,1.434411513805388,3.3516135215759277,4.131108283996582,5.3635744094848645,0.0,0.39946154057979577,4.815394878387451,8.49778594970703,13.854851722717289
2048-07,2048-07-01,global_mlp,2026-03,52.522643,0.10493593290448189,4.687723159790039,False,3.5561108589172363,3556110.8589172363,reported_conditioned_mlp,HEIDRUN,,False,0.0,0.02084620837122198,0.10493593290448189,0.1512113973498344,0.21790314316749573,0.0,0.5083093613386145,3.5561108589172363,4.4634788036346436,6.08140630722046,0.0,0.31170348674058784,4.687723159790039,8.290723705291747,13.708638477325442
2048-08,2048-08-01,global_mlp,2026-03,52.522643,0.1220240406692028,4.559366464614868,False,3.1195708513259888,3119570.851325989,reported_conditioned_mlp,HEIDRUN,,False,0.0,0.0,0.1220240406692028,0.1729133531451225,0.24375626295804978,0.0,0.04445252157747734,3.1195708513259888,3.8618958711624143,5.035708808898928,0.0,0.20356592386960726,4.559366464614868,8.097123527526852,13.558402538299564
2048-09,2048-09-01,global_mlp,2026-03,52.522643,0.1162438802421093,4.4205873012542725,False,3.06534743309021,3065347.43309021,reported_conditioned_mlp,HEIDRUN,,False,0.0,0.0,0.1162438802421093,0.16473382115364074,0.23761466592550282,0.0,0.24614937752485266,3.06534743309021,3.884103393554687,5.3856032371521,0.0,0.08227276504039631,4.4205873012542725,7.918272304534905,13.468330478668216
2048-10,2048-10-01,global_mlp,2026-03,52.522643,0.12264471873641014,4.281729221343994,False,3.289976954460144,3289976.954460144,reported_conditioned_mlp,HEIDRUN,,False,0.0,0.0,0.12264471873641014,0.17412346303462975,0.25041165649890906,0.0,0.2186402812600125,3.289976954460144,4.303645420074463,5.890826702117923,0.0,0.0,4.281729221343994,7.714022827148433,13.329449939727784
2048-11,2048-11-01,global_mlp,2026-03,52.522643,0.122430469840765,4.143733024597168,False,3.3034701347351074,3303470.1347351074,reported_conditioned_mlp,HEIDRUN,,False,0.0,0.0,0.122430469840765,0.17499524652957915,0.2563051193952561,0.0,0.0,3.3034701347351074,4.391435003280639,5.907110452651979,0.0,0.0,4.143733024597168,7.50113158226013,13.051695823669437
2048-12,2048-12-01,global_mlp,2026-03,52.522643,0.12455948069691658,3.914997100830078,False,3.263476252555847,3263476.252555847,reported_conditioned_mlp,HEIDRUN,,False,0.0,0.0,0.12455948069691658,0.179937607049942,0.261200687289238,0.0,0.0,3.263476252555847,4.345214366912842,5.827868795394899,0.0,0.0,3.914997100830078,7.371160554885855,13.036648559570313
2049-01,2049-01-01,global_mlp,2026-03,52.522643,0.10920793190598488,3.7922253608703613,False,2.8968489170074463,2896848.9170074463,reported_conditioned_mlp,HEIDRUN,,False,0.0,0.0,0.10920793190598488,0.16633325070142738,0.2390795022249222,0.0,0.0,2.8968489170074463,3.8009634733200075,5.225814962387085,0.0,0.0,3.7922253608703613,7.274937343597403,12.97272548675537
2049-02,2049-02-01,global_mlp,2026-03,52.522643,0.11562102660536766,3.652848958969116,False,2.9706491231918335,2970649.1231918335,reported_conditioned_mlp,HEIDRUN,,False,0.0,0.0,0.11562102660536766,0.1677888378500938,0.23504890948534016,0.0,0.0,2.9706491231918335,4.006335163116455,5.74102807044983,0.0,0.0,3.652848958969116,7.199499416351312,12.776040840148926
2049-03,2049-03-01,global_mlp,2026-03,52.522643,0.09041308239102364,3.455656886100769,False,2.740399956703186,2740399.956703186,reported_conditioned_mlp,HEIDRUN,,False,0.0,0.0,0.09041308239102364,0.14749374985694874,0.21685470044612887,0.0,0.0,2.740399956703186,4.071172380447385,5.9511809825897215,0.0,0.0,3.455656886100769,7.152274703979489,12.467537021636968
2049-04,2049-04-01,global_mlp,2026-03,52.522643,0.09392740204930305,3.309116840362549,False,3.5178074836730957,3517807.4836730957,reported_conditioned_mlp,HEIDRUN,,False,0.0,0.0,0.09392740204930305,0.15280194282531737,0.21197292208671573,0.0,0.398011362552639,3.5178074836730957,4.492517948150635,5.857717418670655,0.0,0.0,3.309116840362549,7.125994062423706,12.27329120635987
2049-05,2049-05-01,global_mlp,2026-03,52.522643,0.10817787796258926,3.096199154853821,False,3.012601613998413,3012601.613998413,reported_conditioned_mlp,HEIDRUN,,False,0.0,0.0,0.10817787796258926,0.16677792519330972,0.2476852953433991,0.0,0.3868530482053755,3.012601613998413,4.0403023719787585,5.4419875144958505,0.0,0.0,3.096199154853821,6.836978435516355,12.108686065673833
2049-06,2049-06-01,global_mlp,2026-03,52.522643,0.08896451815962791,2.939985990524292,False,2.976940393447876,2976940.393447876,reported_conditioned_mlp,HEIDRUN,,False,0.0,0.0,0.08896451815962791,0.1546944841742515,0.236550173163414,0.0,0.0,2.976940393447876,3.8590647935867297,5.443058538436891,0.0,0.0,2.939985990524292,6.629496860504147,11.986544609069824
2049-07,2049-07-01,global_mlp,2026-03,52.522643,0.09197242185473442,2.815311312675476,False,3.4895893335342407,3489589.3335342407,reported_conditioned_mlp,HEIDRUN,,False,0.0,0.0,0.09197242185473442,0.15450461953878403,0.22297373563051226,0.0,0.0,3.4895893335342407,4.36273398399353,6.083306598663331,0.0,0.0,2.815311312675476,6.510936307907103,11.713252258300782
2049-08,2049-08-01,global_mlp,2026-03,52.522643,0.10241241008043289,2.7062000036239624,False,2.8811028003692627,2881102.8003692627,reported_conditioned_mlp,HEIDRUN,,False,0.0,0.0,0.10241241008043289,0.16534289568662638,0.2402524501085282,0.0,0.0,2.8811028003692627,3.84612500667572,5.3459508419036865,0.0,0.0,2.7062000036239624,6.37923741340637,11.514972019195557
2049-09,2049-09-01,global_mlp,2026-03,52.522643,0.07933735102415085,2.608816146850586,False,2.816458582878113,2816458.582878113,reported_conditioned_mlp,HEIDRUN,,False,0.0,0.0,0.07933735102415085,0.14997979253530497,0.23156115859746937,0.0,0.0,2.816458582878113,3.817509555816649,5.456055450439456,0.0,0.0,2.608816146850586,6.1761602401733375,11.275184917449952
2049-10,2049-10-01,global_mlp,2026-03,52.522643,0.09140818938612938,2.4613749980926514,False,2.8963435888290405,2896343.5888290405,reported_conditioned_mlp,HEIDRUN,,False,0.0,0.0,0.09140818938612938,0.1639070078730583,0.23443205505609516,0.0,0.0,2.8963435888290405,4.006784725189209,5.494524145126343,0.0,0.0,2.4613749980926514,6.024595832824706,11.031069374084474
2049-11,2049-11-01,global_mlp,2026-03,52.522643,0.09533011168241501,2.306495785713196,False,2.932137370109558,2932137.370109558,reported_conditioned_mlp,HEIDRUN,,False,0.0,0.0,0.09533011168241501,0.16516811102628706,0.2322682023048401,0.0,0.0,2.932137370109558,4.281319618225096,6.073497676849367,0.0,0.0,2.306495785713196,5.957203674316406,10.809592151641848
2049-12,2049-12-01,global_mlp,2026-03,52.522643,0.08953243866562843,2.1336809396743774,False,2.546036958694458,2546036.958694458,reported_conditioned_mlp,HEIDRUN,,False,0.0,0.0,0.08953243866562843,0.16414374411106109,0.24242590963840485,0.0,0.0,2.546036958694458,3.997059488296507,5.636280393600464,0.0,0.0,2.1336809396743774,5.743058919906611,10.615492534637454
2050-01,2050-01-01,global_mlp,2026-03,52.522643,0.07791698724031448,2.0230389833450317,False,2.0591973066329956,2059197.3066329956,reported_conditioned_mlp,HEIDRUN,,False,0.0,0.0,0.07791698724031448,0.1566016837954521,0.23350929915905003,0.0,0.0,2.0591973066329956,3.7411528825759883,5.551679611206055,0.0,0.0,2.0230389833450317,5.607010507583615,10.401266384124757
2050-02,2050-02-01,global_mlp,2026-03,52.522643,0.058753445744514465,1.8110585808753967,False,2.230746626853943,2230746.626853943,reported_conditioned_mlp,HEIDRUN,,False,0.0,0.0,0.058753445744514465,0.14275787770748136,0.23858712613582614,0.0,0.0,2.230746626853943,3.9307032108306874,5.834592008590699,0.0,0.0,1.8110585808753967,5.39634022712707,10.194846725463869
2050-03,2050-03-01,global_mlp,2026-03,52.522643,0.03235606662929058,1.7045611143112183,False,1.7049280405044556,1704928.0405044556,reported_conditioned_mlp,HEIDRUN,,False,0.0,0.0,0.03235606662929058,0.1271639466285705,0.19698833823204043,0.0,0.0,1.7049280405044556,3.913765287399291,5.484580326080323,0.0,0.0,1.7045611143112183,5.362760972976685,10.078724956512454
2050-04,2050-04-01,global_mlp,2026-03,52.522643,0.05960743501782417,1.5951763987541199,False,3.1812987327575684,3181298.7327575684,reported_conditioned_mlp,HEIDRUN,,False,0.0,0.0,0.05960743501782417,0.1269086420536041,0.20577642768621446,0.0,0.0,3.1812987327575684,4.31616735458374,5.556289148330689,0.0,0.0,1.5951763987541199,5.205413341522217,10.022026443481447
2050-05,2050-05-01,global_mlp,2026-03,52.522643,0.08376948162913322,1.4252523183822632,False,3.0153242349624634,3015324.2349624634,reported_conditioned_mlp,HEIDRUN,,False,0.0,0.0,0.08376948162913322,0.14513276815414428,0.22908374667167666,0.0,0.0,3.0153242349624634,3.9986993312835692,5.462415981292724,0.0,0.0,1.4252523183822632,4.902922582626338,9.921955013275149
2050-06,2050-06-01,global_mlp,2026-03,52.522643,0.0634312592446804,1.314123272895813,False,2.780947208404541,2780947.208404541,reported_conditioned_mlp,HEIDRUN,,False,0.0,0.0,0.0634312592446804,0.13125490695238112,0.21339635103940974,0.0,0.0,2.780947208404541,3.9251671791076657,5.297888326644903,0.0,0.0,1.314123272895813,4.77387328147888,9.83418531417847
2050-07,2050-07-01,global_mlp,2026-03,52.522643,0.058441223576664925,1.1097335815429688,False,2.971413016319275,2971413.016319275,reported_conditioned_mlp,HEIDRUN,,False,0.0,0.0,0.058441223576664925,0.12357696816325188,0.1970164999365807,0.0,0.0,2.971413016319275,4.208763790130614,5.807391834259033,0.0,0.0,1.1097335815429688,4.621292877197261,9.719059276580811
2050-08,2050-08-01,global_mlp,2026-03,52.522643,0.05149806849658489,0.8284498155117035,False,2.3912373781204224,2391237.3781204224,reported_conditioned_mlp,HEIDRUN,,False,0.0,0.0,0.05149806849658489,0.13733877390623087,0.2210411548614502,0.0,0.0,2.3912373781204224,3.6137797594070435,4.9793033599853525,0.0,0.0,0.8284498155117035,4.5471759796142575,9.535229015350344
2050-09,2050-09-01,global_mlp,2026-03,52.522643,0.052095260471105576,0.6337447166442871,False,2.3919683694839478,2391968.3694839478,reported_conditioned_mlp,HEIDRUN,,False,0.0,0.0,0.052095260471105576,0.1349452018737792,0.22897194474935534,0.0,0.0,2.3919683694839478,3.78068413734436,5.175717449188233,0.0,0.0,0.6337447166442871,4.363038492202754,9.469749832153322
2050-10,2050-10-01,global_mlp,2026-03,52.522643,0.04545770026743412,0.4733079969882965,False,2.2250545024871826,2225054.5024871826,reported_conditioned_mlp,HEIDRUN,,False,0.0,0.0,0.04545770026743412,0.14439898878335944,0.2181241422891617,0.0,0.0,2.2250545024871826,4.018442916870117,5.684659099578857,0.0,0.0,0.4733079969882965,4.189580917358391,9.394011783599854
2050-11,2050-11-01,global_mlp,2026-03,52.522643,0.017044655978679657,0.2390463799238205,False,2.425306558609009,2425306.558609009,reported_conditioned_mlp,HEIDRUN,,False,0.0,0.0,0.017044655978679657,0.13412453830242152,0.21834798008203507,0.0,0.0,2.425306558609009,4.03731036186218,5.717752599716188,0.0,0.0,0.2390463799238205,4.046049237251273,9.153036594390871
2050-12,2050-12-01,global_mlp,2026-03,52.522643,0.0004943835665471852,0.030434459447860718,False,2.125476360321045,2125476.360321045,reported_conditioned_mlp,HEIDRUN,,False,0.0,0.0,0.0004943835665471852,0.14895290434360503,0.2293012082576752,0.0,0.0,2.125476360321045,3.861474156379697,5.484268999099734,0.0,0.0,0.030434459447860718,3.8635440587997376,8.87447681427002
2051-01,2051-01-01,global_mlp,2026-03,52.522643,0.0,0.0,False,1.6521722674369812,1652172.2674369812,reported_conditioned_mlp,HEIDRUN,,False,0.0,0.0,0.0,0.12653784304857255,0.21439531147480012,0.0,0.0,1.6521722674369812,3.885322284698486,5.192626857757569,0.0,0.0,0.0,3.709535145759582,8.672156906127933
2051-02,2051-02-01,global_mlp,2026-03,52.522643,0.0,0.0,False,0.9510256946086884,951025.6946086884,reported_conditioned_mlp,HEIDRUN,,False,0.0,0.0,0.0,0.12886294871568676,0.2222844511270523,0.0,0.0,0.9510256946086884,3.4997853040695173,5.453259086608887,0.0,0.0,0.0,3.539612174034115,8.611852836608891
2051-03,2051-03-01,global_mlp,2026-03,52.522643,0.0,0.0,False,0.5500397086143494,550039.7086143494,reported_conditioned_mlp,HEIDRUN,,False,0.0,0.0,0.0,0.11082865446805952,0.19315597712993623,0.0,0.0,0.5500397086143494,3.665664768218993,5.557057905197143,0.0,0.0,0.0,3.397084593772886,8.596498489379883
