month,date,variant,cutoff_month,remaining_reserves_start_msm3oe,production_forecast_msm3oe,remaining_reserves_end_msm3oe,production_was_clipped,fuel_gas_forecast_msm3,fuel_gas_forecast_sm3,fuel_forecast_method,fuel_source_field,fuel_zero_from_month,fuel_zero_override_applied,production_forecast_msm3oe_q10,production_forecast_msm3oe_q30,production_forecast_msm3oe_q50,production_forecast_msm3oe_q70,production_forecast_msm3oe_q90,fuel_gas_forecast_msm3_q10,fuel_gas_forecast_msm3_q30,fuel_gas_forecast_msm3_q50,fuel_gas_forecast_msm3_q70,fuel_gas_forecast_msm3_q90,remaining_reserves_end_msm3oe_q10,remaining_reserves_end_msm3oe_q30,remaining_reserves_end_msm3oe_q50,remaining_reserves_end_msm3oe_q70,remaining_reserves_end_msm3oe_q90
2026-04,2026-04-01,global_mlp,2026-03,2.697676,0.030845054425299168,2.666830897331238,False,0.0,0.0,external_power_zero,Njord A,,False,0.022455801814794542,0.027746994234621524,0.030845054425299168,0.03484961241483688,0.040578908100724224,0.0,0.0,0.0,0.0,0.0,2.6570969820022583,2.662826418876648,2.666830897331238,2.6699288845062257,2.6752201080322267
2026-05,2026-05-01,global_mlp,2026-03,2.697676,0.02911130152642727,2.6377209424972534,False,0.0,0.0,external_power_zero,Njord A,,False,0.021177235431969164,0.025644183717668058,0.02911130152642727,0.03333575651049614,0.03941366598010063,0.0,0.0,0.0,0.0,0.0,2.6198051452636717,2.629868245124817,2.6377209424972534,2.6441951036453246,2.6533698797225953
2026-06,2026-06-01,global_mlp,2026-03,2.697676,0.02910248003900051,2.6087937355041504,False,0.0,0.0,external_power_zero,Njord A,,False,0.020971171930432318,0.025111244618892668,0.02910248003900051,0.03247760310769081,0.03772055543959141,0.0,0.0,0.0,0.0,0.0,2.5847575426101685,2.5979446887969972,2.6087937355041504,2.6175820589065553,2.6318832635879517
2026-07,2026-07-01,global_mlp,2026-03,2.697676,0.028156479820609093,2.5819740295410156,False,0.0,0.0,external_power_zero,Njord A,,False,0.020060711540281773,0.024761452712118624,0.028156479820609093,0.03207869455218315,0.03788203410804272,0.0,0.0,0.0,0.0,0.0,2.5480731964111327,2.567848968505859,2.5819740295410156,2.592508816719055,2.609012007713318
2026-08,2026-08-01,global_mlp,2026-03,2.697676,0.027190815657377243,2.553536295890808,False,0.0,0.0,external_power_zero,Njord A,,False,0.019180759601294995,0.023326713778078555,0.027190815657377243,0.03035306707024574,0.037003816664218904,0.0,0.0,0.0,0.0,0.0,2.511332607269287,2.5386067152023317,2.553536295890808,2.568871855735779,2.588289165496826
2026-09,2026-09-01,global_mlp,2026-03,2.697676,0.026830172166228294,2.526884078979492,False,0.0,0.0,external_power_zero,Njord A,,False,0.019008809700608253,0.0237911032512784,0.026830172166228294,0.030644371360540386,0.036842934414744385,0.0,0.0,0.0,0.0,0.0,2.476684737205505,2.5068593978881837,2.526884078979492,2.544029688835144,2.565489482879639
2026-10,2026-10-01,global_mlp,2026-03,2.697676,0.02732876129448414,2.500525951385498,False,0.0,0.0,external_power_zero,Njord A,,False,0.017968363128602505,0.023432353511452675,0.02732876129448414,0.030772331915795797,0.03742332570254803,0.0,0.0,0.0,0.0,0.0,2.445384383201599,2.475503754615784,2.500525951385498,2.519879913330078,2.5443084478378295
2026-11,2026-11-01,global_mlp,2026-03,2.697676,0.02871617302298546,2.471139430999756,False,0.0,0.0,external_power_zero,Njord A,,False,0.018224362283945084,0.025148305296897887,0.02871617302298546,0.03322384394705295,0.039354382082819946,0.0,0.0,0.0,0.0,0.0,2.4000298500061037,2.4431390047073362,2.471139430999756,2.4913953304290772,2.5228256940841676
2026-12,2026-12-01,global_mlp,2026-03,2.697676,0.0289372643455863,2.4415706396102905,False,0.0,0.0,external_power_zero,Njord A,,False,0.019504712149500846,0.025017719157040118,0.0289372643455863,0.033552554622292514,0.0415856808423996,0.0,0.0,0.0,0.0,0.0,2.3620046377182007,2.4096070766448974,2.4415706396102905,2.464187407493591,2.5020740032196045
2027-01,2027-01-01,global_mlp,2026-03,2.697676,0.02917862869799137,2.410404920578003,False,0.0,0.0,external_power_zero,Njord A,,False,0.017863461561501027,0.024714804627001284,0.02917862869799137,0.034701212868094446,0.04203252159059048,0.0,0.0,0.0,0.0,0.0,2.326993632316589,2.3757259368896486,2.410404920578003,2.43953423500061,2.4795052766799928
2027-02,2027-02-01,global_mlp,2026-03,2.697676,0.027887112461030483,2.3813377618789673,False,0.0,0.0,external_power_zero,Njord A,,False,0.016743476875126364,0.02265425883233547,0.027887112461030483,0.03232671730220318,0.04116795286536217,0.0,0.0,0.0,0.0,0.0,2.2905565023422243,2.3420756101608275,2.3813377618789673,2.4155161380767822,2.461225485801697
2027-03,2027-03-01,global_mlp,2026-03,2.697676,0.027717087417840958,2.3549575805664062,False,0.0,0.0,external_power_zero,Njord A,,False,0.015782287903130056,0.02305963821709156,0.027717087417840958,0.03271595053374767,0.0409564457833767,0.0,0.0,0.0,0.0,0.0,2.2538658618927,2.309989404678345,2.3549575805664062,2.392213749885559,2.4439701318740843
2027-04,2027-04-01,global_mlp,2026-03,2.697676,0.025697823613882065,2.3278545141220093,False,0.0,0.0,external_power_zero,Njord A,,False,0.014030443318188191,0.02089149728417396,0.025697823613882065,0.0316451523452997,0.04236920922994614,0.0,0.0,0.0,0.0,0.0,2.2175400972366335,2.280505132675171,2.3278545141220093,2.368712902069092,2.4258281707763674
2027-05,2027-05-01,global_mlp,2026-03,2.697676,0.025330282747745514,2.301817774772644,False,0.0,0.0,external_power_zero,Njord A,,False,0.014466333482414485,0.02048682700842619,0.025330282747745514,0.03048064801841974,0.03937706500291826,0.0,0.0,0.0,0.0,0.0,2.1876538753509522,2.2467289209365844,2.301817774772644,2.345669341087341,2.4100332498550414
2027-06,2027-06-01,global_mlp,2026-03,2.697676,0.024945636279881,2.2760705947875977,False,0.0,0.0,external_power_zero,Njord A,,False,0.013789970893412828,0.02058130484074354,0.024945636279881,0.03035655599087476,0.038566062599420546,0.0,0.0,0.0,0.0,0.0,2.1507970333099364,2.218374800682068,2.2760705947875977,2.3229304790496825,2.3939720153808595
2027-07,2027-07-01,global_mlp,2026-03,2.697676,0.025123163126409054,2.2488157749176025,False,0.0,0.0,external_power_zero,Njord A,,False,0.013413312286138535,0.01945896428078413,0.025123163126409054,0.030587172508239738,0.0388628575950861,0.0,0.0,0.0,0.0,0.0,2.1149530172348023,2.1889695167541503,2.2488157749176025,2.301144003868103,2.377943682670593
2027-08,2027-08-01,global_mlp,2026-03,2.697676,0.023674646392464638,2.2253440618515015,False,0.0,0.0,external_power_zero,Njord A,,False,0.012615053448826075,0.01883970722556114,0.023674646392464638,0.0288343058899045,0.03767911642789841,0.0,0.0,0.0,0.0,0.0,2.078197479248047,2.1597325801849365,2.2253440618515015,2.282900404930115,2.3655969142913817
2027-09,2027-09-01,global_mlp,2026-03,2.697676,0.023363490588963032,2.1997878551483154,False,0.0,0.0,external_power_zero,Njord A,,False,0.0134965218603611,0.019193638674914835,0.023363490588963032,0.02954633068293333,0.038792070001363754,0.0,0.0,0.0,0.0,0.0,2.0465601444244386,2.1324814558029175,2.1997878551483154,2.2607354640960695,2.348546290397644
2027-10,2027-10-01,global_mlp,2026-03,2.697676,0.023899775929749012,2.1773301362991333,False,0.0,0.0,external_power_zero,Njord A,,False,0.012645635101944209,0.01897561717778444,0.023899775929749012,0.02882089558988809,0.03707703240215779,0.0,0.0,0.0,0.0,0.0,2.0117428302764893,2.1030784845352173,2.1773301362991333,2.2420472145080566,2.3364373922348025
2027-11,2027-11-01,global_mlp,2026-03,2.697676,0.024053015746176243,2.1488587856292725,False,0.0,0.0,external_power_zero,Njord A,,False,0.013234596885740758,0.01942654848098755,0.024053015746176243,0.029622175358235837,0.04102977402508259,0.0,0.0,0.0,0.0,0.0,1.9771921038627625,2.073384404182434,2.1488587856292725,2.2191667795181274,2.3165922641754153
2027-12,2027-12-01,global_mlp,2026-03,2.697676,0.02386023849248886,2.1269367933273315,False,0.0,0.0,external_power_zero,Njord A,,False,0.01242604898288846,0.01874082591384649,0.02386023849248886,0.029807512648403634,0.03883262500166894,0.0,0.0,0.0,0.0,0.0,1.9399095177650452,2.0428229570388794,2.1269367933273315,2.199036908149719,2.3066564559936524
2028-01,2028-01-01,global_mlp,2026-03,2.697676,0.02332099713385105,2.1027649641036987,False,0.0,0.0,external_power_zero,Njord A,,False,0.012849599216133356,0.018781101144850255,0.02332099713385105,0.029110188595950597,0.039738986641168594,0.0,0.0,0.0,0.0,0.0,1.9030423641204834,2.014299917221069,2.1027649641036987,2.1787568092346192,2.2939059734344482
2028-02,2028-02-01,global_mlp,2026-03,2.697676,0.023142406716942787,2.076995611190796,False,0.0,0.0,external_power_zero,Njord A,,False,0.011447054706513882,0.018715340830385684,0.023142406716942787,0.028544264659285543,0.0381634920835495,0.0,0.0,0.0,0.0,0.0,1.8692270636558532,1.9871759295463562,2.076995611190796,2.1595524072647097,2.2762889146804812
2028-03,2028-03-01,global_mlp,2026-03,2.697676,0.02220508735626936,2.053029179573059,False,0.0,0.0,external_power_zero,Njord A,,False,0.011356464866548777,0.018111121095716953,0.02220508735626936,0.02815526947379112,0.03922935575246811,0.0,0.0,0.0,0.0,0.0,1.8307100296020509,1.9624236941337585,2.053029179573059,2.1421459674835206,2.262314033508301
2028-04,2028-04-01,global_mlp,2026-03,2.697676,0.021779362112283707,2.030776023864746,False,0.0,0.0,external_power_zero,Njord A,,False,0.010682525858283044,0.01694844514131546,0.021779362112283707,0.02675488665699959,0.03860518634319306,0.0,0.0,0.0,0.0,0.0,1.798754584789276,1.9394795894622803,2.030776023864746,2.123294305801392,2.251972961425781
2028-05,2028-05-01,global_mlp,2026-03,2.697676,0.021426926366984844,2.008702278137207,False,0.0,0.0,external_power_zero,Njord A,,False,0.01018293183296919,0.016554751619696613,0.021426926366984844,0.026477891393005847,0.03724774979054928,0.0,0.0,0.0,0.0,0.0,1.763756799697876,1.9184746384620666,2.008702278137207,2.1030579566955563,2.234754276275635
2028-06,2028-06-01,global_mlp,2026-03,2.697676,0.020919300615787506,1.9866645336151123,False,0.0,0.0,external_power_zero,Njord A,,False,0.009841919597238303,0.016073524951934814,0.020919300615787506,0.02641428727656603,0.03652689568698407,0.0,0.0,0.0,0.0,0.0,1.7342177271842956,1.888084626197815,1.9866645336151123,2.083861804008484,2.223091197013855
2028-07,2028-07-01,global_mlp,2026-03,2.697676,0.020481913350522518,1.9603944420814514,False,0.0,0.0,external_power_zero,Njord A,,False,0.010795399174094202,0.01655005868524313,0.020481913350522518,0.025202333740890023,0.035455512627959256,0.0,0.0,0.0,0.0,0.0,1.6995879650115966,1.8649954438209533,1.9603944420814514,2.0692264318466185,2.2118149280548094
2028-08,2028-08-01,global_mlp,2026-03,2.697676,0.01978658325970173,1.9366779923439026,False,0.0,0.0,external_power_zero,Njord A,,False,0.009488441981375217,0.015619216766208407,0.01978658325970173,0.024786669947206973,0.03578606396913529,0.0,0.0,0.0,0.0,0.0,1.6740997076034547,1.8441040635108947,1.9366779923439026,2.051172614097595,2.1974347591400147
2028-09,2028-09-01,global_mlp,2026-03,2.697676,0.019904729910194874,1.9171796441078186,False,0.0,0.0,external_power_zero,Njord A,,False,0.009856828022748232,0.01558938417583704,0.019904729910194874,0.02496402431279421,0.036021113023161896,0.0,0.0,0.0,0.0,0.0,1.6400161862373352,1.8236176729202271,1.9171796441078186,2.033029270172119,2.1844104528427124
2028-10,2028-10-01,global_mlp,2026-03,2.697676,0.019715421833097935,1.8956156373023987,False,0.0,0.0,external_power_zero,Njord A,,False,0.00843792436644435,0.015228606201708317,0.019715421833097935,0.024858903139829636,0.03561298511922361,0.0,0.0,0.0,0.0,0.0,1.6075270533561707,1.8041776776313783,1.8956156373023987,2.0173017978668213,2.1690706253051757
2028-11,2028-11-01,global_mlp,2026-03,2.697676,0.019941953010857105,1.8748981952667236,False,0.0,0.0,external_power_zero,Njord A,,False,0.009227431565523147,0.01581797357648611,0.019941953010857105,0.025432548858225344,0.03529093936085701,0.0,0.0,0.0,0.0,0.0,1.5790747046470641,1.775056207180023,1.8748981952667236,2.002700352668762,2.153470849990845
2028-12,2028-12-01,global_mlp,2026-03,2.697676,0.019326085224747658,1.8552905321121216,False,0.0,0.0,external_power_zero,Njord A,,False,0.00945092486217618,0.015160321630537509,0.019326085224747658,0.024776706658303733,0.034703063592314724,0.0,0.0,0.0,0.0,0.0,1.5535773754119873,1.7489054918289184,1.8552905321121216,1.9837356448173522,2.1431613683700563
2029-01,2029-01-01,global_mlp,2026-03,2.697676,0.019295258447527885,1.836978018283844,False,0.0,0.0,external_power_zero,Njord A,,False,0.009715828206390142,0.015203877910971641,0.019295258447527885,0.024763169698417183,0.035318852961063386,0.0,0.0,0.0,0.0,0.0,1.5185697197914123,1.7251750946044921,1.836978018283844,1.9669626832008362,2.1306366682052613
2029-02,2029-02-01,global_mlp,2026-03,2.697676,0.019176514819264412,1.8170848488807678,False,0.0,0.0,external_power_zero,Njord A,,False,0.00894616898149252,0.015289831161499023,0.019176514819264412,0.024659280106425284,0.03347151167690754,0.0,0.0,0.0,0.0,0.0,1.4900219440460205,1.7067357897758484,1.8170848488807678,1.947041642665863,2.1169530630111697
2029-03,2029-03-01,global_mlp,2026-03,2.697676,0.01908634603023529,1.7937589287757874,False,0.0,0.0,external_power_zero,Njord A,,False,0.008536020759493113,0.013829606678336858,0.01908634603023529,0.023273727297782897,0.03317105919122696,0.0,0.0,0.0,0.0,0.0,1.4657915234565735,1.6794830679893493,1.7937589287757874,1.9321101307868958,2.105071783065796
2029-04,2029-04-01,global_mlp,2026-03,2.697676,0.018546869978308678,1.7728806734085083,False,0.0,0.0,external_power_zero,Njord A,,False,0.0074089654255658395,0.014217761624604463,0.018546869978308678,0.024353252537548532,0.0346791572868824,0.0,0.0,0.0,0.0,0.0,1.4410462141036988,1.6542306303977967,1.7728806734085083,1.909439694881439,2.0925792932510374
2029-05,2029-05-01,global_mlp,2026-03,2.697676,0.018010773696005344,1.7553770542144775,False,0.0,0.0,external_power_zero,Njord A,,False,0.007868180051445961,0.014087807107716798,0.018010773696005344,0.023437542095780372,0.032104843854904176,0.0,0.0,0.0,0.0,0.0,1.4187073588371277,1.6316050648689269,1.7553770542144775,1.891130745410919,2.07567355632782
2029-06,2029-06-01,global_mlp,2026-03,2.697676,0.018114112317562103,1.7362760305404663,False,0.0,0.0,external_power_zero,Njord A,,False,0.007529457146301866,0.013564671948552131,0.018114112317562103,0.02265371438115835,0.031454407051205634,0.0,0.0,0.0,0.0,0.0,1.387699508666992,1.6052738904953003,1.7362760305404663,1.8724605321884156,2.0666708946228027
2029-07,2029-07-01,global_mlp,2026-03,2.697676,0.017916470766067505,1.7204941511154175,False,0.0,0.0,external_power_zero,Njord A,,False,0.007105209352448584,0.013920882530510425,0.017916470766067505,0.02281647995114326,0.03051079846918583,0.0,0.0,0.0,0.0,0.0,1.3657562613487244,1.5842147469520569,1.7204941511154175,1.8593399405479432,2.0592477321624756
2029-08,2029-08-01,global_mlp,2026-03,2.697676,0.016852768138051033,1.7057617902755737,False,0.0,0.0,external_power_zero,Njord A,,False,0.006354965968057514,0.012586687225848436,0.016852768138051033,0.0214917441830039,0.030720162019133572,0.0,0.0,0.0,0.0,0.0,1.3404625892639161,1.5625092744827271,1.7057617902755737,1.8454284071922302,2.043235421180725
2029-09,2029-09-01,global_mlp,2026-03,2.697676,0.01717732474207878,1.6883043050765991,False,0.0,0.0,external_power_zero,Njord A,,False,0.007530856411904097,0.012828528229147195,0.01717732474207878,0.021708554029464713,0.03136189170181752,0.0,0.0,0.0,0.0,0.0,1.3089653730392456,1.5411202311515808,1.6883043050765991,1.8305966973304748,2.034199523925781
2029-10,2029-10-01,global_mlp,2026-03,2.697676,0.016732816584408283,1.6725742816925049,False,0.0,0.0,external_power_zero,Njord A,,False,0.007008006144315006,0.013260882534086704,0.016732816584408283,0.022060464881360528,0.03037016335874796,0.0,0.0,0.0,0.0,0.0,1.272302508354187,1.5219995975494385,1.6725742816925049,1.8119234561920166,2.018871307373047
2029-11,2029-11-01,global_mlp,2026-03,2.697676,0.017321842722594738,1.6543775796890259,False,0.0,0.0,external_power_zero,Njord A,,False,0.007878060964867475,0.013615100458264352,0.017321842722594738,0.022254637070000163,0.030612506903707988,0.0,0.0,0.0,0.0,0.0,1.2401607513427735,1.4965166449546814,1.6543775796890259,1.7907964468002318,2.0057533502578737
2029-12,2029-12-01,global_mlp,2026-03,2.697676,0.01678441558033228,1.6369847059249878,False,0.0,0.0,external_power_zero,Njord A,,False,0.007124124560505153,0.012534227780997753,0.01678441558033228,0.021430038847029202,0.0307430274784565,0.0,0.0,0.0,0.0,0.0,1.2153011679649353,1.4739351511001586,1.6369847059249878,1.7769871711730958,1.9937931299209595
2030-01,2030-01-01,global_mlp,2026-03,2.697676,0.017014707438647747,1.620816171169281,False,0.0,0.0,external_power_zero,Njord A,,False,0.006838658358901739,0.013538741134107113,0.017014707438647747,0.021829199045896523,0.029881808906793594,0.0,0.0,0.0,0.0,0.0,1.189543330669403,1.4562949299812318,1.620816171169281,1.7644776940345763,1.9805869460105898
2030-02,2030-02-01,global_mlp,2026-03,2.697676,0.01674596592783928,1.6022744178771973,False,0.0,0.0,external_power_zero,Njord A,,False,0.0063144498970359566,0.013688452448695898,0.01674596592783928,0.020770026743412016,0.028876743651926516,0.0,0.0,0.0,0.0,0.0,1.1740399599075317,1.439739191532135,1.6022744178771973,1.7449198365211485,1.9737630009651186
2030-03,2030-03-01,global_mlp,2026-03,2.697676,0.016754786483943462,1.5859994888305664,False,0.0,0.0,external_power_zero,Njord A,,False,0.006669966923072934,0.012784897442907095,0.016754786483943462,0.021273908950388425,0.028300426527857782,0.0,0.0,0.0,0.0,0.0,1.144580566883087,1.4201653718948364,1.5859994888305664,1.7275374889373778,1.9636271715164184
2030-04,2030-04-01,global_mlp,2026-03,2.697676,0.016607527621090412,1.5673484206199646,False,0.0,0.0,external_power_zero,Njord A,,False,0.005129030905663967,0.012357017025351524,0.016607527621090412,0.020982478000223636,0.030289302021265032,0.0,0.0,0.0,0.0,0.0,1.1225264430046082,1.396604323387146,1.5673484206199646,1.7081491708755494,1.956828773021698
2030-05,2030-05-01,global_mlp,2026-03,2.697676,0.015175203792750835,1.5517457723617554,False,0.0,0.0,external_power_zero,Njord A,,False,0.005551662016659976,0.011481838021427392,0.015175203792750835,0.019827154651284214,0.027830536104738724,0.0,0.0,0.0,0.0,0.0,1.0963902950286866,1.3706327199935913,1.5517457723617554,1.6902712821960448,1.9477070450782776
2030-06,2030-06-01,global_mlp,2026-03,2.697676,0.015712679363787174,1.5315434336662292,False,0.0,0.0,external_power_zero,Njord A,,False,0.005570515664294362,0.01147113973274827,0.015712679363787174,0.020238917879760263,0.02805962283164263,0.0,0.0,0.0,0.0,0.0,1.0733826160430908,1.3505862951278687,1.5315434336662292,1.6697880268096923,1.935993242263794
2030-07,2030-07-01,global_mlp,2026-03,2.697676,0.015364830382168293,1.5168843865394592,False,0.0,0.0,external_power_zero,Njord A,,False,0.005596429295837879,0.011312382668256758,0.015364830382168293,0.019418025761842726,0.026825727894902233,0.0,0.0,0.0,0.0,0.0,1.0417425513267518,1.3353317022323608,1.5168843865394592,1.6520925641059876,1.9254229664802551
2030-08,2030-08-01,global_mlp,2026-03,2.697676,0.014231489039957523,1.4942761063575745,False,0.0,0.0,external_power_zero,Njord A,,False,0.006145118828862906,0.010967016406357288,0.014231489039957523,0.018296516127884382,0.025230359099805356,0.0,0.0,0.0,0.0,0.0,1.0180310964584351,1.3188311219215394,1.4942761063575745,1.6384072422981262,1.9140220165252686
2030-09,2030-09-01,global_mlp,2026-03,2.697676,0.01491108350455761,1.4735502004623413,False,0.0,0.0,external_power_zero,Njord A,,False,0.005313435150310398,0.010941543523222207,0.01491108350455761,0.019447016716003414,0.026647626236081124,0.0,0.0,0.0,0.0,0.0,0.995822733640671,1.302553153038025,1.4735502004623413,1.624222445487976,1.9124260067939758
2030-10,2030-10-01,global_mlp,2026-03,2.697676,0.014992274343967438,1.4551165103912354,False,0.0,0.0,external_power_zero,Njord A,,False,0.005865340726450087,0.01077001690864563,0.014992274343967438,0.018740012496709813,0.024969501234591008,0.0,0.0,0.0,0.0,0.0,0.9793996036052706,1.2890086889266967,1.4551165103912354,1.6063899517059326,1.904314398765564
2030-11,2030-11-01,global_mlp,2026-03,2.697676,0.015126147773116827,1.4315481781959534,False,0.0,0.0,external_power_zero,Njord A,,False,0.006702336017042399,0.011067825183272362,0.015126147773116827,0.019803328998386858,0.027201610803604132,0.0,0.0,0.0,0.0,0.0,0.9499984204769135,1.274733054637909,1.4315481781959534,1.5893702745437621,1.889754128456116
2030-12,2030-12-01,global_mlp,2026-03,2.697676,0.014674455858767033,1.4121001362800598,False,0.0,0.0,external_power_zero,Njord A,,False,0.0061036495491862295,0.01071495758369565,0.014674455858767033,0.019072549603879444,0.026400740072131158,0.0,0.0,0.0,0.0,0.0,0.9404362201690674,1.2602407217025757,1.4121001362800598,1.572880935668945,1.8805802345275882
2031-01,2031-01-01,global_mlp,2026-03,2.697676,0.015069182962179184,1.3979136943817139,False,0.0,0.0,external_power_zero,Njord A,,False,0.0060756067279726265,0.010846890229731797,0.015069182962179184,0.01941359397023916,0.027506323345005513,0.0,0.0,0.0,0.0,0.0,0.9185521423816682,1.2426211714744566,1.3979136943817139,1.5568367600440975,1.874767553806305
2031-02,2031-02-01,global_mlp,2026-03,2.697676,0.013923277147114277,1.3822733163833618,False,0.0,0.0,external_power_zero,Njord A,,False,0.005149857653304934,0.010317570064216852,0.013923277147114277,0.01871316004544496,0.025975888408720494,0.0,0.0,0.0,0.0,0.0,0.9005326867103577,1.2163225889205933,1.3822733163833618,1.5466753602027892,1.8707143783569335
2031-03,2031-03-01,global_mlp,2026-03,2.697676,0.014325348194688559,1.366987943649292,False,0.0,0.0,external_power_zero,Njord A,,False,0.004615388112142682,0.010753891058266163,0.014325348194688559,0.017785625532269478,0.0258716069161892,0.0,0.0,0.0,0.0,0.0,0.885046637058258,1.2031264901161194,1.366987943649292,1.5350020885467528,1.8666503190994264
2031-04,2031-04-01,global_mlp,2026-03,2.697676,0.013624331448227167,1.3545047640800476,False,0.0,0.0,external_power_zero,Njord A,,False,0.003989675780758262,0.008198045659810303,0.013624331448227167,0.01858262214809656,0.027165166288614283,0.0,0.0,0.0,0.0,0.0,0.863544350862503,1.1851201176643371,1.3545047640800476,1.520164144039154,1.8564266681671144
2031-05,2031-05-01,global_mlp,2026-03,2.697676,0.013044910039752722,1.3396628499031067,False,0.0,0.0,external_power_zero,Njord A,,False,0.004223347874358297,0.008831634279340505,0.013044910039752722,0.01712552793323993,0.025412142090499405,0.0,0.0,0.0,0.0,0.0,0.8485398650169372,1.1708325624465943,1.3396628499031067,1.5014942646026612,1.8426465153694154
2031-06,2031-06-01,global_mlp,2026-03,2.697676,0.012940400280058384,1.3231911063194275,False,0.0,0.0,external_power_zero,Njord A,,False,0.0039491999428719286,0.008917774353176354,0.012940400280058384,0.017938413284718985,0.02593404483050108,0.0,0.0,0.0,0.0,0.0,0.8289778232574463,1.147331702709198,1.3231911063194275,1.491877019405365,1.8358519196510314
2031-07,2031-07-01,global_mlp,2026-03,2.697676,0.012565196491777897,1.3054275512695312,False,0.0,0.0,external_power_zero,Njord A,,False,0.003641048609279096,0.008193836826831103,0.012565196491777897,0.016703006438910963,0.02385799773037434,0.0,0.0,0.0,0.0,0.0,0.7956925988197326,1.1326881170272827,1.3054275512695312,1.47781263589859,1.8223891019821168
2031-08,2031-08-01,global_mlp,2026-03,2.697676,0.011833046562969685,1.291490614414215,False,0.0,0.0,external_power_zero,Njord A,,False,0.003245861199684441,0.007818119786679742,0.011833046562969685,0.015792987681925295,0.022756661847233777,0.0,0.0,0.0,0.0,0.0,0.779210638999939,1.1187683820724488,1.291490614414215,1.4731866717338562,1.8197810292243959
2031-09,2031-09-01,global_mlp,2026-03,2.697676,0.011855887714773417,1.2768443822860718,False,0.0,0.0,external_power_zero,Njord A,,False,0.003729186183772982,0.007821053825318813,0.011855887714773417,0.01624051984399557,0.024393305927515038,0.0,0.0,0.0,0.0,0.0,0.7655720293521883,1.1050390362739564,1.2768443822860718,1.4640392541885376,1.8073139429092409
2031-10,2031-10-01,global_mlp,2026-03,2.697676,0.011635416187345982,1.2700088024139404,False,0.0,0.0,external_power_zero,Njord A,,False,0.0032980879070237277,0.00709589347243309,0.011635416187345982,0.016004954092204565,0.022682542726397522,0.0,0.0,0.0,0.0,0.0,0.7415285825729371,1.0938892364501953,1.2700088024139404,1.4519872307777404,1.7918148517608645
2031-11,2031-11-01,global_mlp,2026-03,2.697676,0.01238359184935689,1.2548037767410278,False,0.0,0.0,external_power_zero,Njord A,,False,0.0037303645163774494,0.00794230317696929,0.01238359184935689,0.016751602105796334,0.024611140973865988,0.0,0.0,0.0,0.0,0.0,0.7184140086174011,1.0760316491127013,1.2548037767410278,1.4387850642204285,1.7758795261383058
2031-12,2031-12-01,global_mlp,2026-03,2.697676,0.011984434444457293,1.2396053075790405,False,0.0,0.0,external_power_zero,Njord A,,False,0.0037593656685203317,0.0074461616110056625,0.011984434444457293,0.015900061279535294,0.023366338573396213,0.0,0.0,0.0,0.0,0.0,0.7046794712543488,1.0643284320831299,1.2396053075790405,1.4220655202865595,1.7630934476852422
2032-01,2032-01-01,global_mlp,2026-03,2.697676,0.011801849119365215,1.2234416604042053,False,0.0,0.0,external_power_zero,Njord A,,False,0.0038269493961706758,0.007719200244173408,0.011801849119365215,0.01678587794303894,0.025370646268129352,0.0,0.0,0.0,0.0,0.0,0.6914153516292573,1.0469764232635497,1.2234416604042053,1.4099318265914913,1.7510361790657045
2032-02,2032-02-01,global_mlp,2026-03,2.697676,0.011341177858412266,1.209678292274475,False,0.0,0.0,external_power_zero,Njord A,,False,0.004061237163841725,0.0073435691650956866,0.011341177858412266,0.015819858200848094,0.024343821033835412,0.0,0.0,0.0,0.0,0.0,0.6710338771343232,1.0304835557937622,1.209678292274475,1.3987607717514037,1.7389614701271057
2032-03,2032-03-01,global_mlp,2026-03,2.697676,0.01119021000340581,1.1970784068107605,False,0.0,0.0,external_power_zero,Njord A,,False,0.0035284745041280993,0.007106226682662964,0.01119021000340581,0.015784077905118456,0.023843084089458,0.0,0.0,0.0,0.0,0.0,0.6612639963626862,1.013989770412445,1.1970784068107605,1.3936580300331116,1.7286086916923527
2032-04,2032-04-01,global_mlp,2026-03,2.697676,0.008951005525887012,1.1856785416603088,False,0.0,0.0,external_power_zero,Njord A,,False,0.0025527325691655288,0.005628389446064829,0.008951005525887012,0.015242692083120344,0.02350505124777556,0.0,0.0,0.0,0.0,0.0,0.6554129540920258,1.0018137454986573,1.1856785416603088,1.381754112243652,1.7211939096450808
2032-05,2032-05-01,global_mlp,2026-03,2.697676,0.009770885109901428,1.1696773171424866,False,0.0,0.0,external_power_zero,Njord A,,False,0.0029492282774299383,0.005961228301748634,0.009770885109901428,0.01513232197612524,0.024025351181626322,0.0,0.0,0.0,0.0,0.0,0.6421949326992036,0.9872464597225188,1.1696773171424866,1.370100724697113,1.7081953644752503
2032-06,2032-06-01,global_mlp,2026-03,2.697676,0.009279008023440838,1.1562567949295044,False,0.0,0.0,external_power_zero,Njord A,,False,0.0025256984867155553,0.005358320614323019,0.009279008023440838,0.015097664203494785,0.023773095011711123,0.0,0.0,0.0,0.0,0.0,0.6253737568855287,0.9659454941749572,1.1562567949295044,1.3632702112197876,1.699518084526062
2032-07,2032-07-01,global_mlp,2026-03,2.697676,0.00910037336871028,1.147566318511963,False,0.0,0.0,external_power_zero,Njord A,,False,0.002469322574324906,0.005224334262311459,0.00910037336871028,0.01448445245623588,0.02312677465379239,0.0,0.0,0.0,0.0,0.0,0.5921542942523956,0.9555554151535034,1.147566318511963,1.3437337160110474,1.6938989281654357
2032-08,2032-08-01,global_mlp,2026-03,2.697676,0.009018166456371546,1.139628291130066,False,0.0,0.0,external_power_zero,Njord A,,False,0.0023971600923687222,0.005636394256725906,0.009018166456371546,0.01459848517552018,0.02249274794012308,0.0,0.0,0.0,0.0,0.0,0.5838948071002961,0.9409442067146301,1.139628291130066,1.3320840120315551,1.688926911354065
2032-09,2032-09-01,global_mlp,2026-03,2.697676,0.009498022962361574,1.1289359331130981,False,0.0,0.0,external_power_zero,Njord A,,False,0.002659749402664602,0.005795282404869794,0.009498022962361574,0.014788183197379108,0.021824444830417636,0.0,0.0,0.0,0.0,0.0,0.5693261504173279,0.9330554366111755,1.1289359331130981,1.3280908703804015,1.6825563311576843
2032-10,2032-10-01,global_mlp,2026-03,2.697676,0.009290263056755066,1.1205286383628845,False,0.0,0.0,external_power_zero,Njord A,,False,0.002447645040228963,0.00580381634645164,0.009290263056755066,0.014220027718693014,0.022185974568128587,0.0,0.0,0.0,0.0,0.0,0.5532714366912842,0.9225477993488311,1.1205286383628845,1.3157826423645016,1.678087341785431
2032-11,2032-11-01,global_mlp,2026-03,2.697676,0.009626693092286587,1.1029468774795532,False,0.0,0.0,external_power_zero,Njord A,,False,0.002376200980506838,0.0056524677202105505,0.009626693092286587,0.014091956615447997,0.022664106450974945,0.0,0.0,0.0,0.0,0.0,0.5452416718006134,0.9086740374565124,1.1029468774795532,1.3025301814079284,1.6649930477142334
2032-12,2032-12-01,global_mlp,2026-03,2.697676,0.009296674281358719,1.0910669565200806,False,0.0,0.0,external_power_zero,Njord A,,False,0.0020699836313724518,0.005240010004490613,0.009296674281358719,0.013827235251665114,0.02145876064896584,0.0,0.0,0.0,0.0,0.0,0.5241162419319153,0.900859647989273,1.0910669565200806,1.2921064138412475,1.647929620742798
2033-01,2033-01-01,global_mlp,2026-03,2.697676,0.009753824677318335,1.0808196663856506,False,0.0,0.0,external_power_zero,Njord A,,False,0.0015464461059309543,0.005251686833798885,0.009753824677318335,0.013986318651586772,0.022609754465520385,0.0,0.0,0.0,0.0,0.0,0.4903748393058777,0.8914829313755035,1.0808196663856506,1.2798912286758422,1.6400075793266295
2033-02,2033-02-01,global_mlp,2026-03,2.697676,0.009353993460536003,1.0694658756256104,False,0.0,0.0,external_power_zero,Njord A,,False,0.0016426034155301752,0.005684835743159055,0.009353993460536003,0.014670249633491034,0.02070762049406767,0.0,0.0,0.0,0.0,0.0,0.46413841843605047,0.8739415585994719,1.0694658756256104,1.263754320144653,1.6275617837905887
2033-03,2033-03-01,global_mlp,2026-03,2.697676,0.008829666301608086,1.05789715051651,False,0.0,0.0,external_power_zero,Njord A,,False,0.0018575584283098583,0.0055402756668627255,0.008829666301608086,0.013581612799316644,0.0200970670208335,0.0,0.0,0.0,0.0,0.0,0.44629466235637666,0.8568562567234038,1.05789715051651,1.2541072607040404,1.6187360644340516
2033-04,2033-04-01,global_mlp,2026-03,2.697676,0.00667053647339344,1.0462518334388733,False,0.0,0.0,external_power_zero,Njord A,,False,0.0014741888153366747,0.004010987258516251,0.00667053647339344,0.012699372041970485,0.020974240638315687,0.0,0.0,0.0,0.0,0.0,0.42351584732532505,0.8436705172061919,1.0462518334388733,1.2466694355010983,1.606508719921112
2033-05,2033-05-01,global_mlp,2026-03,2.697676,0.007460807682946324,1.0349658131599426,False,0.0,0.0,external_power_zero,Njord A,,False,0.001489630003925413,0.004219646519050001,0.007460807682946324,0.012202683743089436,0.019525264203548436,0.0,0.0,0.0,0.0,0.0,0.405182620882988,0.8275768101215362,1.0349658131599426,1.2379780888557435,1.5979785561561586
2033-06,2033-06-01,global_mlp,2026-03,2.697676,0.007171040400862694,1.025183916091919,False,0.0,0.0,external_power_zero,Njord A,,False,0.0013849026174284523,0.004034971725195647,0.007171040400862694,0.011788769438862798,0.019612377695739272,0.0,0.0,0.0,0.0,0.0,0.400790610909462,0.8149737536907196,1.025183916091919,1.22982382774353,1.590888524055481
2033-07,2033-07-01,global_mlp,2026-03,2.697676,0.006808548700064421,1.0195485949516296,False,0.0,0.0,external_power_zero,Njord A,,False,0.0013230352546088398,0.0038763837888836855,0.006808548700064421,0.011502480227500198,0.019653577357530594,0.0,0.0,0.0,0.0,0.0,0.3970767974853516,0.8065752804279327,1.0195485949516296,1.223663318157196,1.5835238575935364
2033-08,2033-08-01,global_mlp,2026-03,2.697676,0.0067866793833673,1.0115476846694946,False,0.0,0.0,external_power_zero,Njord A,,False,0.00122153798583895,0.0038972822716459624,0.0067866793833673,0.011058488022536039,0.018973482958972457,0.0,0.0,0.0,0.0,0.0,0.3910811483860017,0.7989499628543854,1.0115476846694946,1.2185639619827269,1.57765291929245
2033-09,2033-09-01,global_mlp,2026-03,2.697676,0.0066076102666556835,0.9996345639228821,False,0.0,0.0,external_power_zero,Njord A,,False,0.00111689503537491,0.003780402289703488,0.0066076102666556835,0.011598796583712101,0.018709641508758073,0.0,0.0,0.0,0.0,0.0,0.3856515854597093,0.7933074593544006,0.9996345639228821,1.21258043050766,1.5727522730827332
2033-10,2033-10-01,global_mlp,2026-03,2.697676,0.006676880409941077,0.9869559407234192,False,0.0,0.0,external_power_zero,Njord A,,False,0.0009504233428742737,0.0039789326954633,0.006676880409941077,0.010731293540447948,0.018351531960070135,0.0,0.0,0.0,0.0,0.0,0.37243512570858006,0.7840999126434326,0.9869559407234192,1.2029030442237851,1.5658783078193665
2033-11,2033-11-01,global_mlp,2026-03,2.697676,0.007055775495246053,0.9757022559642792,False,0.0,0.0,external_power_zero,Njord A,,False,0.001050384866539389,0.003784477058798074,0.007055775495246053,0.011740039288997646,0.018899388238787656,0.0,0.0,0.0,0.0,0.0,0.36485248506069184,0.7777998983860016,0.9757022559642792,1.19785338640213,1.563117825984955
2033-12,2033-12-01,global_mlp,2026-03,2.697676,0.0063488970045000315,0.9660828113555908,False,0.0,0.0,external_power_zero,Njord A,,False,0.0009703129529953005,0.004012334952130913,0.0063488970045000315,0.011081102304160593,0.01960842348635197,0.0,0.0,0.0,0.0,0.0,0.36321751773357397,0.7638024866580962,0.9660828113555908,1.19156619310379,1.5585637450218202
2034-01,2034-01-01,global_mlp,2026-03,2.697676,0.006512203719466925,0.9588117897510529,False,0.0,0.0,external_power_zero,Njord A,,False,0.0003876036731526256,0.0035249481210485097,0.006512203719466925,0.011100867949426172,0.019913067668676378,0.0,0.0,0.0,0.0,0.0,0.35705683231353763,0.748606151342392,0.9588117897510529,1.1842875123023984,1.5530024766922
2034-02,2034-02-01,global_mlp,2026-03,2.697676,0.006906340131536126,0.9520193040370941,False,0.0,0.0,external_power_zero,Njord A,,False,0.0005596186791080984,0.003993737697601318,0.006906340131536126,0.011664212215691803,0.018662486970424656,0.0,0.0,0.0,0.0,0.0,0.35054579675197606,0.7395321488380431,0.9520193040370941,1.1765293955802913,1.545341217517853
2034-03,2034-03-01,global_mlp,2026-03,2.697676,0.0064691221341490746,0.9440328478813171,False,0.0,0.0,external_power_zero,Njord A,,False,0.0,0.003345307405106723,0.0064691221341490746,0.011069037113338707,0.018624512851238256,0.0,0.0,0.0,0.0,0.0,0.328992372751236,0.7305860817432404,0.9440328478813171,1.1685825228691098,1.5418696641921996
2034-04,2034-04-01,global_mlp,2026-03,2.697676,0.004966027336195111,0.9389494955539703,False,0.0,0.0,external_power_zero,Njord A,,False,0.0008391752897296103,0.00330415575299412,0.004966027336195111,0.008737917337566611,0.01667169909924269,0.0,0.0,0.0,0.0,0.0,0.32401875853538525,0.7199889600276946,0.9389494955539703,1.1610465288162228,1.5369394063949586
2034-05,2034-05-01,global_mlp,2026-03,2.697676,0.005508640548214316,0.9326533675193787,False,0.0,0.0,external_power_zero,Njord A,,False,0.0011470758821815253,0.003503921185620129,0.005508640548214316,0.008598484750837087,0.01592194773256779,0.0,0.0,0.0,0.0,0.0,0.3214284420013429,0.7070254802703857,0.9326533675193787,1.155728995800018,1.5316065907478333
2034-06,2034-06-01,global_mlp,2026-03,2.697676,0.005114957923069596,0.9272863864898682,False,0.0,0.0,external_power_zero,Njord A,,False,0.0011996380984783184,0.003221418661996722,0.005114957923069596,0.008669728506356477,0.016144730150699615,0.0,0.0,0.0,0.0,0.0,0.31919432878494275,0.6916141867637634,0.9272863864898682,1.1526039123535154,1.5291532158851624
2034-07,2034-07-01,global_mlp,2026-03,2.697676,0.004967935383319855,0.9211944341659546,False,0.0,0.0,external_power_zero,Njord A,,False,0.0008621424902230501,0.0031162022380158303,0.004967935383319855,0.008524318039417266,0.01684195511043072,0.0,0.0,0.0,0.0,0.0,0.2965373665094376,0.6830078482627867,0.9211944341659546,1.1416901707649227,1.52862548828125
2034-08,2034-08-01,global_mlp,2026-03,2.697676,0.0050675657112151384,0.9175742566585541,False,0.0,0.0,external_power_zero,Njord A,,False,0.0010584157309494915,0.00322254323400557,0.0050675657112151384,0.008100391831248999,0.014602488186210396,0.0,0.0,0.0,0.0,0.0,0.2943878918886185,0.6739193320274353,0.9175742566585541,1.1384600758552548,1.5259460926055908
2034-09,2034-09-01,global_mlp,2026-03,2.697676,0.005222654668614268,0.9096962511539459,False,0.0,0.0,external_power_zero,Njord A,,False,0.0007474979851394893,0.0031033133622258902,0.005222654668614268,0.007962839957326643,0.015469507779926063,0.0,0.0,0.0,0.0,0.0,0.290283364057541,0.6666081845760345,0.9096962511539459,1.1337066054344174,1.5234201312065125
2034-10,2034-10-01,global_mlp,2026-03,2.697676,0.005170964635908604,0.8980917632579803,False,0.0,0.0,external_power_zero,Njord A,,False,0.00033369442680850645,0.003081237617880106,0.005170964635908604,0.008100178092718123,0.01452227458357812,0.0,0.0,0.0,0.0,0.0,0.27299778759479526,0.6592158317565917,0.8980917632579803,1.1282271027565003,1.5211159944534303
2034-11,2034-11-01,global_mlp,2026-03,2.697676,0.005363523960113525,0.892126053571701,False,0.0,0.0,external_power_zero,Njord A,,False,0.0006367634108755743,0.003317148960195482,0.005363523960113525,0.008238440193235873,0.01505572395399213,0.0,0.0,0.0,0.0,0.0,0.2653060555458069,0.6500555574893951,0.892126053571701,1.1216176390647887,1.51804860830307
2034-12,2034-12-01,global_mlp,2026-03,2.697676,0.00510296574793756,0.8876070976257324,False,0.0,0.0,external_power_zero,Njord A,,False,0.0006106548768002548,0.0029622989008203145,0.00510296574793756,0.007895854301750658,0.014392515551298866,0.0,0.0,0.0,0.0,0.0,0.2621148437261582,0.6364710152149199,0.8876070976257324,1.1116268157958984,1.517178440093994
2035-01,2035-01-01,global_mlp,2026-03,2.697676,0.005199534585699439,0.8828939199447632,False,0.0,0.0,external_power_zero,Njord A,,False,0.0007540653052274141,0.003113058558665216,0.005199534585699439,0.008234978932887311,0.01436018785461784,0.0,0.0,0.0,0.0,0.0,0.25903593003749853,0.6284001231193541,0.8828939199447632,1.0983244538307189,1.5153323531150817
2035-02,2035-02-01,global_mlp,2026-03,2.697676,0.005433161975815892,0.8785998821258545,False,0.0,0.0,external_power_zero,Njord A,,False,0.00037369642232079066,0.0032130693085491656,0.005433161975815892,0.008092329837381838,0.014827193878591063,0.0,0.0,0.0,0.0,0.0,0.2557619735598565,0.6187022924423218,0.8785998821258545,1.0897636413574217,1.5103559136390687
2035-03,2035-03-01,global_mlp,2026-03,2.697676,0.005022833356633782,0.8744964599609375,False,0.0,0.0,external_power_zero,Njord A,,False,0.000382466241717339,0.002559438138268888,0.005022833356633782,0.007144878944382071,0.013482651486992837,0.0,0.0,0.0,0.0,0.0,0.25241963565349596,0.6131632030010223,0.8744964599609375,1.0829024910926819,1.497687637805939
2035-04,2035-04-01,global_mlp,2026-03,2.697676,0.003956268075853586,0.8689450621604919,False,0.0,0.0,external_power_zero,Njord A,,False,0.0007700278190895918,0.002640929096378386,0.003956268075853586,0.0057589866686612355,0.011660007666796446,0.0,0.0,0.0,0.0,0.0,0.23662941455841074,0.6021272420883178,0.8689450621604919,1.074694538116455,1.49098094701767
2035-05,2035-05-01,global_mlp,2026-03,2.697676,0.004312706412747502,0.8636926114559174,False,0.0,0.0,external_power_zero,Njord A,,False,0.0009645963087677958,0.002742674434557557,0.004312706412747502,0.006070360261946917,0.011386062297970066,0.0,0.0,0.0,0.0,0.0,0.219709250330925,0.5906079888343811,0.8636926114559174,1.069507586956024,1.4882967829704286
2035-06,2035-06-01,global_mlp,2026-03,2.697676,0.003939067479223013,0.8613779246807098,False,0.0,0.0,external_power_zero,Njord A,,False,0.0003972800099290914,0.0024632121203467237,0.003939067479223013,0.005860701669007539,0.010951942019164565,0.0,0.0,0.0,0.0,0.0,0.21832999587059024,0.5813928008079529,0.8613779246807098,1.066391336917877,1.4796850085258486
2035-07,2035-07-01,global_mlp,2026-03,2.697676,0.003818090772256255,0.8530892431735992,False,0.0,0.0,external_power_zero,Njord A,,False,0.0002490241255145521,0.002478745486587286,0.003818090772256255,0.005780560569837687,0.011149109434336425,0.0,0.0,0.0,0.0,0.0,0.21785448193550117,0.5760092854499816,0.8530892431735992,1.0628458619117735,1.4791400432586672
2035-08,2035-08-01,global_mlp,2026-03,2.697676,0.0037772959331050515,0.8517762422561646,False,0.0,0.0,external_power_zero,Njord A,,False,0.0005340859264833856,0.0023237190442159774,0.0037772959331050515,0.006083913380280135,0.010499833244830373,0.0,0.0,0.0,0.0,0.0,0.21585280299186713,0.5730332016944885,0.8517762422561646,1.0562336921691893,1.477740502357483
2035-09,2035-09-01,global_mlp,2026-03,2.697676,0.00360426539555192,0.8483217060565948,False,0.0,0.0,external_power_zero,Njord A,,False,0.00013824726047459998,0.002382024936378002,0.00360426539555192,0.005903858877718448,0.011324957851320507,0.0,0.0,0.0,0.0,0.0,0.21299586445093163,0.567822915315628,0.8483217060565948,1.0516502022743224,1.4769415020942689
2035-10,2035-10-01,global_mlp,2026-03,2.697676,0.00371470267418772,0.8420777022838593,False,0.0,0.0,external_power_zero,Njord A,,False,0.0,0.002010427345521748,0.00371470267418772,0.005719356192275881,0.010933966375887394,0.0,0.0,0.0,0.0,0.0,0.20671787112951284,0.5620011866092681,0.8420777022838593,1.047889995574951,1.4763365864753724
2035-11,2035-11-01,global_mlp,2026-03,2.697676,0.0038673318922519684,0.837058961391449,False,0.0,0.0,external_power_zero,Njord A,,False,0.0,0.0023131279507651926,0.0038673318922519684,0.006108040828257799,0.011470442451536658,0.0,0.0,0.0,0.0,0.0,0.19822247922420502,0.553127932548523,0.837058961391449,1.0417632222175597,1.4726991653442383
2035-12,2035-12-01,global_mlp,2026-03,2.697676,0.0035893903113901615,0.8321751356124878,False,0.0,0.0,external_power_zero,Njord A,,False,0.0,0.002110293484292924,0.0035893903113901615,0.005628187954425812,0.011245065275579693,0.0,0.0,0.0,0.0,0.0,0.19337491393089296,0.5511616110801697,0.8321751356124878,1.0356413125991821,1.4668936252593996
2036-01,2036-01-01,global_mlp,2026-03,2.697676,0.0036672025453299284,0.8259270787239075,False,0.0,0.0,external_power_zero,Njord A,,False,0.0,0.0020886457990854975,0.0036672025453299284,0.005789819266647094,0.011102491430938248,0.0,0.0,0.0,0.0,0.0,0.17766972780227663,0.5462698996067047,0.8259270787239075,1.0324082255363465,1.4631676554679873
2036-02,2036-02-01,global_mlp,2026-03,2.697676,0.003591246670112014,0.8191580772399902,False,0.0,0.0,external_power_zero,Njord A,,False,0.0,0.0021163216792047025,0.003591246670112014,0.00606888113543391,0.011349633894860746,0.0,0.0,0.0,0.0,0.0,0.1666321948170662,0.542557156085968,0.8191580772399902,1.0278377056121826,1.4620873928070068
2036-03,2036-03-01,global_mlp,2026-03,2.697676,0.0035456863697618246,0.8142296075820923,False,0.0,0.0,external_power_zero,Njord A,,False,0.0,0.0017180357594043013,0.0035456863697618246,0.005442105932161211,0.009857688192278155,0.0,0.0,0.0,0.0,0.0,0.1639920100569725,0.5381292939186095,0.8142296075820923,1.024280536174774,1.4608048915863037
2036-04,2036-04-01,global_mlp,2026-03,2.697676,0.0033844995778054,0.8077499568462372,False,0.0,0.0,external_power_zero,Njord A,,False,0.0,0.002062885952182114,0.0033844995778054,0.0049014987424016,0.008304224628955128,0.0,0.0,0.0,0.0,0.0,0.16117798537015918,0.5298923969268798,0.8077499568462372,1.0205092310905455,1.4532625555992127
2036-05,2036-05-01,global_mlp,2026-03,2.697676,0.0034527266398072243,0.8040099740028381,False,0.0,0.0,external_power_zero,Njord A,,False,0.0,0.0020133366109803316,0.0034527266398072243,0.0049216069746762505,0.007887968793511392,0.0,0.0,0.0,0.0,0.0,0.15830617994070056,0.5261032283306122,0.8040099740028381,1.0155775785446166,1.4464622974395753
2036-06,2036-06-01,global_mlp,2026-03,2.697676,0.003345862962305546,0.7998731732368469,False,0.0,0.0,external_power_zero,Njord A,,False,0.0,0.002046572533436119,0.003345862962305546,0.0046449146233499,0.007900742162019017,0.0,0.0,0.0,0.0,0.0,0.1548077777028084,0.5241980731487274,0.7998731732368469,1.0085465431213378,1.4402847647666934
2036-07,2036-07-01,global_mlp,2026-03,2.697676,0.0030613336712121964,0.7956705391407013,False,0.0,0.0,external_power_zero,Njord A,,False,0.0,0.001849916821811348,0.0030613336712121964,0.004601203044876456,0.008168711140751841,0.0,0.0,0.0,0.0,0.0,0.15135344415903093,0.5168890833854676,0.7956705391407013,1.0044793844223021,1.4347843527793886
2036-08,2036-08-01,global_mlp,2026-03,2.697676,0.003187067690305412,0.7909829914569855,False,0.0,0.0,external_power_zero,Njord A,,False,0.0,0.0016215907176956534,0.003187067690305412,0.004917348641902204,0.00854439903050661,0.0,0.0,0.0,0.0,0.0,0.1481285557150841,0.5152010977268219,0.7909829914569855,1.001608824729919,1.428662133216858
2036-09,2036-09-01,global_mlp,2026-03,2.697676,0.003129755612462759,0.7855145931243896,False,0.0,0.0,external_power_zero,Njord A,,False,0.0,0.0017290076939389107,0.003129755612462759,0.004817896941676733,0.008341564051806928,0.0,0.0,0.0,0.0,0.0,0.1453745245933533,0.5121290683746337,0.7855145931243896,1.000160628557205,1.423467814922333
2036-10,2036-10-01,global_mlp,2026-03,2.697676,0.0027106226189062,0.782485157251358,False,0.0,0.0,external_power_zero,Njord A,,False,0.0,0.0014713263721205293,0.0027106226189062,0.004553171945735812,0.007537527475506069,0.0,0.0,0.0,0.0,0.0,0.14433848261833193,0.5081827282905578,0.782485157251358,0.9989186227321625,1.4189012289047243
2036-11,2036-11-01,global_mlp,2026-03,2.697676,0.0030934911919757724,0.7735067903995514,False,0.0,0.0,external_power_zero,Njord A,,False,0.0,0.001687869254965334,0.0030934911919757724,0.005005328543484208,0.008145923633128405,0.0,0.0,0.0,0.0,0.0,0.13592582643032078,0.499072989821434,0.7735067903995514,0.9951163232326508,1.413127887248993
2036-12,2036-12-01,global_mlp,2026-03,2.697676,0.003201595740392804,0.7676194906234741,False,0.0,0.0,external_power_zero,Njord A,,False,0.0,0.001607683137990534,0.003201595740392804,0.005057390686124561,0.009193795733153822,0.0,0.0,0.0,0.0,0.0,0.13203980773687368,0.4971293926239013,0.7676194906234741,0.9903359472751616,1.4084330439567567
2037-01,2037-01-01,global_mlp,2026-03,2.697676,0.002925713313743472,0.7653757035732269,False,0.0,0.0,external_power_zero,Njord A,,False,0.0,0.0013900009798817337,0.002925713313743472,0.00503339380957186,0.008983418717980385,0.0,0.0,0.0,0.0,0.0,0.12924903631210333,0.4959093004465102,0.7653757035732269,0.9880570530891418,1.4034100294113159
2037-02,2037-02-01,global_mlp,2026-03,2.697676,0.0028931275010108948,0.763635665178299,False,0.0,0.0,external_power_zero,Njord A,,False,0.0,0.0014430820825509724,0.0028931275010108948,0.004538671858608719,0.008665752876549962,0.0,0.0,0.0,0.0,0.0,0.12339801564812664,0.4925417274236678,0.763635665178299,0.9861963629722594,1.3993551969528197
2037-03,2037-03-01,global_mlp,2026-03,2.697676,0.002580733271315694,0.7543323338031769,False,0.0,0.0,external_power_zero,Njord A,,False,0.0,0.0011355700320564207,0.002580733271315694,0.004433635901659727,0.008112267777323722,0.0,0.0,0.0,0.0,0.0,0.11440132930874825,0.4825624316930771,0.7543323338031769,0.9861127138137816,1.3936397314071656
2037-04,2037-04-01,global_mlp,2026-03,2.697676,0.002767586847767234,0.7474454641342163,False,0.0,0.0,external_power_zero,Njord A,,False,8.254639906226658e-05,0.0017639369470998645,0.002767586847767234,0.004030227940529584,0.006982874684035779,0.0,0.0,0.0,0.0,0.0,0.1108535282313824,0.4800755649805069,0.7474454641342163,0.9841266691684722,1.390559482574463
2037-05,2037-05-01,global_mlp,2026-03,2.697676,0.0030473124934360385,0.743629515171051,False,0.0,0.0,external_power_zero,Njord A,,False,0.0,0.0018577614915557205,0.0030473124934360385,0.0044648867100477215,0.007396241603419186,0.0,0.0,0.0,0.0,0.0,0.10818758383393291,0.4774950176477432,0.743629515171051,0.9818078696727752,1.3868752002716065
2037-06,2037-06-01,global_mlp,2026-03,2.697676,0.0028845479246228933,0.7392117381095886,False,0.0,0.0,external_power_zero,Njord A,,False,0.0,0.0016894270433112978,0.0028845479246228933,0.004212682042270898,0.0069860614836216,0.0,0.0,0.0,0.0,0.0,0.10390542745590213,0.4754969865083694,0.7392117381095886,0.9780385732650756,1.3829339623451233
2037-07,2037-07-01,global_mlp,2026-03,2.697676,0.0026628185296431184,0.7374051809310913,False,0.0,0.0,external_power_zero,Njord A,,False,0.0,0.0016416778322309255,0.0026628185296431184,0.00409607058390975,0.006907560955733065,0.0,0.0,0.0,0.0,0.0,0.09841348230838777,0.46987516880035396,0.7374051809310913,0.9731488525867461,1.3782355070114138
2037-08,2037-08-01,global_mlp,2026-03,2.697676,0.0027574602281674743,0.732340931892395,False,0.0,0.0,external_power_zero,Njord A,,False,0.0,0.001589417282957583,0.0027574602281674743,0.00406616167165339,0.006485837791115046,0.0,0.0,0.0,0.0,0.0,0.09662665650248531,0.4678757905960083,0.732340931892395,0.9710678577423094,1.3746965408325198
2037-09,2037-09-01,global_mlp,2026-03,2.697676,0.002668495406396687,0.7300103902816772,False,0.0,0.0,external_power_zero,Njord A,,False,0.0,0.0016299100243486464,0.002668495406396687,0.004192015482112765,0.007017995603382588,0.0,0.0,0.0,0.0,0.0,0.09484562948346142,0.46643308401107786,0.7300103902816772,0.9690840125083922,1.3713236689567567
2037-10,2037-10-01,global_mlp,2026-03,2.697676,0.002544643240980804,0.728582352399826,False,0.0,0.0,external_power_zero,Njord A,,False,0.0,0.0013881314429454506,0.002544643240980804,0.0038884614128619427,0.0070318753831088545,0.0,0.0,0.0,0.0,0.0,0.09244947209954268,0.46556044220924375,0.728582352399826,0.9659549713134765,1.3675523400306704
2037-11,2037-11-01,global_mlp,2026-03,2.697676,0.002601783722639084,0.7262944877147675,False,0.0,0.0,external_power_zero,Njord A,,False,0.0,0.0014716953970491883,0.002601783722639084,0.004174508480355143,0.007195779448375108,0.0,0.0,0.0,0.0,0.0,0.09198916330933579,0.4644765943288803,0.7262944877147675,0.9641311228275298,1.3642879247665407
2037-12,2037-12-01,global_mlp,2026-03,2.697676,0.0026640850119292736,0.7225248217582703,False,0.0,0.0,external_power_zero,Njord A,,False,0.0,0.0014796265983022746,0.0026640850119292736,0.004309675842523574,0.007168289786204696,0.0,0.0,0.0,0.0,0.0,0.08950823098421104,0.4620355874300003,0.7225248217582703,0.961902618408203,1.3615839123725892
2038-01,2038-01-01,global_mlp,2026-03,2.697676,0.0026734434068202972,0.7162849307060242,False,0.0,0.0,external_power_zero,Njord A,,False,0.0,0.0012727709603495895,0.0026734434068202972,0.004265248263254761,0.007436397485435009,0.0,0.0,0.0,0.0,0.0,0.08157935962080957,0.4601266831159591,0.7162849307060242,0.9595692873001097,1.3589636087417605
2038-02,2038-02-01,global_mlp,2026-03,2.697676,0.002754951943643391,0.712695449590683,False,0.0,0.0,external_power_zero,Njord A,,False,0.0,0.0012726306915283204,0.002754951943643391,0.004136912990361451,0.007114927563816314,0.0,0.0,0.0,0.0,0.0,0.07729849442839626,0.45598842203617096,0.712695449590683,0.9580428838729859,1.3508688330650331
2038-03,2038-03-01,global_mlp,2026-03,2.697676,0.002493160543963313,0.7093052566051483,False,0.0,0.0,external_power_zero,Njord A,,False,0.0,0.0010702531668357546,0.002493160543963313,0.004339372832328081,0.0068927226122468726,0.0,0.0,0.0,0.0,0.0,0.07699486017227178,0.45074694752693173,0.7093052566051483,0.9530787110328672,1.3475017666816713
2038-04,2038-04-01,global_mlp,2026-03,2.697676,0.0026444809045642614,0.7055502235889435,False,0.0,0.0,external_power_zero,Njord A,,False,0.0,0.001586841244716197,0.0026444809045642614,0.003685137769207356,0.00581714538857341,0.0,0.0,0.0,0.0,0.0,0.07492853924632076,0.44789336621761316,0.7055502235889435,0.9500613093376159,1.3449677109718323
2038-05,2038-05-01,global_mlp,2026-03,2.697676,0.0027854647487401962,0.7027885913848877,False,0.0,0.0,external_power_zero,Njord A,,False,0.0,0.0017326824599876996,0.0027854647487401962,0.003974854946136474,0.006564925098791719,0.0,0.0,0.0,0.0,0.0,0.07305748388171199,0.44265508949756605,0.7027885913848877,0.9467025041580199,1.342349934577942
2038-06,2038-06-01,global_mlp,2026-03,2.697676,0.002735826186835766,0.7002682089805603,False,0.0,0.0,external_power_zero,Njord A,,False,0.0,0.0017426509759388862,0.002735826186835766,0.003928321227431295,0.0066845024470239935,0.0,0.0,0.0,0.0,0.0,0.07059697620570665,0.4369070827960967,0.7002682089805603,0.9422410786151885,1.3296103596687319
2038-07,2038-07-01,global_mlp,2026-03,2.697676,0.002468882827088237,0.6959173083305359,False,0.0,0.0,external_power_zero,Njord A,,False,0.0,0.0014433837262913577,0.002468882827088237,0.003706476581282912,0.006039571156725289,0.0,0.0,0.0,0.0,0.0,0.06873123012483127,0.43137222230434413,0.6959173083305359,0.9388041377067564,1.3251637101173404
2038-08,2038-08-01,global_mlp,2026-03,2.697676,0.0025262307608500123,0.692542552947998,False,0.0,0.0,external_power_zero,Njord A,,False,0.0,0.001374749292153865,0.0025262307608500123,0.00391882532276213,0.006351325986906889,0.0,0.0,0.0,0.0,0.0,0.06678806059062488,0.4253085106611252,0.692542552947998,0.9336710810661315,1.3220214843750002
2038-09,2038-09-01,global_mlp,2026-03,2.697676,0.0027000386035069823,0.6897508502006531,False,0.0,0.0,external_power_zero,Njord A,,False,0.0,0.001499412814155221,0.0027000386035069823,0.003941747033968567,0.006542733125388623,0.0,0.0,0.0,0.0,0.0,0.06408874765038496,0.4186938256025314,0.6897508502006531,0.9292865455150603,1.320752573013306
2038-10,2038-10-01,global_mlp,2026-03,2.697676,0.0025230832397937775,0.689076840877533,False,0.0,0.0,external_power_zero,Njord A,,False,0.0,0.0013060107827186584,0.0025230832397937775,0.0038663073210045695,0.006606192188337446,0.0,0.0,0.0,0.0,0.0,0.06255714707076555,0.41469273567199705,0.689076840877533,0.9252914786338804,1.318450701236725
2038-11,2038-11-01,global_mlp,2026-03,2.697676,0.0026049832813441753,0.6875630915164948,False,0.0,0.0,external_power_zero,Njord A,,False,0.0,0.0013580923434346908,0.0026049832813441753,0.004035970335826277,0.007091660238802433,0.0,0.0,0.0,0.0,0.0,0.062384447827935285,0.4100185871124267,0.6875630915164948,0.9213173449039457,1.3069358944892886
2038-12,2038-12-01,global_mlp,2026-03,2.697676,0.002595266094431281,0.6839058697223663,False,0.0,0.0,external_power_zero,Njord A,,False,0.0,0.0012821621727198361,0.002595266094431281,0.004151644790545104,0.006599269853904845,0.0,0.0,0.0,0.0,0.0,0.060100268945097984,0.4043916493654251,0.6839058697223663,0.9188521742820738,1.2945811629295352
2039-01,2039-01-01,global_mlp,2026-03,2.697676,0.0028101326897740364,0.6759824752807617,False,0.0,0.0,external_power_zero,Njord A,,False,0.0,0.0012122901738621293,0.0028101326897740364,0.004408103274181484,0.0072345224674791155,0.0,0.0,0.0,0.0,0.0,0.058776160329580385,0.40186127424240115,0.6759824752807617,0.9161577641963958,1.2938601374626162
2039-02,2039-02-01,global_mlp,2026-03,2.697676,0.0027088617207482457,0.6694532036781311,False,0.0,0.0,external_power_zero,Njord A,,False,0.0,0.0012947337818332016,0.0027088617207482457,0.004158736811950803,0.007214823458343745,0.0,0.0,0.0,0.0,0.0,0.058028279244899825,0.4002938538789749,0.6694532036781311,0.9134412229061126,1.2931424021720885
2039-03,2039-03-01,global_mlp,2026-03,2.697676,0.002363577950745821,0.6676973700523376,False,0.0,0.0,external_power_zero,Njord A,,False,0.0,0.0009236456709913909,0.002363577950745821,0.0036495127715170375,0.006560370046645403,0.0,0.0,0.0,0.0,0.0,0.05592809841036803,0.39873504042625424,0.6676973700523376,0.9108048498630523,1.2872187972068787
2039-04,2039-04-01,global_mlp,2026-03,2.697676,0.002571574877947569,0.6654955446720123,False,0.0,0.0,external_power_zero,Njord A,,False,0.0,0.0015002298634499308,0.002571574877947569,0.0036707842256873844,0.005957657471299172,0.0,0.0,0.0,0.0,0.0,0.05071598589420324,0.39770178496837616,0.6654955446720123,0.908128261566162,1.2834933757781983
2039-05,2039-05-01,global_mlp,2026-03,2.697676,0.0029433303279802203,0.6608197093009949,False,0.0,0.0,external_power_zero,Njord A,,False,0.0,0.0016096906038001175,0.0029433303279802203,0.003928864700719714,0.006684595113620169,0.0,0.0,0.0,0.0,0.0,0.04698597230017191,0.3945969462394714,0.6608197093009949,0.9057272195816038,1.280824422836304
2039-06,2039-06-01,global_mlp,2026-03,2.697676,0.0026107054436579347,0.6591026782989502,False,0.0,0.0,external_power_zero,Njord A,,False,0.0,0.0014353325706906617,0.0026107054436579347,0.003776910807937383,0.0067225974984467035,0.0,0.0,0.0,0.0,0.0,0.04323319941759115,0.3934240698814392,0.6591026782989502,0.9022815465927123,1.277260446548462
2039-07,2039-07-01,global_mlp,2026-03,2.697676,0.002260648529045284,0.6563498675823212,False,0.0,0.0,external_power_zero,Njord A,,False,0.0,0.001209180674050003,0.002260648529045284,0.003739171614870428,0.006249694200232625,0.0,0.0,0.0,0.0,0.0,0.04104713611304766,0.39236759543418886,0.6563498675823212,0.8992164850234985,1.273141956329346
2039-08,2039-08-01,global_mlp,2026-03,2.697676,0.002536339801736176,0.655299186706543,False,0.0,0.0,external_power_zero,Njord A,,False,0.0,0.0011990018654614682,0.002536339801736176,0.0038157897535711525,0.00646902583539486,0.0,0.0,0.0,0.0,0.0,0.03927373010665184,0.38996918499469757,0.655299186706543,0.8957187056541441,1.268618452548981
2039-09,2039-09-01,global_mlp,2026-03,2.697676,0.002544303657487035,0.652963787317276,False,0.0,0.0,external_power_zero,Njord A,,False,0.0,0.001367022260092197,0.002544303657487035,0.00381732303649187,0.006726272590458393,0.0,0.0,0.0,0.0,0.0,0.027519462816417258,0.38492682576179504,0.652963787317276,0.8925660669803618,1.2634953022003177
2039-10,2039-10-01,global_mlp,2026-03,2.697676,0.0025036822771653533,0.6491122245788574,False,0.0,0.0,external_power_zero,Njord A,,False,0.0,0.001287959492765367,0.0025036822771653533,0.003746346663683652,0.006357294879853729,0.0,0.0,0.0,0.0,0.0,0.02492715884000069,0.3815226674079895,0.6491122245788574,0.8898708760738371,1.2586467623710633
2039-11,2039-11-01,global_mlp,2026-03,2.697676,0.0026281835744157434,0.6461213231086731,False,0.0,0.0,external_power_zero,Njord A,,False,0.0,0.0011977212619967757,0.0026281835744157434,0.0038494965294376,0.006876523513346913,0.0,0.0,0.0,0.0,0.0,0.02192446282133466,0.3775832027196884,0.6461213231086731,0.8879595577716827,1.252698564529419
2039-12,2039-12-01,global_mlp,2026-03,2.697676,0.0026766801020130515,0.6448596715927124,False,0.0,0.0,external_power_zero,Njord A,,False,0.0,0.0011367209604941308,0.0026766801020130515,0.004198693623766302,0.007068359199911357,0.0,0.0,0.0,0.0,0.0,0.017967311013489994,0.37283749878406525,0.6448596715927124,0.8818638801574706,1.242209279537201
2040-01,2040-01-01,global_mlp,2026-03,2.697676,0.002622892614454031,0.6423014104366302,False,0.0,0.0,external_power_zero,Njord A,,False,0.0,0.001403559825848788,0.002622892614454031,0.003981403959915042,0.007193724531680348,0.0,0.0,0.0,0.0,0.0,0.015047924313694252,0.36831959784030915,0.6423014104366302,0.8757510244846342,1.2331904768943789
2040-02,2040-02-01,global_mlp,2026-03,2.697676,0.002428986714221537,0.6369544863700867,False,0.0,0.0,external_power_zero,Njord A,,False,0.0,0.0009167229756712907,0.002428986714221537,0.003842639154754579,0.006859221775084738,0.0,0.0,0.0,0.0,0.0,0.012759432103484876,0.3653497129678726,0.6369544863700867,0.8709725856781002,1.23226273059845
2040-03,2040-03-01,global_mlp,2026-03,2.697676,0.0021826218580827117,0.6335279047489166,False,0.0,0.0,external_power_zero,Njord A,,False,0.0,0.0006358000100590288,0.0021826218580827117,0.003538617840968071,0.0067201844416558765,0.0,0.0,0.0,0.0,0.0,0.010154231451451784,0.3628325670957565,0.6335279047489166,0.8673530876636502,1.2318738102912903
2040-04,2040-04-01,global_mlp,2026-03,2.697676,0.00247650733217597,0.6310575306415558,False,0.0,0.0,external_power_zero,Njord A,,False,0.0,0.0015000277664512392,0.00247650733217597,0.003434694837778805,0.005970736872404816,0.0,0.0,0.0,0.0,0.0,0.006100237788632527,0.36090299785137175,0.6310575306415558,0.8645615994930265,1.2310145616531374
2040-05,2040-05-01,global_mlp,2026-03,2.697676,0.002645561471581459,0.6289666593074799,False,0.0,0.0,external_power_zero,Njord A,,False,0.0,0.0015144659555517135,0.002645561471581459,0.003760501043871044,0.0062521932646632215,0.0,0.0,0.0,0.0,0.0,0.0010300720576196943,0.35832121670246125,0.6289666593074799,0.8610688447952268,1.230457079410553
2040-06,2040-06-01,global_mlp,2026-03,2.697676,0.0024602055782452226,0.6273055672645569,False,0.0,0.0,external_power_zero,Njord A,,False,0.0,0.001401990989688784,0.0024602055782452226,0.00370997891295701,0.005970700085163117,0.0,0.0,0.0,0.0,0.0,0.0,0.3560162395238876,0.6273055672645569,0.8567290425300597,1.2289044618606568
2040-07,2040-07-01,global_mlp,2026-03,2.697676,0.0023008891148492694,0.6248771846294403,False,0.0,0.0,external_power_zero,Njord A,,False,0.0,0.001183428126387298,0.0023008891148492694,0.0034854251658543943,0.00565116717480123,0.0,0.0,0.0,0.0,0.0,0.0,0.3531836420297622,0.6248771846294403,0.852527093887329,1.2261007189750672
2040-08,2040-08-01,global_mlp,2026-03,2.697676,0.0022676707012578845,0.6224737763404846,False,0.0,0.0,external_power_zero,Njord A,,False,0.0,0.0009849329479038715,0.0022676707012578845,0.003508048853836953,0.005968017131090167,0.0,0.0,0.0,0.0,0.0,0.0,0.35104140043258664,0.6224737763404846,0.8470072329044342,1.2251529335975648
2040-09,2040-09-01,global_mlp,2026-03,2.697676,0.0023679505102336407,0.6196140348911285,False,0.0,0.0,external_power_zero,Njord A,,False,0.0,0.0012756037176586683,0.0023679505102336407,0.003550669085234403,0.00605670837685466,0.0,0.0,0.0,0.0,0.0,0.0,0.3472379833459854,0.6196140348911285,0.8437997043132782,1.222422206401825
2040-10,2040-10-01,global_mlp,2026-03,2.697676,0.002358999801799655,0.6160760521888733,False,0.0,0.0,external_power_zero,Njord A,,False,0.0,0.0011856632074341178,0.002358999801799655,0.0034693738911300894,0.006019379803910855,0.0,0.0,0.0,0.0,0.0,0.0,0.3415374100208282,0.6160760521888733,0.8404766261577605,1.219260311126709
2040-11,2040-11-01,global_mlp,2026-03,2.697676,0.0023484493140131235,0.6109923124313354,False,0.0,0.0,external_power_zero,Njord A,,False,0.0,0.0010485526639968156,0.0023484493140131235,0.003544886456802486,0.006240524258464579,0.0,0.0,0.0,0.0,0.0,0.0,0.3371206164360046,0.6109923124313354,0.8367934644222259,1.2110283732414246
2040-12,2040-12-01,global_mlp,2026-03,2.697676,0.0022807002533227205,0.6065647900104523,False,0.0,0.0,external_power_zero,Njord A,,False,0.0,0.0011353208334185182,0.0022807002533227205,0.0035387105308473106,0.0062766599003225565,0.0,0.0,0.0,0.0,0.0,0.0,0.3339541286230087,0.6065647900104523,0.8335981249809264,1.2062555074691774
2041-01,2041-01-01,global_mlp,2026-03,2.697676,0.0022324968595057726,0.6009510457515717,False,0.0,0.0,external_power_zero,Njord A,,False,0.0,0.0009126321936491876,0.0022324968595057726,0.003642402333207428,0.006497893948107959,0.0,0.0,0.0,0.0,0.0,0.0,0.3286786943674087,0.6009510457515717,0.8298999547958373,1.2054368138313294
2041-02,2041-02-01,global_mlp,2026-03,2.697676,0.002056013443507254,0.5975449681282043,False,0.0,0.0,external_power_zero,Njord A,,False,0.0,0.0010454649571329348,0.002056013443507254,0.00346970644313842,0.006706169107928872,0.0,0.0,0.0,0.0,0.0,0.0,0.3247271209955215,0.5975449681282043,0.8260777056217192,1.203721010684967
2041-03,2041-03-01,global_mlp,2026-03,2.697676,0.0020146897295489907,0.5945006906986237,False,0.0,0.0,external_power_zero,Njord A,,False,0.0,0.0004827744996873657,0.0020146897295489907,0.003208549763076004,0.006230507045984273,0.0,0.0,0.0,0.0,0.0,0.0,0.32162982225418085,0.5945006906986237,0.8213499724864959,1.2021401166915893
2041-04,2041-04-01,global_mlp,2026-03,2.697676,0.002228844561614096,0.5910786986351013,False,0.0,0.0,external_power_zero,Njord A,,False,0.0,0.001090070663485676,0.002228844561614096,0.003286705911159515,0.0056633329018950474,0.0,0.0,0.0,0.0,0.0,0.0,0.319227597117424,0.5910786986351013,0.8184285223484038,1.1958779931068422
2041-05,2041-05-01,global_mlp,2026-03,2.697676,0.002408596221357584,0.5887329578399658,False,0.0,0.0,external_power_zero,Njord A,,False,0.0,0.001257591019384563,0.002408596221357584,0.0036572695476934313,0.0063169673085212725,0.0,0.0,0.0,0.0,0.0,0.0,0.31476545929908745,0.5887329578399658,0.8147676587104797,1.1906273365020754
2041-06,2041-06-01,global_mlp,2026-03,2.697676,0.0022486282978206873,0.584166556596756,False,0.0,0.0,external_power_zero,Njord A,,False,0.0,0.0011113407206721601,0.0022486282978206873,0.0034484690520912398,0.006008933763951063,0.0,0.0,0.0,0.0,0.0,0.0,0.3102150470018386,0.584166556596756,0.8110602021217345,1.1883319020271303
2041-07,2041-07-01,global_mlp,2026-03,2.697676,0.0021480771247297525,0.5816030204296112,False,0.0,0.0,external_power_zero,Njord A,,False,0.0,0.000981763278832659,0.0021480771247297525,0.0032725357450544825,0.005652425298467279,0.0,0.0,0.0,0.0,0.0,0.0,0.30801127851009363,0.5816030204296112,0.8071576595306397,1.1861791729927063
2041-08,2041-08-01,global_mlp,2026-03,2.697676,0.0019743844168260694,0.5801970362663269,False,0.0,0.0,external_power_zero,Njord A,,False,0.0,0.0009718244778923689,0.0019743844168260694,0.003305516974069177,0.005698645766824486,0.0,0.0,0.0,0.0,0.0,0.0,0.30523075759410856,0.5801970362663269,0.8041150391101837,1.174872469902039
2041-09,2041-09-01,global_mlp,2026-03,2.697676,0.0020319900941103697,0.5770844221115112,False,0.0,0.0,external_power_zero,Njord A,,False,0.0,0.000925040373113006,0.0020319900941103697,0.003287105122581124,0.005814892798662186,0.0,0.0,0.0,0.0,0.0,0.0,0.3037681549787521,0.5770844221115112,0.8023190081119537,1.1699387192726138
2041-10,2041-10-01,global_mlp,2026-03,2.697676,0.001904775737784803,0.5733119249343872,False,0.0,0.0,external_power_zero,Njord A,,False,0.0,0.0006378064455930143,0.001904775737784803,0.0033123100642114874,0.005509074637666346,0.0,0.0,0.0,0.0,0.0,0.0,0.30249012708663936,0.5733119249343872,0.7994851648807524,1.1654176235198979
2041-11,2041-11-01,global_mlp,2026-03,2.697676,0.0020624800818040967,0.5716903507709503,False,0.0,0.0,external_power_zero,Njord A,,False,0.0,0.0009532055177260189,0.0020624800818040967,0.0035379515727981922,0.006377306673675776,0.0,0.0,0.0,0.0,0.0,0.0,0.3011326640844345,0.5716903507709503,0.7961405158042907,1.161453199386597
2041-12,2041-12-01,global_mlp,2026-03,2.697676,0.002292041666805744,0.5701639950275421,False,0.0,0.0,external_power_zero,Njord A,,False,0.0,0.0009330404165666546,0.002292041666805744,0.0036158319562673564,0.006217113556340338,0.0,0.0,0.0,0.0,0.0,0.0,0.29847308099269865,0.5701639950275421,0.7934934139251708,1.1577915430068972
2042-01,2042-01-01,global_mlp,2026-03,2.697676,0.00244325737003237,0.5666730999946594,False,0.0,0.0,external_power_zero,Njord A,,False,0.0,0.0009801873879041517,0.00244325737003237,0.003623110591433939,0.005971355736255646,0.0,0.0,0.0,0.0,0.0,0.0,0.2962804734706878,0.5666730999946594,0.7906287372112273,1.1544012308120728
2042-02,2042-02-01,global_mlp,2026-03,2.697676,0.002288363757543266,0.5602363049983978,False,0.0,0.0,external_power_zero,Njord A,,False,0.0,0.0006781221134588111,0.002288363757543266,0.003491870034486054,0.0060113572515547295,0.0,0.0,0.0,0.0,0.0,0.0,0.2913113921880721,0.5602363049983978,0.7874312996864319,1.1505808353424072
2042-03,2042-03-01,global_mlp,2026-03,2.697676,0.0019739681156352162,0.5582691133022308,False,0.0,0.0,external_power_zero,Njord A,,False,0.0,0.0005231345072388648,0.0019739681156352162,0.0032339196652173994,0.005600262247025972,0.0,0.0,0.0,0.0,0.0,0.0,0.29081181287765495,0.5582691133022308,0.7832661032676695,1.1349636077880862
2042-04,2042-04-01,global_mlp,2026-03,2.697676,0.0020021593663841486,0.5560559034347534,False,0.0,0.0,external_power_zero,Njord A,,False,0.0,0.0008433283190242946,0.0020021593663841486,0.003281654068268833,0.005571021139621735,0.0,0.0,0.0,0.0,0.0,0.0,0.2876977890729903,0.5560559034347534,0.7818577468395232,1.1204679846763614
2042-05,2042-05-01,global_mlp,2026-03,2.697676,0.0022393353283405304,0.5528286993503571,False,0.0,0.0,external_power_zero,Njord A,,False,0.0,0.0011066106148064135,0.0022393353283405304,0.003521508770063519,0.0055027109105139985,0.0,0.0,0.0,0.0,0.0,0.0,0.28420093655586237,0.5528286993503571,0.778560847043991,1.1114833712577825
2042-06,2042-06-01,global_mlp,2026-03,2.697676,0.002058502403087914,0.5480727255344391,False,0.0,0.0,external_power_zero,Njord A,,False,0.0,0.0009502230735961348,0.002058502403087914,0.003149429778568445,0.005605542333796623,0.0,0.0,0.0,0.0,0.0,0.0,0.28094899058341977,0.5480727255344391,0.7765840649604796,1.107970774173737
2042-07,2042-07-01,global_mlp,2026-03,2.697676,0.0018614266882650554,0.5450054407119751,False,0.0,0.0,external_power_zero,Njord A,,False,0.0,0.0007877799682319164,0.0018614266882650554,0.0031824291218072167,0.005441924696788192,0.0,0.0,0.0,0.0,0.0,0.0,0.2780523627996444,0.5450054407119751,0.7760109841823577,1.105589306354523
2042-08,2042-08-01,global_mlp,2026-03,2.697676,0.0018898206762969494,0.5431895554065704,False,0.0,0.0,external_power_zero,Njord A,,False,0.0,0.0007830185582861303,0.0018898206762969494,0.003120980923995374,0.005036184703931214,0.0,0.0,0.0,0.0,0.0,0.0,0.2752164244651794,0.5431895554065704,0.774361228942871,1.1023792147636418
2042-09,2042-09-01,global_mlp,2026-03,2.697676,0.001983858644962311,0.5402739346027374,False,0.0,0.0,external_power_zero,Njord A,,False,0.0,0.0008818205329589538,0.001983858644962311,0.0031301204813644276,0.005414272798225284,0.0,0.0,0.0,0.0,0.0,0.0,0.271779528260231,0.5402739346027374,0.7707662165164946,1.0989199638366702
2042-10,2042-10-01,global_mlp,2026-03,2.697676,0.001839462318457663,0.5384483635425568,False,0.0,0.0,external_power_zero,Njord A,,False,0.0,0.0008439935918431729,0.001839462318457663,0.0032190041616559023,0.005493470747023823,0.0,0.0,0.0,0.0,0.0,0.0,0.26943269968032835,0.5384483635425568,0.770234727859497,1.0949985623359684
2042-11,2042-11-01,global_mlp,2026-03,2.697676,0.0020598717965185642,0.5342806875705719,False,0.0,0.0,external_power_zero,Njord A,,False,0.0,0.0008116352546494453,0.0020598717965185642,0.003510045469738543,0.005661337124183775,0.0,0.0,0.0,0.0,0.0,0.0,0.26769295036792756,0.5342806875705719,0.7688245058059692,1.090741288661957
2042-12,2042-12-01,global_mlp,2026-03,2.697676,0.0020676770946010947,0.530462771654129,False,0.0,0.0,external_power_zero,Njord A,,False,0.0,0.0008409804722759869,0.0020676770946010947,0.0035145509522408235,0.00600612428970635,0.0,0.0,0.0,0.0,0.0,0.0,0.2644773781299591,0.530462771654129,0.7643813371658323,1.086910676956177
2043-01,2043-01-01,global_mlp,2026-03,2.697676,0.001954183797352016,0.5269645154476166,False,0.0,0.0,external_power_zero,Njord A,,False,0.0,0.0007667968398891389,0.001954183797352016,0.003443811764009297,0.0060620472766459,0.0,0.0,0.0,0.0,0.0,0.0,0.25971546769142145,0.5269645154476166,0.7620984911918638,1.0827904224395755
2043-02,2043-02-01,global_mlp,2026-03,2.697676,0.0018939357250928879,0.521973729133606,False,0.0,0.0,external_power_zero,Njord A,,False,0.0,0.0006859688321128477,0.0018939357250928879,0.0032923934049904316,0.006177906040102247,0.0,0.0,0.0,0.0,0.0,0.0,0.25687822997570037,0.521973729133606,0.7607958853244781,1.0798175573349
2043-03,2043-03-01,global_mlp,2026-03,2.697676,0.0014834635658189654,0.521294504404068,False,0.0,0.0,external_power_zero,Njord A,,False,0.0,0.00014338413457153326,0.0014834635658189654,0.0027494359062984583,0.006103290943428875,0.0,0.0,0.0,0.0,0.0,0.0,0.2517363727092742,0.521294504404068,0.7605041503906249,1.0723029851913455
2043-04,2043-04-01,global_mlp,2026-03,2.697676,0.0020378336776047945,0.5191337466239929,False,0.0,0.0,external_power_zero,Njord A,,False,0.0,0.0009260328079108148,0.0020378336776047945,0.0032952085137367246,0.005551925394684078,0.0,0.0,0.0,0.0,0.0,0.0,0.24830976724624618,0.5191337466239929,0.7585365653038024,1.0656721234321596
2043-05,2043-05-01,global_mlp,2026-03,2.697676,0.002414387185126543,0.5157500207424164,False,0.0,0.0,external_power_zero,Njord A,,False,0.0,0.0010985510889440775,0.002414387185126543,0.0034570662770420308,0.006117040291428569,0.0,0.0,0.0,0.0,0.0,0.0,0.24594475626945478,0.5157500207424164,0.7483277082443237,1.060597896575928
2043-06,2043-06-01,global_mlp,2026-03,2.697676,0.002271423931233585,0.5130487680435181,False,0.0,0.0,external_power_zero,Njord A,,False,0.0,0.000977002637227997,0.002271423931233585,0.003336438490077853,0.006387258227914575,0.0,0.0,0.0,0.0,0.0,0.0,0.2429053306579588,0.5130487680435181,0.7427251100540159,1.0551254034042359
2043-07,2043-07-01,global_mlp,2026-03,2.697676,0.0020657741697505116,0.5112254023551941,False,0.0,0.0,external_power_zero,Njord A,,False,0.0,0.0006184032943565398,0.0020657741697505116,0.003244912927038967,0.005884532723575833,0.0,0.0,0.0,0.0,0.0,0.0,0.24029758721590025,0.5112254023551941,0.7389795482158661,1.050103843212128
2043-08,2043-08-01,global_mlp,2026-03,2.697676,0.0019476808956824243,0.5092931091785431,False,0.0,0.0,external_power_zero,Njord A,,False,0.0,0.0005615341186057776,0.0019476808956824243,0.003405085764825344,0.006029342813417316,0.0,0.0,0.0,0.0,0.0,0.0,0.23291241079568856,0.5092931091785431,0.7347968101501464,1.0469268202781679
2043-09,2043-09-01,global_mlp,2026-03,2.697676,0.0019477204768918455,0.5088388919830322,False,0.0,0.0,external_power_zero,Njord A,,False,0.0,0.0005952499224804341,0.0019477204768918455,0.0031246467959135747,0.006050885003060103,0.0,0.0,0.0,0.0,0.0,0.0,0.22686173468828202,0.5088388919830322,0.729778730869293,1.0430119752883913
2043-10,2043-10-01,global_mlp,2026-03,2.697676,0.0017204857431352139,0.5073188841342926,False,0.0,0.0,external_power_zero,Njord A,,False,0.0,0.00032788650132715703,0.0017204857431352139,0.003197277267463504,0.006081846076995135,0.0,0.0,0.0,0.0,0.0,0.0,0.22575989067554475,0.5073188841342926,0.7217026829719537,1.0385825753211977
2043-11,2043-11-01,global_mlp,2026-03,2.697676,0.0018438288825564086,0.5046234428882599,False,0.0,0.0,external_power_zero,Njord A,,False,0.0,0.00034688723972067223,0.0018438288825564086,0.0032690830063074818,0.006641747895628215,0.0,0.0,0.0,0.0,0.0,0.0,0.22423521876335142,0.5046234428882599,0.7184547305107111,1.0346378922462462
2043-12,2043-12-01,global_mlp,2026-03,2.697676,0.0018275289330631495,0.5020437836647034,False,0.0,0.0,external_power_zero,Njord A,,False,0.0,0.0004942099301842971,0.0018275289330631495,0.003434173809364438,0.005955093959346414,0.0,0.0,0.0,0.0,0.0,0.0,0.2215273305773734,0.5020437836647034,0.7156823873519893,1.0313471555709839
2044-01,2044-01-01,global_mlp,2026-03,2.697676,0.0020065081771463156,0.499239981174469,False,0.0,0.0,external_power_zero,Njord A,,False,0.0,0.0005122778937220571,0.0020065081771463156,0.0034512375947087994,0.006824810011312367,0.0,0.0,0.0,0.0,0.0,0.0,0.22044191658496848,0.499239981174469,0.7118274748325347,1.0308233618736267
2044-02,2044-02-01,global_mlp,2026-03,2.697676,0.0017535157385282218,0.498765304684639,False,0.0,0.0,external_power_zero,Njord A,,False,0.0,0.0004872222780250013,0.0017535157385282218,0.0031382570043206204,0.00634717918001116,0.0,0.0,0.0,0.0,0.0,0.0,0.21783152222633356,0.498765304684639,0.7074462354183195,1.0264974355697631
2044-03,2044-03-01,global_mlp,2026-03,2.697676,0.0015000728890299797,0.497536838054657,False,0.0,0.0,external_power_zero,Njord A,,False,0.0,0.0,0.0015000728890299797,0.0027299022767692783,0.0062381293158978255,0.0,0.0,0.0,0.0,0.0,0.0,0.21602801382541656,0.497536838054657,0.7065065801143646,1.020561444759369
2044-04,2044-04-01,global_mlp,2026-03,2.697676,0.001993105746805668,0.49518434703350067,False,0.0,0.0,external_power_zero,Njord A,,False,0.0,0.0009277021163143214,0.001993105746805668,0.0030885045416653156,0.0051091372035443824,0.0,0.0,0.0,0.0,0.0,0.0,0.21429256200790403,0.49518434703350067,0.7029785573482512,1.017113244533539
2044-05,2044-05-01,global_mlp,2026-03,2.697676,0.002112862537615001,0.49218739569187164,False,0.0,0.0,external_power_zero,Njord A,,False,0.0,0.0010947275557555254,0.002112862537615001,0.0032215460902079935,0.005355202453210952,0.0,0.0,0.0,0.0,0.0,0.0,0.21403980404138562,0.49218739569187164,0.7014247119426728,1.0148268461227419
2044-06,2044-06-01,global_mlp,2026-03,2.697676,0.0018004594603553414,0.4889606535434723,False,0.0,0.0,external_power_zero,Njord A,,False,0.0,0.0007215834280941633,0.0018004594603553414,0.002989770215936005,0.005065266555175185,0.0,0.0,0.0,0.0,0.0,0.0,0.21334528625011442,0.4889606535434723,0.6984165191650391,1.01336727142334
2044-07,2044-07-01,global_mlp,2026-03,2.697676,0.0016293926164507866,0.48649342358112335,False,0.0,0.0,external_power_zero,Njord A,,False,0.0,0.0003407847631024194,0.0016293926164507866,0.0027383899549022314,0.004849916556850076,0.0,0.0,0.0,0.0,0.0,0.0,0.21207988560199736,0.48649342358112335,0.6949640691280364,1.011351990699768
2044-08,2044-08-01,global_mlp,2026-03,2.697676,0.0016106116236187518,0.4824364185333252,False,0.0,0.0,external_power_zero,Njord A,,False,0.0,0.0004079243517480786,0.0016106116236187518,0.0026703466894105066,0.004945816472172737,0.0,0.0,0.0,0.0,0.0,0.0,0.21006722599267955,0.4824364185333252,0.6934153914451598,1.0090864181518555
2044-09,2044-09-01,global_mlp,2026-03,2.697676,0.001719800871796906,0.4809556156396866,False,0.0,0.0,external_power_zero,Njord A,,False,0.0,0.0003230103116948156,0.001719800871796906,0.002882609190419316,0.005322080943733454,0.0,0.0,0.0,0.0,0.0,0.0,0.20854344964027396,0.4809556156396866,0.6914475679397583,1.0048574686050415
2044-10,2044-10-01,global_mlp,2026-03,2.697676,0.0018325200071558356,0.4784772992134094,False,0.0,0.0,external_power_zero,Njord A,,False,0.0,0.00017978264950215813,0.0018325200071558356,0.002943845256231725,0.005040982970967891,0.0,0.0,0.0,0.0,0.0,0.0,0.20795762389898292,0.4784772992134094,0.6898914873600005,1.0029385209083557
2044-11,2044-11-01,global_mlp,2026-03,2.697676,0.0016487060929648578,0.47661784291267395,False,0.0,0.0,external_power_zero,Njord A,,False,0.0,0.0004264238174073395,0.0016487060929648578,0.0031084213173016885,0.005283048795536161,0.0,0.0,0.0,0.0,0.0,0.0,0.20753796100616448,0.47661784291267395,0.6879059433937073,0.9983410894870759
2044-12,2044-12-01,global_mlp,2026-03,2.697676,0.001856709481216967,0.4757869839668274,False,0.0,0.0,external_power_zero,Njord A,,False,0.0,0.00033623370691202546,0.001856709481216967,0.003054338251240549,0.005375872924923897,0.0,0.0,0.0,0.0,0.0,0.0,0.20187096744775768,0.4757869839668274,0.6846454203128814,0.9953658163547516
2045-01,2045-01-01,global_mlp,2026-03,2.697676,0.0015842845314182341,0.4745766669511795,False,0.0,0.0,external_power_zero,Njord A,,False,0.0,7.721999281784486e-05,0.0015842845314182341,0.0031036954838782544,0.005452831694856287,0.0,0.0,0.0,0.0,0.0,0.0,0.1996249750256537,0.4745766669511795,0.6810575723648071,0.9945870101451874
2045-02,2045-02-01,global_mlp,2026-03,2.697676,0.001610772160347551,0.4723757356405258,False,0.0,0.0,external_power_zero,Njord A,,False,0.0,4.237328248564085e-05,0.001610772160347551,0.003028072183951733,0.0053676115814596465,0.0,0.0,0.0,0.0,0.0,0.0,0.1982372358441351,0.4723757356405258,0.6788065791130066,0.9913632869720459
2045-03,2045-03-01,global_mlp,2026-03,2.697676,0.0013841295731253922,0.4693085253238678,False,0.0,0.0,external_power_zero,Njord A,,False,0.0,0.0,0.0013841295731253922,0.0026380568509921406,0.005034683039411903,0.0,0.0,0.0,0.0,0.0,0.0,0.19648063033819174,0.4693085253238678,0.6768600940704346,0.987182742357254
2045-04,2045-04-01,global_mlp,2026-03,2.697676,0.0017937612137757242,0.4679284244775772,False,0.0,0.0,external_power_zero,Njord A,,False,0.0,0.0005137283005751666,0.0017937612137757242,0.0028340319171547886,0.004927274817600847,0.0,0.0,0.0,0.0,0.0,0.0,0.19385452866554234,0.4679284244775772,0.6745080590248107,0.9856454610824585
2045-05,2045-05-01,global_mlp,2026-03,2.697676,0.0019283282454125583,0.4577775299549103,False,0.0,0.0,external_power_zero,Njord A,,False,0.0,0.0003152504767058412,0.0019283282454125583,0.003155818372033536,0.005241461889818313,0.0,0.0,0.0,0.0,0.0,0.0,0.19333477914333316,0.4577775299549103,0.6704408168792725,0.9828774750232698
2045-06,2045-06-01,global_mlp,2026-03,2.697676,0.0017230799421668053,0.4561837613582611,False,0.0,0.0,external_power_zero,Njord A,,False,0.0,0.00036520517314784216,0.0017230799421668053,0.0027294241124764074,0.005002778815105561,0.0,0.0,0.0,0.0,0.0,0.0,0.19211043119430518,0.4561837613582611,0.6679717421531677,0.9807149171829225
2045-07,2045-07-01,global_mlp,2026-03,2.697676,0.0015507991192862391,0.45561380684375763,False,0.0,0.0,external_power_zero,Njord A,,False,0.0,0.00018164977955166216,0.0015507991192862391,0.0026435490464791636,0.004966194508597255,0.0,0.0,0.0,0.0,0.0,0.0,0.19030864387750604,0.45561380684375763,0.664827662706375,0.9779655277729036
2045-08,2045-08-01,global_mlp,2026-03,2.697676,0.001584711135365069,0.45467306673526764,False,0.0,0.0,external_power_zero,Njord A,,False,0.0,0.00027586655342020077,0.001584711135365069,0.0029396818019449696,0.005028531141579151,0.0,0.0,0.0,0.0,0.0,0.0,0.18667970150709137,0.45467306673526764,0.6603894054889679,0.9757010281085969
2045-09,2045-09-01,global_mlp,2026-03,2.697676,0.0017178186681121588,0.45298632979393005,False,0.0,0.0,external_power_zero,Njord A,,False,0.0,0.00026555635267868613,0.0017178186681121588,0.002884458727203309,0.005252314824610949,0.0,0.0,0.0,0.0,0.0,0.0,0.17688108533620833,0.45298632979393005,0.6571464657783508,0.9728219509124758
2045-10,2045-10-01,global_mlp,2026-03,2.697676,0.0016752553055994213,0.4509918540716171,False,0.0,0.0,external_power_zero,Njord A,,False,0.0,8.159840290318232e-05,0.0016752553055994213,0.003027354786172507,0.005403430713340641,0.0,0.0,0.0,0.0,0.0,0.0,0.17453027218580236,0.4509918540716171,0.6533687531948089,0.9723870158195497
2045-11,2045-11-01,global_mlp,2026-03,2.697676,0.001656469830777496,0.44810906052589417,False,0.0,0.0,external_power_zero,Njord A,,False,0.0,2.8993198066018053e-05,0.001656469830777496,0.0030950658256188035,0.00567515273578465,0.0,0.0,0.0,0.0,0.0,0.0,0.17147732824087122,0.44810906052589417,0.6494208455085755,0.9704935848712922
2045-12,2045-12-01,global_mlp,2026-03,2.697676,0.0015618304023519158,0.44311927258968353,False,0.0,0.0,external_power_zero,Njord A,,False,0.0,5.2212358696123435e-06,0.0015618304023519158,0.003113608271814881,0.005805937154218556,0.0,0.0,0.0,0.0,0.0,0.0,0.16824049949645972,0.44311927258968353,0.6463511347770691,0.9673042297363282
2046-01,2046-01-01,global_mlp,2026-03,2.697676,0.0013881553895771503,0.43953269720077515,False,0.0,0.0,external_power_zero,Njord A,,False,0.0,0.0,0.0013881553895771503,0.002791207749396562,0.005641722166910772,0.0,0.0,0.0,0.0,0.0,0.0,0.1617999464273451,0.43953269720077515,0.6444746077060699,0.964402359724045
2046-02,2046-02-01,global_mlp,2026-03,2.697676,0.0014767931425012648,0.4351913630962372,False,0.0,0.0,external_power_zero,Njord A,,False,0.0,0.0,0.0014767931425012648,0.002645351761020719,0.005840089917182925,0.0,0.0,0.0,0.0,0.0,0.0,0.14876252412796018,0.4351913630962372,0.6412368595600128,0.9606508791446687
2046-03,2046-03-01,global_mlp,2026-03,2.697676,0.0011667420621961355,0.4321019798517227,False,0.0,0.0,external_power_zero,Njord A,,False,0.0,0.0,0.0011667420621961355,0.0026143702678382385,0.005615948420017958,0.0,0.0,0.0,0.0,0.0,0.0,0.14732943326234818,0.4321019798517227,0.6388985812664032,0.9549373865127564
2046-04,2046-04-01,global_mlp,2026-03,2.697676,0.0016522490186616778,0.4293944537639618,False,0.0,0.0,external_power_zero,Njord A,,False,0.0,0.000441564925131388,0.0016522490186616778,0.0027851729188114404,0.0048659626394510274,0.0,0.0,0.0,0.0,0.0,0.0,0.14518439322710036,0.4293944537639618,0.6352518141269683,0.9518462896347046
2046-05,2046-05-01,global_mlp,2026-03,2.697676,0.001666853902861476,0.4284212291240692,False,0.0,0.0,external_power_zero,Njord A,,False,0.0,0.00037194386241026203,0.001666853902861476,0.002768463944084942,0.0051568665076047225,0.0,0.0,0.0,0.0,0.0,0.0,0.14319739639759063,0.4284212291240692,0.6309516549110412,0.949288696050644
2046-06,2046-06-01,global_mlp,2026-03,2.697676,0.0016081348294392228,0.42299652099609375,False,0.0,0.0,external_power_zero,Njord A,,False,0.0,0.00024434485239908064,0.0016081348294392228,0.0028578322380781156,0.005089795822277666,0.0,0.0,0.0,0.0,0.0,0.0,0.13927444964647293,0.42299652099609375,0.6271376490592956,0.9462687075138093
2046-07,2046-07-01,global_mlp,2026-03,2.697676,0.0013693528017029166,0.41965675354003906,False,0.0,0.0,external_power_zero,Njord A,,False,0.0,0.0,0.0013693528017029166,0.0026583756553009152,0.004768293956294659,0.0,0.0,0.0,0.0,0.0,0.0,0.13895822763442991,0.41965675354003906,0.6240200996398925,0.9436350047588349
2046-08,2046-08-01,global_mlp,2026-03,2.697676,0.0014881542301736772,0.4172895550727844,False,0.0,0.0,external_power_zero,Njord A,,False,0.0,9.558736055623692e-05,0.0014881542301736772,0.002530170115642249,0.004932483565062286,0.0,0.0,0.0,0.0,0.0,0.0,0.1378847524523735,0.4172895550727844,0.620473575592041,0.9419879853725434
2046-09,2046-09-01,global_mlp,2026-03,2.697676,0.0015861229039728642,0.41444428265094757,False,0.0,0.0,external_power_zero,Njord A,,False,0.0,0.00011584601743379607,0.0015861229039728642,0.002653611497953532,0.00518672843463719,0.0,0.0,0.0,0.0,0.0,0.0,0.13680607825517652,0.41444428265094757,0.6188152968883515,0.9412821233272552
2046-10,2046-10-01,global_mlp,2026-03,2.697676,0.0014641083544120193,0.41045449674129486,False,0.0,0.0,external_power_zero,Njord A,,False,0.0,0.0,0.0014641083544120193,0.002632101159542799,0.005191288562491537,0.0,0.0,0.0,0.0,0.0,0.0,0.13371446281671523,0.41045449674129486,0.6164118707180023,0.9411344707012177
2046-11,2046-11-01,global_mlp,2026-03,2.697676,0.001387029536999762,0.40716612339019775,False,0.0,0.0,external_power_zero,Njord A,,False,0.0,0.0,0.001387029536999762,0.0027221238939091562,0.005519090732559564,0.0,0.0,0.0,0.0,0.0,0.0,0.1310872420668602,0.40716612339019775,0.6135156393051148,0.9395115494728089
2046-12,2046-12-01,global_mlp,2026-03,2.697676,0.0013032224960625172,0.40134213864803314,False,0.0,0.0,external_power_zero,Njord A,,False,0.0,0.0,0.0013032224960625172,0.0025600929278880354,0.005221050791442396,0.0,0.0,0.0,0.0,0.0,0.0,0.12902981042861936,0.40134213864803314,0.6103992938995361,0.9321848869323731
2047-01,2047-01-01,global_mlp,2026-03,2.697676,0.0014397535123862326,0.39698031544685364,False,0.0,0.0,external_power_zero,Njord A,,False,0.0,0.0,0.0014397535123862326,0.002630926808342336,0.005486657703295351,0.0,0.0,0.0,0.0,0.0,0.0,0.12653074637055395,0.39698031544685364,0.6094429731369019,0.921174341440201
2047-02,2047-02-01,global_mlp,2026-03,2.697676,0.0012659855419769883,0.39294788241386414,False,0.0,0.0,external_power_zero,Njord A,,False,0.0,0.0,0.0012659855419769883,0.0026086736470460883,0.005721897911280394,0.0,0.0,0.0,0.0,0.0,0.0,0.12385433241724964,0.39294788241386414,0.6026838839054105,0.9193820655345919
2047-03,2047-03-01,global_mlp,2026-03,2.697676,0.0009420208225492388,0.38884809613227844,False,0.0,0.0,external_power_zero,Njord A,,False,0.0,0.0,0.0009420208225492388,0.0024266222259029745,0.005426431447267534,0.0,0.0,0.0,0.0,0.0,0.0,0.12270552963018415,0.38884809613227844,0.5987768530845639,0.9190603196620943
2047-04,2047-04-01,global_mlp,2026-03,2.697676,0.001623759453650564,0.38491740822792053,False,0.0,0.0,external_power_zero,Njord A,,False,0.0,0.00011054419155698229,0.001623759453650564,0.002701316564343867,0.0043822891078889375,0.0,0.0,0.0,0.0,0.0,0.0,0.12136184647679325,0.38491740822792053,0.596612113714218,0.9187658846378328
2047-05,2047-05-01,global_mlp,2026-03,2.697676,0.0016280224663205445,0.3838278651237488,False,0.0,0.0,external_power_zero,Njord A,,False,0.0,3.46607866958947e-05,0.0016280224663205445,0.0027580041671171757,0.00490300999954343,0.0,0.0,0.0,0.0,0.0,0.0,0.11913115978240962,0.3838278651237488,0.5953395545482633,0.9175693809986115
2047-06,2047-06-01,global_mlp,2026-03,2.697676,0.0017207173514179885,0.3799782395362854,False,0.0,0.0,external_power_zero,Njord A,,False,0.0,0.0,0.0017207173514179885,0.0029313831822946664,0.005202100006863475,0.0,0.0,0.0,0.0,0.0,0.0,0.11727534607052797,0.3799782395362854,0.5916833162307739,0.9161555826663972
2047-07,2047-07-01,global_mlp,2026-03,2.697676,0.0015033442177809775,0.3759246915578842,False,0.0,0.0,external_power_zero,Njord A,,False,0.0,0.0,0.0015033442177809775,0.0028132441220805036,0.004425772605463863,0.0,0.0,0.0,0.0,0.0,0.0,0.11387469694018361,0.3759246915578842,0.5887775540351866,0.9128573536872864
2047-08,2047-08-01,global_mlp,2026-03,2.697676,0.0013810922391712666,0.3735872358083725,False,0.0,0.0,external_power_zero,Njord A,,False,0.0,0.0,0.0013810922391712666,0.002677364903502166,0.0044325785245746385,0.0,0.0,0.0,0.0,0.0,0.0,0.10909936204552649,0.3735872358083725,0.587430465221405,0.9053820669651033
2047-09,2047-09-01,global_mlp,2026-03,2.697676,0.0015592005802318454,0.3701174706220627,False,0.0,0.0,external_power_zero,Njord A,,False,0.0,0.0,0.0015592005802318454,0.0027456149924546466,0.004730686079710723,0.0,0.0,0.0,0.0,0.0,0.0,0.10586218982934949,0.3701174706220627,0.5854824841022491,0.9020592451095581
2047-10,2047-10-01,global_mlp,2026-03,2.697676,0.001409495307598263,0.3692995309829712,False,0.0,0.0,external_power_zero,Njord A,,False,0.0,0.0,0.001409495307598263,0.0027845597825944418,0.005069513618946075,0.0,0.0,0.0,0.0,0.0,0.0,0.1033708475530147,0.3692995309829712,0.5833415985107422,0.8988273203372955
2047-11,2047-11-01,global_mlp,2026-03,2.697676,0.0015384082216769457,0.36728204786777496,False,0.0,0.0,external_power_zero,Njord A,,False,0.0,0.0,0.0015384082216769457,0.0026980804977938515,0.00499418955296278,0.0,0.0,0.0,0.0,0.0,0.0,0.10108978226780888,0.36728204786777496,0.5819207191467285,0.8929508090019227
2047-12,2047-12-01,global_mlp,2026-03,2.697676,0.0013983681565150619,0.3642006665468216,False,0.0,0.0,external_power_zero,Njord A,,False,0.0,0.0,0.0013983681565150619,0.0026599430246278637,0.0051761398091912285,0.0,0.0,0.0,0.0,0.0,0.0,0.09874377176165577,0.3642006665468216,0.5808041632175446,0.8877327203750611
2048-01,2048-01-01,global_mlp,2026-03,2.697676,0.0014812593581154943,0.36254027485847473,False,0.0,0.0,external_power_zero,Njord A,,False,0.0,0.0,0.0014812593581154943,0.0027759865624830114,0.00515821659937501,0.0,0.0,0.0,0.0,0.0,0.0,0.09685497581958767,0.36254027485847473,0.5780311048030852,0.8846786320209504
2048-02,2048-02-01,global_mlp,2026-03,2.697676,0.0012678414932452142,0.35994307696819305,False,0.0,0.0,external_power_zero,Njord A,,False,0.0,0.0,0.0012678414932452142,0.0027496829628944394,0.005194916110485792,0.0,0.0,0.0,0.0,0.0,0.0,0.0951915360987186,0.35994307696819305,0.5741680979728698,0.8829834580421448
2048-03,2048-03-01,global_mlp,2026-03,2.697676,0.0008713034039828926,0.35842445492744446,False,0.0,0.0,external_power_zero,Njord A,,False,0.0,0.0,0.0008713034039828926,0.002211455325596033,0.004465214395895601,0.0,0.0,0.0,0.0,0.0,0.0,0.09257080480456348,0.35842445492744446,0.5717464864253997,0.8799540221691132
2048-04,2048-04-01,global_mlp,2026-03,2.697676,0.0015531706740148365,0.3562205135822296,False,0.0,0.0,external_power_zero,Njord A,,False,0.0,0.0,0.0015531706740148365,0.0023633203003555524,0.0049820931162685165,0.0,0.0,0.0,0.0,0.0,0.0,0.08777111768722534,0.3562205135822296,0.5703758597373961,0.8775988340377808
2048-05,2048-05-01,global_mlp,2026-03,2.697676,0.0016334668034687638,0.35441429913043976,False,0.0,0.0,external_power_zero,Njord A,,False,0.0,0.00021282419620547436,0.0016334668034687638,0.0028211060911417,0.004885787237435581,0.0,0.0,0.0,0.0,0.0,0.0,0.08423054814338683,0.35441429913043976,0.5688488721847532,0.8753453195095063
2048-06,2048-06-01,global_mlp,2026-03,2.697676,0.0014717885642312467,0.35371820628643036,False,0.0,0.0,external_power_zero,Njord A,,False,0.0,3.521327562339081e-06,0.0014717885642312467,0.0025962322717532514,0.004786038398742676,0.0,0.0,0.0,0.0,0.0,0.0,0.08189727216958999,0.35371820628643036,0.5682863056659697,0.8735708177089692
2048-07,2048-07-01,global_mlp,2026-03,2.697676,0.0014982636785134673,0.3512413501739502,False,0.0,0.0,external_power_zero,Njord A,,False,0.0,0.0,0.0014982636785134673,0.002521586231887339,0.005058145849034191,0.0,0.0,0.0,0.0,0.0,0.0,0.07970117107033728,0.3512413501739502,0.5657506763935088,0.8710193693637849
2048-08,2048-08-01,global_mlp,2026-03,2.697676,0.0012855688109993935,0.34745264053344727,False,0.0,0.0,external_power_zero,Njord A,,False,0.0,0.0,0.0012855688109993935,0.0024492208845913405,0.004885619692504408,0.0,0.0,0.0,0.0,0.0,0.0,0.07745710909366607,0.34745264053344727,0.5618538856506344,0.8674123704433442
2048-09,2048-09-01,global_mlp,2026-03,2.697676,0.001438185980077833,0.34348925948143005,False,0.0,0.0,external_power_zero,Njord A,,False,0.0,0.0,0.001438185980077833,0.002661630162037909,0.004777994193136692,0.0,0.0,0.0,0.0,0.0,0.0,0.07557202205061911,0.34348925948143005,0.5605468869209287,0.862871825695038
2048-10,2048-10-01,global_mlp,2026-03,2.697676,0.001263704034499824,0.3372926115989685,False,0.0,0.0,external_power_zero,Njord A,,False,0.0,0.0,0.001263704034499824,0.00255451975390315,0.004834978375583887,0.0,0.0,0.0,0.0,0.0,0.0,0.07366253584623335,0.3372926115989685,0.5594071984291075,0.8596546351909639
2048-11,2048-11-01,global_mlp,2026-03,2.697676,0.0013298644335009158,0.3339341729879379,False,0.0,0.0,external_power_zero,Njord A,,False,0.0,0.0,0.0013298644335009158,0.0026618250878527754,0.005279050674289467,0.0,0.0,0.0,0.0,0.0,0.0,0.0723370991647243,0.3339341729879379,0.556665700674057,0.8581638455390931
2048-12,2048-12-01,global_mlp,2026-03,2.697676,0.001366209879051894,0.33124150335788727,False,0.0,0.0,external_power_zero,Njord A,,False,0.0,0.0,0.001366209879051894,0.002674260083585976,0.005514553794637322,0.0,0.0,0.0,0.0,0.0,0.0,0.06964382678270338,0.33124150335788727,0.5504137754440307,0.8543966829776765
2049-01,2049-01-01,global_mlp,2026-03,2.697676,0.0013889615656808019,0.32747597992420197,False,0.0,0.0,external_power_zero,Njord A,,False,0.0,0.0,0.0013889615656808019,0.00288727891165763,0.005975054949522019,0.0,0.0,0.0,0.0,0.0,0.0,0.06645542234182357,0.32747597992420197,0.5496092319488525,0.8474496603012086
2049-02,2049-02-01,global_mlp,2026-03,2.697676,0.001380716566927731,0.32706619799137115,False,0.0,0.0,external_power_zero,Njord A,,False,0.0,0.0,0.001380716566927731,0.0027686876943334923,0.005794602911919359,0.0,0.0,0.0,0.0,0.0,0.0,0.06423475816845892,0.32706619799137115,0.5451759338378904,0.8460277020931244
2049-03,2049-03-01,global_mlp,2026-03,2.697676,0.000874239660333842,0.32336685061454773,False,0.0,0.0,external_power_zero,Njord A,,False,0.0,0.0,0.000874239660333842,0.0022017634240910407,0.004597734799608589,0.0,0.0,0.0,0.0,0.0,0.0,0.06019909381866454,0.32336685061454773,0.5385485291481013,0.8421926200389862
2049-04,2049-04-01,global_mlp,2026-03,2.697676,0.0015917248092591763,0.3203691095113754,False,0.0,0.0,external_power_zero,Njord A,,False,0.0,0.0,0.0015917248092591763,0.002597940224222839,0.004477255372330548,0.0,0.0,0.0,0.0,0.0,0.0,0.05729366019368172,0.3203691095113754,0.5375425457954401,0.8360048353672028
2049-05,2049-05-01,global_mlp,2026-03,2.697676,0.0015628959517925978,0.3169248253107071,False,0.0,0.0,external_power_zero,Njord A,,False,0.0,0.0,0.0015628959517925978,0.0028616899857297536,0.0052778366021811966,0.0,0.0,0.0,0.0,0.0,0.0,0.05685173235833643,0.3169248253107071,0.5364049077033992,0.8279883086681368
2049-06,2049-06-01,global_mlp,2026-03,2.697676,0.0014464646228589118,0.3160693198442459,False,0.0,0.0,external_power_zero,Njord A,,False,0.0,0.0,0.0014464646228589118,0.002578078047372401,0.0049369805958122065,0.0,0.0,0.0,0.0,0.0,0.0,0.055040542036294916,0.3160693198442459,0.5295933961868284,0.824723792076111
2049-07,2049-07-01,global_mlp,2026-03,2.697676,0.0014317226596176624,0.31409700214862823,False,0.0,0.0,external_power_zero,Njord A,,False,0.0,0.0,0.0014317226596176624,0.0027056533843278882,0.0047001732978969825,0.0,0.0,0.0,0.0,0.0,0.0,0.05395069085061545,0.31409700214862823,0.528595983982086,0.8201051473617554
2049-08,2049-08-01,global_mlp,2026-03,2.697676,0.00150531274266541,0.31190094351768494,False,0.0,0.0,external_power_zero,Njord A,,False,0.0,0.0,0.00150531274266541,0.002610614523291587,0.004934976063668729,0.0,0.0,0.0,0.0,0.0,0.0,0.052319517731666515,0.31190094351768494,0.5279647409915923,0.816099524497986
2049-09,2049-09-01,global_mlp,2026-03,2.697676,0.0016203472623601556,0.30851884186267853,False,0.0,0.0,external_power_zero,Njord A,,False,0.0,0.0,0.0016203472623601556,0.0028306047199293943,0.005287140794098377,0.0,0.0,0.0,0.0,0.0,0.0,0.05131098702549926,0.30851884186267853,0.5249974131584166,0.810741299390793
2049-10,2049-10-01,global_mlp,2026-03,2.697676,0.0013699122937396169,0.30531837046146393,False,0.0,0.0,external_power_zero,Njord A,,False,0.0,0.0,0.0013699122937396169,0.002843167446553707,0.004984466917812825,0.0,0.0,0.0,0.0,0.0,0.0,0.04328499399125575,0.30531837046146393,0.5234629631042479,0.8060364127159121
2049-11,2049-11-01,global_mlp,2026-03,2.697676,0.00137554039247334,0.30244387686252594,False,0.0,0.0,external_power_zero,Njord A,,False,0.0,0.0,0.00137554039247334,0.0028166322968900203,0.005282953660935169,0.0,0.0,0.0,0.0,0.0,0.0,0.04126984849572178,0.30244387686252594,0.5222607374191283,0.8021614313125612
2049-12,2049-12-01,global_mlp,2026-03,2.697676,0.0013767803902737796,0.3009016513824463,False,0.0,0.0,external_power_zero,Njord A,,False,0.0,0.0,0.0013767803902737796,0.0028492408804595463,0.0053846720606088696,0.0,0.0,0.0,0.0,0.0,0.0,0.04036140441894529,0.3009016513824463,0.5206352591514585,0.7976806759834292
2050-01,2050-01-01,global_mlp,2026-03,2.697676,0.0014870798331685364,0.2974645495414734,False,0.0,0.0,external_power_zero,Njord A,,False,0.0,0.0,0.0014870798331685364,0.002924707974307239,0.005778535082936289,0.0,0.0,0.0,0.0,0.0,0.0,0.038904392346739765,0.2974645495414734,0.5187102198600768,0.7950760662555697
2050-02,2050-02-01,global_mlp,2026-03,2.697676,0.0015627180691808462,0.29134295880794525,False,0.0,0.0,external_power_zero,Njord A,,False,0.0,0.0,0.0015627180691808462,0.0030285116517916287,0.006184370024129751,0.0,0.0,0.0,0.0,0.0,0.0,0.03682271540164946,0.29134295880794525,0.5167729973793029,0.7942181229591371
2050-03,2050-03-01,global_mlp,2026-03,2.697676,0.0011630096123553813,0.2885380983352661,False,0.0,0.0,external_power_zero,Njord A,,False,0.0,0.0,0.0011630096123553813,0.0028260498773306606,0.005006938474252821,0.0,0.0,0.0,0.0,0.0,0.0,0.03462051488459107,0.2885380983352661,0.5159970700740814,0.7937881588935852
2050-04,2050-04-01,global_mlp,2026-03,2.697676,0.0015496545238420367,0.28741341829299927,False,0.0,0.0,external_power_zero,Njord A,,False,0.0,0.0,0.0015496545238420367,0.0026839504251256583,0.004570431774482132,0.0,0.0,0.0,0.0,0.0,0.0,0.03226549662649631,0.28741341829299927,0.5135217249393462,0.7926627397537231
2050-05,2050-05-01,global_mlp,2026-03,2.697676,0.0016869842656888068,0.2858717739582062,False,0.0,0.0,external_power_zero,Njord A,,False,0.0,0.0,0.0016869842656888068,0.002846591989509761,0.004668923281133175,0.0,0.0,0.0,0.0,0.0,0.0,0.029615423828363387,0.2858717739582062,0.5087521791458129,0.7897175312042236
2050-06,2050-06-01,global_mlp,2026-03,2.697676,0.0015595987206324935,0.28449007868766785,False,0.0,0.0,external_power_zero,Njord A,,False,0.0,0.0,0.0015595987206324935,0.0026693828403949733,0.0048507350962609065,0.0,0.0,0.0,0.0,0.0,0.0,0.02845607362687584,0.28449007868766785,0.5046858966350553,0.7840177714824677
2050-07,2050-07-01,global_mlp,2026-03,2.697676,0.001171642739791423,0.2796357125043869,False,0.0,0.0,external_power_zero,Njord A,,False,0.0,0.0,0.001171642739791423,0.0024849786190316065,0.004235559841617943,0.0,0.0,0.0,0.0,0.0,0.0,0.027278939820826027,0.2796357125043869,0.4997140705585476,0.7808427870273591
2050-08,2050-08-01,global_mlp,2026-03,2.697676,0.001374893356114626,0.2747071534395218,False,0.0,0.0,external_power_zero,Njord A,,False,0.0,0.0,0.001374893356114626,0.002524856477975845,0.004698234656825664,0.0,0.0,0.0,0.0,0.0,0.0,0.024968849308788763,0.2747071534395218,0.4952115833759305,0.7786433637142183
2050-09,2050-09-01,global_mlp,2026-03,2.697676,0.0012598890461958945,0.27237245440483093,False,0.0,0.0,external_power_zero,Njord A,,False,0.0,0.0,0.0012598890461958945,0.0026269356487318867,0.005224151862785221,0.0,0.0,0.0,0.0,0.0,0.0,0.02404101192951202,0.27237245440483093,0.49238176941871636,0.7759024143218995
2050-10,2050-10-01,global_mlp,2026-03,2.697676,0.0013735561515204608,0.2715938687324524,False,0.0,0.0,external_power_zero,Njord A,,False,0.0,0.0,0.0013735561515204608,0.0028070670319721093,0.005257779685780408,0.0,0.0,0.0,0.0,0.0,0.0,0.02084082029759882,0.2715938687324524,0.48830382227897634,0.7730513393878938
2050-11,2050-11-01,global_mlp,2026-03,2.697676,0.0012470363290049136,0.2691987007856369,False,0.0,0.0,external_power_zero,Njord A,,False,0.0,0.0,0.0012470363290049136,0.0028422807808965445,0.005149271246045829,0.0,0.0,0.0,0.0,0.0,0.0,0.018469650484621493,0.2691987007856369,0.48359865546226477,0.7701039612293246
2050-12,2050-12-01,global_mlp,2026-03,2.697676,0.0013744845637120306,0.2636953592300415,False,0.0,0.0,external_power_zero,Njord A,,False,0.0,0.0,0.0013744845637120306,0.002567688445560632,0.00497249416075647,0.0,0.0,0.0,0.0,0.0,0.0,0.01709113344550128,0.2636953592300415,0.4819956094026564,0.7668357551097872
2051-01,2051-01-01,global_mlp,2026-03,2.697676,0.0013462985516525805,0.26000554859638214,False,0.0,0.0,external_power_zero,Njord A,,False,0.0,0.0,0.0013462985516525805,0.0026032752590253935,0.005400501238182188,0.0,0.0,0.0,0.0,0.0,0.0,0.011608893051743506,0.26000554859638214,0.4784978866577147,0.7625181496143344
2051-02,2051-02-01,global_mlp,2026-03,2.697676,0.0012126447400078177,0.2578275799751282,False,0.0,0.0,external_power_zero,Njord A,,False,0.0,0.0,0.0012126447400078177,0.0026737469015643,0.005079221492633228,0.0,0.0,0.0,0.0,0.0,0.0,0.009208860620856275,0.2578275799751282,0.4778651803731917,0.7595532119274142
2051-03,2051-03-01,global_mlp,2026-03,2.697676,0.0010812095133587718,0.2544320672750473,False,0.0,0.0,external_power_zero,Njord A,,False,0.0,0.0,0.0010812095133587718,0.002348310127854347,0.004855817137286067,0.0,0.0,0.0,0.0,0.0,0.0,0.008103295229375331,0.2544320672750473,0.4768976062536239,0.7548425793647769
