month,date,variant,cutoff_month,remaining_reserves_start_msm3oe,production_forecast_msm3oe,remaining_reserves_end_msm3oe,production_was_clipped,fuel_gas_forecast_msm3,fuel_gas_forecast_sm3,fuel_forecast_method,fuel_source_field,fuel_zero_from_month,fuel_zero_override_applied,production_forecast_msm3oe_q10,production_forecast_msm3oe_q30,production_forecast_msm3oe_q50,production_forecast_msm3oe_q70,production_forecast_msm3oe_q90,fuel_gas_forecast_msm3_q10,fuel_gas_forecast_msm3_q30,fuel_gas_forecast_msm3_q50,fuel_gas_forecast_msm3_q70,fuel_gas_forecast_msm3_q90,remaining_reserves_end_msm3oe_q10,remaining_reserves_end_msm3oe_q30,remaining_reserves_end_msm3oe_q50,remaining_reserves_end_msm3oe_q70,remaining_reserves_end_msm3oe_q90
2026-04,2026-04-01,global_mlp,2026-03,17.202707,0.196195587515831,17.006511688232422,False,5.737121820449829,5737121.820449829,reported_conditioned_mlp,ALVHEIM,,False,0.14432646334171295,0.17370053827762602,0.196195587515831,0.21953309327363965,0.2608514726161957,2.883957028388977,4.678833103179931,5.737121820449829,6.356876039505004,8.106666851043702,16.94185600280762,16.983173751831053,17.006511688232422,17.02900638580322,17.058381462097167
2026-05,2026-05-01,global_mlp,2026-03,17.202707,0.18727890402078629,16.820897102355957,False,5.32854962348938,5328549.62348938,reported_conditioned_mlp,ALVHEIM,,False,0.13536616116762162,0.1650618866086006,0.18727890402078629,0.21359069049358367,0.25461964011192323,2.464752769470215,4.332706499099731,5.32854962348938,6.133235883712766,7.46193208694458,16.69314613342285,16.77539196014404,16.820897102355957,16.861887168884277,16.912311172485353
2026-06,2026-06-01,global_mlp,2026-03,17.202707,0.18487600982189178,16.63321018218994,False,5.3508217334747314,5350821.733474731,reported_conditioned_mlp,ALVHEIM,,False,0.12684326469898224,0.16243392676115034,0.18487600982189178,0.2077825844287872,0.24631037563085562,2.5422445297241216,4.487913608551025,5.3508217334747314,6.2983132839202876,7.449004602432251,16.457563400268555,16.567790031433105,16.63321018218994,16.698234367370606,16.777527046203613
2026-07,2026-07-01,global_mlp,2026-03,17.202707,0.18216612190008163,16.45659828186035,False,5.515737295150757,5515737.295150757,reported_conditioned_mlp,ALVHEIM,,False,0.11922453790903091,0.15720853060483933,0.18216612190008163,0.20796591788530347,0.2570841819047928,2.0728859663009644,4.316867685317993,5.515737295150757,6.324295091629028,7.78776478767395,16.220415306091308,16.364164352416992,16.45659828186035,16.523851585388183,16.646912574768066
2026-08,2026-08-01,global_mlp,2026-03,17.202707,0.1800536960363388,16.276909828186035,False,5.379127264022827,5379127.264022827,reported_conditioned_mlp,ALVHEIM,,False,0.12307828217744828,0.15671333372592927,0.1800536960363388,0.207884319126606,0.2658843874931336,2.8387722253799446,4.507127141952514,5.379127264022827,6.209842872619629,7.541929054260255,15.982334327697753,16.16215572357178,16.276909828186035,16.37880973815918,16.493091773986816
2026-09,2026-09-01,global_mlp,2026-03,17.202707,0.18399392068386078,16.10135269165039,False,5.537299156188965,5537299.156188965,reported_conditioned_mlp,ALVHEIM,,False,0.1224207177758217,0.15966807454824447,0.18399392068386078,0.21556369215250015,0.28690086305141455,2.467528128623963,4.61548547744751,5.537299156188965,6.394853258132933,8.046860790252685,15.732690715789795,15.967211437225341,16.10135269165039,16.20283489227295,16.344624328613282
2026-10,2026-10-01,global_mlp,2026-03,17.202707,0.19259660691022873,15.90804672241211,False,5.387975454330444,5387975.454330444,reported_conditioned_mlp,ALVHEIM,,False,0.1179959498345852,0.1653467535972595,0.19259660691022873,0.22946352809667586,0.29023067951202397,2.1729054212570196,4.211564588546753,5.387975454330444,6.164209461212158,7.75661039352417,15.476539897918702,15.760395050048828,15.90804672241211,16.032221794128418,16.162948226928712
2026-11,2026-11-01,global_mlp,2026-03,17.202707,0.20116136223077774,15.702366352081299,False,5.416050672531128,5416050.672531128,reported_conditioned_mlp,ALVHEIM,,False,0.12528417333960534,0.17195935100317,0.20116136223077774,0.2415918678045273,0.31369994282722474,1.9936738967895518,4.3852507114410395,5.416050672531128,6.185834503173828,7.945849800109864,15.181248378753661,15.535004043579102,15.702366352081299,15.859022331237792,16.00008144378662
2026-12,2026-12-01,global_mlp,2026-03,17.202707,0.20204728841781616,15.492951393127441,False,5.5302300453186035,5530230.0453186035,reported_conditioned_mlp,ALVHEIM,,False,0.12371275424957277,0.1701715514063835,0.20204728841781616,0.23892590701580044,0.3296061098575592,2.7856149673461923,4.459095430374146,5.5302300453186035,6.155988693237305,7.831127738952637,14.953909111022949,15.31322956085205,15.492951393127441,15.668068313598633,15.874084377288819
2027-01,2027-01-01,global_mlp,2026-03,17.202707,0.20305202901363373,15.270342826843262,False,5.3044273853302,5304427.3853302,reported_conditioned_mlp,ALVHEIM,,False,0.11846851408481598,0.17206240743398665,0.20305202901363373,0.2450939029455185,0.3326367557048798,1.8316121339797975,4.2894059181213375,5.3044273853302,6.338338279724119,8.063908004760743,14.656011009216309,15.085082149505615,15.270342826843262,15.48236083984375,15.703650951385498
2027-02,2027-02-01,global_mlp,2026-03,17.202707,0.19490965455770493,15.061379432678223,False,5.138547897338867,5138547.897338867,reported_conditioned_mlp,ALVHEIM,,False,0.11179791837930682,0.16209678053855894,0.19490965455770493,0.24393132776021959,0.3276464104652405,1.570331585407257,3.9836424350738526,5.138547897338867,6.0343259334564205,8.023866748809814,14.333480644226075,14.850283527374268,15.061379432678223,15.310934925079346,15.585280704498292
2027-03,2027-03-01,global_mlp,2026-03,17.202707,0.18218273669481277,14.860929012298584,False,5.090714693069458,5090714.693069458,reported_conditioned_mlp,ALVHEIM,,False,0.0964121825993061,0.15021017491817473,0.18218273669481277,0.2269810751080513,0.3010798960924149,1.263043212890625,3.949778866767883,5.090714693069458,6.050759744644164,7.449018383026125,14.090744686126708,14.60207986831665,14.860929012298584,15.146163082122802,15.437439918518066
2027-04,2027-04-01,global_mlp,2026-03,17.202707,0.17946339398622513,14.701298236846924,False,4.46614408493042,4466144.08493042,reported_conditioned_mlp,ALVHEIM,,False,0.0904897503554821,0.14526827037334442,0.17946339398622513,0.21422070562839507,0.2809061110019684,1.2986781716346742,3.350616645812988,4.46614408493042,5.488405847549438,6.850399827957154,13.856458187103271,14.408839416503906,14.701298236846924,14.998918533325195,15.297341060638427
2027-05,2027-05-01,global_mlp,2026-03,17.202707,0.17332975566387177,14.51791524887085,False,4.394400119781494,4394400.119781494,reported_conditioned_mlp,ALVHEIM,,False,0.084161713719368,0.13887083083391188,0.17332975566387177,0.21073157787322996,0.268653839826584,1.2881620287895204,3.291221117973327,4.394400119781494,5.473043060302734,6.878259325027466,13.618861770629882,14.190523052215577,14.51791524887085,14.833520793914795,15.201668548583985
2027-06,2027-06-01,global_mlp,2026-03,17.202707,0.17275427281856537,14.346286296844482,False,4.405580520629883,4405580.520629883,reported_conditioned_mlp,ALVHEIM,,False,0.0841968983411789,0.13475030809640884,0.17275427281856537,0.20525021255016326,0.27633342444896697,1.5294881582260134,3.2912711620330812,4.405580520629883,5.649097824096678,7.00964903831482,13.380217170715332,13.96247320175171,14.346286296844482,14.705018615722656,15.099514865875244
2027-07,2027-07-01,global_mlp,2026-03,17.202707,0.1705223172903061,14.174567222595215,False,4.573058843612671,4573058.843612671,reported_conditioned_mlp,ALVHEIM,,False,0.08878208324313165,0.13622386902570724,0.1705223172903061,0.21004226356744757,0.2753880143165589,1.3770521759986887,3.3267698526382445,4.573058843612671,5.624301481246948,7.0840612888336185,13.159925270080567,13.788501167297364,14.174567222595215,14.544209194183349,14.961165714263917
2027-08,2027-08-01,global_mlp,2026-03,17.202707,0.17147795110940933,14.00834608078003,False,4.478870630264282,4478870.630264282,reported_conditioned_mlp,ALVHEIM,,False,0.0838464342057705,0.12950122505426406,0.17147795110940933,0.21077387034893036,0.2813684076070786,1.1515865087509165,3.0472231149673457,4.478870630264282,5.691449213027954,6.74015703201294,12.857279968261718,13.588676261901856,14.00834608078003,14.405010795593261,14.900400638580322
2027-09,2027-09-01,global_mlp,2026-03,17.202707,0.17302656918764114,13.840274810791016,False,4.745325326919556,4745325.326919556,reported_conditioned_mlp,ALVHEIM,,False,0.087994135171175,0.13740663081407548,0.17302656918764114,0.21724446862936017,0.2886570125818253,1.010647213459015,3.3137821197509765,4.745325326919556,5.86451940536499,7.215229368209843,12.58330717086792,13.397672557830811,13.840274810791016,14.242027854919433,14.773906230926514
2027-10,2027-10-01,global_mlp,2026-03,17.202707,0.17399808019399643,13.65586519241333,False,4.761208772659302,4761208.772659302,reported_conditioned_mlp,ALVHEIM,,False,0.08871394619345666,0.13093486428260803,0.17399808019399643,0.21651645898818966,0.3010253638029099,1.3320818662643434,3.3728231191635127,4.761208772659302,5.745836830139159,7.09774332046509,12.313403797149657,13.175256538391114,13.65586519241333,14.099155616760253,14.637528038024902
2027-11,2027-11-01,global_mlp,2026-03,17.202707,0.18142490833997726,13.465760231018066,False,4.627383232116699,4627383.232116699,reported_conditioned_mlp,ALVHEIM,,False,0.09537771046161651,0.14027335494756699,0.18142490833997726,0.2347079187631607,0.3198731064796448,1.128645205497742,3.5444057703018186,4.627383232116699,5.725955152511596,7.381594562530518,12.008629322052002,12.893668937683106,13.465760231018066,13.946579360961913,14.487312698364258
2027-12,2027-12-01,global_mlp,2026-03,17.202707,0.1839004009962082,13.258877754211426,False,4.635708332061768,4635708.332061768,reported_conditioned_mlp,ALVHEIM,,False,0.08672238588333131,0.1444774180650711,0.1839004009962082,0.2343274354934692,0.3298255056142807,1.4191975235939027,3.38147656917572,4.635708332061768,5.663319158554075,7.181933450698852,11.722066688537598,12.678421878814698,13.258877754211426,13.770160484313964,14.42519760131836
2028-01,2028-01-01,global_mlp,2026-03,17.202707,0.18237322568893433,13.043121337890625,False,4.567913770675659,4567913.770675659,reported_conditioned_mlp,ALVHEIM,,False,0.08646420836448669,0.13711438626050948,0.18237322568893433,0.2381378501653671,0.3164521396160126,1.3259968757629397,3.278060841560363,4.567913770675659,5.662407636642455,7.0727040767669695,11.409183502197266,12.446158027648925,13.043121337890625,13.59874563217163,14.306682586669922
2028-02,2028-02-01,global_mlp,2026-03,17.202707,0.18114683032035828,12.86778211593628,False,4.421177387237549,4421177.387237549,reported_conditioned_mlp,ALVHEIM,,False,0.08742747157812118,0.13550815284252166,0.18114683032035828,0.2325141504406929,0.3189918488264084,0.9529507815837861,3.138439083099365,4.421177387237549,5.399678945541382,7.486685419082642,11.11347484588623,12.252753734588623,12.86778211593628,13.468785190582276,14.200133323669434
2028-03,2028-03-01,global_mlp,2026-03,17.202707,0.1719008907675743,12.720859050750732,False,4.264376401901245,4264376.401901245,reported_conditioned_mlp,ALVHEIM,,False,0.07864299565553666,0.1280663564801216,0.1719008907675743,0.22058244645595548,0.308335354924202,0.8743988871574403,2.905727267265319,4.264376401901245,5.432814931869503,7.0667562007904055,10.821174240112304,12.030041408538818,12.720859050750732,13.345157051086426,14.092454147338866
2028-04,2028-04-01,global_mlp,2026-03,17.202707,0.15902924537658691,12.564281940460205,False,3.7909520864486694,3790952.0864486694,reported_conditioned_mlp,ALVHEIM,,False,0.07604124397039413,0.11752797365188598,0.15902924537658691,0.1980492621660232,0.2999840646982195,0.7006726682186127,2.212898588180542,3.7909520864486694,5.080066442489624,6.754316711425782,10.542160892486573,11.800588989257813,12.564281940460205,13.220604419708252,14.018997859954833
2028-05,2028-05-01,global_mlp,2026-03,17.202707,0.15438391268253326,12.39707326889038,False,3.696984648704529,3696984.648704529,reported_conditioned_mlp,ALVHEIM,,False,0.06551538929343223,0.1125166617333889,0.15438391268253326,0.19429988265037537,0.28521429300308226,0.6772857010364535,2.202703046798706,3.696984648704529,5.0844892978668215,6.807800674438477,10.327737522125243,11.62735719680786,12.39707326889038,13.099040508270264,13.956610298156738
2028-06,2028-06-01,global_mlp,2026-03,17.202707,0.14989157021045685,12.234541893005371,False,4.02680778503418,4026807.7850341797,reported_conditioned_mlp,ALVHEIM,,False,0.06872316747903824,0.10846520215272902,0.14989157021045685,0.20040568262338637,0.2862310111522675,0.6343249619007111,2.094678783416748,4.02680778503418,5.059701776504515,6.777190923690798,10.09621114730835,11.420759391784667,12.234541893005371,12.961752700805663,13.881711769104005
2028-07,2028-07-01,global_mlp,2026-03,17.202707,0.15522272139787674,12.048365592956543,False,3.9408698081970215,3940869.8081970215,reported_conditioned_mlp,ALVHEIM,,False,0.06742874607443809,0.1148180715739727,0.15522272139787674,0.20150453895330425,0.28112799227237706,0.6481734573841095,2.3169525384902947,3.9408698081970215,5.053769731521606,7.079367017745973,9.874828147888184,11.199080276489257,12.048365592956543,12.845980358123779,13.81340503692627
2028-08,2028-08-01,global_mlp,2026-03,17.202707,0.15393707901239395,11.90722131729126,False,3.894423246383667,3894423.246383667,reported_conditioned_mlp,ALVHEIM,,False,0.0695049487054348,0.11407855376601218,0.15393707901239395,0.1980264917016029,0.2985607534646988,0.5863990724086763,2.288139486312866,3.894423246383667,5.030283975601196,6.829410696029665,9.623464202880859,10.987901496887206,11.90722131729126,12.747400665283202,13.748025226593018
2028-09,2028-09-01,global_mlp,2026-03,17.202707,0.15232884138822556,11.769782066345215,False,3.844160318374634,3844160.318374634,reported_conditioned_mlp,ALVHEIM,,False,0.07017825469374657,0.1152894914150238,0.15232884138822556,0.2035340428352356,0.29335851669311525,0.4792686223983765,2.1667756557464597,3.844160318374634,5.224499130249022,6.858171463012696,9.294073581695557,10.765174770355225,11.769782066345215,12.640120315551757,13.626615428924561
2028-10,2028-10-01,global_mlp,2026-03,17.202707,0.14933814108371735,11.57077407836914,False,3.698579430580139,3698579.430580139,reported_conditioned_mlp,ALVHEIM,,False,0.05933966673910618,0.10970515683293343,0.14933814108371735,0.2012846603989601,0.30904893875122086,0.5481140673160554,2.3655004739761347,3.698579430580139,5.079778671264648,6.994196748733521,8.976691341400146,10.580838871002197,11.57077407836914,12.533922290802002,13.538201045989991
2028-11,2028-11-01,global_mlp,2026-03,17.202707,0.15810807794332504,11.466936111450195,False,3.9478485584259033,3947848.5584259033,reported_conditioned_mlp,ALVHEIM,,False,0.07048753052949908,0.11471715644001959,0.15810807794332504,0.20415389090776442,0.30273002386093156,0.33442082405090334,2.2322830915451046,3.9478485584259033,5.236830425262451,7.034413051605227,8.707143878936767,10.416414356231689,11.466936111450195,12.408414649963378,13.474886703491212
2028-12,2028-12-01,global_mlp,2026-03,17.202707,0.15713869035243988,11.270668029785156,False,3.781498670578003,3781498.670578003,reported_conditioned_mlp,ALVHEIM,,False,0.07174055352807045,0.11417826935648918,0.15713869035243988,0.2081791192293166,0.3006762206554416,0.3484127312898637,2.25501492023468,3.781498670578003,5.27122163772583,7.004058265686036,8.411651134490967,10.256686782836914,11.270668029785156,12.279130554199218,13.377980804443359
2029-01,2029-01-01,global_mlp,2026-03,17.202707,0.15395614504814148,11.098429679870605,False,3.760320544242859,3760320.544242859,reported_conditioned_mlp,ALVHEIM,,False,0.07436963766813279,0.11601782292127609,0.15395614504814148,0.2158985406160354,0.31263430416584026,0.40512689948081976,2.237503123283386,3.760320544242859,4.96728148460388,6.523414278030396,8.12169589996338,10.0284517288208,11.098429679870605,12.176896095275879,13.286778450012207
2029-02,2029-02-01,global_mlp,2026-03,17.202707,0.1592554822564125,10.90473747253418,False,3.725562810897827,3725562.810897827,reported_conditioned_mlp,ALVHEIM,,False,0.07600940838456154,0.11577910855412482,0.1592554822564125,0.20547849684953687,0.3042283296585083,0.3545738577842714,1.8637560486793512,3.725562810897827,5.024141025543213,7.361202192306521,7.848716306686401,9.807096672058105,10.90473747253418,12.052171897888183,13.136335182189942
2029-03,2029-03-01,global_mlp,2026-03,17.202707,0.1448165699839592,10.75205945968628,False,3.197647452354431,3197647.452354431,reported_conditioned_mlp,ALVHEIM,,False,0.0573157772421837,0.1093469701707363,0.1448165699839592,0.1957354575395584,0.2801816761493683,0.41510457396507283,1.529309868812561,3.197647452354431,4.841223716735838,6.659536838531494,7.605340385437012,9.65242977142334,10.75205945968628,11.923731231689452,13.051594257354736
2029-04,2029-04-01,global_mlp,2026-03,17.202707,0.13220662623643875,10.585541725158691,False,3.0107011795043945,3010701.1795043945,reported_conditioned_mlp,ALVHEIM,,False,0.06059791892766953,0.09611976593732834,0.13220662623643875,0.189484104514122,0.2840189337730408,0.4286986649036408,1.4387150406837461,3.0107011795043945,4.4951030731201165,6.331746721267701,7.23890266418457,9.481195259094239,10.585541725158691,11.837413692474366,12.946993827819824
2029-05,2029-05-01,global_mlp,2026-03,17.202707,0.1292368695139885,10.464284420013428,False,2.9391621351242065,2939162.1351242065,reported_conditioned_mlp,ALVHEIM,,False,0.055154197663068776,0.09394490271806717,0.1292368695139885,0.1827026754617691,0.27689861059188847,0.4652531325817108,1.4427144050598144,2.9391621351242065,4.540619373321531,6.43571391105652,6.977340602874756,9.2987717628479,10.464284420013428,11.717203521728514,12.842021942138672
2029-06,2029-06-01,global_mlp,2026-03,17.202707,0.12384629622101784,10.369329929351807,False,2.6516435146331787,2651643.5146331787,reported_conditioned_mlp,ALVHEIM,,False,0.04702203236520291,0.08768518269062042,0.12384629622101784,0.17530845552682875,0.2659782588481903,0.3999515235424043,1.3453999161720274,2.6516435146331787,4.374629640579223,6.05216007232666,6.811362648010254,9.127458858489991,10.369329929351807,11.628649139404297,12.762661170959474
2029-07,2029-07-01,global_mlp,2026-03,17.202707,0.12448227405548096,10.27417278289795,False,2.858908534049988,2858908.534049988,reported_conditioned_mlp,ALVHEIM,,False,0.0521522305905819,0.08960654363036155,0.12448227405548096,0.17431890070438386,0.26604001224040985,0.4715003371238709,1.588288676738739,2.858908534049988,4.440119075775145,6.250482034683228,6.555497169494629,8.967295265197752,10.27417278289795,11.501930046081542,12.703020381927491
2029-08,2029-08-01,global_mlp,2026-03,17.202707,0.1210966445505619,10.157226085662842,False,2.836170792579651,2836170.792579651,reported_conditioned_mlp,ALVHEIM,,False,0.051215631514787675,0.08651072680950164,0.1210966445505619,0.1651995584368705,0.2633313953876496,0.29386290013790134,1.1630684852600095,2.836170792579651,4.231955051422118,6.153490543365479,6.401424407958984,8.76570291519165,10.157226085662842,11.365938091278075,12.641762351989746
2029-09,2029-09-01,global_mlp,2026-03,17.202707,0.12324786186218262,10.013235569000244,False,2.806261420249939,2806261.420249939,reported_conditioned_mlp,ALVHEIM,,False,0.04725398011505604,0.08941975235939026,0.12324786186218262,0.16471069604158392,0.2757182508707048,0.2862004518508912,1.1473429799079893,2.806261420249939,4.369342184066771,6.186764478683472,6.116570329666138,8.615722179412842,10.013235569000244,11.229093074798584,12.576462554931641
2029-10,2029-10-01,global_mlp,2026-03,17.202707,0.12242543697357178,9.890358448028564,False,2.80037784576416,2800377.84576416,reported_conditioned_mlp,ALVHEIM,,False,0.05188897885382176,0.08792878612875937,0.12242543697357178,0.16803336590528486,0.26430498063564306,0.2592431455850601,1.1482345342636107,2.80037784576416,4.146169900894165,6.237680912017823,5.7678779602050785,8.469865989685058,9.890358448028564,11.151412677764892,12.496918964385987
2029-11,2029-11-01,global_mlp,2026-03,17.202707,0.13066750764846802,9.745186805725098,False,2.8823928833007812,2882392.8833007812,reported_conditioned_mlp,ALVHEIM,,False,0.0534029245376587,0.09068042635917664,0.13066750764846802,0.17614428251981734,0.2763124853372575,0.12080018371343619,1.1126370072364806,2.8823928833007812,4.63589334487915,6.5341055870056195,5.4711559295654295,8.220333480834961,9.745186805725098,11.090152835845947,12.411808109283447
2029-12,2029-12-01,global_mlp,2026-03,17.202707,0.133626326918602,9.638667106628418,False,2.754454255104065,2754454.255104065,reported_conditioned_mlp,ALVHEIM,,False,0.05358183421194554,0.08978679478168487,0.133626326918602,0.17892958074808116,0.26777389645576477,0.10336628779768949,0.9759701371192929,2.754454255104065,4.329805707931518,6.242130851745607,5.267104053497315,8.03040723800659,9.638667106628418,10.967941284179688,12.331863117218017
2030-01,2030-01-01,global_mlp,2026-03,17.202707,0.12927263230085373,9.555556297302246,False,2.506322145462036,2506322.145462036,reported_conditioned_mlp,ALVHEIM,,False,0.05028829090297223,0.0893626645207405,0.12927263230085373,0.1787060037255287,0.2620386302471161,0.11539282873272906,0.9044246077537533,2.506322145462036,4.0325785160064695,6.101357126235962,5.033402585983277,7.961522150039672,9.555556297302246,10.883924293518065,12.25483741760254
2030-02,2030-02-01,global_mlp,2026-03,17.202707,0.12737076729536057,9.438161373138428,False,2.3396395444869995,2339639.5444869995,reported_conditioned_mlp,ALVHEIM,,False,0.046976064890623094,0.08766532093286514,0.12737076729536057,0.17630044370889664,0.2586656719446183,0.060153006389737196,0.7491313099861143,2.3396395444869995,4.172849702835081,6.322480392456055,4.937890052795411,7.746926879882812,9.438161373138428,10.771878337860107,12.192383956909179
2030-03,2030-03-01,global_mlp,2026-03,17.202707,0.11654141917824745,9.292898178100586,False,2.2675997018814087,2267599.7018814087,reported_conditioned_mlp,ALVHEIM,,False,0.04478434845805169,0.0780904971063137,0.11654141917824745,0.15994501858949656,0.24961020052433022,0.07043173238635068,0.7151644885540007,2.2675997018814087,3.708720111846922,6.260650539398194,4.585029745101929,7.572723770141601,9.292898178100586,10.691646575927734,12.102285003662109
2030-04,2030-04-01,global_mlp,2026-03,17.202707,0.10315133258700371,9.190900802612305,False,1.902670443058014,1902670.443058014,reported_conditioned_mlp,ALVHEIM,,False,0.04406621456146242,0.07364291176199912,0.10315133258700371,0.1417255699634552,0.2355735257267952,0.2846082732081416,1.0002229511737823,1.902670443058014,3.5995491027832016,6.13377504348755,4.359018421173096,7.417344093322754,9.190900802612305,10.638811683654785,12.050229167938232
2030-05,2030-05-01,global_mlp,2026-03,17.202707,0.10167088359594345,9.110871315002441,False,1.7363067269325256,1736306.7269325256,reported_conditioned_mlp,ALVHEIM,,False,0.0318187452852726,0.06982460767030715,0.10167088359594345,0.13739991039037702,0.21646701842546465,0.3859404206275941,0.9442765533924102,1.7363067269325256,3.2843704462051355,5.718783140182495,4.049135494232178,7.26505298614502,9.110871315002441,10.598692226409911,12.003833484649657
2030-06,2030-06-01,global_mlp,2026-03,17.202707,0.09540237113833427,8.980392932891846,False,1.8333460092544556,1833346.0092544556,reported_conditioned_mlp,ALVHEIM,,False,0.03893593139946462,0.06745758503675459,0.09540237113833427,0.13567393571138378,0.21695672571659097,0.30016423761844635,0.9194773137569426,1.8333460092544556,3.38033993244171,5.635770654678348,3.970967531204224,7.1368201732635494,8.980392932891846,10.516536140441893,11.935287857055664
2030-07,2030-07-01,global_mlp,2026-03,17.202707,0.09608366340398788,8.879095554351807,False,1.9089557528495789,1908955.7528495789,reported_conditioned_mlp,ALVHEIM,,False,0.03921492770314217,0.06788192838430404,0.09608366340398788,0.13254278004169465,0.22032577693462377,0.31530609130859377,0.9645465850830075,1.9089557528495789,3.4474449634552,5.99827380180359,3.788115930557251,6.9629827499389645,8.879095554351807,10.425353240966794,11.87166633605957
2030-08,2030-08-01,global_mlp,2026-03,17.202707,0.09657709673047066,8.782392978668213,False,1.6697962880134583,1669796.2880134583,reported_conditioned_mlp,ALVHEIM,,False,0.027167049609124663,0.0664755769073963,0.09657709673047066,0.1323683232069015,0.2219667345285416,0.13004971593618395,0.7060372471809386,1.6697962880134583,3.4421872615814206,5.863889598846436,3.6402324914932254,6.83843936920166,8.782392978668213,10.347461414337157,11.803683757781982
2030-09,2030-09-01,global_mlp,2026-03,17.202707,0.09430214390158653,8.673794269561768,False,1.6713613867759705,1671361.3867759705,reported_conditioned_mlp,ALVHEIM,,False,0.032831402495503426,0.06816937327384949,0.09430214390158653,0.13161539286375046,0.2296273246407509,0.18222881108522423,0.8163136482238768,1.6713613867759705,3.45974051952362,6.232922220230105,3.437956714630127,6.696001052856445,8.673794269561768,10.279383945465087,11.755851459503175
2030-10,2030-10-01,global_mlp,2026-03,17.202707,0.09276838228106499,8.59000825881958,False,2.0423399209976196,2042339.9209976196,reported_conditioned_mlp,ALVHEIM,,False,0.025884486362338067,0.06541963368654251,0.09276838228106499,0.12908566147089004,0.2287836983799935,0.19021681547164918,0.9643029749393459,2.0423399209976196,3.8601651430129995,6.274415349960328,3.181856679916382,6.5119706153869625,8.59000825881958,10.211075115203856,11.669810771942139
2030-11,2030-11-01,global_mlp,2026-03,17.202707,0.0959680862724781,8.495584964752197,False,1.7899500131607056,1789950.0131607056,reported_conditioned_mlp,ALVHEIM,,False,0.03266800418496134,0.07076678723096848,0.0959680862724781,0.14055177122354504,0.22583324164152146,0.07052310556173325,0.7265964448451995,1.7899500131607056,3.901095509529113,6.4173919677734395,3.0471570014953615,6.334907674789429,8.495584964752197,10.112638854980467,11.593302631378174
2030-12,2030-12-01,global_mlp,2026-03,17.202707,0.09559905529022217,8.419340133666992,False,1.6696832180023193,1669683.2180023193,reported_conditioned_mlp,ALVHEIM,,False,0.02199544068425894,0.06701365113258362,0.09559905529022217,0.13625547736883165,0.22595331072807315,0.02464777491986757,0.6208368062973021,1.6696832180023193,3.563712000846861,6.1366763591766365,2.846328020095826,6.152536869049072,8.419340133666992,10.06590518951416,11.538389682769775
2031-01,2031-01-01,global_mlp,2026-03,17.202707,0.09631476923823357,8.32105541229248,False,1.8630730509757996,1863073.0509757996,reported_conditioned_mlp,ALVHEIM,,False,0.022446135431528094,0.06451953947544098,0.09631476923823357,0.14290865063667296,0.23556748777627945,0.032687826268374985,0.6696859121322631,1.8630730509757996,3.5185641527175884,6.0066540241241455,2.624202108383181,5.939162683486939,8.32105541229248,9.949902629852293,11.471685123443605
2031-02,2031-02-01,global_mlp,2026-03,17.202707,0.0933094397187233,8.133565425872803,False,1.5031020045280457,1503102.0045280457,reported_conditioned_mlp,ALVHEIM,,False,0.01686282139271498,0.06307796686887741,0.0933094397187233,0.1388556659221649,0.21650713682174683,0.03851915523409844,0.6068181335926053,1.5031020045280457,3.3015360832214355,6.303227901458741,2.549570989608768,5.773995447158813,8.133565425872803,9.895642852783203,11.425253677368165
2031-03,2031-03-01,global_mlp,2026-03,17.202707,0.08860719576478004,7.978404521942139,False,1.4702673554420471,1470267.3554420471,reported_conditioned_mlp,ALVHEIM,,False,0.01871754284948111,0.059298700094223014,0.08860719576478004,0.13130460679531097,0.21034183651208882,0.0,0.6267040073871611,1.4702673554420471,3.0655090332031247,5.933745002746582,2.2653208494186425,5.586139440536499,7.978404521942139,9.828124332427977,11.38928451538086
2031-04,2031-04-01,global_mlp,2026-03,17.202707,0.07630446925759315,7.8535544872283936,False,1.5144781470298767,1514478.1470298767,reported_conditioned_mlp,ALVHEIM,,False,0.021859530545771128,0.05086195319890976,0.07630446925759315,0.10981808677315712,0.1922897219657899,0.3144336521625519,0.8783238053321838,1.5144781470298767,2.830927896499631,5.500358200073242,2.0626970291137714,5.447366428375244,7.8535544872283936,9.771877002716064,11.333530616760253
2031-05,2031-05-01,global_mlp,2026-03,17.202707,0.07418802008032799,7.727736711502075,False,1.4328585863113403,1432858.5863113403,reported_conditioned_mlp,ALVHEIM,,False,0.014249327499419451,0.04969660677015781,0.07418802008032799,0.10498497188091273,0.17111240327358251,0.18833320736885087,0.7708863735198973,1.4328585863113403,2.4861590147018413,5.564610767364503,1.879508042335512,5.307233524322509,7.727736711502075,9.69562015533447,11.279863548278808
2031-06,2031-06-01,global_mlp,2026-03,17.202707,0.07074570283293724,7.649778366088867,False,1.329892873764038,1329892.873764038,reported_conditioned_mlp,ALVHEIM,,False,0.013545457832515243,0.048292235285043686,0.07074570283293724,0.09923417791724204,0.16796759814023973,0.08923887014389041,0.6529707670211792,1.329892873764038,2.5636127233505235,5.296869611740113,1.6051858425140386,5.18487138748169,7.649778366088867,9.616281795501708,11.235494327545167
2031-07,2031-07-01,global_mlp,2026-03,17.202707,0.070933748036623,7.596110582351685,False,1.4339181184768677,1433918.1184768677,reported_conditioned_mlp,ALVHEIM,,False,0.009206105396151546,0.04729211293160915,0.070933748036623,0.10757373347878448,0.16269623339176179,0.17007227838039413,0.7396952033042906,1.4339181184768677,2.8495926141738877,5.459457731246948,1.41118540763855,5.049336910247803,7.596110582351685,9.531345367431639,11.192776679992676
2031-08,2031-08-01,global_mlp,2026-03,17.202707,0.06985203921794891,7.553474187850952,False,1.205514132976532,1205514.132976532,reported_conditioned_mlp,ALVHEIM,,False,0.0026265510823577807,0.04291936308145523,0.06985203921794891,0.10598699524998662,0.16201941668987277,0.0690757721662522,0.542249608039856,1.205514132976532,2.749117207527159,5.384238147735599,1.3822301149368288,4.9008605003356935,7.553474187850952,9.448567962646484,11.131132984161377
2031-09,2031-09-01,global_mlp,2026-03,17.202707,0.07261738181114197,7.460360765457153,False,1.306839406490326,1306839.406490326,reported_conditioned_mlp,ALVHEIM,,False,0.009051772952079795,0.046919639781117434,0.07261738181114197,0.10532634854316711,0.1648814946413041,0.016250975523144015,0.5636006474494935,1.306839406490326,2.9854275226593017,5.384918975830079,1.3013892412185675,4.771148109436035,7.460360765457153,9.330131912231444,11.052222919464112
2031-10,2031-10-01,global_mlp,2026-03,17.202707,0.06886190921068192,7.378319501876831,False,1.4349381923675537,1434938.1923675537,reported_conditioned_mlp,ALVHEIM,,False,0.0,0.04381443858146666,0.06886190921068192,0.10151813402771948,0.1658764600753785,0.0,0.7304128408432006,1.4349381923675537,2.9916377305984487,5.503793525695801,1.1381907105445865,4.694382047653198,7.378319501876831,9.239841747283933,11.01670436859131
2031-11,2031-11-01,global_mlp,2026-03,17.202707,0.0720302127301693,7.286364793777466,False,1.4565331935882568,1456533.1935882568,reported_conditioned_mlp,ALVHEIM,,False,0.0049401662312448125,0.04837970174849033,0.0720302127301693,0.11211874485015867,0.18519394397735597,0.0,0.5084862828254699,1.4565331935882568,3.3138088464736914,5.8188636302948,0.9810100853443149,4.542502450942993,7.286364793777466,9.184745025634765,10.971328067779542
2031-12,2031-12-01,global_mlp,2026-03,17.202707,0.06983039900660515,7.175782203674316,False,1.2477686405181885,1247768.6405181885,reported_conditioned_mlp,ALVHEIM,,False,0.0,0.04575257711112499,0.06983039900660515,0.11115226745605467,0.1812197074294091,0.0,0.38780996203422524,1.2477686405181885,3.197376799583434,5.620505762100221,0.8256136298179627,4.42544960975647,7.175782203674316,9.161111831665039,10.928579616546632
2032-01,2032-01-01,global_mlp,2026-03,17.202707,0.07202176749706268,7.139279127120972,False,1.289249837398529,1289249.837398529,reported_conditioned_mlp,ALVHEIM,,False,0.0,0.04456506446003913,0.07202176749706268,0.10943193435668944,0.19078778773546223,0.0,0.45285853445529917,1.289249837398529,2.765868473052977,5.02031307220459,0.687563681602478,4.302062749862671,7.139279127120972,9.08417921066284,10.886113834381105
2032-02,2032-02-01,global_mlp,2026-03,17.202707,0.06878678500652313,7.073500633239746,False,1.1047844886779785,1104784.4886779785,reported_conditioned_mlp,ALVHEIM,,False,0.0,0.04260675981640816,0.06878678500652313,0.10880803689360619,0.17775977551937105,0.0,0.3981995820999145,1.1047844886779785,2.7569764852523804,5.230125522613527,0.5630095481872559,4.270512580871581,7.073500633239746,8.972256565093993,10.853990459442139
2032-03,2032-03-01,global_mlp,2026-03,17.202707,0.06630745157599449,6.995419502258301,False,1.1954817175865173,1195481.7175865173,reported_conditioned_mlp,ALVHEIM,,False,0.0,0.03729414939880371,0.06630745157599449,0.10553766041994092,0.1731582179665566,0.0,0.45327006876468656,1.1954817175865173,2.516760921478271,5.322591638565065,0.43003218472003957,4.14443368911743,6.995419502258301,8.904651641845701,10.831254386901856
2032-04,2032-04-01,global_mlp,2026-03,17.202707,0.06078965403139591,6.947803497314453,False,1.4537745118141174,1453774.5118141174,reported_conditioned_mlp,ALVHEIM,,False,0.0,0.035220736637711525,0.06078965403139591,0.08892387822270394,0.1464518025517464,0.22499605417251586,0.8946742832660672,1.4537745118141174,2.397689390182495,4.909089517593385,0.3416230648756029,4.060384178161621,6.947803497314453,8.803780746459958,10.745521545410158
2032-05,2032-05-01,global_mlp,2026-03,17.202707,0.058783164247870445,6.861593246459961,False,1.3199775218963623,1319977.5218963623,reported_conditioned_mlp,ALVHEIM,,False,0.0,0.03516969792544842,0.058783164247870445,0.08617081269621847,0.14015121161937713,0.24276875853538513,0.8143581807613373,1.3199775218963623,2.212298870086668,4.407836055755616,0.21870176196098343,3.9849123954772945,6.861593246459961,8.729999160766601,10.695044803619385
2032-06,2032-06-01,global_mlp,2026-03,17.202707,0.06187219358980656,6.795539855957031,False,1.1586046814918518,1158604.6814918518,reported_conditioned_mlp,ALVHEIM,,False,0.0,0.035851079225540164,0.06187219358980656,0.08661933839321133,0.13373976945877078,0.16881459653377534,0.7171470642089843,1.1586046814918518,2.3653947591781614,4.866481161117553,0.10819191634655068,3.9389336109161377,6.795539855957031,8.66175127029419,10.621458530426027
2032-07,2032-07-01,global_mlp,2026-03,17.202707,0.062138475477695465,6.700114965438843,False,1.2778244614601135,1277824.4614601135,reported_conditioned_mlp,ALVHEIM,,False,0.0,0.034289454296231266,0.062138475477695465,0.09003306999802589,0.12736600637435916,0.1949402913451195,0.7384088397026062,1.2778244614601135,2.43607120513916,4.715285539627075,0.0,3.9129866600036616,6.700114965438843,8.579112339019774,10.536369419097902
2032-08,2032-08-01,global_mlp,2026-03,17.202707,0.059966791421175,6.636547327041626,False,1.0354474782943726,1035447.4782943726,reported_conditioned_mlp,ALVHEIM,,False,0.0,0.033031093329191206,0.059966791421175,0.09042257592082023,0.13043325245380402,0.007556101307272959,0.5722639322280884,1.0354474782943726,2.3263214111328114,4.6059184074401855,0.0,3.822359466552733,6.636547327041626,8.528735065460204,10.4755934715271
2032-09,2032-09-01,global_mlp,2026-03,17.202707,0.06363529339432716,6.5509114265441895,False,1.1347544193267822,1134754.4193267822,reported_conditioned_mlp,ALVHEIM,,False,0.0,0.03540369793772697,0.06363529339432716,0.0899299435317516,0.13796438425779342,0.018539831601083325,0.6027705550193787,1.1347544193267822,2.3011149406433073,4.465384912490846,0.0,3.719633078575133,6.5509114265441895,8.443477725982666,10.42075252532959
2032-10,2032-10-01,global_mlp,2026-03,17.202707,0.058589423075318336,6.474197626113892,False,1.2693137526512146,1269313.7526512146,reported_conditioned_mlp,ALVHEIM,,False,0.0,0.02907888758927583,0.058589423075318336,0.0872916579246521,0.13302426338195802,0.07837734632194054,0.7804925680160523,1.2693137526512146,2.6983023881912227,4.976501798629761,0.0,3.578573226928711,6.474197626113892,8.397211170196533,10.369749641418458
2032-11,2032-11-01,global_mlp,2026-03,17.202707,0.06278043985366821,6.405799627304077,False,1.1034770011901855,1103477.0011901855,reported_conditioned_mlp,ALVHEIM,,False,0.0,0.03410277366638183,0.06278043985366821,0.08637868314981459,0.14572837501764305,0.0,0.4718755632638931,1.1034770011901855,2.5935133695602373,5.0375767230987565,0.0,3.5213911533355713,6.405799627304077,8.332604885101318,10.303987598419189
2032-12,2032-12-01,global_mlp,2026-03,17.202707,0.05750714801251888,6.345152139663696,False,0.9277179539203644,927717.9539203644,reported_conditioned_mlp,ALVHEIM,,False,0.0,0.03097639437764883,0.05750714801251888,0.08525616228580475,0.13593519330024725,0.0,0.3604639291763304,0.9277179539203644,2.190481638908386,4.9421753883361825,0.0,3.4221576929092405,6.345152139663696,8.270694637298583,10.247801303863525
2033-01,2033-01-01,global_mlp,2026-03,17.202707,0.05761484056711197,6.284247398376465,False,0.929159939289093,929159.939289093,reported_conditioned_mlp,ALVHEIM,,False,0.0,0.03108332846313713,0.05761484056711197,0.0845502458512783,0.13364231288433076,0.0,0.3540085673332212,0.929159939289093,2.2451266527175893,4.582119369506836,0.0,3.288267540931701,6.284247398376465,8.189281940460205,10.163957977294922
2033-02,2033-02-01,global_mlp,2026-03,17.202707,0.05718831531703472,6.191242933273315,False,0.8557785153388977,855778.5153388977,reported_conditioned_mlp,ALVHEIM,,False,0.0,0.030863082408905024,0.05718831531703472,0.08243912607431411,0.1319300174713135,0.0,0.31317109763622286,0.8557785153388977,2.045548486709593,4.44314665794373,0.0,3.2213517665863036,6.191242933273315,8.11144723892212,10.084489250183106
2033-03,2033-03-01,global_mlp,2026-03,17.202707,0.05114448629319668,6.118454456329346,False,0.9849382042884827,984938.2042884827,reported_conditioned_mlp,ALVHEIM,,False,0.0,0.02874555010348558,0.05114448629319668,0.07508505806326865,0.1256452545523644,0.0,0.4150500774383544,0.9849382042884827,1.9432105183601374,4.738846731185915,0.0,3.151807594299316,6.118454456329346,8.049320983886718,10.0115065574646
2033-04,2033-04-01,global_mlp,2026-03,17.202707,0.0459627341479063,6.039868593215942,False,1.4241493344306946,1424149.3344306946,reported_conditioned_mlp,ALVHEIM,,False,0.0,0.023542536795139297,0.0459627341479063,0.07258490473031998,0.11540715247392659,0.2987177744507796,0.9582132518291473,1.4241493344306946,2.0622985124588,4.752523231506351,0.0,3.07313916683197,6.039868593215942,8.009855842590332,9.951370048522952
2033-05,2033-05-01,global_mlp,2026-03,17.202707,0.04341814108192921,5.987076044082642,False,1.2668739557266235,1266873.9557266235,reported_conditioned_mlp,ALVHEIM,,False,0.0,0.02554362714290618,0.04341814108192921,0.07407719418406486,0.1143977619707585,0.04610739946365358,0.8302567541599274,1.2668739557266235,1.9915334463119496,4.28566555976868,0.0,3.002711725234985,5.987076044082642,7.9755605220794665,9.895677089691164
2033-06,2033-06-01,global_mlp,2026-03,17.202707,0.04479316808283329,5.9166810512542725,False,1.188665747642517,1188665.747642517,reported_conditioned_mlp,ALVHEIM,,False,0.0,0.021744293347001075,0.04479316808283329,0.07237344607710834,0.11648721471428874,0.13030154109001166,0.7366139531135559,1.188665747642517,1.861285150051117,4.547051286697388,0.0,2.9188872337341305,5.9166810512542725,7.926614665985107,9.846895408630374
2033-07,2033-07-01,global_mlp,2026-03,17.202707,0.045367658138275146,5.824316024780273,False,1.3147121667861938,1314712.1667861938,reported_conditioned_mlp,ALVHEIM,,False,0.0,0.01945144813507795,0.045367658138275146,0.07119546905159949,0.11053381040692331,0.06725631728768391,0.8401977181434631,1.3147121667861938,2.066760730743406,4.361843872070312,0.0,2.8200246810913083,5.824316024780273,7.860693311691282,9.805288028717042
2033-08,2033-08-01,global_mlp,2026-03,17.202707,0.04523334465920925,5.762368679046631,False,1.0585036873817444,1058503.6873817444,reported_conditioned_mlp,ALVHEIM,,False,0.0,0.02464613765478134,0.04523334465920925,0.06973361149430274,0.11240850985050202,0.0,0.6000115275382994,1.0585036873817444,1.8941020488739007,4.358901691436768,0.0,2.733281064033508,5.762368679046631,7.8225466728210415,9.762781143188477
2033-09,2033-09-01,global_mlp,2026-03,17.202707,0.046968208625912666,5.719123363494873,False,1.1146546602249146,1114654.6602249146,reported_conditioned_mlp,ALVHEIM,,False,0.0,0.020992985181510448,0.046968208625912666,0.07164739444851874,0.11848711967468262,0.0,0.6073710680007934,1.1146546602249146,2.130940341949463,4.518203258514405,0.0,2.6284098148345945,5.719123363494873,7.766384983062741,9.743000030517578
2033-10,2033-10-01,global_mlp,2026-03,17.202707,0.04529261216521263,5.661882162094116,False,1.268463134765625,1268463.134765625,reported_conditioned_mlp,ALVHEIM,,False,0.0,0.020660172030329705,0.04529261216521263,0.06693150028586385,0.11617776080966001,0.0,0.7395533263683318,1.268463134765625,2.2658527612686155,4.772188282012939,0.0,2.540552759170532,5.661882162094116,7.712075328826904,9.714893913269044
2033-11,2033-11-01,global_mlp,2026-03,17.202707,0.04603525251150131,5.590050458908081,False,0.9666731655597687,966673.1655597687,reported_conditioned_mlp,ALVHEIM,,False,0.0,0.01905690375715494,0.04603525251150131,0.07080793604254722,0.11310801580548287,0.0,0.45292534232139575,0.9666731655597687,2.054742908477783,4.491608953475952,0.0,2.4857770442962646,5.590050458908081,7.666732263565062,9.680155658721926
2033-12,2033-12-01,global_mlp,2026-03,17.202707,0.044548558071255684,5.521791219711304,False,0.8461394608020782,846139.4608020782,reported_conditioned_mlp,ALVHEIM,,False,0.0,0.016752176918089383,0.044548558071255684,0.06982166543602944,0.10930677428841591,0.0,0.32087021172046654,0.8461394608020782,1.9149390220642077,4.740050506591797,0.0,2.4295388221740715,5.521791219711304,7.6124773025512695,9.674663162231447
2034-01,2034-01-01,global_mlp,2026-03,17.202707,0.040764300152659416,5.473953485488892,False,0.9346295893192291,934629.5893192291,reported_conditioned_mlp,ALVHEIM,,False,0.0,0.012743631470948456,0.040764300152659416,0.07080058008432388,0.11090609207749368,0.0,0.3396048694849014,0.9346295893192291,2.004860687255859,4.248496961593629,0.0,2.3716982364654533,5.473953485488892,7.554539203643799,9.64794111251831
2034-02,2034-02-01,global_mlp,2026-03,17.202707,0.03907419927418232,5.41629695892334,False,0.8772396445274353,877239.6445274353,reported_conditioned_mlp,ALVHEIM,,False,0.0,0.008631345722824332,0.03907419927418232,0.06770715489983552,0.11043880358338357,0.0,0.3677577406167983,0.8772396445274353,1.674488306045532,4.9129932880401626,0.0,2.3288340568542476,5.41629695892334,7.516718339920044,9.560809803009034
2034-03,2034-03-01,global_mlp,2026-03,17.202707,0.03817865811288357,5.33666467666626,False,0.9235605299472809,923560.5299472809,reported_conditioned_mlp,ALVHEIM,,False,0.0,0.006441836524754752,0.03817865811288357,0.05935120843350887,0.09578832015395164,0.0,0.31498011946678145,0.9235605299472809,1.5822496771812438,3.9395969867706304,0.0,2.2776095628738404,5.33666467666626,7.468129062652587,9.523410224914551
2034-04,2034-04-01,global_mlp,2026-03,17.202707,0.03148202132433653,5.277772903442383,False,1.4925830960273743,1492583.0960273743,reported_conditioned_mlp,ALVHEIM,,False,0.0,0.012904345802962779,0.03148202132433653,0.058211505040526385,0.09347247257828713,0.08637675866484651,1.0130778074264526,1.4925830960273743,2.086162972450256,3.8177083015441893,0.0,2.257010531425476,5.277772903442383,7.4573249340057375,9.476669502258302
2034-05,2034-05-01,global_mlp,2026-03,17.202707,0.03486122004687786,5.225463390350342,False,1.3893484473228455,1389348.4473228455,reported_conditioned_mlp,ALVHEIM,,False,0.0,0.011247809324413535,0.03486122004687786,0.055960181355476375,0.08408627063035966,0.0,1.010823881626129,1.3893484473228455,2.013122057914734,3.8201053619384764,0.0,2.2486421823501583,5.225463390350342,7.397820234298705,9.420628452301026
2034-06,2034-06-01,global_mlp,2026-03,17.202707,0.03455025516450405,5.188537359237671,False,1.17994624376297,1179946.24376297,reported_conditioned_mlp,ALVHEIM,,False,0.0,0.012858626898378132,0.03455025516450405,0.05458572581410407,0.0918142706155777,0.0,0.7573666870594022,1.17994624376297,1.7639080286025999,3.8530965566635134,0.0,2.2098453521728514,5.188537359237671,7.376486682891845,9.37038745880127
2034-07,2034-07-01,global_mlp,2026-03,17.202707,0.03255845792591572,5.101595401763916,False,1.3611726760864258,1361172.6760864258,reported_conditioned_mlp,ALVHEIM,,False,0.0,0.010899298824369907,0.03255845792591572,0.052079244330525354,0.09134234562516214,0.0,0.8793816685676574,1.3611726760864258,2.0976107358932494,4.012374353408814,0.0,2.1965969562530514,5.101595401763916,7.299648427963257,9.316866302490235
2034-08,2034-08-01,global_mlp,2026-03,17.202707,0.031533269211649895,5.050478458404541,False,1.1069107055664062,1106910.7055664062,reported_conditioned_mlp,ALVHEIM,,False,0.0,0.01104413904249668,0.031533269211649895,0.05473248548805713,0.09292437136173248,0.0,0.663573795557022,1.1069107055664062,1.816729664802551,3.9225285530090357,0.0,2.1591497421264645,5.050478458404541,7.230594635009766,9.278342247009277
2034-09,2034-09-01,global_mlp,2026-03,17.202707,0.03270595893263817,4.97256064414978,False,1.3483524918556213,1348352.4918556213,reported_conditioned_mlp,ALVHEIM,,False,0.0,0.010786130465567107,0.03270595893263817,0.058111646771430936,0.10348451882600784,0.0,0.8090833842754364,1.3483524918556213,2.074879264831542,4.420557832717896,0.0,2.095043158531188,4.97256064414978,7.152095127105713,9.237085056304933
2034-10,2034-10-01,global_mlp,2026-03,17.202707,0.030356774106621742,4.92478609085083,False,1.4543479084968567,1454347.9084968567,reported_conditioned_mlp,ALVHEIM,,False,0.0,0.0063677750993520014,0.030356774106621742,0.05328052751719951,0.10206495299935342,0.0,0.8147275447845459,1.4543479084968567,2.136184215545654,4.057030439376832,0.0,2.025136590003967,4.92478609085083,7.067075538635254,9.212523460388184
2034-11,2034-11-01,global_mlp,2026-03,17.202707,0.03143731690943241,4.877716064453125,False,1.1926249265670776,1192624.9265670776,reported_conditioned_mlp,ALVHEIM,,False,0.0,0.00554433800280094,0.03143731690943241,0.05983001105487347,0.10624090880155565,0.0,0.632085531949997,1.1926249265670776,2.108341884613037,4.6460359573364265,0.0,1.975199449062347,4.877716064453125,7.019204425811767,9.1796217918396
2034-12,2034-12-01,global_mlp,2026-03,17.202707,0.03226199187338352,4.826785564422607,False,0.9959166646003723,995916.6646003723,reported_conditioned_mlp,ALVHEIM,,False,0.0,0.007890038285404443,0.03226199187338352,0.05718556120991706,0.10527784600853922,0.0,0.41442943215370154,0.9959166646003723,1.8521850824356079,4.312544012069704,0.0,1.9585889816284179,4.826785564422607,6.963653278350829,9.145514106750488
2035-01,2035-01-01,global_mlp,2026-03,17.202707,0.030949517153203487,4.767225742340088,False,1.0946040749549866,1094604.0749549866,reported_conditioned_mlp,ALVHEIM,,False,0.0,0.005586696043610566,0.030949517153203487,0.05956894159317016,0.10777756795287133,0.0,0.5200510382652282,1.0946040749549866,1.9866471886634822,4.294773101806642,0.0,1.920303893089294,4.767225742340088,6.880290174484252,9.114215564727782
2035-02,2035-02-01,global_mlp,2026-03,17.202707,0.03060045652091503,4.711687803268433,False,0.9805958271026611,980595.8271026611,reported_conditioned_mlp,ALVHEIM,,False,0.0,0.005687775788828726,0.03060045652091503,0.058973194286227174,0.10411400869488717,0.0,0.4662258923053741,0.9805958271026611,1.7202538967132563,4.4620096683502215,0.0,1.8327359080314627,4.711687803268433,6.818763113021849,9.0737943649292
2035-03,2035-03-01,global_mlp,2026-03,17.202707,0.02717811893671751,4.6617701053619385,False,1.0590353608131409,1059035.3608131409,reported_conditioned_mlp,ALVHEIM,,False,0.0,0.000887450360460199,0.02717811893671751,0.05578508004546161,0.0996320053935051,0.0,0.4737250655889511,1.0590353608131409,1.6770863771438576,4.119557905197143,0.0,1.689963626861572,4.6617701053619385,6.758409118652343,9.025773048400879
2035-04,2035-04-01,global_mlp,2026-03,17.202707,0.0274078119546175,4.628112316131592,False,1.5370162725448608,1537016.2725448608,reported_conditioned_mlp,ALVHEIM,,False,0.0,0.005746513977646818,0.0274078119546175,0.04980422258377074,0.09341279566287997,0.0,1.0386302828788756,1.5370162725448608,2.192793297767638,3.8267885923385627,0.0,1.5832222580909725,4.628112316131592,6.680438470840452,8.997065448760987
2035-05,2035-05-01,global_mlp,2026-03,17.202707,0.027745164930820465,4.5982747077941895,False,1.4700002670288086,1470000.2670288086,reported_conditioned_mlp,ALVHEIM,,False,0.0,0.006976497452706098,0.027745164930820465,0.050147364288568474,0.09117560684680945,0.0,1.0163678050041194,1.4700002670288086,2.0434125900268554,3.628840303421022,0.0,1.5205402016639709,4.5982747077941895,6.655859184265135,8.977816390991212
2035-06,2035-06-01,global_mlp,2026-03,17.202707,0.027084369212388992,4.548661708831787,False,1.2522454857826233,1252245.4857826233,reported_conditioned_mlp,ALVHEIM,,False,0.0,0.002968304674141102,0.027084369212388992,0.049139156192541084,0.09186477512121201,0.0,0.7317946195602417,1.2522454857826233,1.853122007846832,3.4423685073852583,0.0,1.436740851402282,4.548661708831787,6.643117523193359,8.943028259277344
2035-07,2035-07-01,global_mlp,2026-03,17.202707,0.02475858014076948,4.4536004066467285,False,1.4040297865867615,1404029.7865867615,reported_conditioned_mlp,ALVHEIM,,False,0.0,0.0017853349214419667,0.02475858014076948,0.04802879020571708,0.09402012899518014,0.0,0.855047196149826,1.4040297865867615,2.0229119539260862,3.9804373264312765,0.0,1.3508968591690043,4.4536004066467285,6.6152501583099355,8.876749801635743
2035-08,2035-08-01,global_mlp,2026-03,17.202707,0.026593157090246677,4.41377854347229,False,1.1647369861602783,1164736.9861602783,reported_conditioned_mlp,ALVHEIM,,False,0.0,1.957201457116721e-05,0.026593157090246677,0.05052904747426509,0.09392247423529626,0.0,0.6983895838260651,1.1647369861602783,1.7524083256721492,3.6084147691726707,0.0,1.3092065334320049,4.41377854347229,6.531570339202879,8.761215114593508
2035-09,2035-09-01,global_mlp,2026-03,17.202707,0.02631351165473461,4.3597588539123535,False,1.302034318447113,1302034.318447113,reported_conditioned_mlp,ALVHEIM,,False,0.0,0.0003233888128306664,0.02631351165473461,0.052840057760477045,0.09201771020889286,0.0,0.6580243110656738,1.302034318447113,1.9973136067390427,3.7070423841476443,0.0,1.2702376008033736,4.3597588539123535,6.472977924346924,8.719802856445314
2035-10,2035-10-01,global_mlp,2026-03,17.202707,0.02361887041479349,4.318485498428345,False,1.4487258791923523,1448725.8791923523,reported_conditioned_mlp,ALVHEIM,,False,0.0,0.0,0.02361887041479349,0.05065173096954822,0.09249107763171198,0.0,0.7309364438056943,1.4487258791923523,2.2495283365249623,4.234900951385502,0.0,1.1387117385864254,4.318485498428345,6.389711570739745,8.704602146148682
2035-11,2035-11-01,global_mlp,2026-03,17.202707,0.026850445196032524,4.296842336654663,False,1.0409987568855286,1040998.7568855286,reported_conditioned_mlp,ALVHEIM,,False,0.0,0.0,0.026850445196032524,0.05284035839140414,0.09544082432985314,0.0,0.477385675907135,1.0409987568855286,2.075298571586609,4.026110696792604,0.0,1.1030728936195364,4.296842336654663,6.346140336990356,8.690853786468505
2035-12,2035-12-01,global_mlp,2026-03,17.202707,0.027186649851500988,4.235117435455322,False,0.9919460117816925,991946.0117816925,reported_conditioned_mlp,ALVHEIM,,False,0.0,0.0,0.027186649851500988,0.05089940503239629,0.09627057537436486,0.0,0.3779327392578125,0.9919460117816925,1.8978825807571402,3.981593370437622,0.0,1.0769039869308459,4.235117435455322,6.315609264373779,8.66202974319458
2036-01,2036-01-01,global_mlp,2026-03,17.202707,0.025214912369847298,4.174954891204834,False,1.0211403965950012,1021140.3965950012,reported_conditioned_mlp,ALVHEIM,,False,0.0,0.0,0.025214912369847298,0.051582403108477566,0.09901750087738038,0.0,0.283795329928398,1.0211403965950012,1.8705091595649719,3.5084397792816175,0.0,1.030748909711837,4.174954891204834,6.2938364982604975,8.644998931884766
2036-02,2036-02-01,global_mlp,2026-03,17.202707,0.025837015360593796,4.105414867401123,False,0.9553412199020386,955341.2199020386,reported_conditioned_mlp,ALVHEIM,,False,0.0,0.0,0.025837015360593796,0.052543905749917,0.0977528959512711,0.0,0.25735960900783533,0.9553412199020386,1.8550326108932484,3.6838249444961564,0.0,0.9629703223705289,4.105414867401123,6.267914533615112,8.598662376403809
2036-03,2036-03-01,global_mlp,2026-03,17.202707,0.024923904798924923,4.01010525226593,False,1.0427172780036926,1042717.2780036926,reported_conditioned_mlp,ALVHEIM,,False,0.0,0.0,0.024923904798924923,0.045847395807504646,0.08898489326238632,0.0,0.3203937113285064,1.0427172780036926,1.6718412637710567,3.3621151208877564,0.0,0.9260708749294273,4.01010525226593,6.2373892784118645,8.570232486724855
2036-04,2036-04-01,global_mlp,2026-03,17.202707,0.02408755663782358,3.8818359375,False,1.5266166925430298,1526616.6925430298,reported_conditioned_mlp,ALVHEIM,,False,0.0,0.0,0.02408755663782358,0.045189625769853546,0.08102358728647233,0.0,0.9033584535121917,1.5266166925430298,2.05191855430603,3.699182772636414,0.0,0.8330760598182672,3.8818359375,6.1993670463562,8.538161277770996
2036-05,2036-05-01,global_mlp,2026-03,17.202707,0.02202558983117342,3.8297938108444214,False,1.5102553963661194,1510255.3963661194,reported_conditioned_mlp,ALVHEIM,,False,0.0,0.0,0.02202558983117342,0.043360186368227006,0.07902125120162966,0.0,0.8430211603641508,1.5102553963661194,2.0544066667556757,3.3256426334381106,0.0,0.7833485841751098,3.8297938108444214,6.15724983215332,8.495116043090821
2036-06,2036-06-01,global_mlp,2026-03,17.202707,0.0226216958835721,3.7575130462646484,False,1.343787670135498,1343787.670135498,reported_conditioned_mlp,ALVHEIM,,False,0.0,0.0,0.0226216958835721,0.04689363650977611,0.08068765550851822,0.0,0.7713872611522674,1.343787670135498,1.9432536363601678,3.347615814208985,0.0,0.7148103535175323,3.7575130462646484,6.116923284530639,8.478765869140625
2036-07,2036-07-01,global_mlp,2026-03,17.202707,0.022768587805330753,3.6995779275894165,False,1.4010043740272522,1401004.3740272522,reported_conditioned_mlp,ALVHEIM,,False,0.0,0.0,0.022768587805330753,0.04687180928885936,0.07805583998560907,0.0,0.7216945350170134,1.4010043740272522,2.0531902313232417,3.323867678642273,0.0,0.6841781377792352,3.6995779275894165,6.033623743057249,8.444713783264161
2036-08,2036-08-01,global_mlp,2026-03,17.202707,0.021916968747973442,3.632720947265625,False,1.2495406866073608,1249540.6866073608,reported_conditioned_mlp,ALVHEIM,,False,0.0,0.0,0.021916968747973442,0.04580410160124298,0.07762800753116608,0.0,0.6077313363552093,1.2495406866073608,1.8657105922698969,3.30544023513794,0.0,0.6382802844047545,3.632720947265625,6.013155984878538,8.394202041625977
2036-09,2036-09-01,global_mlp,2026-03,17.202707,0.021402345038950443,3.576308012008667,False,1.449500560760498,1449500.560760498,reported_conditioned_mlp,ALVHEIM,,False,0.0,0.0,0.021402345038950443,0.05062109604477882,0.08042421489953996,0.0,0.786361753940582,1.449500560760498,2.0872097492218007,3.659123086929321,0.0,0.629810881614685,3.576308012008667,5.989569664001464,8.34766778945923
2036-10,2036-10-01,global_mlp,2026-03,17.202707,0.019936532713472843,3.5332865715026855,False,1.6120370030403137,1612037.0030403137,reported_conditioned_mlp,ALVHEIM,,False,0.0,0.0,0.019936532713472843,0.04303740635514255,0.08061268031597138,0.0,0.7630012571811674,1.6120370030403137,2.3189132452011108,3.8861392259597785,0.0,0.6164200961589809,3.5332865715026855,5.937619638442993,8.304340744018555
2036-11,2036-11-01,global_mlp,2026-03,17.202707,0.022673155181109905,3.4727799892425537,False,1.1870867609977722,1187086.7609977722,reported_conditioned_mlp,ALVHEIM,,False,0.0,0.0,0.022673155181109905,0.047143761441111515,0.09101697281002999,0.0,0.4871502697467804,1.1870867609977722,2.0355900049209583,3.9018624305725105,0.0,0.5571791112422941,3.4727799892425537,5.864998197555541,8.283789539337159
2036-12,2036-12-01,global_mlp,2026-03,17.202707,0.02221622783690691,3.412949562072754,False,1.1316155791282654,1131615.5791282654,reported_conditioned_mlp,ALVHEIM,,False,0.0,0.0,0.02221622783690691,0.04690954312682151,0.08356829062104229,0.0,0.3413425385951994,1.1316155791282654,1.9249435067176819,3.871099209785462,0.0,0.4910974144935607,3.412949562072754,5.8142089366912835,8.264115333557129
2037-01,2037-01-01,global_mlp,2026-03,17.202707,0.024656479246914387,3.381071925163269,False,1.1069968342781067,1106996.8342781067,reported_conditioned_mlp,ALVHEIM,,False,0.0,0.0,0.024656479246914387,0.04488174654543399,0.0849261403083802,0.0,0.2394670367240905,1.1069968342781067,1.9375770092010496,3.582602953910828,0.0,0.472546851634979,3.381071925163269,5.7466630935668945,8.21263418197632
2037-02,2037-02-01,global_mlp,2026-03,17.202707,0.020275701768696308,3.359900951385498,False,1.0854936838150024,1085493.6838150024,reported_conditioned_mlp,ALVHEIM,,False,0.0,0.0,0.020275701768696308,0.04532400555908679,0.087733543664217,0.0,0.30548061728477477,1.0854936838150024,1.6976239442825312,3.5477736234664934,0.0,0.45281195938587115,3.359900951385498,5.687897396087646,8.157676315307619
2037-03,2037-03-01,global_mlp,2026-03,17.202707,0.019406522624194622,3.336197853088379,False,1.1292232275009155,1129223.2275009155,reported_conditioned_mlp,ALVHEIM,,False,0.0,0.0,0.019406522624194622,0.042614825814962384,0.07660310566425324,0.0,0.013440637942403388,1.1292232275009155,1.8386460542678833,2.9766782283782964,0.0,0.4323818832635866,3.336197853088379,5.621038579940795,8.112067890167237
2037-04,2037-04-01,global_mlp,2026-03,17.202707,0.02428369875997305,3.3041213750839233,False,1.719669759273529,1719669.759273529,reported_conditioned_mlp,ALVHEIM,,False,0.0,0.0,0.02428369875997305,0.041862050071358674,0.08212105706334116,0.0,1.15371298789978,1.719669759273529,2.3290448904037473,3.700433897972108,0.0,0.3994849741458881,3.3041213750839233,5.537533855438232,8.08563566207886
2037-05,2037-05-01,global_mlp,2026-03,17.202707,0.023618772625923157,3.233407974243164,False,1.5476980209350586,1547698.0209350586,reported_conditioned_mlp,ALVHEIM,,False,0.0,0.0,0.023618772625923157,0.045256957039237,0.07851477339863779,0.0,0.9933957874774932,1.5476980209350586,2.1102300882339464,3.54526915550232,0.0,0.3567073285579674,3.233407974243164,5.5029974460601805,8.057508754730225
2037-06,2037-06-01,global_mlp,2026-03,17.202707,0.02089441381394863,3.1782875061035156,False,1.3132492899894714,1313249.2899894714,reported_conditioned_mlp,ALVHEIM,,False,0.0,0.0,0.02089441381394863,0.04130152426660059,0.07712429910898208,0.0,0.8647851765155791,1.3132492899894714,2.0103883743286133,3.371566319465637,0.0,0.3083379656076426,3.1782875061035156,5.437852191925048,8.016896533966065
2037-07,2037-07-01,global_mlp,2026-03,17.202707,0.020245229825377464,3.1468576192855835,False,1.4437566995620728,1443756.6995620728,reported_conditioned_mlp,ALVHEIM,,False,0.0,0.0,0.020245229825377464,0.04188385419547558,0.07546556740999222,0.0,0.8530438899993896,1.4437566995620728,2.049602365493774,3.3350472927093513,0.0,0.24869886040687558,3.1468576192855835,5.380928564071653,7.942073631286622
2037-08,2037-08-01,global_mlp,2026-03,17.202707,0.020717589184641838,3.111714005470276,False,1.3030613660812378,1303061.3660812378,reported_conditioned_mlp,ALVHEIM,,False,0.0,0.0,0.020717589184641838,0.04130946472287177,0.0719431348145008,0.0,0.4830676019191739,1.3030613660812378,1.914368069171905,3.387437438964845,0.0,0.21205956637859327,3.111714005470276,5.363040161132813,7.876539611816408
2037-09,2037-09-01,global_mlp,2026-03,17.202707,0.02039338741451502,3.0578813552856445,False,1.4859158992767334,1485915.8992767334,reported_conditioned_mlp,ALVHEIM,,False,0.0,0.0,0.02039338741451502,0.043060902133584024,0.07364671751856805,0.0,0.6642367601394652,1.4859158992767334,2.272602915763855,3.85416853427887,0.0,0.20051679462194438,3.0578813552856445,5.292909955978392,7.794170427322391
2037-10,2037-10-01,global_mlp,2026-03,17.202707,0.020340925082564354,3.0150973796844482,False,1.6542031168937683,1654203.1168937683,reported_conditioned_mlp,ALVHEIM,,False,0.0,0.0,0.020340925082564354,0.04230012819170951,0.0771007612347603,0.0,0.6975966989994047,1.6542031168937683,2.386331653594971,3.611437606811524,0.0,0.19498249143362043,3.0150973796844482,5.180597543716431,7.744027614593509
2037-11,2037-11-01,global_mlp,2026-03,17.202707,0.0233531529083848,2.989582657814026,False,1.3203318119049072,1320331.8119049072,reported_conditioned_mlp,ALVHEIM,,False,0.0,0.0,0.0233531529083848,0.046375561505556086,0.08241080045700076,0.0,0.5261098027229308,1.3203318119049072,2.16917564868927,3.558407568931581,0.0,0.14898488670587504,2.989582657814026,5.083754873275756,7.6892525672912635
2037-12,2037-12-01,global_mlp,2026-03,17.202707,0.022601434029638767,2.9536317586898804,False,1.1938486099243164,1193848.6099243164,reported_conditioned_mlp,ALVHEIM,,False,0.0,0.0,0.022601434029638767,0.043943057209253296,0.07917698919773102,0.0,0.32163173854351,1.1938486099243164,2.0371853351593017,4.091164636611939,0.0,0.08390886262059208,2.9536317586898804,5.04836139678955,7.6385721683502235
2038-01,2038-01-01,global_mlp,2026-03,17.202707,0.019989583641290665,2.9113317728042603,False,1.2869293093681335,1286929.3093681335,reported_conditioned_mlp,ALVHEIM,,False,0.0,0.0,0.019989583641290665,0.04804451428353786,0.07993683815002442,0.0,0.37914555966854074,1.2869293093681335,2.0067152976989737,3.4998188734054576,0.0,0.05615611188113657,2.9113317728042603,5.02351713180542,7.627077531814578
2038-02,2038-02-01,global_mlp,2026-03,17.202707,0.021236779168248177,2.846474766731262,False,1.1722378134727478,1172237.8134727478,reported_conditioned_mlp,ALVHEIM,,False,0.0,0.0,0.021236779168248177,0.04545653015375136,0.08534765467047693,0.0,0.16031293123960488,1.1722378134727478,1.8772135138511656,3.1957647323608422,0.0,0.03490054160356472,2.846474766731262,4.989484262466431,7.617904186248779
2038-03,2038-03-01,global_mlp,2026-03,17.202707,0.01905552390962839,2.7770564556121826,False,1.0770211815834045,1077021.1815834045,reported_conditioned_mlp,ALVHEIM,,False,0.0,0.0,0.01905552390962839,0.044685069471597665,0.07889484986662866,0.0,0.0,1.0770211815834045,1.8855322718620289,3.1541975021362307,0.0,0.02009608354419437,2.7770564556121826,4.935911417007443,7.536398220062257
2038-04,2038-04-01,global_mlp,2026-03,17.202707,0.02042385656386614,2.7406564950942993,False,1.6382561922073364,1638256.1922073364,reported_conditioned_mlp,ALVHEIM,,False,0.0,0.0,0.02042385656386614,0.03984024338424204,0.07210080549120906,0.0,0.8939850151538847,1.6382561922073364,2.1928104162216178,3.202445220947266,0.0,0.0,2.7406564950942993,4.853784799575804,7.50483822822571
2038-05,2038-05-01,global_mlp,2026-03,17.202707,0.02152498345822096,2.6951617002487183,False,1.6485978364944458,1648597.8364944458,reported_conditioned_mlp,ALVHEIM,,False,0.0,0.0,0.02152498345822096,0.04143830053508281,0.07676017731428146,0.0,1.0620525836944579,1.6485978364944458,2.15291953086853,3.3392557859420777,0.0,0.0,2.6951617002487183,4.764464759826655,7.471498107910157
2038-06,2038-06-01,global_mlp,2026-03,17.202707,0.02127782441675663,2.663631558418274,False,1.411021649837494,1411021.649837494,reported_conditioned_mlp,ALVHEIM,,False,0.0,0.0,0.02127782441675663,0.04066679514944552,0.07398660182952885,0.0,0.8050570964813232,1.411021649837494,2.084094810485839,3.384879636764528,0.0,0.0,2.663631558418274,4.728657865524289,7.417488336563111
2038-07,2038-07-01,global_mlp,2026-03,17.202707,0.020002800039947033,2.6334463357925415,False,1.6161894798278809,1616189.4798278809,reported_conditioned_mlp,ALVHEIM,,False,0.0,0.0,0.020002800039947033,0.04321203120052814,0.07528989091515541,0.0,0.8688389897346496,1.6161894798278809,2.318524312973022,3.516884708404542,0.0,0.0,2.6334463357925415,4.68854398727417,7.357917642593384
2038-08,2038-08-01,global_mlp,2026-03,17.202707,0.020826686173677444,2.600185990333557,False,1.4106378555297852,1410637.8555297852,reported_conditioned_mlp,ALVHEIM,,False,0.0,0.0,0.020826686173677444,0.040165411308407784,0.07542042210698129,0.0,0.5622379720211025,1.4106378555297852,2.006993031501769,3.3651308536529543,0.0,0.0,2.600185990333557,4.651207494735717,7.323361825942993
2038-09,2038-09-01,global_mlp,2026-03,17.202707,0.02143424190580845,2.5626754760742188,False,1.6066495180130005,1606649.5180130005,reported_conditioned_mlp,ALVHEIM,,False,0.0,0.0,0.02143424190580845,0.04174255579710007,0.07726115807890895,0.0,0.8176296174526214,1.6066495180130005,2.3349772930145245,3.612604069709778,0.0,0.0,2.5626754760742188,4.6261078834533675,7.27462673187256
2038-10,2038-10-01,global_mlp,2026-03,17.202707,0.017866197042167187,2.514096260070801,False,1.6895009279251099,1689500.9279251099,reported_conditioned_mlp,ALVHEIM,,False,0.0,0.0,0.017866197042167187,0.03905204460024833,0.07750958800315859,0.0,0.6462480902671811,1.6895009279251099,2.471215200424194,3.693446159362794,0.0,0.0,2.514096260070801,4.5948517322540265,7.227851057052614
2038-11,2038-11-01,global_mlp,2026-03,17.202707,0.01897845510393381,2.471522331237793,False,1.4348825216293335,1434882.5216293335,reported_conditioned_mlp,ALVHEIM,,False,0.0,0.0,0.01897845510393381,0.03956189081072807,0.07782446518540384,0.0,0.43674060702323875,1.4348825216293335,2.270554137229919,3.7890296220779422,0.0,0.0,2.471522331237793,4.548171949386596,7.170690011978152
2038-12,2038-12-01,global_mlp,2026-03,17.202707,0.01876217406243086,2.421048641204834,False,1.3361421823501587,1336142.1823501587,reported_conditioned_mlp,ALVHEIM,,False,0.0,0.0,0.01876217406243086,0.03691974170505997,0.07540147155523304,0.0,0.2778927922248837,1.3361421823501587,2.2636157274246216,3.6053872585296634,0.0,0.0,2.421048641204834,4.54181113243103,7.140432262420657
2039-01,2039-01-01,global_mlp,2026-03,17.202707,0.016905267722904682,2.378754138946533,False,1.333113431930542,1333113.431930542,reported_conditioned_mlp,ALVHEIM,,False,0.0,0.0,0.016905267722904682,0.038802732527255974,0.07368415370583538,0.0,0.0,1.333113431930542,2.1268471956253046,3.35223937034607,0.0,0.0,2.378754138946533,4.490810680389404,7.127649211883546
2039-02,2039-02-01,global_mlp,2026-03,17.202707,0.016249118372797966,2.3287875652313232,False,1.114130973815918,1114130.973815918,reported_conditioned_mlp,ALVHEIM,,False,0.0,0.0,0.016249118372797966,0.03960947394371031,0.0791355036199093,0.0,0.0,1.114130973815918,1.8740375638008115,3.093095922470094,0.0,0.0,2.3287875652313232,4.4218512058258055,7.1202335357666025
2039-03,2039-03-01,global_mlp,2026-03,17.202707,0.014154514763504267,2.2731664180755615,False,1.0511125922203064,1051112.5922203064,reported_conditioned_mlp,ALVHEIM,,False,0.0,0.0,0.014154514763504267,0.038691116869449614,0.07351640090346337,0.0,0.0,1.0511125922203064,1.7993647933006287,3.151885461807251,0.0,0.0,2.2731664180755615,4.366469430923461,7.072533369064332
2039-04,2039-04-01,global_mlp,2026-03,17.202707,0.018789367750287056,2.244041919708252,False,1.607011318206787,1607011.318206787,reported_conditioned_mlp,ALVHEIM,,False,0.0,0.0,0.018789367750287056,0.03286645561456677,0.0692988581955433,0.0,0.7560738205909728,1.607011318206787,2.19090585708618,3.208453679084778,0.0,0.0,2.244041919708252,4.312187910079953,6.993280410766602
2039-05,2039-05-01,global_mlp,2026-03,17.202707,0.018119427375495434,2.2075411081314087,False,1.5961542129516602,1596154.2129516602,reported_conditioned_mlp,ALVHEIM,,False,0.0,0.0,0.018119427375495434,0.03707527220249176,0.07334077507257462,0.0,0.7501987338066098,1.5961542129516602,2.199318051338196,3.150299644470215,0.0,0.0,2.2075411081314087,4.2476120471954335,6.902277040481568
2039-06,2039-06-01,global_mlp,2026-03,17.202707,0.0176540557295084,2.119071364402771,False,1.4092404246330261,1409240.4246330261,reported_conditioned_mlp,ALVHEIM,,False,0.0,0.0,0.0176540557295084,0.036291284114122385,0.07342692092061044,0.0,0.6027005374431603,1.4092404246330261,1.9713929533958434,3.0824295997619635,0.0,0.0,2.119071364402771,4.201266574859618,6.850393295288087
2039-07,2039-07-01,global_mlp,2026-03,17.202707,0.014580655377358198,2.0315667390823364,False,1.4847719073295593,1484771.9073295593,reported_conditioned_mlp,ALVHEIM,,False,0.0,0.0,0.014580655377358198,0.036541807651519764,0.07691052779555321,0.0,0.2655147716402995,1.4847719073295593,2.287265253067016,3.260636568069458,0.0,0.0,2.0315667390823364,4.1437092304229735,6.816939496994019
2039-08,2039-08-01,global_mlp,2026-03,17.202707,0.01434148708358407,1.9917420744895935,False,1.2481530904769897,1248153.0904769897,reported_conditioned_mlp,ALVHEIM,,False,0.0,0.0,0.01434148708358407,0.03583685681223868,0.07783153504133225,0.0,0.2710173547267913,1.2481530904769897,1.9647046804428094,3.471349000930786,0.0,0.0,1.9917420744895935,4.098682165145872,6.769634103775025
2039-09,2039-09-01,global_mlp,2026-03,17.202707,0.013478405307978392,1.9470433592796326,False,1.366923749446869,1366923.749446869,reported_conditioned_mlp,ALVHEIM,,False,0.0,0.0,0.013478405307978392,0.040039744973182675,0.07467504143714905,0.0,0.0,1.366923749446869,2.2598867416381823,3.231417036056519,0.0,0.0,1.9470433592796326,4.045276403427121,6.7108464717865
2039-10,2039-10-01,global_mlp,2026-03,17.202707,0.014391066506505013,1.9043890833854675,False,1.531126856803894,1531126.856803894,reported_conditioned_mlp,ALVHEIM,,False,0.0,0.0,0.014391066506505013,0.037760360538959495,0.0724611416459084,0.0,0.0,1.531126856803894,2.377295732498168,3.5482976198196425,0.0,0.0,1.9043890833854675,3.9810975313186643,6.637672328948977
2039-11,2039-11-01,global_mlp,2026-03,17.202707,0.01313105272129178,1.855686366558075,False,1.3131881356239319,1313188.135623932,reported_conditioned_mlp,ALVHEIM,,False,0.0,0.0,0.01313105272129178,0.03973926715552804,0.07732102647423744,0.0,0.08249521479010506,1.3131881356239319,2.2525276184082026,3.456482815742493,0.0,0.0,1.855686366558075,3.957781052589416,6.62343134880066
2039-12,2039-12-01,global_mlp,2026-03,17.202707,0.013395185116678476,1.8242361545562744,False,1.2028642296791077,1202864.2296791077,reported_conditioned_mlp,ALVHEIM,,False,0.0,0.0,0.013395185116678476,0.036527471244335155,0.07488616779446608,0.0,0.0,1.2028642296791077,2.104356241226196,3.5962060928344735,0.0,0.0,1.8242361545562744,3.8934361934661847,6.6119763374328615
2040-01,2040-01-01,global_mlp,2026-03,17.202707,0.014017768204212189,1.8147711157798767,False,1.1324217319488525,1132421.7319488525,reported_conditioned_mlp,ALVHEIM,,False,0.0,0.0,0.014017768204212189,0.03809376582503317,0.07875966131687165,0.0,0.0,1.1324217319488525,2.027593445777893,3.3119594335556033,0.0,0.0,1.8147711157798767,3.829014515876767,6.585772848129273
2040-02,2040-02-01,global_mlp,2026-03,17.202707,0.012735792901366949,1.7331416606903076,False,0.9529292583465576,952929.2583465576,reported_conditioned_mlp,ALVHEIM,,False,0.0,0.0,0.012735792901366949,0.03559337891638276,0.0767100125551224,0.0,0.0,0.9529292583465576,1.725935781002044,2.9843518495559698,0.0,0.0,1.7331416606903076,3.7500123262405394,6.5647644996643075
2040-03,2040-03-01,global_mlp,2026-03,17.202707,0.010864557698369026,1.6953635811805725,False,1.0178991854190826,1017899.1854190826,reported_conditioned_mlp,ALVHEIM,,False,0.0,0.0,0.010864557698369026,0.035743848979473095,0.06670935675501825,0.0,0.0,1.0178991854190826,1.9100620746612549,3.3079416513443003,0.0,0.0,1.6953635811805725,3.7077850103378287,6.541010427474977
2040-04,2040-04-01,global_mlp,2026-03,17.202707,0.015095940791070461,1.6258906722068787,False,1.5860995054244995,1586099.5054244995,reported_conditioned_mlp,ALVHEIM,,False,0.0,0.0,0.015095940791070461,0.035698806494474405,0.07441576644778254,0.0,0.5601367115974424,1.5860995054244995,2.1299872875213612,3.0973851442337037,0.0,0.0,1.6258906722068787,3.664624786376952,6.510251235961916
2040-05,2040-05-01,global_mlp,2026-03,17.202707,0.01663759909570217,1.5655613541603088,False,1.4203516840934753,1420351.6840934753,reported_conditioned_mlp,ALVHEIM,,False,0.0,0.0,0.01663759909570217,0.036402688920497896,0.07004920020699501,0.0,0.4145122647285456,1.4203516840934753,2.065237236022949,3.1456380367279055,0.0,0.0,1.5655613541603088,3.634250187873839,6.446930074691773
2040-06,2040-06-01,global_mlp,2026-03,17.202707,0.01692335493862629,1.5322821736335754,False,1.312539517879486,1312539.517879486,reported_conditioned_mlp,ALVHEIM,,False,0.0,0.0,0.01692335493862629,0.036976934969425196,0.07034762650728227,0.0,0.4514942288398743,1.312539517879486,1.9551443934440604,3.2088429212570193,0.0,0.0,1.5322821736335754,3.60944924354553,6.379441165924073
2040-07,2040-07-01,global_mlp,2026-03,17.202707,0.013617942109704018,1.5052416324615479,False,1.392087161540985,1392087.161540985,reported_conditioned_mlp,ALVHEIM,,False,0.0,0.0,0.013617942109704018,0.033909348025917996,0.07006472796201706,0.0,0.0,1.392087161540985,1.999758744239807,3.2542652845382696,0.0,0.0,1.5052416324615479,3.5862859010696386,6.358095598220825
2040-08,2040-08-01,global_mlp,2026-03,17.202707,0.015002729371190071,1.4606462121009827,False,1.205943763256073,1205943.763256073,reported_conditioned_mlp,ALVHEIM,,False,0.0,0.0,0.015002729371190071,0.03580214232206341,0.06774644181132317,0.0,0.0,1.205943763256073,1.8352431178092952,3.2574120998382576,0.0,0.0,1.4606462121009827,3.568914127349851,6.299069404602051
2040-09,2040-09-01,global_mlp,2026-03,17.202707,0.014256942551583052,1.4401100873947144,False,1.351470708847046,1351470.708847046,reported_conditioned_mlp,ALVHEIM,,False,0.0,0.0,0.014256942551583052,0.035779030621051776,0.07130106911063201,0.0,0.0,1.351470708847046,2.2426836490631095,3.6764340400695805,0.0,0.0,1.4401100873947144,3.5452986717224104,6.249265575408937
2040-10,2040-10-01,global_mlp,2026-03,17.202707,0.01215984532609582,1.41924387216568,False,1.3922836184501648,1392283.6184501648,reported_conditioned_mlp,ALVHEIM,,False,0.0,0.0,0.01215984532609582,0.033277983963489494,0.06845468953251842,0.0,0.0,1.3922836184501648,2.256664872169494,3.724778652191162,0.0,0.0,1.41924387216568,3.5246123790740964,6.203001308441165
2040-11,2040-11-01,global_mlp,2026-03,17.202707,0.009478469379246235,1.3797008395195007,False,1.188540279865265,1188540.279865265,reported_conditioned_mlp,ALVHEIM,,False,0.0,0.0,0.009478469379246235,0.034729201346635805,0.07801444754004479,0.0,0.0,1.188540279865265,2.2642603158950805,3.5690919637680065,0.0,0.0,1.3797008395195007,3.486233496665952,6.157269096374515
2040-12,2040-12-01,global_mlp,2026-03,17.202707,0.010278432164341211,1.3628054857254028,False,1.1128556728363037,1112855.6728363037,reported_conditioned_mlp,ALVHEIM,,False,0.0,0.0,0.010278432164341211,0.035610931366681996,0.07582687363028527,0.0,0.0,1.1128556728363037,2.1471133232116695,3.323373746871949,0.0,0.0,1.3628054857254028,3.4639302253723105,6.107594203948978
2041-01,2041-01-01,global_mlp,2026-03,17.202707,0.007073219399899244,1.3606552481651306,False,1.137641429901123,1137641.429901123,reported_conditioned_mlp,ALVHEIM,,False,0.0,0.0,0.007073219399899244,0.03621963523328301,0.069271194934845,0.0,0.0,1.137641429901123,2.0874072790145837,3.4098398447036744,0.0,0.0,1.3606552481651306,3.4435412883758496,6.067174863815312
2041-02,2041-02-01,global_mlp,2026-03,17.202707,0.00828426843509078,1.3483035564422607,False,0.8993033170700073,899303.3170700073,reported_conditioned_mlp,ALVHEIM,,False,0.0,0.0,0.00828426843509078,0.034708631783723805,0.06898891478776935,0.0,0.0,0.8993033170700073,1.7170566678047179,3.0713298320770273,0.0,0.0,1.3483035564422607,3.4007518768310514,6.029391336441046
2041-03,2041-03-01,global_mlp,2026-03,17.202707,0.0031275999499484897,1.3000270128250122,False,0.9587149918079376,958714.9918079376,reported_conditioned_mlp,ALVHEIM,,False,0.0,0.0,0.0031275999499484897,0.030169751867651882,0.06640815809369087,0.0,0.0,0.9587149918079376,1.7819763779640192,3.249324464797974,0.0,0.0,1.3000270128250122,3.3493486881256103,5.9882054805755685
2041-04,2041-04-01,global_mlp,2026-03,17.202707,0.011432685889303684,1.2748649716377258,False,1.5435060262680054,1543506.0262680054,reported_conditioned_mlp,ALVHEIM,,False,0.0,0.0,0.011432685889303684,0.031241805665194987,0.06711982116103174,0.0,0.3001570045948023,1.5435060262680054,2.1355538845062254,3.432473540306092,0.0,0.0,1.2748649716377258,3.3093432664871214,5.965400266647346
2041-05,2041-05-01,global_mlp,2026-03,17.202707,0.011491133365780115,1.2459416389465332,False,1.3694619536399841,1369461.9536399841,reported_conditioned_mlp,ALVHEIM,,False,0.0,0.0,0.011491133365780115,0.031405728682875625,0.0686430983245373,0.0,0.3514222681522367,1.3694619536399841,1.9919507265090932,3.08385910987854,0.0,0.0,1.2459416389465332,3.308916473388672,5.946171998977668
2041-06,2041-06-01,global_mlp,2026-03,17.202707,0.013527069240808487,1.1910521388053894,False,1.208806335926056,1208806.335926056,reported_conditioned_mlp,ALVHEIM,,False,0.0,0.0,0.013527069240808487,0.03295431174337862,0.06455800607800484,0.0,0.0,1.208806335926056,2.0379095554351805,3.311467909812928,0.0,0.0,1.1910521388053894,3.2531534433364855,5.9337333679199284
2041-07,2041-07-01,global_mlp,2026-03,17.202707,0.011516533326357603,1.1575956344604492,False,1.290341854095459,1290341.854095459,reported_conditioned_mlp,ALVHEIM,,False,0.0,0.0,0.011516533326357603,0.02987784557044506,0.06729612722992902,0.0,0.0,1.290341854095459,2.0986809253692624,3.218982148170473,0.0,0.0,1.1575956344604492,3.2113808393478385,5.913588762283331
2041-08,2041-08-01,global_mlp,2026-03,17.202707,0.005341711221262813,1.1098178029060364,False,1.0960301160812378,1096030.1160812378,reported_conditioned_mlp,ALVHEIM,,False,0.0,0.0,0.005341711221262813,0.02995119150727986,0.06627698689699174,0.0,0.0,1.0960301160812378,1.8043374419212335,2.8425672054290794,0.0,0.0,1.1098178029060364,3.1857480049133295,5.89523167610169
2041-09,2041-09-01,global_mlp,2026-03,17.202707,0.0038477597991004586,1.0423075556755066,False,1.2885861992835999,1288586.1992835999,reported_conditioned_mlp,ALVHEIM,,False,0.0,0.0,0.0038477597991004586,0.031307016685605045,0.06895420625805855,0.0,0.0,1.2885861992835999,2.095682048797607,3.40920639038086,0.0,0.0,1.0423075556755066,3.180506420135498,5.870230865478521
2041-10,2041-10-01,global_mlp,2026-03,17.202707,0.001993321580812335,1.0097998976707458,False,1.3072572946548462,1307257.2946548462,reported_conditioned_mlp,ALVHEIM,,False,0.0,0.0,0.001993321580812335,0.028456366993486863,0.06614897549152378,0.0,0.0,1.3072572946548462,2.1252576112747166,3.499108386039734,0.0,0.0,1.0097998976707458,3.147235488891601,5.835670185089112
2041-11,2041-11-01,global_mlp,2026-03,17.202707,0.006790852872654796,0.9639126062393188,False,1.14912748336792,1149127.48336792,reported_conditioned_mlp,ALVHEIM,,False,0.0,0.0,0.006790852872654796,0.03178035095334052,0.06979589909315109,0.0,0.0,1.14912748336792,1.9964121103286734,3.3231523990631104,0.0,0.0,0.9639126062393188,3.0970520734786984,5.698550653457644
2041-12,2041-12-01,global_mlp,2026-03,17.202707,0.005461220163851976,0.9443269670009613,False,0.8400954902172089,840095.4902172089,reported_conditioned_mlp,ALVHEIM,,False,0.0,0.0,0.005461220163851976,0.03227396681904793,0.06759754121303559,0.0,0.0,0.8400954902172089,1.87816389799118,3.3523902654647832,0.0,0.0,0.9443269670009613,3.0524666547775263,5.6311899185180705
2042-01,2042-01-01,global_mlp,2026-03,17.202707,0.003618710092268884,0.8849835693836212,False,0.8720948100090027,872094.8100090027,reported_conditioned_mlp,ALVHEIM,,False,0.0,0.0,0.003618710092268884,0.03129591606557368,0.06635639891028411,0.0,0.0,0.8720948100090027,1.7607262969017023,2.9152556419372564,0.0,0.0,0.8849835693836212,3.0199990987777707,5.625617742538456
2042-02,2042-02-01,global_mlp,2026-03,17.202707,0.0010302710579708219,0.8107079863548279,False,0.7133968770503998,713396.8770503998,reported_conditioned_mlp,ALVHEIM,,False,0.0,0.0,0.0010302710579708219,0.03153873905539512,0.06729601100087167,0.0,0.0,0.7133968770503998,1.625412225723266,2.8013129472732547,0.0,0.0,0.8107079863548279,2.991310882568358,5.621311902999881
2042-03,2042-03-01,global_mlp,2026-03,17.202707,0.0,0.7635069489479065,False,0.712418407201767,712418.407201767,reported_conditioned_mlp,ALVHEIM,,False,0.0,0.0,0.0,0.027257422544062136,0.06010223515331745,0.0,0.0,0.712418407201767,1.66241203546524,2.9570898056030277,0.0,0.0,0.7635069489479065,2.979821801185608,5.617648792266848
2042-04,2042-04-01,global_mlp,2026-03,17.202707,0.010741669684648514,0.7213689088821411,False,1.4078676104545593,1407867.6104545593,reported_conditioned_mlp,ALVHEIM,,False,0.0,0.0,0.010741669684648514,0.03023148402571678,0.06503310352563864,0.0,0.0,1.4078676104545593,2.1825438737869254,3.4702776432037368,0.0,0.0,0.7213689088821411,2.964472270011902,5.577922916412354
2042-05,2042-05-01,global_mlp,2026-03,17.202707,0.010029269848018885,0.711743026971817,False,1.3656309247016907,1365630.9247016907,reported_conditioned_mlp,ALVHEIM,,False,0.0,0.0,0.010029269848018885,0.030392412655055507,0.06632525250315667,0.0,0.0,1.3656309247016907,2.1842924833297723,3.0946329355239874,0.0,0.0,0.711743026971817,2.9344940662384027,5.5311901569366455
2042-06,2042-06-01,global_mlp,2026-03,17.202707,0.007733821170404553,0.6918667256832123,False,1.0549898147583008,1054989.8147583008,reported_conditioned_mlp,ALVHEIM,,False,0.0,0.0,0.007733821170404553,0.032222794368863064,0.05844083055853848,0.0,0.0,1.0549898147583008,1.8729489684104905,3.133800172805788,0.0,0.0,0.6918667256832123,2.9101043224334715,5.473741817474365
2042-07,2042-07-01,global_mlp,2026-03,17.202707,0.010131492279469967,0.6386549174785614,False,1.1900434494018555,1190043.4494018555,reported_conditioned_mlp,ALVHEIM,,False,0.0,0.0,0.010131492279469967,0.02957288324832916,0.060757917538285265,0.0,0.0,1.1900434494018555,2.0174842834472653,3.141400647163392,0.0,0.0,0.6386549174785614,2.83117070198059,5.412357187271119
2042-08,2042-08-01,global_mlp,2026-03,17.202707,0.004199800081551075,0.62358757853508,False,1.0233542919158936,1023354.2919158936,reported_conditioned_mlp,ALVHEIM,,False,0.0,0.0,0.004199800081551075,0.026828184351325023,0.06123194992542268,0.0,0.0,1.0233542919158936,1.8408182978630065,3.06829104423523,0.0,0.0,0.62358757853508,2.8048460721969604,5.365718078613282
2042-09,2042-09-01,global_mlp,2026-03,17.202707,0.007116404129192233,0.6049262881278992,False,1.1689436435699463,1168943.6435699463,reported_conditioned_mlp,ALVHEIM,,False,0.0,0.0,0.007116404129192233,0.0280873756855726,0.06098569445312028,0.0,0.0,1.1689436435699463,1.9926193356513973,3.2167456626892093,0.0,0.0,0.6049262881278992,2.7528006792068465,5.337987995147706
2042-10,2042-10-01,global_mlp,2026-03,17.202707,0.0029517143266275525,0.5769333839416504,False,1.3545292019844055,1354529.2019844055,reported_conditioned_mlp,ALVHEIM,,False,0.0,0.0,0.0029517143266275525,0.030281281843781472,0.06001658439636231,0.0,0.0,1.3545292019844055,2.3222140550613397,3.7801393985748306,0.0,0.0,0.5769333839416504,2.713822460174558,5.289865541458131
2042-11,2042-11-01,global_mlp,2026-03,17.202707,0.004913239972665906,0.5107393562793732,False,1.0156574845314026,1015657.4845314026,reported_conditioned_mlp,ALVHEIM,,False,0.0,0.0,0.004913239972665906,0.03137434683740138,0.06398828923702242,0.0,0.0,1.0156574845314026,1.991001725196838,3.541129851341249,0.0,0.0,0.5107393562793732,2.672440838813781,5.252586603164674
2042-12,2042-12-01,global_mlp,2026-03,17.202707,0.0,0.475639209151268,False,0.9577327370643616,957732.7370643616,reported_conditioned_mlp,ALVHEIM,,False,0.0,0.0,0.0,0.0314297484233975,0.0708256468176842,0.0,0.0,0.9577327370643616,1.9673638105392448,3.497483563423157,0.0,0.0,0.475639209151268,2.587269043922421,5.212651300430298
2043-01,2043-01-01,global_mlp,2026-03,17.202707,0.005829400150105357,0.42289724946022034,False,0.9028122425079346,902812.2425079346,reported_conditioned_mlp,ALVHEIM,,False,0.0,0.0,0.005829400150105357,0.0341384544968605,0.06516868770122528,0.0,0.0,0.9028122425079346,1.9511791110038756,3.100221776962281,0.0,0.0,0.42289724946022034,2.5565423011779744,5.126692867279054
2043-02,2043-02-01,global_mlp,2026-03,17.202707,0.0,0.3629835546016693,False,0.759435623884201,759435.623884201,reported_conditioned_mlp,ALVHEIM,,False,0.0,0.0,0.0,0.034419916570186615,0.06724007725715637,0.0,0.0,0.759435623884201,1.58131251335144,2.830941653251648,0.0,0.0,0.3629835546016693,2.5068591356277445,5.0786135673522965
2043-03,2043-03-01,global_mlp,2026-03,17.202707,0.0,0.3337656259536743,False,0.5112685710191727,511268.57101917267,reported_conditioned_mlp,ALVHEIM,,False,0.0,0.0,0.0,0.02724574618041515,0.05649844966828826,0.0,0.0,0.5112685710191727,1.6918519854545582,2.8769028663635257,0.0,0.0,0.3337656259536743,2.4540200233459473,5.040752077102663
2043-04,2043-04-01,global_mlp,2026-03,17.202707,0.0,0.2859851121902466,False,1.2585870027542114,1258587.0027542114,reported_conditioned_mlp,ALVHEIM,,False,0.0,0.0,0.0,0.02981381751596927,0.06407469138503077,0.0,0.0,1.2585870027542114,2.0590946435928337,3.341457295417786,0.0,0.0,0.2859851121902466,2.3762362957000716,5.010185718536377
2043-05,2043-05-01,global_mlp,2026-03,17.202707,0.0011229998199269176,0.24051063507795334,False,1.206800401210785,1206800.401210785,reported_conditioned_mlp,ALVHEIM,,False,0.0,0.0,0.0011229998199269176,0.030399426631629464,0.061205681413412094,0.0,0.0,1.206800401210785,1.9391232609748839,2.9764276027679446,0.0,0.0,0.24051063507795334,2.331783604621886,4.965549182891846
2043-06,2043-06-01,global_mlp,2026-03,17.202707,0.0,0.2040727436542511,False,0.9270211160182953,927021.1160182953,reported_conditioned_mlp,ALVHEIM,,False,0.0,0.0,0.0,0.026645061001181594,0.062520394846797,0.0,0.0,0.9270211160182953,1.8475001096725459,2.8515408039093026,0.0,0.0,0.2040727436542511,2.3187993526458732,4.922020387649536
2043-07,2043-07-01,global_mlp,2026-03,17.202707,0.0,0.1763281747698784,False,0.7695919573307037,769591.9573307037,reported_conditioned_mlp,ALVHEIM,,False,0.0,0.0,0.0,0.026017082110047312,0.06188325434923174,0.0,0.0,0.7695919573307037,1.956378197669982,3.253267145156862,0.0,0.0,0.1763281747698784,2.310459208488463,4.884521436691285
2043-08,2043-08-01,global_mlp,2026-03,17.202707,0.0,0.1482192799448967,False,0.3769739419221878,376973.9419221878,reported_conditioned_mlp,ALVHEIM,,False,0.0,0.0,0.0,0.02949992418289183,0.06194282770156861,0.0,0.0,0.3769739419221878,1.8363979697227475,2.94781506061554,0.0,0.0,0.1482192799448967,2.282532668113708,4.853328847885133
2043-09,2043-09-01,global_mlp,2026-03,17.202707,0.0,0.08987895026803017,False,0.40819939970970154,408199.39970970154,reported_conditioned_mlp,ALVHEIM,,False,0.0,0.0,0.0,0.02316643483936785,0.06037648208439351,0.0,0.0,0.40819939970970154,1.9029286503791805,3.0115146636962895,0.0,0.0,0.08987895026803017,2.2524224042892453,4.820234775543213
2043-10,2043-10-01,global_mlp,2026-03,17.202707,0.0,0.047225214540958405,False,0.17754679918289185,177546.79918289185,reported_conditioned_mlp,ALVHEIM,,False,0.0,0.0,0.0,0.024880645424127573,0.06628855541348458,0.0,0.0,0.17754679918289185,2.0777670860290525,3.251921606063843,0.0,0.0,0.047225214540958405,2.2467689990997313,4.79971103668213
2043-11,2043-11-01,global_mlp,2026-03,17.202707,0.0,0.0224591251462698,False,0.3638768643140793,363876.8643140793,reported_conditioned_mlp,ALVHEIM,,False,0.0,0.0,0.0,0.029546404443681198,0.0642436154186726,0.0,0.0,0.3638768643140793,1.8428116559982297,3.4126891613006594,0.0,0.0,0.0224591251462698,2.219354176521301,4.778474283218385
2043-12,2043-12-01,global_mlp,2026-03,17.202707,0.0,0.0,False,0.06163560599088669,61635.60599088669,reported_conditioned_mlp,ALVHEIM,,False,0.0,0.0,0.0,0.027668094076216215,0.07097080871462823,0.0,0.0,0.06163560599088669,1.6472142934799185,3.1555090188980115,0.0,0.0,0.0,2.142704486846922,4.769901180267334
2044-01,2044-01-01,global_mlp,2026-03,17.202707,0.0,0.0,False,0.13786578550934792,137865.78550934792,reported_conditioned_mlp,ALVHEIM,,False,0.0,0.0,0.0,0.029487899877130977,0.06462772414088251,0.0,0.0,0.13786578550934792,1.7015311598777765,2.766272163391114,0.0,0.0,0.0,2.1115903377532956,4.72593379020691
2044-02,2044-02-01,global_mlp,2026-03,17.202707,0.0,0.0,False,0.0,0.0,reported_conditioned_mlp,ALVHEIM,,False,0.0,0.0,0.0,0.03020096942782401,0.0662364587187767,0.0,0.0,0.0,1.4656500220298763,2.614731860160828,0.0,0.0,0.0,2.08794229030609,4.705912494659424
2044-03,2044-03-01,global_mlp,2026-03,17.202707,0.0,0.0,False,0.0,0.0,reported_conditioned_mlp,ALVHEIM,,False,0.0,0.0,0.0,0.02587443739175796,0.05788197182118893,0.0,0.0,0.0,1.4860332846641535,2.7455843687057513,0.0,0.0,0.0,2.0588184595108,4.66243953704834
2044-04,2044-04-01,global_mlp,2026-03,17.202707,0.0,0.0,False,0.9154736399650574,915473.6399650574,reported_conditioned_mlp,ALVHEIM,,False,0.0,0.0,0.0,0.028313049115240536,0.062482096999883684,0.0,0.0,0.9154736399650574,1.8652925133705134,3.125038790702821,0.0,0.0,0.0,2.017557263374327,4.636347103118898
2044-05,2044-05-01,global_mlp,2026-03,17.202707,0.0,0.0,False,0.8367019891738892,836701.9891738892,reported_conditioned_mlp,ALVHEIM,,False,0.0,0.0,0.0,0.028558792918920495,0.06402835547924043,0.0,0.0,0.8367019891738892,1.9491905689239495,2.976889705657959,0.0,0.0,0.0,1.9594236135482772,4.624302959442139
2044-06,2044-06-01,global_mlp,2026-03,17.202707,0.0,0.0,False,0.6928470432758331,692847.0432758331,reported_conditioned_mlp,ALVHEIM,,False,0.0,0.0,0.0,0.022917433083057392,0.06030510365962982,0.0,0.0,0.6928470432758331,1.6227140784263607,2.6417065858840947,0.0,0.0,0.0,1.858442163467405,4.5940789699554445
2044-07,2044-07-01,global_mlp,2026-03,17.202707,0.0,0.0,False,0.49688999354839325,496889.99354839325,reported_conditioned_mlp,ALVHEIM,,False,0.0,0.0,0.0,0.025744052417576293,0.06200795695185661,0.0,0.0,0.49688999354839325,1.8510596752166741,3.0107290267944338,0.0,0.0,0.0,1.8262654185295097,4.54506425857544
2044-08,2044-08-01,global_mlp,2026-03,17.202707,0.0,0.0,False,0.0,0.0,reported_conditioned_mlp,ALVHEIM,,False,0.0,0.0,0.0,0.025180270336568337,0.06352008208632469,0.0,0.0,0.0,1.5697677373886105,2.6318820953369144,0.0,0.0,0.0,1.7909622430801386,4.491078424453736
2044-09,2044-09-01,global_mlp,2026-03,17.202707,0.0,0.0,False,0.0,0.0,reported_conditioned_mlp,ALVHEIM,,False,0.0,0.0,0.0,0.02406610157340765,0.06640508398413668,0.0,0.0,0.0,1.8659050226211538,3.1064964294433595,0.0,0.0,0.0,1.7225919246673578,4.453468561172486
2044-10,2044-10-01,global_mlp,2026-03,17.202707,0.0,0.0,False,0.0,0.0,reported_conditioned_mlp,ALVHEIM,,False,0.0,0.0,0.0,0.024362302199006064,0.06727776825428014,0.0,0.0,0.0,1.8649470210075367,3.2615333080291764,0.0,0.0,0.0,1.6629513025283806,4.432275152206421
2044-11,2044-11-01,global_mlp,2026-03,17.202707,0.0,0.0,False,0.0,0.0,reported_conditioned_mlp,ALVHEIM,,False,0.0,0.0,0.0,0.026570177078247055,0.07488749399781228,0.0,0.0,0.0,1.8754155874252303,3.075291776657105,0.0,0.0,0.0,1.6208048462867717,4.41016230583191
2044-12,2044-12-01,global_mlp,2026-03,17.202707,0.0,0.0,False,0.0,0.0,reported_conditioned_mlp,ALVHEIM,,False,0.0,0.0,0.0,0.025146020576357824,0.07528850883245469,0.0,0.0,0.0,1.7038699626922607,3.0330373048782353,0.0,0.0,0.0,1.601769161224365,4.365585374832154
2045-01,2045-01-01,global_mlp,2026-03,17.202707,0.0,0.0,False,0.0,0.0,reported_conditioned_mlp,ALVHEIM,,False,0.0,0.0,0.0,0.0223613580688834,0.06585140675306325,0.0,0.0,0.0,1.686761939525602,2.7035865306854254,0.0,0.0,0.0,1.5460003018379191,4.3597208023071286
2045-02,2045-02-01,global_mlp,2026-03,17.202707,0.0,0.0,False,0.0,0.0,reported_conditioned_mlp,ALVHEIM,,False,0.0,0.0,0.0,0.022699778154492364,0.07149972692131998,0.0,0.0,0.0,1.5313283443450922,2.7195539951324474,0.0,0.0,0.0,1.4992026567459096,4.25241894721985
2045-03,2045-03-01,global_mlp,2026-03,17.202707,0.0,0.0,False,0.0,0.0,reported_conditioned_mlp,ALVHEIM,,False,0.0,0.0,0.0,0.016383306682109817,0.06188619583845139,0.0,0.0,0.0,1.3320847272872907,2.629278063774109,0.0,0.0,0.0,1.4329284310340873,4.223377418518067
2045-04,2045-04-01,global_mlp,2026-03,17.202707,0.0,0.0,False,0.0,0.0,reported_conditioned_mlp,ALVHEIM,,False,0.0,0.0,0.0,0.021188993379473685,0.06012299619615078,0.0,0.0,0.0,1.6739580154418943,2.792151927947998,0.0,0.0,0.0,1.3397032260894743,4.146381139755249
2045-05,2045-05-01,global_mlp,2026-03,17.202707,0.0,0.0,False,0.0,0.0,reported_conditioned_mlp,ALVHEIM,,False,0.0,0.0,0.0,0.020411140844225874,0.059900334477424634,0.0,0.0,0.0,1.811391019821167,2.927596807479859,0.0,0.0,0.0,1.3086992144584653,4.103939247131348
2045-06,2045-06-01,global_mlp,2026-03,17.202707,0.0,0.0,False,0.0,0.0,reported_conditioned_mlp,ALVHEIM,,False,0.0,0.0,0.0,0.022500067949295023,0.05888284184038649,0.0,0.0,0.0,1.473863232135771,2.6407786607742323,0.0,0.0,0.0,1.27138934135437,4.061293077468872
2045-07,2045-07-01,global_mlp,2026-03,17.202707,0.0,0.0,False,0.0,0.0,reported_conditioned_mlp,ALVHEIM,,False,0.0,0.0,0.0,0.01960211731493468,0.05516368784010411,0.0,0.0,0.0,1.654407477378845,2.940831875801088,0.0,0.0,0.0,1.2583943009376524,4.013293170928955
2045-08,2045-08-01,global_mlp,2026-03,17.202707,0.0,0.0,False,0.0,0.0,reported_conditioned_mlp,ALVHEIM,,False,0.0,0.0,0.0,0.023611360043287278,0.06001885533332827,0.0,0.0,0.0,1.4945914626121513,2.6693756580352788,0.0,0.0,0.0,1.2108866453170768,3.952442550659181
2045-09,2045-09-01,global_mlp,2026-03,17.202707,0.0,0.0,False,0.0,0.0,reported_conditioned_mlp,ALVHEIM,,False,0.0,0.0,0.0,0.021482207439839834,0.0590606562793255,0.0,0.0,0.0,1.533498799800872,2.8139501094818127,0.0,0.0,0.0,1.1363717794418318,3.897692346572877
2045-10,2045-10-01,global_mlp,2026-03,17.202707,0.0,0.0,False,0.0,0.0,reported_conditioned_mlp,ALVHEIM,,False,0.0,0.0,0.0,0.020805323682725422,0.058067999407649055,0.0,0.0,0.0,1.638438379764556,2.894778418540955,0.0,0.0,0.0,1.0991811156272877,3.8504961490631118
2045-11,2045-11-01,global_mlp,2026-03,17.202707,0.0,0.0,False,0.0,0.0,reported_conditioned_mlp,ALVHEIM,,False,0.0,0.0,0.0,0.019141256809234605,0.061573722958564774,0.0,0.0,0.0,1.520986211299896,2.939226245880127,0.0,0.0,0.0,1.0827185869216913,3.80881326198578
2045-12,2045-12-01,global_mlp,2026-03,17.202707,0.0,0.0,False,0.0,0.0,reported_conditioned_mlp,ALVHEIM,,False,0.0,0.0,0.0,0.020296417176723477,0.05982810147106649,0.0,0.0,0.0,1.3159853100776653,3.001925325393678,0.0,0.0,0.0,1.0366532087326044,3.7609822750091553
2046-01,2046-01-01,global_mlp,2026-03,17.202707,0.0,0.0,False,0.0,0.0,reported_conditioned_mlp,ALVHEIM,,False,0.0,0.0,0.0,0.015256306156516058,0.05899421796202663,0.0,0.0,0.0,1.2592965364456175,2.751700091362,0.0,0.0,0.0,1.0025337100028977,3.6927444696426397
2046-02,2046-02-01,global_mlp,2026-03,17.202707,0.0,0.0,False,0.0,0.0,reported_conditioned_mlp,ALVHEIM,,False,0.0,0.0,0.0,0.014547778852283913,0.060208531096577665,0.0,0.0,0.0,1.0942801833152767,2.4251860141754156,0.0,0.0,0.0,0.9742457687854754,3.671364665031434
2046-03,2046-03-01,global_mlp,2026-03,17.202707,0.0,0.0,False,0.0,0.0,reported_conditioned_mlp,ALVHEIM,,False,0.0,0.0,0.0,0.015062565077096171,0.05693650245666504,0.0,0.0,0.0,0.9689921140670767,2.574574112892151,0.0,0.0,0.0,0.9459945559501642,3.625616192817689
2046-04,2046-04-01,global_mlp,2026-03,17.202707,0.0,0.0,False,0.0,0.0,reported_conditioned_mlp,ALVHEIM,,False,0.0,0.0,0.0,0.018873559869825834,0.054125740379095115,0.0,0.0,0.0,1.6252199530601497,2.635606098175049,0.0,0.0,0.0,0.8829253971576686,3.5682806491851813
2046-05,2046-05-01,global_mlp,2026-03,17.202707,0.0,0.0,False,0.0,0.0,reported_conditioned_mlp,ALVHEIM,,False,0.0,0.0,0.0,0.019750579074025148,0.05625601708889011,0.0,0.0,0.0,1.552860581874847,2.809228944778442,0.0,0.0,0.0,0.8421057283878323,3.492459511756898
2046-06,2046-06-01,global_mlp,2026-03,17.202707,0.0,0.0,False,0.0,0.0,reported_conditioned_mlp,ALVHEIM,,False,0.0,0.0,0.0,0.018639167211949793,0.05671247430145741,0.0,0.0,0.0,1.3328714966773985,2.475433731079102,0.0,0.0,0.0,0.8054596900939941,3.427248644828797
2046-07,2046-07-01,global_mlp,2026-03,17.202707,0.0,0.0,False,0.0,0.0,reported_conditioned_mlp,ALVHEIM,,False,0.0,0.0,0.0,0.01576815452426672,0.05253558866679673,0.0,0.0,0.0,1.43164700269699,2.554897999763489,0.0,0.0,0.0,0.7841948688030237,3.362921357154847
2046-08,2046-08-01,global_mlp,2026-03,17.202707,0.0,0.0,False,0.0,0.0,reported_conditioned_mlp,ALVHEIM,,False,0.0,0.0,0.0,0.011511012725532038,0.051853647455573096,0.0,0.0,0.0,1.1611391901969903,2.452429723739624,0.0,0.0,0.0,0.7356455743312834,3.312585783004762
2046-09,2046-09-01,global_mlp,2026-03,17.202707,0.0,0.0,False,0.0,0.0,reported_conditioned_mlp,ALVHEIM,,False,0.0,0.0,0.0,0.011345625203102819,0.04745187237858772,0.0,0.0,0.0,1.3043146491050714,2.752008080482484,0.0,0.0,0.0,0.706275051832199,3.2794960260391246
2046-10,2046-10-01,global_mlp,2026-03,17.202707,0.0,0.0,False,0.0,0.0,reported_conditioned_mlp,ALVHEIM,,False,0.0,0.0,0.0,0.007711822493001779,0.051402114331722266,0.0,0.0,0.0,1.2804968953132623,2.948430490493775,0.0,0.0,0.0,0.6530542075633988,3.245564508438111
2046-11,2046-11-01,global_mlp,2026-03,17.202707,0.0,0.0,False,0.0,0.0,reported_conditioned_mlp,ALVHEIM,,False,0.0,0.0,0.0,0.008160347631201095,0.05598436556756497,0.0,0.0,0.0,1.2076045870780943,2.855239272117616,0.0,0.0,0.0,0.5801602780818926,3.1714469671249415
2046-12,2046-12-01,global_mlp,2026-03,17.202707,0.0,0.0,False,0.0,0.0,reported_conditioned_mlp,ALVHEIM,,False,0.0,0.0,0.0,0.007199814682826368,0.051626828312873865,0.0,0.0,0.0,0.8609211266040796,2.9063588142395025,0.0,0.0,0.0,0.5181199252605407,3.10515823364258
2047-01,2047-01-01,global_mlp,2026-03,17.202707,0.0,0.0,False,0.0,0.0,reported_conditioned_mlp,ALVHEIM,,False,0.0,0.0,0.0,0.005924593703821297,0.05020056255161764,0.0,0.0,0.0,0.9873413324356066,2.462526297569275,0.0,0.0,0.0,0.5010930657386775,3.041414403915406
2047-02,2047-02-01,global_mlp,2026-03,17.202707,0.0,0.0,False,0.0,0.0,reported_conditioned_mlp,ALVHEIM,,False,0.0,0.0,0.0,0.002188435068819626,0.05005891807377341,0.0,0.0,0.0,0.9218948841094964,2.326187753677368,0.0,0.0,0.0,0.43153206408023403,2.9717775583267216
2047-03,2047-03-01,global_mlp,2026-03,17.202707,0.0,0.0,False,0.0,0.0,reported_conditioned_mlp,ALVHEIM,,False,0.0,0.0,0.0,0.0,0.04576671384274959,0.0,0.0,0.0,0.0786087796091999,2.357536196708679,0.0,0.0,0.0,0.38043034076690047,2.918308806419373
2047-04,2047-04-01,global_mlp,2026-03,17.202707,0.0,0.0,False,0.0,0.0,reported_conditioned_mlp,ALVHEIM,,False,0.0,0.0,0.0,0.01058563804253932,0.047216503694653515,0.0,0.0,0.0,1.5024135231971716,2.7297262907028204,0.0,0.0,0.0,0.36046796739101056,2.883748555183412
2047-05,2047-05-01,global_mlp,2026-03,17.202707,0.0,0.0,False,0.0,0.0,reported_conditioned_mlp,ALVHEIM,,False,0.0,0.0,0.0,0.009803995676338653,0.042847112938761735,0.0,0.0,0.0,1.2757151007652279,2.4920887947082524,0.0,0.0,0.0,0.3419070839881885,2.851561379432679
2047-06,2047-06-01,global_mlp,2026-03,17.202707,0.0,0.0,False,0.0,0.0,reported_conditioned_mlp,ALVHEIM,,False,0.0,0.0,0.0,0.009443576633930155,0.042162249982357035,0.0,0.0,0.0,1.180896282196043,2.2757795572280886,0.0,0.0,0.0,0.3010379523038848,2.809071779251099
2047-07,2047-07-01,global_mlp,2026-03,17.202707,0.0,0.0,False,0.0,0.0,reported_conditioned_mlp,ALVHEIM,,False,0.0,0.0,0.0,0.004505616147071052,0.04298293814063074,0.0,0.0,0.0,1.175652003288268,2.5849492311477684,0.0,0.0,0.0,0.24810766130685452,2.7978562593460086
2047-08,2047-08-01,global_mlp,2026-03,17.202707,0.0,0.0,False,0.0,0.0,reported_conditioned_mlp,ALVHEIM,,False,0.0,0.0,0.0,0.0,0.04252570793032648,0.0,0.0,0.0,1.005231750011443,2.327985072135926,0.0,0.0,0.0,0.22564069330691916,2.7908565998077397
2047-09,2047-09-01,global_mlp,2026-03,17.202707,0.0,0.0,False,0.0,0.0,reported_conditioned_mlp,ALVHEIM,,False,0.0,0.0,0.0,0.0,0.04365928731858731,0.0,0.0,0.0,1.0383888959884637,2.543736743927002,0.0,0.0,0.0,0.20384198725223174,2.781382656097412
2047-10,2047-10-01,global_mlp,2026-03,17.202707,0.0,0.0,False,0.0,0.0,reported_conditioned_mlp,ALVHEIM,,False,0.0,0.0,0.0,0.00043774931400545437,0.04219799488782883,0.0,0.0,0.0,1.6236342549324032,2.907520985603334,0.0,0.0,0.0,0.16932987719773876,2.7663254261016847
2047-11,2047-11-01,global_mlp,2026-03,17.202707,0.0,0.0,False,0.0,0.0,reported_conditioned_mlp,ALVHEIM,,False,0.0,0.0,0.0,0.0,0.04902804903686046,0.0,0.0,0.0,1.1695599079132077,2.8623052120208743,0.0,0.0,0.0,0.1241683438420261,2.6952707767486577
2047-12,2047-12-01,global_mlp,2026-03,17.202707,0.0,0.0,False,0.0,0.0,reported_conditioned_mlp,ALVHEIM,,False,0.0,0.0,0.0,0.0,0.04903812706470492,0.0,0.0,0.0,1.008002173900603,2.7762769699096683,0.0,0.0,0.0,0.11173278614878412,2.6322011947631845
2048-01,2048-01-01,global_mlp,2026-03,17.202707,0.0,0.0,False,0.0,0.0,reported_conditioned_mlp,ALVHEIM,,False,0.0,0.0,0.0,0.0,0.045297795534133926,0.0,0.0,0.0,0.8413170576095576,2.4529070615768434,0.0,0.0,0.0,0.042090254276988676,2.57806134223938
2048-02,2048-02-01,global_mlp,2026-03,17.202707,0.0,0.0,False,0.0,0.0,reported_conditioned_mlp,ALVHEIM,,False,0.0,0.0,0.0,0.0,0.05307908840477468,0.0,0.0,0.0,0.5164830327033987,2.3193594217300424,0.0,0.0,0.0,0.02156668100505832,2.4987821102142336
2048-03,2048-03-01,global_mlp,2026-03,17.202707,0.0,0.0,False,0.0,0.0,reported_conditioned_mlp,ALVHEIM,,False,0.0,0.0,0.0,0.0,0.045910789445042614,0.0,0.0,0.0,0.0,2.238806986808777,0.0,0.0,0.0,0.0,2.4336918354034425
2048-04,2048-04-01,global_mlp,2026-03,17.202707,0.0,0.0,False,0.0,0.0,reported_conditioned_mlp,ALVHEIM,,False,0.0,0.0,0.0,0.0,0.04681597463786604,0.0,0.0,0.0,1.1049762248992918,2.5748147249221804,0.0,0.0,0.0,0.0,2.3715033054351813
2048-05,2048-05-01,global_mlp,2026-03,17.202707,0.0,0.0,False,0.0,0.0,reported_conditioned_mlp,ALVHEIM,,False,0.0,0.0,0.0,0.0,0.04982800446450716,0.0,0.0,0.0,0.6547468125820134,2.3084003686904913,0.0,0.0,0.0,0.0,2.3393509387969975
2048-06,2048-06-01,global_mlp,2026-03,17.202707,0.0,0.0,False,0.0,0.0,reported_conditioned_mlp,ALVHEIM,,False,0.0,0.0,0.0,0.0,0.042925432324409485,0.0,0.0,0.0,0.3942908495664576,2.344537448883058,0.0,0.0,0.0,0.0,2.282322978973389
2048-07,2048-07-01,global_mlp,2026-03,17.202707,0.0,0.0,False,0.0,0.0,reported_conditioned_mlp,ALVHEIM,,False,0.0,0.0,0.0,0.0,0.04536630697548392,0.0,0.0,0.0,0.43906393647193565,2.4611840009689345,0.0,0.0,0.0,0.0,2.250769948959351
2048-08,2048-08-01,global_mlp,2026-03,17.202707,0.0,0.0,False,0.0,0.0,reported_conditioned_mlp,ALVHEIM,,False,0.0,0.0,0.0,0.0,0.04408713430166245,0.0,0.0,0.0,0.0,2.3479614973068244,0.0,0.0,0.0,0.0,2.23564670085907
2048-09,2048-09-01,global_mlp,2026-03,17.202707,0.0,0.0,False,0.0,0.0,reported_conditioned_mlp,ALVHEIM,,False,0.0,0.0,0.0,0.0,0.0423589613288641,0.0,0.0,0.0,0.0,2.325792026519776,0.0,0.0,0.0,0.0,2.2258164644241334
2048-10,2048-10-01,global_mlp,2026-03,17.202707,0.0,0.0,False,0.0,0.0,reported_conditioned_mlp,ALVHEIM,,False,0.0,0.0,0.0,0.0,0.039526475593447685,0.0,0.0,0.0,0.0,2.70007336139679,0.0,0.0,0.0,0.0,2.210801386833191
2048-11,2048-11-01,global_mlp,2026-03,17.202707,0.0,0.0,False,0.0,0.0,reported_conditioned_mlp,ALVHEIM,,False,0.0,0.0,0.0,0.0,0.04220916517078877,0.0,0.0,0.0,0.0,2.7116774320602426,0.0,0.0,0.0,0.0,2.1362628698349004
2048-12,2048-12-01,global_mlp,2026-03,17.202707,0.0,0.0,False,0.0,0.0,reported_conditioned_mlp,ALVHEIM,,False,0.0,0.0,0.0,0.0,0.04454293139278891,0.0,0.0,0.0,0.0,2.3647266387939463,0.0,0.0,0.0,0.0,2.0862426996231083
2049-01,2049-01-01,global_mlp,2026-03,17.202707,0.0,0.0,False,0.0,0.0,reported_conditioned_mlp,ALVHEIM,,False,0.0,0.0,0.0,0.0,0.04577505923807622,0.0,0.0,0.0,0.0,2.1259799003601088,0.0,0.0,0.0,0.0,2.062149524688721
2049-02,2049-02-01,global_mlp,2026-03,17.202707,0.0,0.0,False,0.0,0.0,reported_conditioned_mlp,ALVHEIM,,False,0.0,0.0,0.0,0.0,0.0442346751689911,0.0,0.0,0.0,0.016230175504459054,1.9467876195907596,0.0,0.0,0.0,0.0,2.033408808708191
2049-03,2049-03-01,global_mlp,2026-03,17.202707,0.0,0.0,False,0.0,0.0,reported_conditioned_mlp,ALVHEIM,,False,0.0,0.0,0.0,0.0,0.03914318382740021,0.0,0.0,0.0,0.0,2.00358259677887,0.0,0.0,0.0,0.0,1.9966400027275086
2049-04,2049-04-01,global_mlp,2026-03,17.202707,0.0,0.0,False,0.0,0.0,reported_conditioned_mlp,ALVHEIM,,False,0.0,0.0,0.0,0.0,0.039719895645976076,0.0,0.0,0.0,0.0,2.358714771270752,0.0,0.0,0.0,0.0,1.966530740261078
2049-05,2049-05-01,global_mlp,2026-03,17.202707,0.0,0.0,False,0.0,0.0,reported_conditioned_mlp,ALVHEIM,,False,0.0,0.0,0.0,0.0,0.04161465503275396,0.0,0.0,0.0,0.2849931865930547,2.4091927051544193,0.0,0.0,0.0,0.0,1.9519731998443604
2049-06,2049-06-01,global_mlp,2026-03,17.202707,0.0,0.0,False,0.0,0.0,reported_conditioned_mlp,ALVHEIM,,False,0.0,0.0,0.0,0.0,0.04242419041693211,0.0,0.0,0.0,0.0,2.296433997154237,0.0,0.0,0.0,0.0,1.906271243095398
2049-07,2049-07-01,global_mlp,2026-03,17.202707,0.0,0.0,False,0.0,0.0,reported_conditioned_mlp,ALVHEIM,,False,0.0,0.0,0.0,0.0,0.03883241266012195,0.0,0.0,0.0,0.0,2.340644907951355,0.0,0.0,0.0,0.0,1.8580933332443241
2049-08,2049-08-01,global_mlp,2026-03,17.202707,0.0,0.0,False,0.0,0.0,reported_conditioned_mlp,ALVHEIM,,False,0.0,0.0,0.0,0.0,0.04079427719116211,0.0,0.0,0.0,0.0,2.289514398574829,0.0,0.0,0.0,0.0,1.8160182833671574
2049-09,2049-09-01,global_mlp,2026-03,17.202707,0.0,0.0,False,0.0,0.0,reported_conditioned_mlp,ALVHEIM,,False,0.0,0.0,0.0,0.0,0.039407394081354144,0.0,0.0,0.0,0.0,2.3517002105712894,0.0,0.0,0.0,0.0,1.7933356642723084
2049-10,2049-10-01,global_mlp,2026-03,17.202707,0.0,0.0,False,0.0,0.0,reported_conditioned_mlp,ALVHEIM,,False,0.0,0.0,0.0,0.0,0.04022549279034138,0.0,0.0,0.0,0.0,2.509811520576477,0.0,0.0,0.0,0.0,1.7534828186035158
2049-11,2049-11-01,global_mlp,2026-03,17.202707,0.0,0.0,False,0.0,0.0,reported_conditioned_mlp,ALVHEIM,,False,0.0,0.0,0.0,0.0,0.03642917014658455,0.0,0.0,0.0,0.0,2.322199106216431,0.0,0.0,0.0,0.0,1.7189668059349061
2049-12,2049-12-01,global_mlp,2026-03,17.202707,0.0,0.0,False,0.0,0.0,reported_conditioned_mlp,ALVHEIM,,False,0.0,0.0,0.0,0.0,0.03709044493734838,0.0,0.0,0.0,0.0,2.3621141910552983,0.0,0.0,0.0,0.0,1.6687700510025028
2050-01,2050-01-01,global_mlp,2026-03,17.202707,0.0,0.0,False,0.0,0.0,reported_conditioned_mlp,ALVHEIM,,False,0.0,0.0,0.0,0.0,0.036405677348375326,0.0,0.0,0.0,0.0,2.18270812034607,0.0,0.0,0.0,0.0,1.6132110118865968
2050-02,2050-02-01,global_mlp,2026-03,17.202707,0.0,0.0,False,0.0,0.0,reported_conditioned_mlp,ALVHEIM,,False,0.0,0.0,0.0,0.0,0.03473331406712535,0.0,0.0,0.0,0.0,2.0071281433105472,0.0,0.0,0.0,0.0,1.5450670599937455
2050-03,2050-03-01,global_mlp,2026-03,17.202707,0.0,0.0,False,0.0,0.0,reported_conditioned_mlp,ALVHEIM,,False,0.0,0.0,0.0,0.0,0.030741200223565197,0.0,0.0,0.0,0.0,1.9404379487037662,0.0,0.0,0.0,0.0,1.5138624429702767
2050-04,2050-04-01,global_mlp,2026-03,17.202707,0.0,0.0,False,0.0,0.0,reported_conditioned_mlp,ALVHEIM,,False,0.0,0.0,0.0,0.0,0.032063059508800514,0.0,0.0,0.0,0.0,2.348528146743775,0.0,0.0,0.0,0.0,1.4707038402557384
2050-05,2050-05-01,global_mlp,2026-03,17.202707,0.0,0.0,False,0.0,0.0,reported_conditioned_mlp,ALVHEIM,,False,0.0,0.0,0.0,0.0,0.03312553986907008,0.0,0.0,0.0,0.0,2.214822316169739,0.0,0.0,0.0,0.0,1.4057231545448323
2050-06,2050-06-01,global_mlp,2026-03,17.202707,0.0,0.0,False,0.0,0.0,reported_conditioned_mlp,ALVHEIM,,False,0.0,0.0,0.0,0.0,0.03751962706446649,0.0,0.0,0.0,0.0,2.1249246120452887,0.0,0.0,0.0,0.0,1.387709224224093
2050-07,2050-07-01,global_mlp,2026-03,17.202707,0.0,0.0,False,0.0,0.0,reported_conditioned_mlp,ALVHEIM,,False,0.0,0.0,0.0,0.0,0.0339002188295126,0.0,0.0,0.0,0.0,2.09082100391388,0.0,0.0,0.0,0.0,1.3724699854850781
2050-08,2050-08-01,global_mlp,2026-03,17.202707,0.0,0.0,False,0.0,0.0,reported_conditioned_mlp,ALVHEIM,,False,0.0,0.0,0.0,0.0,0.03487650118768221,0.0,0.0,0.0,0.0,1.8721616268157961,0.0,0.0,0.0,0.0,1.3348850488662727
2050-09,2050-09-01,global_mlp,2026-03,17.202707,0.0,0.0,False,0.0,0.0,reported_conditioned_mlp,ALVHEIM,,False,0.0,0.0,0.0,0.0,0.03103160765022044,0.0,0.0,0.0,0.0,2.3244692564010636,0.0,0.0,0.0,0.0,1.2896595597267162
2050-10,2050-10-01,global_mlp,2026-03,17.202707,0.0,0.0,False,0.0,0.0,reported_conditioned_mlp,ALVHEIM,,False,0.0,0.0,0.0,0.0,0.028147908858954924,0.0,0.0,0.0,0.0,2.2248730659484863,0.0,0.0,0.0,0.0,1.2783233642578136
2050-11,2050-11-01,global_mlp,2026-03,17.202707,0.0,0.0,False,0.0,0.0,reported_conditioned_mlp,ALVHEIM,,False,0.0,0.0,0.0,0.0,0.029098962992429735,0.0,0.0,0.0,0.0,2.241855716705323,0.0,0.0,0.0,0.0,1.2666936516761786
2050-12,2050-12-01,global_mlp,2026-03,17.202707,0.0,0.0,False,0.0,0.0,reported_conditioned_mlp,ALVHEIM,,False,0.0,0.0,0.0,0.0,0.032922607287764555,0.0,0.0,0.0,0.0,2.09162278175354,0.0,0.0,0.0,0.0,1.2352380394935611
2051-01,2051-01-01,global_mlp,2026-03,17.202707,0.0,0.0,False,0.0,0.0,reported_conditioned_mlp,ALVHEIM,,False,0.0,0.0,0.0,0.0,0.030381374992430238,0.0,0.0,0.0,0.0,1.9116058826446545,0.0,0.0,0.0,0.0,1.208341884613038
2051-02,2051-02-01,global_mlp,2026-03,17.202707,0.0,0.0,False,0.0,0.0,reported_conditioned_mlp,ALVHEIM,,False,0.0,0.0,0.0,0.0,0.02847275789827111,0.0,0.0,0.0,0.0,1.8746327519416823,0.0,0.0,0.0,0.0,1.1917593955993666
2051-03,2051-03-01,global_mlp,2026-03,17.202707,0.0,0.0,False,0.0,0.0,reported_conditioned_mlp,ALVHEIM,,False,0.0,0.0,0.0,0.0,0.02284352090209723,0.0,0.0,0.0,0.0,1.5801798820495627,0.0,0.0,0.0,0.0,1.188777780532838
