month,date,variant,cutoff_month,remaining_reserves_start_msm3oe,production_forecast_msm3oe,remaining_reserves_end_msm3oe,production_was_clipped,fuel_gas_forecast_msm3,fuel_gas_forecast_sm3,fuel_forecast_method,fuel_source_field,fuel_zero_from_month,fuel_zero_override_applied,production_forecast_msm3oe_q10,production_forecast_msm3oe_q30,production_forecast_msm3oe_q50,production_forecast_msm3oe_q70,production_forecast_msm3oe_q90,fuel_gas_forecast_msm3_q10,fuel_gas_forecast_msm3_q30,fuel_gas_forecast_msm3_q50,fuel_gas_forecast_msm3_q70,fuel_gas_forecast_msm3_q90,remaining_reserves_end_msm3oe_q10,remaining_reserves_end_msm3oe_q30,remaining_reserves_end_msm3oe_q50,remaining_reserves_end_msm3oe_q70,remaining_reserves_end_msm3oe_q90
2026-04,2026-04-01,global_mlp,2026-03,0.539367,0.0007955374021548778,0.5385714769363403,False,0.0,0.0,external_power_zero,Gullfaks C,,False,0.0,0.0001213277617353014,0.0007955374021548778,0.0016460876329801972,0.0032691156258806585,0.0,0.0,0.0,0.0,0.0,0.5360979318618775,0.5377209067344666,0.5385714769363403,0.5392456948757172,0.5393670201301575
2026-05,2026-05-01,global_mlp,2026-03,0.539367,0.0008528540201950818,0.5376282334327698,False,0.0,0.0,external_power_zero,Gullfaks C,,False,0.0,8.91371477337088e-05,0.0008528540201950818,0.0018186348723247636,0.003446318488568068,0.0,0.0,0.0,0.0,0.0,0.5329638838768005,0.5359439849853516,0.5376282334327698,0.5387210190296173,0.5393670201301575
2026-06,2026-06-01,global_mlp,2026-03,0.539367,0.0007917527400422841,0.5368448495864868,False,0.0,0.0,external_power_zero,Gullfaks C,,False,0.0,1.1269645165157118e-05,0.0007917527400422841,0.0015609416645020234,0.00305517187807709,0.0,0.0,0.0,0.0,0.0,0.5300653040409088,0.5342345595359802,0.5368448495864868,0.5384231984615326,0.5393670201301575
2026-07,2026-07-01,global_mlp,2026-03,0.539367,0.0006143413775134832,0.536097526550293,False,0.0,0.0,external_power_zero,Gullfaks C,,False,0.0,0.0,0.0006143413775134832,0.0015354580362327396,0.0031254952540621162,0.0,0.0,0.0,0.0,0.0,0.5277140498161316,0.5326126873493194,0.536097526550293,0.5380127906799317,0.5393530189990997
2026-08,2026-08-01,global_mlp,2026-03,0.539367,0.0004655781958717853,0.535668134689331,False,0.0,0.0,external_power_zero,Gullfaks C,,False,0.0,0.0,0.0004655781958717853,0.0013554037781432259,0.003332676738500596,0.0,0.0,0.0,0.0,0.0,0.5250152826309205,0.5313273131847381,0.535668134689331,0.5378223061561584,0.5392050862312316
2026-09,2026-09-01,global_mlp,2026-03,0.539367,0.0005363736709114164,0.5346496403217316,False,0.0,0.0,external_power_zero,Gullfaks C,,False,0.0,0.0,0.0005363736709114164,0.0015512907062657177,0.0032775649800896663,0.0,0.0,0.0,0.0,0.0,0.5217702567577363,0.5299896836280823,0.5346496403217316,0.5373558819293975,0.5391509294509887
2026-10,2026-10-01,global_mlp,2026-03,0.539367,0.0003901030431734398,0.5340712368488312,False,0.0,0.0,external_power_zero,Gullfaks C,,False,0.0,0.0,0.0003901030431734398,0.001347980904392898,0.0031074624974280615,0.0,0.0,0.0,0.0,0.0,0.5185593247413636,0.5288925647735596,0.5340712368488312,0.5370800137519837,0.5390878319740295
2026-11,2026-11-01,global_mlp,2026-03,0.539367,0.00044178948155604303,0.5331374406814575,False,0.0,0.0,external_power_zero,Gullfaks C,,False,0.0,0.0,0.00044178948155604303,0.0015244171372614797,0.003175448579713703,0.0,0.0,0.0,0.0,0.0,0.5156860768795013,0.5273409247398376,0.5331374406814575,0.5368442058563232,0.5388563990592956
2026-12,2026-12-01,global_mlp,2026-03,0.539367,0.00036769986036233604,0.5327686667442322,False,0.0,0.0,external_power_zero,Gullfaks C,,False,0.0,0.0,0.00036769986036233604,0.0014059986337088045,0.0036112898495048286,0.0,0.0,0.0,0.0,0.0,0.5124577283859253,0.5256004333496094,0.5327686667442322,0.5367204427719117,0.538609504699707
2027-01,2027-01-01,global_mlp,2026-03,0.539367,0.0004121547390241176,0.5323011577129364,False,0.0,0.0,external_power_zero,Gullfaks C,,False,0.0,0.0,0.0004121547390241176,0.001487477438058704,0.0038167251506820332,0.0,0.0,0.0,0.0,0.0,0.5093136847019195,0.5242867410182953,0.5323011577129364,0.536529678106308,0.5384663283824921
2027-02,2027-02-01,global_mlp,2026-03,0.539367,0.0004258013505022973,0.5319525003433228,False,0.0,0.0,external_power_zero,Gullfaks C,,False,0.0,0.0,0.0004258013505022973,0.0014611146645620466,0.0038634927244856985,0.0,0.0,0.0,0.0,0.0,0.5062587201595307,0.5226773083209991,0.5319525003433228,0.5362351715564728,0.5384356439113617
2027-03,2027-03-01,global_mlp,2026-03,0.539367,0.000106545692688087,0.5316932797431946,False,0.0,0.0,external_power_zero,Gullfaks C,,False,0.0,0.0,0.000106545692688087,0.0010335961706005037,0.003292640112340451,0.0,0.0,0.0,0.0,0.0,0.5033457994461059,0.5217544198036194,0.5316932797431946,0.5359836399555207,0.5384008109569549
2027-04,2027-04-01,global_mlp,2026-03,0.539367,0.0008620278676971793,0.5305318534374237,False,0.0,0.0,external_power_zero,Gullfaks C,,False,0.0,0.00017304567882092667,0.0008620278676971793,0.001626160752493888,0.00309734542388469,0.0,0.0,0.0,0.0,0.0,0.5016200423240662,0.5204928100109101,0.5305318534374237,0.5349296629428864,0.5376386523246766
2027-05,2027-05-01,global_mlp,2026-03,0.539367,0.0009615934104658663,0.5284609496593475,False,0.0,0.0,external_power_zero,Gullfaks C,,False,0.0,0.00018144785717595367,0.0009615934104658663,0.0018238525139167901,0.003277952945791185,0.0,0.0,0.0,0.0,0.0,0.4984991431236267,0.519104927778244,0.5284609496593475,0.5337090909481048,0.5371752679347992
2027-06,2027-06-01,global_mlp,2026-03,0.539367,0.0008970042981673032,0.5269326865673065,False,0.0,0.0,external_power_zero,Gullfaks C,,False,0.0,4.449681873666111e-05,0.0008970042981673032,0.0017465051962062715,0.0033426776761189114,0.0,0.0,0.0,0.0,0.0,0.4957804411649704,0.5169304668903351,0.5269326865673065,0.5324576914310455,0.5366569757461548
2027-07,2027-07-01,global_mlp,2026-03,0.539367,0.0007231145573314279,0.5259500741958618,False,0.0,0.0,external_power_zero,Gullfaks C,,False,0.0,1.247565819539875e-06,0.0007231145573314279,0.0016019808710552735,0.0034089685650542387,0.0,0.0,0.0,0.0,0.0,0.4936243981122971,0.5160358190536499,0.5259500741958618,0.5315435945987701,0.5364003539085388
2027-08,2027-08-01,global_mlp,2026-03,0.539367,0.000483546667965129,0.5249502658843994,False,0.0,0.0,external_power_zero,Gullfaks C,,False,0.0,0.0,0.000483546667965129,0.0013892220333218562,0.0035862954333424576,0.0,0.0,0.0,0.0,0.0,0.49152151942253114,0.5143057703971863,0.5249502658843994,0.5311326324939728,0.5361043810844421
2027-09,2027-09-01,global_mlp,2026-03,0.539367,0.0005479642131831497,0.523646354675293,False,0.0,0.0,external_power_zero,Gullfaks C,,False,0.0,0.0,0.0005479642131831497,0.001625323190819472,0.003556718002073467,0.0,0.0,0.0,0.0,0.0,0.48909363746643064,0.5135478377342224,0.523646354675293,0.530242532491684,0.5359964430332184
2027-10,2027-10-01,global_mlp,2026-03,0.539367,0.00042070548806805164,0.522390216588974,False,0.0,0.0,external_power_zero,Gullfaks C,,False,0.0,0.0,0.00042070548806805164,0.0013219299144111572,0.0037116853287443526,0.0,0.0,0.0,0.0,0.0,0.48619137704372406,0.5119914948940277,0.522390216588974,0.5296968996524811,0.5358736634254455
2027-11,2027-11-01,global_mlp,2026-03,0.539367,0.0004146288556512445,0.5216494798660278,False,0.0,0.0,external_power_zero,Gullfaks C,,False,0.0,0.0,0.0004146288556512445,0.001309966866392642,0.0037046028999611737,0.0,0.0,0.0,0.0,0.0,0.4837528496980667,0.5106795847415924,0.5216494798660278,0.5290493667125702,0.5355608999729157
2027-12,2027-12-01,global_mlp,2026-03,0.539367,0.0003273804031778127,0.5201911330223083,False,0.0,0.0,external_power_zero,Gullfaks C,,False,0.0,0.0,0.0003273804031778127,0.0014418501756153996,0.004044543672353031,0.0,0.0,0.0,0.0,0.0,0.48166042268276216,0.5083790361881256,0.5201911330223083,0.5285199463367463,0.5352330207824707
2028-01,2028-01-01,global_mlp,2026-03,0.539367,0.0004835351137444377,0.5186770558357239,False,0.0,0.0,external_power_zero,Gullfaks C,,False,0.0,0.0,0.0004835351137444377,0.0015322190825827417,0.004070229548960924,0.0,0.0,0.0,0.0,0.0,0.4788555681705475,0.5056266129016876,0.5186770558357239,0.5277706384658813,0.5346158862113952
2028-02,2028-02-01,global_mlp,2026-03,0.539367,0.0003922195901395753,0.5171563029289246,False,0.0,0.0,external_power_zero,Gullfaks C,,False,0.0,0.0,0.0003922195901395753,0.0014513228205032635,0.004061414161697032,0.0,0.0,0.0,0.0,0.0,0.47584164440631865,0.5043836414813996,0.5171563029289246,0.5270954370498657,0.534540343284607
2028-03,2028-03-01,global_mlp,2026-03,0.539367,7.645151345059276e-05,0.5161639750003815,False,0.0,0.0,external_power_zero,Gullfaks C,,False,0.0,0.0,7.645151345059276e-05,0.001074121543206274,0.0034293614793568855,0.0,0.0,0.0,0.0,0.0,0.4736445754766464,0.5021547853946686,0.5161639750003815,0.5269459366798401,0.5344668865203858
2028-04,2028-04-01,global_mlp,2026-03,0.539367,0.0007810804818291217,0.5150692462921143,False,0.0,0.0,external_power_zero,Gullfaks C,,False,0.0,6.372677598847064e-05,0.0007810804818291217,0.0016247308230958866,0.00340863415040076,0.0,0.0,0.0,0.0,0.0,0.4731530696153641,0.5012595474720001,0.5150692462921143,0.5257081627845764,0.5341062664985656
2028-05,2028-05-01,global_mlp,2026-03,0.539367,0.0007461850182153285,0.5136008262634277,False,0.0,0.0,external_power_zero,Gullfaks C,,False,0.0,3.0584160776925245e-05,0.0007461850182153285,0.001750171696767209,0.003866476635448635,0.0,0.0,0.0,0.0,0.0,0.47233009040355683,0.5001984596252441,0.5136008262634277,0.5251140058040619,0.533618426322937
2028-06,2028-06-01,global_mlp,2026-03,0.539367,0.0008171323279384524,0.5130865573883057,False,0.0,0.0,external_power_zero,Gullfaks C,,False,0.0,3.139779364573767e-05,0.0008171323279384524,0.0017017906415276217,0.003314844309352339,0.0,0.0,0.0,0.0,0.0,0.470085421204567,0.4992287129163742,0.5130865573883057,0.5242250919342041,0.5333036601543426
2028-07,2028-07-01,global_mlp,2026-03,0.539367,0.00046803581062704325,0.5121878683567047,False,0.0,0.0,external_power_zero,Gullfaks C,,False,0.0,0.0,0.00046803581062704325,0.0013667165418155484,0.0035880942596122627,0.0,0.0,0.0,0.0,0.0,0.4682612866163254,0.4975483536720276,0.5121878683567047,0.5235004842281341,0.5330125868320466
2028-08,2028-08-01,global_mlp,2026-03,0.539367,0.0004477162001421675,0.5109611451625824,False,0.0,0.0,external_power_zero,Gullfaks C,,False,0.0,0.0,0.0004477162001421675,0.0013190514640882608,0.0036732411244884133,0.0,0.0,0.0,0.0,0.0,0.4657018542289734,0.4959589749574661,0.5109611451625824,0.5229455351829528,0.532762634754181
2028-09,2028-09-01,global_mlp,2026-03,0.539367,0.0005129127530381083,0.5103763043880463,False,0.0,0.0,external_power_zero,Gullfaks C,,False,0.0,0.0,0.0005129127530381083,0.001582054060418156,0.004017227608710528,0.0,0.0,0.0,0.0,0.0,0.4628271609544754,0.49444486796855924,0.5103763043880463,0.522085303068161,0.5324145972728729
2028-10,2028-10-01,global_mlp,2026-03,0.539367,0.00025517420726828277,0.5092024505138397,False,0.0,0.0,external_power_zero,Gullfaks C,,False,0.0,0.0,0.00025517420726828277,0.00136537809157744,0.00397158619016409,0.0,0.0,0.0,0.0,0.0,0.4599084794521332,0.4929892122745514,0.5092024505138397,0.5219813644886017,0.5322533786296845
2028-11,2028-11-01,global_mlp,2026-03,0.539367,0.0003534224961185828,0.5082812607288361,False,0.0,0.0,external_power_zero,Gullfaks C,,False,0.0,0.0,0.0003534224961185828,0.0014045846182852949,0.003798228967934848,0.0,0.0,0.0,0.0,0.0,0.4531646490097046,0.49042148888111115,0.5082812607288361,0.5215129435062409,0.5317245543003082
2028-12,2028-12-01,global_mlp,2026-03,0.539367,0.0003198142221663147,0.5070778131484985,False,0.0,0.0,external_power_zero,Gullfaks C,,False,0.0,0.0,0.0003198142221663147,0.0014962718938477321,0.00396421146579087,0.0,0.0,0.0,0.0,0.0,0.4462563008069992,0.4886351078748703,0.5070778131484985,0.5205490946769714,0.5312125086784363
2029-01,2029-01-01,global_mlp,2026-03,0.539367,0.00048114635865204036,0.50545734167099,False,0.0,0.0,external_power_zero,Gullfaks C,,False,0.0,0.0,0.00048114635865204036,0.0015537313302047544,0.00395188624970615,0.0,0.0,0.0,0.0,0.0,0.4413642019033432,0.48735212087631224,0.50545734167099,0.519673764705658,0.5310417532920837
2029-02,2029-02-01,global_mlp,2026-03,0.539367,0.00038966722786426544,0.5048587918281555,False,0.0,0.0,external_power_zero,Gullfaks C,,False,0.0,0.0,0.00038966722786426544,0.001607051433529704,0.004382738983258611,0.0,0.0,0.0,0.0,0.0,0.43793295323848724,0.4860453724861145,0.5048587918281555,0.5184750616550445,0.5309650361537933
2029-03,2029-03-01,global_mlp,2026-03,0.539367,0.00014475061470875517,0.5043579339981079,False,0.0,0.0,external_power_zero,Gullfaks C,,False,0.0,0.0,0.00014475061470875517,0.001200556068215519,0.004012092016637326,0.0,0.0,0.0,0.0,0.0,0.4341030031442642,0.48526561856269834,0.5043579339981079,0.5181271195411682,0.5309650361537933
2029-04,2029-04-01,global_mlp,2026-03,0.539367,0.0008600800356362015,0.5030998289585114,False,0.0,0.0,external_power_zero,Gullfaks C,,False,0.0,5.479535284393923e-05,0.0008600800356362015,0.0018105061026290057,0.0034303913591429602,0.0,0.0,0.0,0.0,0.0,0.43297799527645114,0.484077250957489,0.5030998289585114,0.5172989904880524,0.5303081631660461
2029-05,2029-05-01,global_mlp,2026-03,0.539367,0.0008404968248214573,0.5013656914234161,False,0.0,0.0,external_power_zero,Gullfaks C,,False,0.0,0.00012430656788637857,0.0008404968248214573,0.0018598399125039557,0.003908799309283495,0.0,0.0,0.0,0.0,0.0,0.4309353739023209,0.4837977796792984,0.5013656914234161,0.5161619246006012,0.5286306798458099
2029-06,2029-06-01,global_mlp,2026-03,0.539367,0.0007824076747056097,0.49901823699474335,False,0.0,0.0,external_power_zero,Gullfaks C,,False,0.0,6.44777457637243e-05,0.0007824076747056097,0.001865800423547625,0.0037418350577354434,0.0,0.0,0.0,0.0,0.0,0.42752768695354465,0.48273823261260984,0.49901823699474335,0.5149590611457825,0.5280055999755859
2029-07,2029-07-01,global_mlp,2026-03,0.539367,0.0005559889250434935,0.4977774918079376,False,0.0,0.0,external_power_zero,Gullfaks C,,False,0.0,0.0,0.0005559889250434935,0.0016101029468700283,0.003754141554236414,0.0,0.0,0.0,0.0,0.0,0.424824395775795,0.4810789257287979,0.4977774918079376,0.5142063558101654,0.5276530921459198
2029-08,2029-08-01,global_mlp,2026-03,0.539367,0.00029991258634254336,0.49702197313308716,False,0.0,0.0,external_power_zero,Gullfaks C,,False,0.0,0.0,0.00029991258634254336,0.0014485026709735386,0.003501399187371136,0.0,0.0,0.0,0.0,0.0,0.424824395775795,0.47975909113883974,0.49702197313308716,0.5139258623123169,0.5268773257732391
2029-09,2029-09-01,global_mlp,2026-03,0.539367,0.0004231913771945983,0.49661819636821747,False,0.0,0.0,external_power_zero,Gullfaks C,,False,0.0,0.0,0.0004231913771945983,0.0016710525262169523,0.003583463001996279,0.0,0.0,0.0,0.0,0.0,0.42370119988918303,0.47731060087680816,0.49661819636821747,0.5135778427124024,0.5260699152946472
2029-10,2029-10-01,global_mlp,2026-03,0.539367,0.0003542729973560199,0.4951762855052948,False,0.0,0.0,external_power_zero,Gullfaks C,,False,0.0,0.0,0.0003542729973560199,0.0015028815134428433,0.003652089461684228,0.0,0.0,0.0,0.0,0.0,0.4213796854019165,0.47584348917007446,0.4951762855052948,0.5124042749404907,0.5259595572948456
2029-11,2029-11-01,global_mlp,2026-03,0.539367,0.00044683126907330006,0.4942129999399185,False,0.0,0.0,external_power_zero,Gullfaks C,,False,0.0,0.0,0.00044683126907330006,0.001488692173734307,0.003349579381756486,0.0,0.0,0.0,0.0,0.0,0.4169780880212784,0.4750631868839264,0.4942129999399185,0.511099761724472,0.5259349942207336
2029-12,2029-12-01,global_mlp,2026-03,0.539367,0.00027976499404758215,0.49337238073349,False,0.0,0.0,external_power_zero,Gullfaks C,,False,0.0,0.0,0.00027976499404758215,0.0015496341744437791,0.00366262416355312,0.0,0.0,0.0,0.0,0.0,0.4127871632575989,0.4722278147935867,0.49337238073349,0.5106584250926971,0.5251154482364655
2030-01,2030-01-01,global_mlp,2026-03,0.539367,0.0003365052252775058,0.4920036494731903,False,0.0,0.0,external_power_zero,Gullfaks C,,False,0.0,0.0,0.0003365052252775058,0.0015679264208301887,0.004110413696616889,0.0,0.0,0.0,0.0,0.0,0.411822909116745,0.4700628399848938,0.4920036494731903,0.5098198473453521,0.5248982548713684
2030-02,2030-02-01,global_mlp,2026-03,0.539367,0.0003693405451485887,0.49054352939128876,False,0.0,0.0,external_power_zero,Gullfaks C,,False,0.0,0.0,0.0003693405451485887,0.0014193085953593248,0.0038012312492355723,0.0,0.0,0.0,0.0,0.0,0.41071629226207734,0.46773679554462433,0.49054352939128876,0.5096177220344543,0.5248222410678863
2030-03,2030-03-01,global_mlp,2026-03,0.539367,4.555125633487478e-05,0.4889591187238693,False,0.0,0.0,external_power_zero,Gullfaks C,,False,0.0,0.0,4.555125633487478e-05,0.0011584560037590562,0.0035008324310183527,0.0,0.0,0.0,0.0,0.0,0.409670752286911,0.46661401689052584,0.4889591187238693,0.5096177220344543,0.5247341692447662
2030-04,2030-04-01,global_mlp,2026-03,0.539367,0.0008929502218961716,0.48802049458026886,False,0.0,0.0,external_power_zero,Gullfaks C,,False,0.0,6.922855754964984e-05,0.0008929502218961716,0.0016575824120081952,0.0034720968920737504,0.0,0.0,0.0,0.0,0.0,0.4088739424943924,0.4652867406606674,0.48802049458026886,0.5082331597805023,0.5234743237495423
2030-05,2030-05-01,global_mlp,2026-03,0.539367,0.0007145460695028305,0.48677219450473785,False,0.0,0.0,external_power_zero,Gullfaks C,,False,0.0,0.0,0.0007145460695028305,0.0016838953946717082,0.0038693880895152694,0.0,0.0,0.0,0.0,0.0,0.40837914049625396,0.46446049213409424,0.48677219450473785,0.5077072501182556,0.522344845533371
2030-06,2030-06-01,global_mlp,2026-03,0.539367,0.0007370435632765293,0.4845270365476608,False,0.0,0.0,external_power_zero,Gullfaks C,,False,0.0,0.0,0.0007370435632765293,0.0017540031811222427,0.003511248761788012,0.0,0.0,0.0,0.0,0.0,0.40636153519153595,0.46346949636936186,0.4845270365476608,0.5062295496463776,0.5209640443325043
2030-07,2030-07-01,global_mlp,2026-03,0.539367,0.000644454819848761,0.4832044839859009,False,0.0,0.0,external_power_zero,Gullfaks C,,False,0.0,0.0,0.000644454819848761,0.0015366171603091062,0.003488875017501414,0.0,0.0,0.0,0.0,0.0,0.40584380924701696,0.4627465546131134,0.4832044839859009,0.5049045443534851,0.5207438826560974
2030-08,2030-08-01,global_mlp,2026-03,0.539367,0.00049764005234465,0.48232293128967285,False,0.0,0.0,external_power_zero,Gullfaks C,,False,0.0,0.0,0.00049764005234465,0.0014984190580435094,0.003330168453976513,0.0,0.0,0.0,0.0,0.0,0.39913119077682496,0.46045930683612823,0.48232293128967285,0.5036540806293488,0.5205723643302917
2030-09,2030-09-01,global_mlp,2026-03,0.539367,0.000444164703367278,0.48090195655822754,False,0.0,0.0,external_power_zero,Gullfaks C,,False,0.0,0.0,0.000444164703367278,0.0015413726796396075,0.0036038321908563415,0.0,0.0,0.0,0.0,0.0,0.39784626960754393,0.459071546792984,0.48090195655822754,0.5025329291820526,0.5201268076896668
2030-10,2030-10-01,global_mlp,2026-03,0.539367,0.0002939375990536064,0.4799998253583908,False,0.0,0.0,external_power_zero,Gullfaks C,,False,0.0,0.0,0.0002939375990536064,0.001402820914518088,0.0036148729734122764,0.0,0.0,0.0,0.0,0.0,0.3971225172281265,0.45741855502128603,0.4799998253583908,0.5014760017395019,0.5193797767162323
2030-11,2030-11-01,global_mlp,2026-03,0.539367,0.0002614717959659174,0.4790048450231552,False,0.0,0.0,external_power_zero,Gullfaks C,,False,0.0,0.0,0.0002614717959659174,0.0014494721079245207,0.003844324918463828,0.0,0.0,0.0,0.0,0.0,0.39696885347366334,0.45573961138725283,0.4790048450231552,0.5000207722187042,0.5183378040790558
2030-12,2030-12-01,global_mlp,2026-03,0.539367,0.00036861842090729624,0.4779973477125168,False,0.0,0.0,external_power_zero,Gullfaks C,,False,0.0,0.0,0.00036861842090729624,0.0014934705453924831,0.004625749727711082,0.0,0.0,0.0,0.0,0.0,0.39631091356277465,0.45465528666973115,0.4779973477125168,0.4997032344341278,0.5179778039455414
2031-01,2031-01-01,global_mlp,2026-03,0.539367,0.00033060405985452235,0.4770883321762085,False,0.0,0.0,external_power_zero,Gullfaks C,,False,0.0,0.0,0.00033060405985452235,0.0016482751350849862,0.004772478248924019,0.0,0.0,0.0,0.0,0.0,0.39631091356277465,0.4519334495067596,0.4770883321762085,0.49889482855796813,0.517799299955368
2031-02,2031-02-01,global_mlp,2026-03,0.539367,0.00040569165139459074,0.4756288528442383,False,0.0,0.0,external_power_zero,Gullfaks C,,False,0.0,0.0,0.00040569165139459074,0.0017138306633569297,0.004869790375232698,0.0,0.0,0.0,0.0,0.0,0.39405683875083924,0.44960481524467466,0.4756288528442383,0.4978172451257706,0.5171749830245972
2031-03,2031-03-01,global_mlp,2026-03,0.539367,8.078344399109483e-05,0.4750088155269623,False,0.0,0.0,external_power_zero,Gullfaks C,,False,0.0,0.0,8.078344399109483e-05,0.00142037192126736,0.0045502774883061665,0.0,0.0,0.0,0.0,0.0,0.3913812398910523,0.4473962813615799,0.4750088155269623,0.4975188463926315,0.5168226718902588
2031-04,2031-04-01,global_mlp,2026-03,0.539367,0.0009471534285694361,0.47255973517894745,False,0.0,0.0,external_power_zero,Gullfaks C,,False,0.0,0.00011646086786640807,0.0009471534285694361,0.0017962393700145184,0.0035884937969967766,0.0,0.0,0.0,0.0,0.0,0.387614244222641,0.44656250178813933,0.47255973517894745,0.49602568447589873,0.5162538528442383
2031-05,2031-05-01,global_mlp,2026-03,0.539367,0.000923736224649474,0.471295028924942,False,0.0,0.0,external_power_zero,Gullfaks C,,False,0.0,8.41092733026016e-05,0.000923736224649474,0.0018400093074887984,0.0037259054603055127,0.0,0.0,0.0,0.0,0.0,0.38215464949607847,0.4442014157772064,0.471295028924942,0.4942698240280151,0.5146360754966736
2031-06,2031-06-01,global_mlp,2026-03,0.539367,0.0008034357451833785,0.46971072256565094,False,0.0,0.0,external_power_zero,Gullfaks C,,False,0.0,8.107179164653634e-05,0.0008034357451833785,0.0018234543153084813,0.003838491439819336,0.0,0.0,0.0,0.0,0.0,0.3798233032226563,0.4425823003053665,0.46971072256565094,0.492087721824646,0.5136352419853211
2031-07,2031-07-01,global_mlp,2026-03,0.539367,0.0007154381892178208,0.46834486722946167,False,0.0,0.0,external_power_zero,Gullfaks C,,False,0.0,0.0,0.0007154381892178208,0.001751579297706484,0.003694578493013981,0.0,0.0,0.0,0.0,0.0,0.3759165346622467,0.44173712730407716,0.46834486722946167,0.49173154830932614,0.5116803348064423
2031-08,2031-08-01,global_mlp,2026-03,0.539367,0.0004130179440835491,0.4664972722530365,False,0.0,0.0,external_power_zero,Gullfaks C,,False,0.0,0.0,0.0004130179440835491,0.0018084441428072742,0.0036604710854589956,0.0,0.0,0.0,0.0,0.0,0.37185124158859256,0.43897107243537903,0.4664972722530365,0.4906881868839264,0.5116158246994018
2031-09,2031-09-01,global_mlp,2026-03,0.539367,0.0007101260707713664,0.4649462252855301,False,0.0,0.0,external_power_zero,Gullfaks C,,False,0.0,0.0,0.0007101260707713664,0.0018241940531879657,0.003984487708657981,0.0,0.0,0.0,0.0,0.0,0.3709462583065033,0.438016864657402,0.4649462252855301,0.489724513888359,0.51071697473526
2031-10,2031-10-01,global_mlp,2026-03,0.539367,0.000582220294745639,0.46435676515102386,False,0.0,0.0,external_power_zero,Gullfaks C,,False,0.0,0.0,0.000582220294745639,0.0015090155415236942,0.004375969525426628,0.0,0.0,0.0,0.0,0.0,0.3699347972869873,0.43726177513599396,0.46435676515102386,0.48787195682525636,0.5100175499916076
2031-11,2031-11-01,global_mlp,2026-03,0.539367,0.0006161495111882687,0.46357084810733795,False,0.0,0.0,external_power_zero,Gullfaks C,,False,0.0,0.0,0.0006161495111882687,0.0018594108871184286,0.0038273203652352105,0.0,0.0,0.0,0.0,0.0,0.3686264127492905,0.4354542225599289,0.46357084810733795,0.4862237274646759,0.5092471718788147
2031-12,2031-12-01,global_mlp,2026-03,0.539367,0.0005939106340520084,0.46264617145061493,False,0.0,0.0,external_power_zero,Gullfaks C,,False,0.0,0.0,0.0005939106340520084,0.0017374821472913018,0.004000824829563499,0.0,0.0,0.0,0.0,0.0,0.3636961936950684,0.4343535155057907,0.46264617145061493,0.484313428401947,0.5083208382129669
2032-01,2032-01-01,global_mlp,2026-03,0.539367,0.0006751293840352446,0.46166396141052246,False,0.0,0.0,external_power_zero,Gullfaks C,,False,0.0,0.0,0.0006751293840352446,0.0018369964556768533,0.0038092450704425578,0.0,0.0,0.0,0.0,0.0,0.35992892980575564,0.43304891884326935,0.46166396141052246,0.48372577130794525,0.5071293711662292
2032-02,2032-02-01,global_mlp,2026-03,0.539367,0.0005253601993899792,0.45850899815559387,False,0.0,0.0,external_power_zero,Gullfaks C,,False,0.0,0.0,0.0005253601993899792,0.0015701908618211719,0.0038609197130426804,0.0,0.0,0.0,0.0,0.0,0.35766994655132295,0.43275222182273865,0.45850899815559387,0.4829750061035156,0.506922596693039
2032-03,2032-03-01,global_mlp,2026-03,0.539367,0.00032411036954727024,0.4572203457355499,False,0.0,0.0,external_power_zero,Gullfaks C,,False,0.0,0.0,0.00032411036954727024,0.001483743905555455,0.0036021625855937604,0.0,0.0,0.0,0.0,0.0,0.35444316565990447,0.42905498445034024,0.4572203457355499,0.4819356471300125,0.5066579341888428
2032-04,2032-04-01,global_mlp,2026-03,0.539367,0.0007911500288173556,0.4553759694099426,False,0.0,0.0,external_power_zero,Gullfaks C,,False,0.0,0.00012331917605479237,0.0007911500288173556,0.0018773382413201018,0.004212616430595517,0.0,0.0,0.0,0.0,0.0,0.35168095529079435,0.42738016843795773,0.4553759694099426,0.4802537977695465,0.5062895596027375
2032-05,2032-05-01,global_mlp,2026-03,0.539367,0.0009845269960351288,0.45443250238895416,False,0.0,0.0,external_power_zero,Gullfaks C,,False,0.0,0.0001157538383267819,0.0009845269960351288,0.0019534767605364316,0.004081524023786188,0.0,0.0,0.0,0.0,0.0,0.35014828741550447,0.42486861646175383,0.45443250238895416,0.47962699234485623,0.5061176717281342
2032-06,2032-06-01,global_mlp,2026-03,0.539367,0.0009234456811100245,0.45332320034503937,False,0.0,0.0,external_power_zero,Gullfaks C,,False,0.0,3.589756834116988e-05,0.0009234456811100245,0.0019202225957997115,0.003511586133390666,0.0,0.0,0.0,0.0,0.0,0.3475795149803162,0.4246948897838592,0.45332320034503937,0.4782622754573822,0.5055536568164826
2032-07,2032-07-01,global_mlp,2026-03,0.539367,0.0007302819867618382,0.45201337337493896,False,0.0,0.0,external_power_zero,Gullfaks C,,False,0.0,0.0,0.0007302819867618382,0.0015732914675027118,0.003794867615215481,0.0,0.0,0.0,0.0,0.0,0.34549802243709565,0.42318923473358155,0.45201337337493896,0.4766147524118423,0.5053719639778137
2032-08,2032-08-01,global_mlp,2026-03,0.539367,0.000502728798892349,0.45095959305763245,False,0.0,0.0,external_power_zero,Gullfaks C,,False,0.0,0.0,0.000502728798892349,0.0016578612616285667,0.003758104331791402,0.0,0.0,0.0,0.0,0.0,0.3405923068523407,0.42145555615425107,0.45095959305763245,0.47539578676223754,0.5047496676445007
2032-09,2032-09-01,global_mlp,2026-03,0.539367,0.0006065232737455517,0.4496297538280487,False,0.0,0.0,external_power_zero,Gullfaks C,,False,0.0,0.0,0.0006065232737455517,0.001683978794608265,0.004224450746551156,0.0,0.0,0.0,0.0,0.0,0.3379832059144974,0.41812773048877716,0.4496297538280487,0.4742380529642105,0.5044559597969055
2032-10,2032-10-01,global_mlp,2026-03,0.539367,0.0003548168169800192,0.44792717695236206,False,0.0,0.0,external_power_zero,Gullfaks C,,False,0.0,0.0,0.0003548168169800192,0.001379199640359728,0.0040632208809256555,0.0,0.0,0.0,0.0,0.0,0.3361306220293045,0.41596809327602385,0.44792717695236206,0.4732107877731323,0.5036592364311219
2032-11,2032-11-01,global_mlp,2026-03,0.539367,0.00045525866153184325,0.447403147816658,False,0.0,0.0,external_power_zero,Gullfaks C,,False,0.0,0.0,0.00045525866153184325,0.0018226869520731265,0.0044107337482273586,0.0,0.0,0.0,0.0,0.0,0.33465794324874876,0.41421461999416354,0.447403147816658,0.4717714488506317,0.5029374659061432
2032-12,2032-12-01,global_mlp,2026-03,0.539367,0.0004902553337160498,0.4443219155073166,False,0.0,0.0,external_power_zero,Gullfaks C,,False,0.0,0.0,0.0004902553337160498,0.0017569069867022335,0.0049065458588302135,0.0,0.0,0.0,0.0,0.0,0.33165064752101897,0.4128799825906753,0.4443219155073166,0.4702190816402435,0.5026258409023285
2033-01,2033-01-01,global_mlp,2026-03,0.539367,0.0005923707794863731,0.4431426227092743,False,0.0,0.0,external_power_zero,Gullfaks C,,False,0.0,0.0,0.0005923707794863731,0.0017457127920351909,0.004574395809322596,0.0,0.0,0.0,0.0,0.0,0.3288666307926178,0.412052908539772,0.4431426227092743,0.46881312131881714,0.5022218763828278
2033-02,2033-02-01,global_mlp,2026-03,0.539367,0.0005585832986980677,0.4414227455854416,False,0.0,0.0,external_power_zero,Gullfaks C,,False,0.0,0.0,0.0005585832986980677,0.0017221178160980325,0.004668943444266916,0.0,0.0,0.0,0.0,0.0,0.3257446587085724,0.41061076521873474,0.4414227455854416,0.4686231017112732,0.5020795643329621
2033-03,2033-03-01,global_mlp,2026-03,0.539367,0.00022049948893254623,0.4410519301891327,False,0.0,0.0,external_power_zero,Gullfaks C,,False,0.0,0.0,0.00022049948893254623,0.001379060768522322,0.004416744690388441,0.0,0.0,0.0,0.0,0.0,0.3233609884977341,0.40870263874530793,0.4410519301891327,0.46770318150520324,0.5005629122257232
2033-04,2033-04-01,global_mlp,2026-03,0.539367,0.0007819609018042684,0.439053937792778,False,0.0,0.0,external_power_zero,Gullfaks C,,False,0.0,7.643697754247112e-05,0.0007819609018042684,0.0016913563478738068,0.0033478510798886437,0.0,0.0,0.0,0.0,0.0,0.3214792847633362,0.4072299927473068,0.439053937792778,0.4673335999250412,0.5000765919685364
2033-05,2033-05-01,global_mlp,2026-03,0.539367,0.0008739531913306564,0.43840348720550537,False,0.0,0.0,external_power_zero,Gullfaks C,,False,0.0,0.0,0.0008739531913306564,0.0018315659603103988,0.0036821797722950598,0.0,0.0,0.0,0.0,0.0,0.3200907975435257,0.4067270517349243,0.43840348720550537,0.465908420085907,0.49937246441841127
2033-06,2033-06-01,global_mlp,2026-03,0.539367,0.0006975764990784228,0.4376649707555771,False,0.0,0.0,external_power_zero,Gullfaks C,,False,0.0,0.0,0.0006975764990784228,0.001599104399792849,0.0035720860352739694,0.0,0.0,0.0,0.0,0.0,0.3180971652269363,0.4045473575592041,0.4376649707555771,0.4641980975866317,0.4987853169441223
2033-07,2033-07-01,global_mlp,2026-03,0.539367,0.00041693326784297824,0.43593019247055054,False,0.0,0.0,external_power_zero,Gullfaks C,,False,0.0,0.0,0.00041693326784297824,0.0013746365322731427,0.003243079828098417,0.0,0.0,0.0,0.0,0.0,0.3175916105508804,0.4039236009120941,0.43593019247055054,0.4624150574207306,0.497647574543953
2033-08,2033-08-01,global_mlp,2026-03,0.539367,0.00034405270707793534,0.4344671815633774,False,0.0,0.0,external_power_zero,Gullfaks C,,False,0.0,0.0,0.00034405270707793534,0.001323491905350238,0.003397497814148665,0.0,0.0,0.0,0.0,0.0,0.31706259548664095,0.40366356670856474,0.4344671815633774,0.46157706975936885,0.4970267176628113
2033-09,2033-09-01,global_mlp,2026-03,0.539367,0.0005789264978375286,0.4335389882326126,False,0.0,0.0,external_power_zero,Gullfaks C,,False,0.0,0.0,0.0005789264978375286,0.0014088890282437203,0.00347746964544058,0.0,0.0,0.0,0.0,0.0,0.31452636122703553,0.40165120661258696,0.4335389882326126,0.46038755774497986,0.4954476445913315
2033-10,2033-10-01,global_mlp,2026-03,0.539367,0.0002656748110894114,0.43260306119918823,False,0.0,0.0,external_power_zero,Gullfaks C,,False,0.0,0.0,0.0002656748110894114,0.0012708343216218053,0.0030901888152584443,0.0,0.0,0.0,0.0,0.0,0.3076933056116104,0.4004391640424728,0.43260306119918823,0.45979813933372493,0.4941615849733353
2033-11,2033-11-01,global_mlp,2026-03,0.539367,0.00038310830132104456,0.4312623292207718,False,0.0,0.0,external_power_zero,Gullfaks C,,False,0.0,0.0,0.00038310830132104456,0.0013027526438236228,0.003736583027057352,0.0,0.0,0.0,0.0,0.0,0.30623353719711305,0.3986635059118271,0.4312623292207718,0.4588908582925796,0.492737153172493
2033-12,2033-12-01,global_mlp,2026-03,0.539367,0.00037987352698110044,0.4281539171934128,False,0.0,0.0,external_power_zero,Gullfaks C,,False,0.0,0.0,0.00037987352698110044,0.0013731791870668529,0.0039059073198586714,0.0,0.0,0.0,0.0,0.0,0.3050541281700134,0.39587577879428865,0.4281539171934128,0.45856413841247556,0.49215462803840637
2034-01,2034-01-01,global_mlp,2026-03,0.539367,0.0005567724874708802,0.42627520859241486,False,0.0,0.0,external_power_zero,Gullfaks C,,False,0.0,0.0,0.0005567724874708802,0.0014211936155334112,0.003740645456127825,0.0,0.0,0.0,0.0,0.0,0.3041794151067734,0.3955095648765564,0.42627520859241486,0.4576080232858658,0.49185667037963865
2034-02,2034-02-01,global_mlp,2026-03,0.539367,0.0003686469863168895,0.42561401426792145,False,0.0,0.0,external_power_zero,Gullfaks C,,False,0.0,0.0,0.0003686469863168895,0.0013722626725211733,0.0043764335103333015,0.0,0.0,0.0,0.0,0.0,0.2995450675487518,0.39162370562553406,0.42561401426792145,0.4567518949508667,0.4910703092813492
2034-03,2034-03-01,global_mlp,2026-03,0.539367,8.66524496814236e-05,0.42502863705158234,False,0.0,0.0,external_power_zero,Gullfaks C,,False,0.0,0.0,8.66524496814236e-05,0.001104483939707279,0.0035573266912251734,0.0,0.0,0.0,0.0,0.0,0.29768924713134765,0.3892176330089569,0.42502863705158234,0.4551173776388168,0.4910703092813492
2034-04,2034-04-01,global_mlp,2026-03,0.539367,0.0008064486610237509,0.4236808121204376,False,0.0,0.0,external_power_zero,Gullfaks C,,False,0.0,4.644096188712824e-05,0.0008064486610237509,0.0016561515629291534,0.0035085938870906843,0.0,0.0,0.0,0.0,0.0,0.29563023149967194,0.38723374009132383,0.4236808121204376,0.4545557469129562,0.4906687706708908
2034-05,2034-05-01,global_mlp,2026-03,0.539367,0.0007447003154084086,0.422807976603508,False,0.0,0.0,external_power_zero,Gullfaks C,,False,0.0,0.0,0.0007447003154084086,0.0015967131126672024,0.003903033724054697,0.0,0.0,0.0,0.0,0.0,0.2930571407079697,0.3858506441116333,0.422807976603508,0.45229991674423214,0.49032311439514165
2034-06,2034-06-01,global_mlp,2026-03,0.539367,0.0007032774155959487,0.4211939871311188,False,0.0,0.0,external_power_zero,Gullfaks C,,False,0.0,0.0,0.0007032774155959487,0.001795331260655075,0.003447909629903735,0.0,0.0,0.0,0.0,0.0,0.2911771237850189,0.3843199759721756,0.4211939871311188,0.45159026086330406,0.48995001018047335
2034-07,2034-07-01,global_mlp,2026-03,0.539367,0.0005258720193523914,0.4201586991548538,False,0.0,0.0,external_power_zero,Gullfaks C,,False,0.0,0.0,0.0005258720193523914,0.0016466510365717108,0.0034498276887461547,0.0,0.0,0.0,0.0,0.0,0.2910871386528015,0.3840566426515579,0.4201586991548538,0.45029737055301666,0.4893659144639969
2034-08,2034-08-01,global_mlp,2026-03,0.539367,0.00047361852193716913,0.4192540645599365,False,0.0,0.0,external_power_zero,Gullfaks C,,False,0.0,0.0,0.00047361852193716913,0.0014892448554746805,0.003635416296310723,0.0,0.0,0.0,0.0,0.0,0.2892164885997772,0.3830246806144714,0.4192540645599365,0.44940916299819944,0.4891725957393646
2034-09,2034-09-01,global_mlp,2026-03,0.539367,0.0005411297315731645,0.41677533090114594,False,0.0,0.0,external_power_zero,Gullfaks C,,False,0.0,0.0,0.0005411297315731645,0.001784665090963243,0.003922673081979157,0.0,0.0,0.0,0.0,0.0,0.2872106969356537,0.380936998128891,0.41677533090114594,0.4476434230804443,0.4886279046535492
2034-10,2034-10-01,global_mlp,2026-03,0.539367,0.00029789499239996076,0.41629549860954285,False,0.0,0.0,external_power_zero,Gullfaks C,,False,0.0,0.0,0.00029789499239996076,0.0015189485042355943,0.00353199646342546,0.0,0.0,0.0,0.0,0.0,0.286888724565506,0.3805430680513382,0.41629549860954285,0.446965691447258,0.48606045544147497
2034-11,2034-11-01,global_mlp,2026-03,0.539367,0.0002729693951550871,0.41508500277996063,False,0.0,0.0,external_power_zero,Gullfaks C,,False,0.0,0.0,0.0002729693951550871,0.0015703864861279675,0.003605998866260053,0.0,0.0,0.0,0.0,0.0,0.28674709796905523,0.3789383083581924,0.41508500277996063,0.44534440636634826,0.4859045684337616
2034-12,2034-12-01,global_mlp,2026-03,0.539367,0.0003545564686646685,0.4131176173686981,False,0.0,0.0,external_power_zero,Gullfaks C,,False,0.0,0.0,0.0003545564686646685,0.0016131580923683937,0.00430329190567136,0.0,0.0,0.0,0.0,0.0,0.28674709796905523,0.376981121301651,0.4131176173686981,0.4447950005531311,0.485127255320549
2035-01,2035-01-01,global_mlp,2026-03,0.539367,0.0003598739567678422,0.41098687052726746,False,0.0,0.0,external_power_zero,Gullfaks C,,False,0.0,0.0,0.0003598739567678422,0.0015198963112197812,0.004056051047518854,0.0,0.0,0.0,0.0,0.0,0.2860044747591019,0.37578288912773133,0.41098687052726746,0.44392789602279664,0.4829551756381989
2035-02,2035-02-01,global_mlp,2026-03,0.539367,0.00041122621041722596,0.4088805466890335,False,0.0,0.0,external_power_zero,Gullfaks C,,False,0.0,0.0,0.00041122621041722596,0.0013922007288783783,0.004081033868715168,0.0,0.0,0.0,0.0,0.0,0.28202989101409914,0.37490005195140835,0.4088805466890335,0.44381526708602903,0.48187150955200203
2035-03,2035-03-01,global_mlp,2026-03,0.539367,0.0001457821053918451,0.4082459807395935,False,0.0,0.0,external_power_zero,Gullfaks C,,False,0.0,0.0,0.0001457821053918451,0.001169110345654189,0.00374261464457959,0.0,0.0,0.0,0.0,0.0,0.2784588783979416,0.3727248102426529,0.4082459807395935,0.4423331141471863,0.48174598217010506
2035-04,2035-04-01,global_mlp,2026-03,0.539367,0.0010054702870547771,0.4067094624042511,False,0.0,0.0,external_power_zero,Gullfaks C,,False,0.0,0.00016936816246015937,0.0010054702870547771,0.0021008922951295966,0.003563412278890616,0.0,0.0,0.0,0.0,0.0,0.27760826945304873,0.3710437029600143,0.4067094624042511,0.4415995627641678,0.48127712011337287
2035-05,2035-05-01,global_mlp,2026-03,0.539367,0.0011305641965009272,0.4055451899766922,False,0.0,0.0,external_power_zero,Gullfaks C,,False,0.0,0.00025758765987120557,0.0011305641965009272,0.002141058887355029,0.004100422328338028,0.0,0.0,0.0,0.0,0.0,0.2752888947725296,0.3694801896810532,0.4055451899766922,0.4407298535108566,0.48010393381118777
2035-06,2035-06-01,global_mlp,2026-03,0.539367,0.0008590747020207345,0.40480923652648926,False,0.0,0.0,external_power_zero,Gullfaks C,,False,0.0,5.599342875939302e-05,0.0008590747020207345,0.001823520183097571,0.0036311230855062644,0.0,0.0,0.0,0.0,0.0,0.2734300047159195,0.3671148955821991,0.40480923652648926,0.4403064578771591,0.47895992100238804
2035-07,2035-07-01,global_mlp,2026-03,0.539367,0.0007285042374860495,0.40466664731502533,False,0.0,0.0,external_power_zero,Gullfaks C,,False,0.0,3.958753241022321e-05,0.0007285042374860495,0.001881755737122148,0.003683954058215025,0.0,0.0,0.0,0.0,0.0,0.26963467597961427,0.36450526416301726,0.40466664731502533,0.4394792705774307,0.4784269332885742
2035-08,2035-08-01,global_mlp,2026-03,0.539367,0.0004796276771230623,0.40330272912979126,False,0.0,0.0,external_power_zero,Gullfaks C,,False,0.0,0.0,0.0004796276771230623,0.0016295490553602573,0.003696133638732138,0.0,0.0,0.0,0.0,0.0,0.26877444684505464,0.36350399255752563,0.40330272912979126,0.43882098197937014,0.477384215593338
2035-09,2035-09-01,global_mlp,2026-03,0.539367,0.0006434254173655063,0.4021957963705063,False,0.0,0.0,external_power_zero,Gullfaks C,,False,0.0,0.0,0.0006434254173655063,0.0016591825406067067,0.0037336103850975633,0.0,0.0,0.0,0.0,0.0,0.266231170296669,0.3623730331659317,0.4021957963705063,0.4366843402385711,0.4760834038257599
2035-10,2035-10-01,global_mlp,2026-03,0.539367,0.000418781753978692,0.40095067024230957,False,0.0,0.0,external_power_zero,Gullfaks C,,False,0.0,0.0,0.000418781753978692,0.0013569129398092615,0.0036741946823894986,0.0,0.0,0.0,0.0,0.0,0.26468506157398225,0.3613550871610641,0.40095067024230957,0.4356885701417923,0.4760585725307465
2035-11,2035-11-01,global_mlp,2026-03,0.539367,0.0004177786613581702,0.39979517459869385,False,0.0,0.0,external_power_zero,Gullfaks C,,False,0.0,0.0,0.0004177786613581702,0.0016256875707767891,0.004093819251284003,0.0,0.0,0.0,0.0,0.0,0.2645136654376984,0.3597832083702087,0.39979517459869385,0.4350732207298279,0.4731056898832322
2035-12,2035-12-01,global_mlp,2026-03,0.539367,0.0005578889686148614,0.39884383976459503,False,0.0,0.0,external_power_zero,Gullfaks C,,False,0.0,0.0,0.0005578889686148614,0.0017819286440499123,0.0043837902136147034,0.0,0.0,0.0,0.0,0.0,0.26424778103828434,0.3584419250488281,0.39884383976459503,0.4333602786064148,0.4723321288824082
2036-01,2036-01-01,global_mlp,2026-03,0.539367,0.000455260174931027,0.3983854055404663,False,0.0,0.0,external_power_zero,Gullfaks C,,False,0.0,0.0,0.000455260174931027,0.001672734855674207,0.004297120124101639,0.0,0.0,0.0,0.0,0.0,0.2564044982194901,0.356245356798172,0.3983854055404663,0.431792226433754,0.47190859615802766
2036-02,2036-02-01,global_mlp,2026-03,0.539367,0.0005561024590861052,0.3968203663825989,False,0.0,0.0,external_power_zero,Gullfaks C,,False,0.0,0.0,0.0005561024590861052,0.0015347775188274677,0.004350435407832266,0.0,0.0,0.0,0.0,0.0,0.2536075711250305,0.355286580324173,0.3968203663825989,0.43122216463088986,0.47025493383407596
2036-03,2036-03-01,global_mlp,2026-03,0.539367,0.00017718441813485697,0.3956187218427658,False,0.0,0.0,external_power_zero,Gullfaks C,,False,0.0,0.0,0.00017718441813485697,0.001290347590111196,0.0035926303360611237,0.0,0.0,0.0,0.0,0.0,0.24957339465618134,0.35104979276657106,0.3956187218427658,0.43117516338825224,0.47025493383407596
2036-04,2036-04-01,global_mlp,2026-03,0.539367,0.0010464718798175454,0.3926633298397064,False,0.0,0.0,external_power_zero,Gullfaks C,,False,0.0,0.00026234046090394247,0.0010464718798175454,0.0020727042807266115,0.004431425966322426,0.0,0.0,0.0,0.0,0.0,0.24577779471874237,0.34852680265903474,0.3926633298397064,0.42880487143993373,0.4691522687673569
2036-05,2036-05-01,global_mlp,2026-03,0.539367,0.0009703018004074693,0.3903270363807678,False,0.0,0.0,external_power_zero,Gullfaks C,,False,0.0,0.000199616199824959,0.0009703018004074693,0.0019722828175872563,0.004226207034662368,0.0,0.0,0.0,0.0,0.0,0.2430811181664467,0.3468419790267944,0.3903270363807678,0.4274121314287186,0.46813512146472935
2036-06,2036-06-01,global_mlp,2026-03,0.539367,0.0010381421889178455,0.388659343123436,False,0.0,0.0,external_power_zero,Gullfaks C,,False,0.0,0.00016907571553019798,0.0010381421889178455,0.001986045273952186,0.003909590234979988,0.0,0.0,0.0,0.0,0.0,0.24150114506483078,0.34540977478027346,0.388659343123436,0.42610227465629574,0.4673711836338043
2036-07,2036-07-01,global_mlp,2026-03,0.539367,0.0007846415392123163,0.3873169422149658,False,0.0,0.0,external_power_zero,Gullfaks C,,False,0.0,0.0,0.0007846415392123163,0.001810488663613795,0.0045340204611420635,0.0,0.0,0.0,0.0,0.0,0.24111575037240982,0.34386891722679136,0.3873169422149658,0.4248857945203781,0.46600497364997867
2036-08,2036-08-01,global_mlp,2026-03,0.539367,0.0004760000156238675,0.38680499792099,False,0.0,0.0,external_power_zero,Gullfaks C,,False,0.0,0.0,0.0004760000156238675,0.0015975021990016075,0.0037718135630711914,0.0,0.0,0.0,0.0,0.0,0.23729284852743152,0.3421258419752121,0.38680499792099,0.42394099831581117,0.464074656367302
2036-09,2036-09-01,global_mlp,2026-03,0.539367,0.000739631854230538,0.38568826019763947,False,0.0,0.0,external_power_zero,Gullfaks C,,False,0.0,0.0,0.000739631854230538,0.0017609018483199176,0.003983288165181876,0.0,0.0,0.0,0.0,0.0,0.23319330513477327,0.34049015641212466,0.38568826019763947,0.42275522053241726,0.4632702320814133
2036-10,2036-10-01,global_mlp,2026-03,0.539367,0.0004899987980024889,0.3835717439651489,False,0.0,0.0,external_power_zero,Gullfaks C,,False,0.0,0.0,0.0004899987980024889,0.001559354003984481,0.003769234823994341,0.0,0.0,0.0,0.0,0.0,0.22690909802913667,0.3390317738056183,0.3835717439651489,0.4220698446035385,0.463112598657608
2036-11,2036-11-01,global_mlp,2026-03,0.539367,0.0005398657522164285,0.3813859671354294,False,0.0,0.0,external_power_zero,Gullfaks C,,False,0.0,0.0,0.0005398657522164285,0.0018479081918485456,0.003716310043819249,0.0,0.0,0.0,0.0,0.0,0.22287869304418564,0.33723064363002775,0.3813859671354294,0.42095085382461545,0.46225146651268006
2036-12,2036-12-01,global_mlp,2026-03,0.539367,0.0005934838845860213,0.38012127578258514,False,0.0,0.0,external_power_zero,Gullfaks C,,False,0.0,0.0,0.0005934838845860213,0.0019171636085957289,0.003956797253340485,0.0,0.0,0.0,0.0,0.0,0.2221313610672951,0.33463638126850126,0.38012127578258514,0.4199057459831238,0.46213865280151367
2037-01,2037-01-01,global_mlp,2026-03,0.539367,0.0005160393193364143,0.3789612352848053,False,0.0,0.0,external_power_zero,Gullfaks C,,False,0.0,0.0,0.0005160393193364143,0.001687301450874654,0.003921442199498415,0.0,0.0,0.0,0.0,0.0,0.21796756684780122,0.3329814553260803,0.3789612352848053,0.4186116516590118,0.46213433742523197
2037-02,2037-02-01,global_mlp,2026-03,0.539367,0.0005790115392301232,0.37707456946372986,False,0.0,0.0,external_power_zero,Gullfaks C,,False,0.0,0.0,0.0005790115392301232,0.0017758409958332775,0.004094690503552557,0.0,0.0,0.0,0.0,0.0,0.21703814119100573,0.3317502051591873,0.37707456946372986,0.41734838783740996,0.46076208949089054
2037-03,2037-03-01,global_mlp,2026-03,0.539367,0.00023022261302685365,0.37658926844596863,False,0.0,0.0,external_power_zero,Gullfaks C,,False,0.0,0.0,0.00023022261302685365,0.0013321344507858145,0.0038375130621716397,0.0,0.0,0.0,0.0,0.0,0.2170025944709778,0.3300472468137741,0.37658926844596863,0.41595669090747833,0.4604583442211151
2037-04,2037-04-01,global_mlp,2026-03,0.539367,0.0010970138246193528,0.374491885304451,False,0.0,0.0,external_power_zero,Gullfaks C,,False,0.0,0.00038573369092773644,0.0010970138246193528,0.002193920267745852,0.0037863791221752767,0.0,0.0,0.0,0.0,0.0,0.21636777818202974,0.3288632333278656,0.374491885304451,0.4141142815351486,0.45826034247875214
2037-05,2037-05-01,global_mlp,2026-03,0.539367,0.001015373331028968,0.3731663078069687,False,0.0,0.0,external_power_zero,Gullfaks C,,False,0.0,0.00024363242555409666,0.001015373331028968,0.0021570757497102002,0.004422066919505596,0.0,0.0,0.0,0.0,0.0,0.21531080901622773,0.32636105120182035,0.3731663078069687,0.4123630255460739,0.45617865920066836
2037-06,2037-06-01,global_mlp,2026-03,0.539367,0.000980865239398554,0.3720763921737671,False,0.0,0.0,external_power_zero,Gullfaks C,,False,0.0,0.0002468581180437466,0.000980865239398554,0.0020614094100892544,0.003960629180073738,0.0,0.0,0.0,0.0,0.0,0.21459214836359025,0.32295218110084534,0.3720763921737671,0.40983090102672576,0.4551826745271683
2037-07,2037-07-01,global_mlp,2026-03,0.539367,0.000653995550237596,0.3707135170698166,False,0.0,0.0,external_power_zero,Gullfaks C,,False,0.0,3.544864903233229e-05,0.000653995550237596,0.0018329850863665338,0.0038451527012512096,0.0,0.0,0.0,0.0,0.0,0.21130186021327974,0.3205673426389694,0.3707135170698166,0.4084488004446029,0.45365130603313447
2037-08,2037-08-01,global_mlp,2026-03,0.539367,0.0006166782113723457,0.3701273649930954,False,0.0,0.0,external_power_zero,Gullfaks C,,False,0.0,0.0,0.0006166782113723457,0.0016427109716460107,0.0041515683289617316,0.0,0.0,0.0,0.0,0.0,0.21093057543039323,0.3189483851194381,0.3701273649930954,0.40841646194458003,0.4523204743862152
2037-09,2037-09-01,global_mlp,2026-03,0.539367,0.0008187733183149248,0.3692772686481476,False,0.0,0.0,external_power_zero,Gullfaks C,,False,0.0,0.0,0.0008187733183149248,0.0020609730854630466,0.004214122006669643,0.0,0.0,0.0,0.0,0.0,0.20844899713993076,0.3161890506744385,0.3692772686481476,0.4071744441986084,0.45201265811920166
2037-10,2037-10-01,global_mlp,2026-03,0.539367,0.0006145161751192063,0.3671051859855652,False,0.0,0.0,external_power_zero,Gullfaks C,,False,0.0,0.0,0.0006145161751192063,0.001720488350838422,0.004161197179928424,0.0,0.0,0.0,0.0,0.0,0.20738513916730886,0.31521859765052795,0.3671051859855652,0.40624238252639766,0.45109685957431794
2037-11,2037-11-01,global_mlp,2026-03,0.539367,0.0004908909031655639,0.36674903333187103,False,0.0,0.0,external_power_zero,Gullfaks C,,False,0.0,0.0,0.0004908909031655639,0.0017071764334104947,0.004395327810198069,0.0,0.0,0.0,0.0,0.0,0.20594029426574711,0.31284400820732117,0.36674903333187103,0.4045953094959259,0.45071398317813877
2037-12,2037-12-01,global_mlp,2026-03,0.539367,0.0005358436319511384,0.3650640398263931,False,0.0,0.0,external_power_zero,Gullfaks C,,False,0.0,0.0,0.0005358436319511384,0.0015924844425171613,0.004512975411489606,0.0,0.0,0.0,0.0,0.0,0.20467173606157307,0.3123774200677872,0.3650640398263931,0.4037565112113953,0.4503586977720261
2038-01,2038-01-01,global_mlp,2026-03,0.539367,0.0004997933283448219,0.36228521168231964,False,0.0,0.0,external_power_zero,Gullfaks C,,False,0.0,0.0,0.0004997933283448219,0.0016390011529438195,0.004405564395710827,0.0,0.0,0.0,0.0,0.0,0.2037341892719269,0.31185422241687777,0.36228521168231964,0.402754670381546,0.44908975660800937
2038-02,2038-02-01,global_mlp,2026-03,0.539367,0.0005053259083069861,0.3595757633447647,False,0.0,0.0,external_power_zero,Gullfaks C,,False,0.0,0.0,0.0005053259083069861,0.0016718612285330883,0.004256828688085079,0.0,0.0,0.0,0.0,0.0,0.20279260128736498,0.30973016321659086,0.3595757633447647,0.4019950211048126,0.44831718802452086
2038-03,2038-03-01,global_mlp,2026-03,0.539367,0.0002677646989468485,0.3582596629858017,False,0.0,0.0,external_power_zero,Gullfaks C,,False,0.0,0.0,0.0002677646989468485,0.0012315830914303647,0.003944849129766229,0.0,0.0,0.0,0.0,0.0,0.1976979061961174,0.3085365355014801,0.3582596629858017,0.40146616101264954,0.4479685515165329
2038-04,2038-04-01,global_mlp,2026-03,0.539367,0.0010445956140756607,0.35764552652835846,False,0.0,0.0,external_power_zero,Gullfaks C,,False,0.0,0.0003082222072407603,0.0010445956140756607,0.0018338124034926284,0.003669376159086826,0.0,0.0,0.0,0.0,0.0,0.19592047035694124,0.3060677260160446,0.35764552652835846,0.4004774123430252,0.44573968946933745
2038-05,2038-05-01,global_mlp,2026-03,0.539367,0.001205289561767131,0.3566233217716217,False,0.0,0.0,external_power_zero,Gullfaks C,,False,0.0,0.0003808360284892842,0.001205289561767131,0.0021173616638407097,0.004171155812218788,0.0,0.0,0.0,0.0,0.0,0.19512266963720326,0.303036293387413,0.3566233217716217,0.39821983873844147,0.4448700875043869
2038-06,2038-06-01,global_mlp,2026-03,0.539367,0.0010784824844449759,0.35356076061725616,False,0.0,0.0,external_power_zero,Gullfaks C,,False,0.0,0.00025739831617102024,0.0010784824844449759,0.0020924895536154503,0.003909804020076993,0.0,0.0,0.0,0.0,0.0,0.19511054158210758,0.3011719524860382,0.35356076061725616,0.39525481164455406,0.44279609322547914
2038-07,2038-07-01,global_mlp,2026-03,0.539367,0.0009311922767665237,0.35237981379032135,False,0.0,0.0,external_power_zero,Gullfaks C,,False,0.0,3.508564259391271e-05,0.0009311922767665237,0.001833608152810482,0.003694364032708109,0.0,0.0,0.0,0.0,0.0,0.19492676705121997,0.2983008086681366,0.35237981379032135,0.39380258917808525,0.4416000247001648
2038-08,2038-08-01,global_mlp,2026-03,0.539367,0.000890096474904567,0.35049499571323395,False,0.0,0.0,external_power_zero,Gullfaks C,,False,0.0,0.0,0.000890096474904567,0.0018200921593233934,0.00384360942989588,0.0,0.0,0.0,0.0,0.0,0.19032889753580093,0.29692788124084474,0.35049499571323395,0.39327933490276334,0.4398249119520188
2038-09,2038-09-01,global_mlp,2026-03,0.539367,0.0009371391788590699,0.34773609042167664,False,0.0,0.0,external_power_zero,Gullfaks C,,False,0.0,4.2185276470263475e-05,0.0009371391788590699,0.0019814526895061127,0.004142098780721426,0.0,0.0,0.0,0.0,0.0,0.1888261914253235,0.29541739225387575,0.34773609042167664,0.3931517094373703,0.43937306106090546
2038-10,2038-10-01,global_mlp,2026-03,0.539367,0.0006898401188664138,0.34663958847522736,False,0.0,0.0,external_power_zero,Gullfaks C,,False,0.0,0.0,0.0006898401188664138,0.0018826851504854859,0.0038269232260063303,0.0,0.0,0.0,0.0,0.0,0.18713549673557284,0.2933211952447891,0.34663958847522736,0.3904981613159179,0.43684025108814245
2038-11,2038-11-01,global_mlp,2026-03,0.539367,0.0006708972214255482,0.34588684141635895,False,0.0,0.0,external_power_zero,Gullfaks C,,False,0.0,0.0,0.0006708972214255482,0.001775638083927332,0.004071295866742737,0.0,0.0,0.0,0.0,0.0,0.18356932252645494,0.292814639210701,0.34588684141635895,0.3893228769302368,0.436486142873764
2038-12,2038-12-01,global_mlp,2026-03,0.539367,0.0006332983321044594,0.34418201446533203,False,0.0,0.0,external_power_zero,Gullfaks C,,False,0.0,0.0,0.0006332983321044594,0.0019460152834653852,0.0039394613821059484,0.0,0.0,0.0,0.0,0.0,0.18231463432312012,0.29060240983963015,0.34418201446533203,0.38781728148460387,0.43418501615524296
2039-01,2039-01-01,global_mlp,2026-03,0.539367,0.0006431553338188678,0.3436901271343231,False,0.0,0.0,external_power_zero,Gullfaks C,,False,0.0,0.0,0.0006431553338188678,0.0017774272011592978,0.004487625323235989,0.0,0.0,0.0,0.0,0.0,0.16957619935274126,0.28899326622486116,0.3436901271343231,0.3862325429916382,0.43308759927749635
2039-02,2039-02-01,global_mlp,2026-03,0.539367,0.0005650155653711408,0.34149496257305145,False,0.0,0.0,external_power_zero,Gullfaks C,,False,0.0,0.0,0.0005650155653711408,0.0019753260537981984,0.00460129361599684,0.0,0.0,0.0,0.0,0.0,0.16724841743707658,0.2854514062404633,0.34149496257305145,0.385199561715126,0.4315437853336334
2039-03,2039-03-01,global_mlp,2026-03,0.539367,0.0002159782379749231,0.34061917662620544,False,0.0,0.0,external_power_zero,Gullfaks C,,False,0.0,0.0,0.0002159782379749231,0.001501634868327527,0.003820777707733215,0.0,0.0,0.0,0.0,0.0,0.16676618158817294,0.28406219482421874,0.34061917662620544,0.3834681332111358,0.43123801052570343
2039-04,2039-04-01,global_mlp,2026-03,0.539367,0.0010891578276641667,0.3384496867656708,False,0.0,0.0,external_power_zero,Gullfaks C,,False,0.0,0.0002540086614317258,0.0010891578276641667,0.002247679163701832,0.0041611116845160735,0.0,0.0,0.0,0.0,0.0,0.1654899224638939,0.2830252140760422,0.3384496867656708,0.3823141068220138,0.43023885488510133
2039-05,2039-05-01,global_mlp,2026-03,0.539367,0.0011618573917075992,0.33562976121902466,False,0.0,0.0,external_power_zero,Gullfaks C,,False,0.0,0.0002823260409059003,0.0011618573917075992,0.0024032197659835212,0.0043542839121073484,0.0,0.0,0.0,0.0,0.0,0.16173600405454636,0.2808053165674209,0.33562976121902466,0.3801107972860336,0.4289627104997635
2039-06,2039-06-01,global_mlp,2026-03,0.539367,0.0010484723025001585,0.33278627693653107,False,0.0,0.0,external_power_zero,Gullfaks C,,False,0.0,0.0002628145390190183,0.0010484723025001585,0.0021506572607904663,0.004338995413854719,0.0,0.0,0.0,0.0,0.0,0.15980755835771562,0.2780863791704178,0.33278627693653107,0.3780643075704574,0.427996888756752
2039-07,2039-07-01,global_mlp,2026-03,0.539367,0.0007598435040563345,0.3311656415462494,False,0.0,0.0,external_power_zero,Gullfaks C,,False,0.0,3.207103236491079e-05,0.0007598435040563345,0.0019015767145901916,0.004092969605699182,0.0,0.0,0.0,0.0,0.0,0.15893700569868088,0.2755855619907379,0.3311656415462494,0.37608402669429775,0.42669327855110173
2039-08,2039-08-01,global_mlp,2026-03,0.539367,0.0007572259346488863,0.3300090432167053,False,0.0,0.0,external_power_zero,Gullfaks C,,False,0.0,0.0,0.0007572259346488863,0.002046020189300178,0.004200080735608936,0.0,0.0,0.0,0.0,0.0,0.1586885198950768,0.27433833777904504,0.3300090432167053,0.3750617116689682,0.42531088888645174
2039-09,2039-09-01,global_mlp,2026-03,0.539367,0.0007077502086758614,0.3281687945127487,False,0.0,0.0,external_power_zero,Gullfaks C,,False,0.0,0.0,0.0007077502086758614,0.0019787183962762353,0.004409209173172713,0.0,0.0,0.0,0.0,0.0,0.15660018324851993,0.27306407094001767,0.3281687945127487,0.3744818031787872,0.42498294115066526
2039-10,2039-10-01,global_mlp,2026-03,0.539367,0.0006038623687345535,0.3276204764842987,False,0.0,0.0,external_power_zero,Gullfaks C,,False,0.0,0.0,0.0006038623687345535,0.0018735298421233876,0.004403250804170967,0.0,0.0,0.0,0.0,0.0,0.15117864161729813,0.27027706503868104,0.3276204764842987,0.3744388699531555,0.424936318397522
2039-11,2039-11-01,global_mlp,2026-03,0.539367,0.000644680781988427,0.32626959681510925,False,0.0,0.0,external_power_zero,Gullfaks C,,False,0.0,0.0,0.000644680781988427,0.0018975719693116828,0.0042208833154290925,0.0,0.0,0.0,0.0,0.0,0.1483332231640816,0.26873921453952787,0.32626959681510925,0.3728026807308197,0.42448534071445465
2039-12,2039-12-01,global_mlp,2026-03,0.539367,0.0007621312979608774,0.324524849653244,False,0.0,0.0,external_power_zero,Gullfaks C,,False,0.0,0.0,0.0007621312979608774,0.0019023739267140603,0.004822892183437945,0.0,0.0,0.0,0.0,0.0,0.14724894016981124,0.26627217829227445,0.324524849653244,0.37205014824867244,0.4229528337717056
2040-01,2040-01-01,global_mlp,2026-03,0.539367,0.0006079123122617602,0.3218565434217453,False,0.0,0.0,external_power_zero,Gullfaks C,,False,0.0,0.0,0.0006079123122617602,0.0019436962087638664,0.005018759844824672,0.0,0.0,0.0,0.0,0.0,0.14560158699750902,0.26459536552429197,0.3218565434217453,0.37016547024250024,0.4229528337717056
2040-02,2040-02-01,global_mlp,2026-03,0.539367,0.0005854842311237007,0.3202507048845291,False,0.0,0.0,external_power_zero,Gullfaks C,,False,0.0,0.0,0.0005854842311237007,0.0019172515370883042,0.004422668181359768,0.0,0.0,0.0,0.0,0.0,0.14052485227584843,0.2641075164079666,0.3202507048845291,0.3688320606946945,0.42246057987213137
2040-03,2040-03-01,global_mlp,2026-03,0.539367,0.0002690843975869939,0.31715868413448334,False,0.0,0.0,external_power_zero,Gullfaks C,,False,0.0,0.0,0.0002690843975869939,0.0015543365268968032,0.003992458106949926,0.0,0.0,0.0,0.0,0.0,0.1356539398431778,0.2641075164079666,0.31715868413448334,0.3664788991212844,0.42158436477184297
2040-04,2040-04-01,global_mlp,2026-03,0.539367,0.0011460867244750261,0.3156854212284088,False,0.0,0.0,external_power_zero,Gullfaks C,,False,0.0,0.0004319585539633408,0.0011460867244750261,0.0022360149072483174,0.003992025554180145,0.0,0.0,0.0,0.0,0.0,0.1349808678030968,0.2638231337070465,0.3156854212284088,0.3650151401758194,0.42117627859115603
2040-05,2040-05-01,global_mlp,2026-03,0.539367,0.0011584165040403605,0.3142554312944412,False,0.0,0.0,external_power_zero,Gullfaks C,,False,0.0,0.0003740460088010877,0.0011584165040403605,0.0023684806190431115,0.0040187977720052,0.0,0.0,0.0,0.0,0.0,0.13210139572620394,0.2599344998598098,0.3142554312944412,0.3633017688989639,0.41811152398586277
2040-06,2040-06-01,global_mlp,2026-03,0.539367,0.0012034294195473194,0.31130802631378174,False,0.0,0.0,external_power_zero,Gullfaks C,,False,0.0,0.00038803938077762684,0.0012034294195473194,0.0021060621365904804,0.0038732482818886645,0.0,0.0,0.0,0.0,0.0,0.13024116307497027,0.25537954866886137,0.31130802631378174,0.362938505411148,0.41629947721958166
2040-07,2040-07-01,global_mlp,2026-03,0.539367,0.000833827187307179,0.3097117990255356,False,0.0,0.0,external_power_zero,Gullfaks C,,False,0.0,4.374648269731548e-05,0.000833827187307179,0.0020672517828643315,0.0038582065608352466,0.0,0.0,0.0,0.0,0.0,0.12884600237011912,0.2538005977869034,0.3097117990255356,0.36154696345329285,0.4136532753705979
2040-08,2040-08-01,global_mlp,2026-03,0.539367,0.0007459160115104169,0.3093525618314743,False,0.0,0.0,external_power_zero,Gullfaks C,,False,0.0,0.0,0.0007459160115104169,0.001966903544962406,0.0036862690467387438,0.0,0.0,0.0,0.0,0.0,0.1279200524091721,0.2533591240644455,0.3093525618314743,0.3600074052810669,0.41131581962108615
2040-09,2040-09-01,global_mlp,2026-03,0.539367,0.0009051956003531814,0.3082117587327957,False,0.0,0.0,external_power_zero,Gullfaks C,,False,0.0,9.114374915952787e-05,0.0009051956003531814,0.002171790157444775,0.003901284304447472,0.0,0.0,0.0,0.0,0.0,0.1252069763839245,0.25226628184318545,0.3082117587327957,0.3591692060232162,0.4094766408205032
2040-10,2040-10-01,global_mlp,2026-03,0.539367,0.0007122142997104675,0.30672983825206757,False,0.0,0.0,external_power_zero,Gullfaks C,,False,0.0,0.0,0.0007122142997104675,0.001650416711345314,0.003694073646329344,0.0,0.0,0.0,0.0,0.0,0.11962256655097009,0.2520969778299332,0.30672983825206757,0.35712608993053435,0.4076342195272446
2040-11,2040-11-01,global_mlp,2026-03,0.539367,0.0007528700807597488,0.30330467224121094,False,0.0,0.0,external_power_zero,Gullfaks C,,False,0.0,0.0,0.0007528700807597488,0.0017235199688002466,0.0038778180023655304,0.0,0.0,0.0,0.0,0.0,0.11552334576845169,0.25112526714801786,0.30330467224121094,0.3569151908159256,0.4064412146806717
2040-12,2040-12-01,global_mlp,2026-03,0.539367,0.0006608417897950858,0.3025038540363312,False,0.0,0.0,external_power_zero,Gullfaks C,,False,0.0,0.0,0.0006608417897950858,0.0019065103959292169,0.004347043763846159,0.0,0.0,0.0,0.0,0.0,0.11535670235753061,0.24512036740779874,0.3025038540363312,0.35424476265907284,0.40610789954662324
2041-01,2041-01-01,global_mlp,2026-03,0.539367,0.000669672415824607,0.302095428109169,False,0.0,0.0,external_power_zero,Gullfaks C,,False,0.0,0.0,0.000669672415824607,0.001763972523622214,0.004068333236500621,0.0,0.0,0.0,0.0,0.0,0.1152756564319134,0.24473792165517805,0.302095428109169,0.35241187512874605,0.40410144627094274
2041-02,2041-02-01,global_mlp,2026-03,0.539367,0.0007862471393309534,0.30015937983989716,False,0.0,0.0,external_power_zero,Gullfaks C,,False,0.0,0.0,0.0007862471393309534,0.0019121645600534967,0.003944977372884751,0.0,0.0,0.0,0.0,0.0,0.11362688243389131,0.24468857347965237,0.30015937983989716,0.3493856757879257,0.4036850184202195
2041-03,2041-03-01,global_mlp,2026-03,0.539367,0.000361511018127203,0.29901598393917084,False,0.0,0.0,external_power_zero,Gullfaks C,,False,0.0,0.0,0.000361511018127203,0.0013470987556502222,0.0037495403084903964,0.0,0.0,0.0,0.0,0.0,0.11262465491890908,0.24272121042013167,0.29901598393917084,0.34696618318557737,0.4032190501689911
2041-04,2041-04-01,global_mlp,2026-03,0.539367,0.0011757785687223077,0.2950080931186676,False,0.0,0.0,external_power_zero,Gullfaks C,,False,0.0,0.0004905535955913364,0.0011757785687223077,0.002152822865173217,0.004258696641772987,0.0,0.0,0.0,0.0,0.0,0.11105576902627948,0.24128374606370925,0.2950080931186676,0.34528797268867484,0.4020155966281891
2041-05,2041-05-01,global_mlp,2026-03,0.539367,0.001287114224396646,0.29265613853931427,False,0.0,0.0,external_power_zero,Gullfaks C,,False,0.0,0.0003907410893589258,0.001287114224396646,0.0020434357225894923,0.004237913805991412,0.0,0.0,0.0,0.0,0.0,0.1058780409395695,0.2399413302540779,0.29265613853931427,0.34387239217758175,0.400745689868927
2041-06,2041-06-01,global_mlp,2026-03,0.539367,0.0012105158530175686,0.2912445366382599,False,0.0,0.0,external_power_zero,Gullfaks C,,False,0.0,0.0003331432701088488,0.0012105158530175686,0.002034287410788238,0.0039958660025149586,0.0,0.0,0.0,0.0,0.0,0.103302039206028,0.2378494396805763,0.2912445366382599,0.3425095647573471,0.4004543602466583
2041-07,2041-07-01,global_mlp,2026-03,0.539367,0.0009277425415348262,0.28910401463508606,False,0.0,0.0,external_power_zero,Gullfaks C,,False,0.0,6.250492115213987e-05,0.0009277425415348262,0.0018258280470035962,0.003808605181984606,0.0,0.0,0.0,0.0,0.0,0.10096383914351463,0.23553424924612043,0.28910401463508606,0.34064019918441774,0.39887534379959105
2041-08,2041-08-01,global_mlp,2026-03,0.539367,0.0008358391060028225,0.2887534350156784,False,0.0,0.0,external_power_zero,Gullfaks C,,False,0.0,3.3456179880886024e-05,0.0008358391060028225,0.0019319053855724633,0.00392053327523172,0.0,0.0,0.0,0.0,0.0,0.09776505306363108,0.2341986387968063,0.2887534350156784,0.33976190388202665,0.3972829461097718
2041-09,2041-09-01,global_mlp,2026-03,0.539367,0.0008457583317067474,0.2878148853778839,False,0.0,0.0,external_power_zero,Gullfaks C,,False,0.0,3.9087527329684144e-05,0.0008457583317067474,0.0019603126449510453,0.004175670119002462,0.0,0.0,0.0,0.0,0.0,0.09597776085138322,0.2325997456908226,0.2878148853778839,0.3389135301113128,0.3953767716884613
2041-10,2041-10-01,global_mlp,2026-03,0.539367,0.0006624041125178337,0.28573600947856903,False,0.0,0.0,external_power_zero,Gullfaks C,,False,0.0,0.0,0.0006624041125178337,0.0018956006155349304,0.004286398179829124,0.0,0.0,0.0,0.0,0.0,0.09479793757200242,0.22981847673654557,0.28573600947856903,0.3371355324983597,0.3945830971002579
2041-11,2041-11-01,global_mlp,2026-03,0.539367,0.000738854898372665,0.28406865894794464,False,0.0,0.0,external_power_zero,Gullfaks C,,False,0.0,0.0,0.000738854898372665,0.0019183337572030717,0.00495581328868866,0.0,0.0,0.0,0.0,0.0,0.09422592818737031,0.2269302889704704,0.28406865894794464,0.33534149527549745,0.3926615566015244
2041-12,2041-12-01,global_mlp,2026-03,0.539367,0.0007315362454392016,0.28202024102211,False,0.0,0.0,external_power_zero,Gullfaks C,,False,0.0,0.0,0.0007315362454392016,0.0019072971306741229,0.005072068516165019,0.0,0.0,0.0,0.0,0.0,0.09153985232114795,0.22439995408058167,0.28202024102211,0.33442737758159635,0.3914074420928955
2042-01,2042-01-01,global_mlp,2026-03,0.539367,0.0008361920190509409,0.28134334087371826,False,0.0,0.0,external_power_zero,Gullfaks C,,False,0.0,0.0,0.0008361920190509409,0.001967749069444834,0.004966810718178749,0.0,0.0,0.0,0.0,0.0,0.08661100938916208,0.22039642482995986,0.28134334087371826,0.33311606049537656,0.3904644101858139
2042-02,2042-02-01,global_mlp,2026-03,0.539367,0.0006238914793357253,0.2787240594625473,False,0.0,0.0,external_power_zero,Gullfaks C,,False,0.0,0.0,0.0006238914793357253,0.0017929958179593072,0.004846721421927219,0.0,0.0,0.0,0.0,0.0,0.08301056846976282,0.21653995364904402,0.2787240594625473,0.3309799313545227,0.39039191603660583
2042-03,2042-03-01,global_mlp,2026-03,0.539367,0.00041056972986552864,0.2781725078821182,False,0.0,0.0,external_power_zero,Gullfaks C,,False,0.0,0.0,0.00041056972986552864,0.0016946639050729507,0.0045854961965233094,0.0,0.0,0.0,0.0,0.0,0.07641687169671059,0.2147820144891739,0.2781725078821182,0.32871763706207274,0.39039191603660583
2042-04,2042-04-01,global_mlp,2026-03,0.539367,0.0014082807465456426,0.2765905559062958,False,0.0,0.0,external_power_zero,Gullfaks C,,False,0.0,0.00046973694406915456,0.0014082807465456426,0.002450096048414707,0.004301287885755301,0.0,0.0,0.0,0.0,0.0,0.07357735186815263,0.21301785260438919,0.2765905559062958,0.3286184251308441,0.38832820653915406
2042-05,2042-05-01,global_mlp,2026-03,0.539367,0.0014369910932146013,0.2753354012966156,False,0.0,0.0,external_power_zero,Gullfaks C,,False,0.0,0.0005518234102055429,0.0014369910932146013,0.0024255163501948115,0.004821935947984458,0.0,0.0,0.0,0.0,0.0,0.07091779336333275,0.21195454001426695,0.2753354012966156,0.32661403119564053,0.3853164404630661
2042-06,2042-06-01,global_mlp,2026-03,0.539367,0.0012386981397867203,0.2750437557697296,False,0.0,0.0,external_power_zero,Gullfaks C,,False,0.0,0.0002901181083871051,0.0012386981397867203,0.0024753304198384283,0.004478233586996795,0.0,0.0,0.0,0.0,0.0,0.06907744258642197,0.2112137883901596,0.2750437557697296,0.3247197866439818,0.3830624371767044
2042-07,2042-07-01,global_mlp,2026-03,0.539367,0.0011025893036276102,0.2728625386953354,False,0.0,0.0,external_power_zero,Gullfaks C,,False,0.0,0.0001790001304470933,0.0011025893036276102,0.0024731723591685287,0.0042144977021962415,0.0,0.0,0.0,0.0,0.0,0.06668207868933677,0.21082206964492797,0.2728625386953354,0.322787046432495,0.3806181937456131
2042-08,2042-08-01,global_mlp,2026-03,0.539367,0.0010448899702169001,0.27198831737041473,False,0.0,0.0,external_power_zero,Gullfaks C,,False,0.0,0.0001401254558004439,0.0010448899702169001,0.002144109248183664,0.004558330215513707,0.0,0.0,0.0,0.0,0.0,0.0646673820912838,0.20745587348937988,0.27198831737041473,0.32074282169342033,0.3785904079675675
2042-09,2042-09-01,global_mlp,2026-03,0.539367,0.0010499699274078012,0.26806071400642395,False,0.0,0.0,external_power_zero,Gullfaks C,,False,0.0,0.00010916455867118191,0.0010499699274078012,0.0022208388894796355,0.00459575322456658,0.0,0.0,0.0,0.0,0.0,0.0646673820912838,0.2053963258862495,0.26806071400642395,0.3182430684566497,0.37690143883228305
2042-10,2042-10-01,global_mlp,2026-03,0.539367,0.0008549993217457086,0.2651967406272888,False,0.0,0.0,external_power_zero,Gullfaks C,,False,0.0,0.0,0.0008549993217457086,0.001991468085907399,0.004335940396413208,0.0,0.0,0.0,0.0,0.0,0.06429767981171608,0.20444225966930385,0.2651967406272888,0.316560423374176,0.3762421250343323
2042-11,2042-11-01,global_mlp,2026-03,0.539367,0.0009365977311972529,0.2638745456933975,False,0.0,0.0,external_power_zero,Gullfaks C,,False,0.0,5.015409078623552e-06,0.0009365977311972529,0.002314279950223863,0.004721065564081073,0.0,0.0,0.0,0.0,0.0,0.06322463266551497,0.20365436077117915,0.2638745456933975,0.31529005765914914,0.3734034836292267
2042-12,2042-12-01,global_mlp,2026-03,0.539367,0.0009213478479068726,0.26177261769771576,False,0.0,0.0,external_power_zero,Gullfaks C,,False,0.0,0.0,0.0009213478479068726,0.0024222684558480975,0.004624032275751234,0.0,0.0,0.0,0.0,0.0,0.058968436717987065,0.20028192400932313,0.26177261769771576,0.3124933451414107,0.37273281514644624
2043-01,2043-01-01,global_mlp,2026-03,0.539367,0.0007654686050955206,0.2600338011980057,False,0.0,0.0,external_power_zero,Gullfaks C,,False,0.0,0.0,0.0007654686050955206,0.002153110923245547,0.0049731814768165395,0.0,0.0,0.0,0.0,0.0,0.05602342300117016,0.1979993879795074,0.2600338011980057,0.3107725948095322,0.3720521777868271
2043-02,2043-02-01,global_mlp,2026-03,0.539367,0.0008697569428477436,0.25801123678684235,False,0.0,0.0,external_power_zero,Gullfaks C,,False,0.0,0.0,0.0008697569428477436,0.002291260822676122,0.005258975597098471,0.0,0.0,0.0,0.0,0.0,0.05258456952869892,0.19528763741254804,0.25801123678684235,0.3101748973131179,0.3707604855298996
2043-03,2043-03-01,global_mlp,2026-03,0.539367,0.0005426532588899136,0.25655026733875275,False,0.0,0.0,external_power_zero,Gullfaks C,,False,0.0,0.0,0.0005426532588899136,0.001727308263070881,0.004208774771541364,0.0,0.0,0.0,0.0,0.0,0.05143742635846139,0.19213668704032896,0.25655026733875275,0.309346204996109,0.3697160243988037
2043-04,2043-04-01,global_mlp,2026-03,0.539367,0.001186479814350605,0.2549509257078171,False,0.0,0.0,external_power_zero,Gullfaks C,,False,0.0,0.00024128083023242626,0.001186479814350605,0.002171594835817813,0.004658111138269306,0.0,0.0,0.0,0.0,0.0,0.05043531991541386,0.19003037065267556,0.2549509257078171,0.308450049161911,0.3676892399787903
2043-05,2043-05-01,global_mlp,2026-03,0.539367,0.0011239727609790862,0.2545183449983597,False,0.0,0.0,external_power_zero,Gullfaks C,,False,0.0,0.00017573719233041627,0.0011239727609790862,0.002338009490631519,0.004616993432864549,0.0,0.0,0.0,0.0,0.0,0.049821788817644125,0.18917145133018487,0.2545183449983597,0.30564480423927304,0.36499201953411103
2043-06,2043-06-01,global_mlp,2026-03,0.539367,0.0011188556090928614,0.2529691755771637,False,0.0,0.0,external_power_zero,Gullfaks C,,False,0.0,0.00016843011835589994,0.0011188556090928614,0.0022498890059068797,0.004734335187822583,0.0,0.0,0.0,0.0,0.0,0.04972742423415185,0.1883461341261863,0.2529691755771637,0.30564480423927304,0.36422980129718785
2043-07,2043-07-01,global_mlp,2026-03,0.539367,0.0008116796670947224,0.2501644790172577,False,0.0,0.0,external_power_zero,Gullfaks C,,False,0.0,0.0,0.0008116796670947224,0.0018480235710740087,0.004389690794050697,0.0,0.0,0.0,0.0,0.0,0.04780641905963421,0.18746547102928157,0.2501644790172577,0.3018347889184952,0.36422980129718785
2043-08,2043-08-01,global_mlp,2026-03,0.539367,0.0007992416794877499,0.24968918412923813,False,0.0,0.0,external_power_zero,Gullfaks C,,False,0.0,0.0,0.0007992416794877499,0.0018026184989139436,0.004596273833885795,0.0,0.0,0.0,0.0,0.0,0.045383965224027635,0.18475704789161682,0.24968918412923813,0.30084786117076867,0.363105645775795
2043-09,2043-09-01,global_mlp,2026-03,0.539367,0.0006423589074984193,0.24832090735435486,False,0.0,0.0,external_power_zero,Gullfaks C,,False,0.0,0.0,0.0006423589074984193,0.0019296509446576236,0.004745102161541583,0.0,0.0,0.0,0.0,0.0,0.04486065357923508,0.1844802111387253,0.24832090735435486,0.29868211746215817,0.361000680923462
2043-10,2043-10-01,global_mlp,2026-03,0.539367,0.00043172435835003853,0.24747344106435776,False,0.0,0.0,external_power_zero,Gullfaks C,,False,0.0,0.0,0.00043172435835003853,0.00170085891149938,0.004538892256096006,0.0,0.0,0.0,0.0,0.0,0.044057578593492505,0.18370960801839825,0.24747344106435776,0.298064199090004,0.3608463615179062
2043-11,2043-11-01,global_mlp,2026-03,0.539367,0.0006901322340127081,0.24493397027254105,False,0.0,0.0,external_power_zero,Gullfaks C,,False,0.0,0.0,0.0006901322340127081,0.0018385308445431287,0.004474802827462557,0.0,0.0,0.0,0.0,0.0,0.04293967075645924,0.18256266862154005,0.24493397027254105,0.2962530523538589,0.35874182581901554
2043-12,2043-12-01,global_mlp,2026-03,0.539367,0.0005016865616198629,0.2415640577673912,False,0.0,0.0,external_power_zero,Gullfaks C,,False,0.0,0.0,0.0005016865616198629,0.0017436829744838151,0.004081593593582511,0.0,0.0,0.0,0.0,0.0,0.04209305904805661,0.17596408873796462,0.2415640577673912,0.294406121969223,0.35846907496452335
2044-01,2044-01-01,global_mlp,2026-03,0.539367,0.000586217240197584,0.24058667570352554,False,0.0,0.0,external_power_zero,Gullfaks C,,False,0.0,0.0,0.000586217240197584,0.001762583537492901,0.004169351700693371,0.0,0.0,0.0,0.0,0.0,0.0407692801207304,0.172891965508461,0.24058667570352554,0.292180985212326,0.3582291126251221
2044-02,2044-02-01,global_mlp,2026-03,0.539367,0.0005716177984140813,0.23895221948623657,False,0.0,0.0,external_power_zero,Gullfaks C,,False,0.0,0.0,0.0005716177984140813,0.0017869068775326002,0.004120262293145063,0.0,0.0,0.0,0.0,0.0,0.03911609500646593,0.16916066557168954,0.23895221948623657,0.28975016474723814,0.3580197662115097
2044-03,2044-03-01,global_mlp,2026-03,0.539367,0.00023402083024848253,0.2365008145570755,False,0.0,0.0,external_power_zero,Gullfaks C,,False,0.0,0.0,0.00023402083024848253,0.0014564867131412029,0.003787647210992873,0.0,0.0,0.0,0.0,0.0,0.033973619714379316,0.16376239210367202,0.2365008145570755,0.2896316289901733,0.3580197662115097
2044-04,2044-04-01,global_mlp,2026-03,0.539367,0.0010974142351187766,0.23415770381689072,False,0.0,0.0,external_power_zero,Gullfaks C,,False,0.0,0.0003151802520733325,0.0010974142351187766,0.0022206515539437517,0.003979431930929425,0.0,0.0,0.0,0.0,0.0,0.031926950812339795,0.16242936700582503,0.23415770381689072,0.2875343650579452,0.35435467064380644
2044-05,2044-05-01,global_mlp,2026-03,0.539367,0.001126041926909238,0.23297427594661713,False,0.0,0.0,external_power_zero,Gullfaks C,,False,0.0,0.00023646071058465093,0.001126041926909238,0.0020097163505852214,0.003962847590446474,0.0,0.0,0.0,0.0,0.0,0.03126416914165023,0.16056222468614575,0.23297427594661713,0.2859778970479965,0.3529489785432816
2044-06,2044-06-01,global_mlp,2026-03,0.539367,0.0010881185880862176,0.23297427594661713,False,0.0,0.0,external_power_zero,Gullfaks C,,False,0.0,0.0002035757439443841,0.0010881185880862176,0.002072698948904871,0.00376637673471123,0.0,0.0,0.0,0.0,0.0,0.02572626862674952,0.1594727411866188,0.23297427594661713,0.28442874550819397,0.3518815219402313
2044-07,2044-07-01,global_mlp,2026-03,0.539367,0.0007879518088884652,0.2310745269060135,False,0.0,0.0,external_power_zero,Gullfaks C,,False,0.0,0.0,0.0007879518088884652,0.0018563900142908093,0.0036982207791879784,0.0,0.0,0.0,0.0,0.0,0.024318311177194143,0.15743397027254102,0.2310745269060135,0.28241819739341734,0.35146984457969666
2044-08,2044-08-01,global_mlp,2026-03,0.539367,0.0006891475932206959,0.23034603893756866,False,0.0,0.0,external_power_zero,Gullfaks C,,False,0.0,0.0,0.0006891475932206959,0.0017907735542394205,0.0037098042899742726,0.0,0.0,0.0,0.0,0.0,0.02303539998829368,0.15637152343988417,0.23034603893756866,0.27893455326557154,0.3514411121606827
2044-09,2044-09-01,global_mlp,2026-03,0.539367,0.0007303284073714167,0.2275567352771759,False,0.0,0.0,external_power_zero,Gullfaks C,,False,0.0,0.0,0.0007303284073714167,0.001842743589077144,0.004237028164789081,0.0,0.0,0.0,0.0,0.0,0.020803040079772493,0.15598685592412947,0.2275567352771759,0.2779147058725357,0.3511315017938614
2044-10,2044-10-01,global_mlp,2026-03,0.539367,0.0005151384393684566,0.2244132086634636,False,0.0,0.0,external_power_zero,Gullfaks C,,False,0.0,0.0,0.0005151384393684566,0.0017534211045131072,0.003983325976878406,0.0,0.0,0.0,0.0,0.0,0.020091510750353356,0.15526659786701202,0.2244132086634636,0.2772182017564773,0.3511315017938614
2044-11,2044-11-01,global_mlp,2026-03,0.539367,0.0006207087135408074,0.22259565442800522,False,0.0,0.0,external_power_zero,Gullfaks C,,False,0.0,0.0,0.0006207087135408074,0.0020589944673702104,0.004294190090149642,0.0,0.0,0.0,0.0,0.0,0.018790709227323545,0.15091177672147751,0.22259565442800522,0.2758519291877746,0.34736484587192545
2044-12,2044-12-01,global_mlp,2026-03,0.539367,0.0005573337257374078,0.22154276818037033,False,0.0,0.0,external_power_zero,Gullfaks C,,False,0.0,0.0,0.0005573337257374078,0.0019009917625226074,0.004353454755619169,0.0,0.0,0.0,0.0,0.0,0.016455002874135972,0.14732054620981216,0.22154276818037033,0.27472005188465115,0.34590884745121014
2045-01,2045-01-01,global_mlp,2026-03,0.539367,0.0003986019000876695,0.21892882883548737,False,0.0,0.0,external_power_zero,Gullfaks C,,False,0.0,0.0,0.0003986019000876695,0.0017998282215557985,0.004480164078995586,0.0,0.0,0.0,0.0,0.0,0.014676378667354592,0.14414076805114745,0.21892882883548737,0.27274500131607055,0.34520046114921576
2045-02,2045-02-01,global_mlp,2026-03,0.539367,0.0004569025768432766,0.21536744385957718,False,0.0,0.0,external_power_zero,Gullfaks C,,False,0.0,0.0,0.0004569025768432766,0.00174992186948657,0.0045858098659664415,0.0,0.0,0.0,0.0,0.0,0.01446332810446622,0.14238538593053815,0.21536744385957718,0.27163244783878326,0.34413769841194153
2045-03,2045-03-01,global_mlp,2026-03,0.539367,0.00022845224884804338,0.21469954401254654,False,0.0,0.0,external_power_zero,Gullfaks C,,False,0.0,0.0,0.00022845224884804338,0.0015069428249262266,0.004176683351397515,0.0,0.0,0.0,0.0,0.0,0.013726281840354236,0.14215227067470548,0.21469954401254654,0.2709499329328537,0.3433031111955643
2045-04,2045-04-01,global_mlp,2026-03,0.539367,0.0010951691656373441,0.21245889365673065,False,0.0,0.0,external_power_zero,Gullfaks C,,False,0.0,0.00018625002412591099,0.0010951691656373441,0.002085714740678664,0.0040602443739771845,0.0,0.0,0.0,0.0,0.0,0.012578468210995222,0.14036925137043,0.21245889365673065,0.27004015147686,0.3427302211523056
2045-05,2045-05-01,global_mlp,2026-03,0.539367,0.0009704470867291093,0.21172095835208893,False,0.0,0.0,external_power_zero,Gullfaks C,,False,0.0,9.882669837679698e-05,0.0009704470867291093,0.0019917113473638883,0.004051302559673787,0.0,0.0,0.0,0.0,0.0,0.01210332913324239,0.1391510099172592,0.21172095835208893,0.26867152154445645,0.34233198761940004
2045-06,2045-06-01,global_mlp,2026-03,0.539367,0.0009157332533504814,0.2096266895532608,False,0.0,0.0,external_power_zero,Gullfaks C,,False,0.0,0.00012425271997926755,0.0009157332533504814,0.002088033850304782,0.004123404435813428,0.0,0.0,0.0,0.0,0.0,0.008885603118687878,0.13573989123106,0.2096266895532608,0.2667644709348678,0.34168335497379304
2045-07,2045-07-01,global_mlp,2026-03,0.539367,0.0006477334536612034,0.20774022489786148,False,0.0,0.0,external_power_zero,Gullfaks C,,False,0.0,0.0,0.0006477334536612034,0.0016956497682258486,0.003690293710678817,0.0,0.0,0.0,0.0,0.0,0.0066003962885588414,0.13383833765983583,0.20774022489786148,0.2650266945362091,0.34050089716911314
2045-08,2045-08-01,global_mlp,2026-03,0.539367,0.0005076063971500844,0.20710961520671844,False,0.0,0.0,external_power_zero,Gullfaks C,,False,0.0,0.0,0.0005076063971500844,0.0017017346341162893,0.0036731919972226032,0.0,0.0,0.0,0.0,0.0,0.003603483550250544,0.13152231872081754,0.20710961520671844,0.2636100471019744,0.3374935030937195
2045-09,2045-09-01,global_mlp,2026-03,0.539367,0.000823392445454374,0.20496691763401031,False,0.0,0.0,external_power_zero,Gullfaks C,,False,0.0,0.0,0.000823392445454374,0.0020250011235475535,0.004282737756147982,0.0,0.0,0.0,0.0,0.0,0.0012770129134878597,0.1287683382630348,0.20496691763401031,0.2610196977853775,0.33634375333786015
2045-10,2045-10-01,global_mlp,2026-03,0.539367,0.0004691223439294845,0.20277152210474014,False,0.0,0.0,external_power_zero,Gullfaks C,,False,0.0,0.0,0.0004691223439294845,0.0015309404698200524,0.004225906031206251,0.0,0.0,0.0,0.0,0.0,0.0,0.1283042252063751,0.20277152210474014,0.25909547209739675,0.33533648252487186
2045-11,2045-11-01,global_mlp,2026-03,0.539367,0.0005493052012752742,0.20129144936800003,False,0.0,0.0,external_power_zero,Gullfaks C,,False,0.0,0.0,0.0005493052012752742,0.0019060815335251381,0.004338519368320708,0.0,0.0,0.0,0.0,0.0,0.0,0.12590945959091185,0.20129144936800003,0.25877151489257805,0.3350217372179031
2045-12,2045-12-01,global_mlp,2026-03,0.539367,0.0005894244823139161,0.20107809454202652,False,0.0,0.0,external_power_zero,Gullfaks C,,False,0.0,0.0,0.0005894244823139161,0.0016032677260227502,0.0044705258216708905,0.0,0.0,0.0,0.0,0.0,0.0,0.12285643368959427,0.20107809454202652,0.2575716882944107,0.3324584543704987
2046-01,2046-01-01,global_mlp,2026-03,0.539367,0.0005032833141740412,0.20079805701971054,False,0.0,0.0,external_power_zero,Gullfaks C,,False,0.0,0.0,0.0005032833141740412,0.001814342534635216,0.004171575512737037,0.0,0.0,0.0,0.0,0.0,0.0,0.11978477239608763,0.20079805701971054,0.25607351064682005,0.3315848767757416
2046-02,2046-02-01,global_mlp,2026-03,0.539367,0.0005100624694023281,0.19948271661996841,False,0.0,0.0,external_power_zero,Gullfaks C,,False,0.0,0.0,0.0005100624694023281,0.0017671133973635729,0.0044821447692811505,0.0,0.0,0.0,0.0,0.0,0.0,0.11978477239608763,0.19948271661996841,0.25420010089874256,0.3309478968381882
2046-03,2046-03-01,global_mlp,2026-03,0.539367,0.00023480004165321589,0.19884809851646423,False,0.0,0.0,external_power_zero,Gullfaks C,,False,0.0,0.0,0.00023480004165321589,0.0012169010704383251,0.004077466949820518,0.0,0.0,0.0,0.0,0.0,0.0,0.11760428622364992,0.19884809851646423,0.2519771873950957,0.3302246004343033
2046-04,2046-04-01,global_mlp,2026-03,0.539367,0.0011659451993182302,0.19705159962177277,False,0.0,0.0,external_power_zero,Gullfaks C,,False,0.0,0.00013937271505710608,0.0011659451993182302,0.0021697575459256766,0.004226341797038914,0.0,0.0,0.0,0.0,0.0,0.0,0.11550619825720783,0.19705159962177277,0.248912563920021,0.3286208808422089
2046-05,2046-05-01,global_mlp,2026-03,0.539367,0.0012097691651433706,0.19462422281503677,False,0.0,0.0,external_power_zero,Gullfaks C,,False,0.0,0.00020263939513824836,0.0012097691651433706,0.0023619362618774163,0.004521214030683042,0.0,0.0,0.0,0.0,0.0,0.0,0.11424431577324864,0.19462422281503677,0.2459920987486839,0.32790907025337224
2046-06,2046-06-01,global_mlp,2026-03,0.539367,0.0010936312610283494,0.19268280267715454,False,0.0,0.0,external_power_zero,Gullfaks C,,False,0.0,4.762738135468642e-05,0.0010936312610283494,0.002104807086288927,0.00442465152591467,0.0,0.0,0.0,0.0,0.0,0.0,0.1128253549337387,0.19268280267715454,0.24432141631841658,0.3266252130270004
2046-07,2046-07-01,global_mlp,2026-03,0.539367,0.0007635740039404482,0.19106319546699524,False,0.0,0.0,external_power_zero,Gullfaks C,,False,0.0,0.0,0.0007635740039404482,0.001980696758255362,0.0041183967608958505,0.0,0.0,0.0,0.0,0.0,0.0,0.10966537818312644,0.19106319546699524,0.2429652228951454,0.3245653659105301
2046-08,2046-08-01,global_mlp,2026-03,0.539367,0.0007253843068610877,0.18998007476329803,False,0.0,0.0,external_power_zero,Gullfaks C,,False,0.0,0.0,0.0007253843068610877,0.0016584713128395372,0.0037008016370236874,0.0,0.0,0.0,0.0,0.0,0.0,0.10925136432051656,0.18998007476329803,0.2404613241553306,0.32400818467140197
2046-09,2046-09-01,global_mlp,2026-03,0.539367,0.0008492425549775362,0.18776115030050278,False,0.0,0.0,external_power_zero,Gullfaks C,,False,0.0,0.0,0.0008492425549775362,0.002061040885746479,0.004008531803265216,0.0,0.0,0.0,0.0,0.0,0.0,0.10713889896869659,0.18776115030050278,0.23848372846841803,0.3230550080537796
2046-10,2046-10-01,global_mlp,2026-03,0.539367,0.0007183683337643743,0.18488361686468124,False,0.0,0.0,external_power_zero,Gullfaks C,,False,0.0,0.0,0.0007183683337643743,0.0018942010705359277,0.0040969819296151405,0.0,0.0,0.0,0.0,0.0,0.0,0.10430276989936828,0.18488361686468124,0.23703351914882656,0.32152676284313203
2046-11,2046-11-01,global_mlp,2026-03,0.539367,0.0005516008823178709,0.1829562485218048,False,0.0,0.0,external_power_zero,Gullfaks C,,False,0.0,0.0,0.0005516008823178709,0.0018214213545434156,0.0043010328430682435,0.0,0.0,0.0,0.0,0.0,0.0,0.10190435647964477,0.1829562485218048,0.235371732711792,0.3183242559432984
2046-12,2046-12-01,global_mlp,2026-03,0.539367,0.0005584927566815168,0.18211008608341217,False,0.0,0.0,external_power_zero,Gullfaks C,,False,0.0,0.0,0.0005584927566815168,0.001784961903467774,0.004192472668364649,0.0,0.0,0.0,0.0,0.0,0.0,0.10027600824832915,0.18211008608341217,0.23382841199636456,0.31480470895767215
2047-01,2047-01-01,global_mlp,2026-03,0.539367,0.0005560085410252213,0.18002847582101822,False,0.0,0.0,external_power_zero,Gullfaks C,,False,0.0,0.0,0.0005560085410252213,0.0017867983551695943,0.004168504616245628,0.0,0.0,0.0,0.0,0.0,0.0,0.09795002043247222,0.18002847582101822,0.23143469840288158,0.3136669546365738
2047-02,2047-02-01,global_mlp,2026-03,0.539367,0.0007067818660289049,0.1780710145831108,False,0.0,0.0,external_power_zero,Gullfaks C,,False,0.0,0.0,0.0007067818660289049,0.001752546906936913,0.003801822219975295,0.0,0.0,0.0,0.0,0.0,0.0,0.09659719094634056,0.1780710145831108,0.22942256480455395,0.31331160962581633
2047-03,2047-03-01,global_mlp,2026-03,0.539367,0.0002787267876556143,0.17754807323217392,False,0.0,0.0,external_power_zero,Gullfaks C,,False,0.0,0.0,0.0002787267876556143,0.0013703463133424509,0.0037240271922200923,0.0,0.0,0.0,0.0,0.0,0.0,0.09359299167990683,0.17754807323217392,0.22833137661218642,0.3130418866872788
2047-04,2047-04-01,global_mlp,2026-03,0.539367,0.0010028521646745503,0.1758585199713707,False,0.0,0.0,external_power_zero,Gullfaks C,,False,0.0,9.530112802167406e-05,0.0010028521646745503,0.0020292062778025865,0.004177269339561462,0.0,0.0,0.0,0.0,0.0,0.0,0.09323454573750493,0.1758585199713707,0.2280394583940506,0.311779922246933
2047-05,2047-05-01,global_mlp,2026-03,0.539367,0.0008557666733395308,0.1741865649819374,False,0.0,0.0,external_power_zero,Gullfaks C,,False,0.0,0.0,0.0008557666733395308,0.0021118114003911607,0.004253258649259806,0.0,0.0,0.0,0.0,0.0,0.0,0.09130995199084282,0.1741865649819374,0.22626585811376565,0.3109296888113022
2047-06,2047-06-01,global_mlp,2026-03,0.539367,0.0009876539115794003,0.17102907598018646,False,0.0,0.0,external_power_zero,Gullfaks C,,False,0.0,0.0,0.0009876539115794003,0.002141111297532915,0.004572867555543781,0.0,0.0,0.0,0.0,0.0,0.0,0.08784009963273999,0.17102907598018646,0.22390880584716794,0.3102759331464768
2047-07,2047-07-01,global_mlp,2026-03,0.539367,0.0007027681858744472,0.1695079281926155,False,0.0,0.0,external_power_zero,Gullfaks C,,False,0.0,0.0,0.0007027681858744472,0.001655592280440031,0.004137203190475704,0.0,0.0,0.0,0.0,0.0,0.0,0.08454772830009459,0.1695079281926155,0.22037083208560942,0.31008842289447786
2047-08,2047-08-01,global_mlp,2026-03,0.539367,0.00047851455747149885,0.1687832549214363,False,0.0,0.0,external_power_zero,Gullfaks C,,False,0.0,0.0,0.00047851455747149885,0.0016499396762810646,0.003635028144344689,0.0,0.0,0.0,0.0,0.0,0.0,0.08209041804075241,0.1687832549214363,0.21751704216003417,0.30986138582229616
2047-09,2047-09-01,global_mlp,2026-03,0.539367,0.0005953287181910127,0.1661089062690735,False,0.0,0.0,external_power_zero,Gullfaks C,,False,0.0,0.0,0.0005953287181910127,0.0018287035520188509,0.0040423065889626745,0.0,0.0,0.0,0.0,0.0,0.0,0.07861497625708577,0.1661089062690735,0.2153113380074501,0.30815687477588655
2047-10,2047-10-01,global_mlp,2026-03,0.539367,0.00037050772516522557,0.16416501253843307,False,0.0,0.0,external_power_zero,Gullfaks C,,False,0.0,0.0,0.00037050772516522557,0.0016281484160572282,0.004143587918952109,0.0,0.0,0.0,0.0,0.0,0.0,0.07757922708988187,0.16416501253843307,0.21399598121643065,0.306359001994133
2047-11,2047-11-01,global_mlp,2026-03,0.539367,0.0004611753101926297,0.16259007900953293,False,0.0,0.0,external_power_zero,Gullfaks C,,False,0.0,0.0,0.0004611753101926297,0.0017110409564338618,0.004623444098979236,0.0,0.0,0.0,0.0,0.0,0.0,0.07757298201322552,0.16259007900953293,0.21229958832263945,0.3040521323680878
2047-12,2047-12-01,global_mlp,2026-03,0.539367,0.0005171275406610221,0.1612100452184677,False,0.0,0.0,external_power_zero,Gullfaks C,,False,0.0,0.0,0.0005171275406610221,0.00178786035394296,0.004544559493660932,0.0,0.0,0.0,0.0,0.0,0.0,0.07519734501838683,0.1612100452184677,0.21011028885841368,0.30399897694587713
2048-01,2048-01-01,global_mlp,2026-03,0.539367,0.0004044678353238851,0.15921328216791153,False,0.0,0.0,external_power_zero,Gullfaks C,,False,0.0,0.0,0.0004044678353238851,0.0017616174300201233,0.004148310236632824,0.0,0.0,0.0,0.0,0.0,0.0,0.07361002415418623,0.15921328216791153,0.20958314090967176,0.30273884832859044
2048-02,2048-02-01,global_mlp,2026-03,0.539367,0.00045458151726052165,0.15816662460565567,False,0.0,0.0,external_power_zero,Gullfaks C,,False,0.0,0.0,0.00045458151726052165,0.0016657106345519422,0.0043759745545685295,0.0,0.0,0.0,0.0,0.0,0.0,0.07169902697205541,0.15816662460565567,0.2080328360199928,0.30038473308086405
2048-03,2048-03-01,global_mlp,2026-03,0.539367,0.00010768887659651227,0.15527523308992386,False,0.0,0.0,external_power_zero,Gullfaks C,,False,0.0,0.0,0.00010768887659651227,0.0011098726885393254,0.004370078258216382,0.0,0.0,0.0,0.0,0.0,0.0,0.06901401802897453,0.15527523308992386,0.20712549984455103,0.2987480312585831
2048-04,2048-04-01,global_mlp,2026-03,0.539367,0.001053337415214628,0.15465666353702545,False,0.0,0.0,external_power_zero,Gullfaks C,,False,0.0,0.0,0.001053337415214628,0.0021560786291956874,0.0038964587263762953,0.0,0.0,0.0,0.0,0.0,0.0,0.06745124086737632,0.15465666353702545,0.2046999767422676,0.2954448521137238
2048-05,2048-05-01,global_mlp,2026-03,0.539367,0.0012251018197275698,0.15332303941249847,False,0.0,0.0,external_power_zero,Gullfaks C,,False,0.0,0.0,0.0012251018197275698,0.002276473864912986,0.0045898343902081255,0.0,0.0,0.0,0.0,0.0,0.0,0.06458426266908646,0.15332303941249847,0.2024936720728874,0.2952158272266388
2048-06,2048-06-01,global_mlp,2026-03,0.539367,0.0008522400457877666,0.15285131335258484,False,0.0,0.0,external_power_zero,Gullfaks C,,False,0.0,0.0,0.0008522400457877666,0.002031066082417964,0.0044281311798840765,0.0,0.0,0.0,0.0,0.0,0.0,0.06200055629014969,0.15285131335258484,0.20025840401649475,0.2913937151432037
2048-07,2048-07-01,global_mlp,2026-03,0.539367,0.0008166867482941598,0.15137621015310287,False,0.0,0.0,external_power_zero,Gullfaks C,,False,0.0,0.0,0.0008166867482941598,0.0018919180962257076,0.0038022013381123552,0.0,0.0,0.0,0.0,0.0,0.0,0.06066310852766037,0.15137621015310287,0.19911916404962535,0.28671276867389683
2048-08,2048-08-01,global_mlp,2026-03,0.539367,0.000644910498522222,0.14942214637994766,False,0.0,0.0,external_power_zero,Gullfaks C,,False,0.0,0.0,0.000644910498522222,0.0017462205258198078,0.003965030470862986,0.0,0.0,0.0,0.0,0.0,0.0,0.058983789011836055,0.14942214637994766,0.19694602191448204,0.28370181620121004
2048-09,2048-09-01,global_mlp,2026-03,0.539367,0.000721871794667095,0.14716565608978271,False,0.0,0.0,external_power_zero,Gullfaks C,,False,0.0,0.0,0.000721871794667095,0.0018622715258970856,0.004108599899336698,0.0,0.0,0.0,0.0,0.0,0.0,0.057622136920690535,0.14716565608978271,0.19616709649562833,0.28208574354648597
2048-10,2048-10-01,global_mlp,2026-03,0.539367,0.000457082103821449,0.14511673152446747,False,0.0,0.0,external_power_zero,Gullfaks C,,False,0.0,0.0,0.000457082103821449,0.0017572655458934594,0.003947566309943798,0.0,0.0,0.0,0.0,0.0,0.0,0.05545933097600937,0.14511673152446747,0.19467795640230173,0.2790625482797623
2048-11,2048-11-01,global_mlp,2026-03,0.539367,0.0004456936731003225,0.14168302714824677,False,0.0,0.0,external_power_zero,Gullfaks C,,False,0.0,0.0,0.0004456936731003225,0.0016636461834423238,0.003932172479107976,0.0,0.0,0.0,0.0,0.0,0.0,0.05146254785358906,0.14168302714824677,0.19309172034263605,0.2777321577072144
2048-12,2048-12-01,global_mlp,2026-03,0.539367,0.0004952755407430232,0.1394588202238083,False,0.0,0.0,external_power_zero,Gullfaks C,,False,0.0,0.0,0.0004952755407430232,0.001670568715780973,0.003577085491269827,0.0,0.0,0.0,0.0,0.0,0.0,0.049538085609674445,0.1394588202238083,0.1907413452863692,0.2771589159965515
2049-01,2049-01-01,global_mlp,2026-03,0.539367,0.00048434252676088363,0.13690238445997238,False,0.0,0.0,external_power_zero,Gullfaks C,,False,0.0,0.0,0.00048434252676088363,0.0015597869642078855,0.003838375257328153,0.0,0.0,0.0,0.0,0.0,0.0,0.04849813058972358,0.13690238445997238,0.190123838186264,0.27637034356594087
2049-02,2049-02-01,global_mlp,2026-03,0.539367,0.0004379519523354247,0.13552213460206985,False,0.0,0.0,external_power_zero,Gullfaks C,,False,0.0,0.0,0.0004379519523354247,0.0016808450920507295,0.003845846746116878,0.0,0.0,0.0,0.0,0.0,0.0,0.047311122342944115,0.13552213460206985,0.18795898854732504,0.2750223815441132
2049-03,2049-03-01,global_mlp,2026-03,0.539367,0.0002059651233139448,0.1332181766629219,False,0.0,0.0,external_power_zero,Gullfaks C,,False,0.0,0.0,0.0002059651233139448,0.0011615547002293163,0.003819593135267498,0.0,0.0,0.0,0.0,0.0,0.0,0.04490193873643873,0.1332181766629219,0.18470297753810874,0.2738225430250168
2049-04,2049-04-01,global_mlp,2026-03,0.539367,0.001157049904577434,0.13120853155851364,False,0.0,0.0,external_power_zero,Gullfaks C,,False,0.0,0.0,0.001157049904577434,0.002319344086572528,0.004462376702576877,0.0,0.0,0.0,0.0,0.0,0.0,0.0413708448410034,0.13120853155851364,0.1809773594141006,0.27201556861400605
2049-05,2049-05-01,global_mlp,2026-03,0.539367,0.0008471484761685133,0.12798278033733368,False,0.0,0.0,external_power_zero,Gullfaks C,,False,0.0,0.0,0.0008471484761685133,0.00227435571141541,0.00457668257877231,0.0,0.0,0.0,0.0,0.0,0.0,0.03766351528465747,0.12798278033733368,0.18049104809761046,0.2707421839237213
2049-06,2049-06-01,global_mlp,2026-03,0.539367,0.0009196936443913728,0.12577321380376816,False,0.0,0.0,external_power_zero,Gullfaks C,,False,0.0,0.0,0.0009196936443913728,0.00232073743827641,0.004415760422125462,0.0,0.0,0.0,0.0,0.0,0.0,0.03435374461114405,0.12577321380376816,0.1790903463959693,0.26760109663009646
2049-07,2049-07-01,global_mlp,2026-03,0.539367,0.0006503549520857632,0.12378453463315964,False,0.0,0.0,external_power_zero,Gullfaks C,,False,0.0,0.0,0.0006503549520857632,0.0020295453490689393,0.004399746935814621,0.0,0.0,0.0,0.0,0.0,0.0,0.03199651539325714,0.12378453463315964,0.17664347440004344,0.2669127255678177
2049-08,2049-08-01,global_mlp,2026-03,0.539367,0.00047421826457139105,0.12014000117778778,False,0.0,0.0,external_power_zero,Gullfaks C,,False,0.0,0.0,0.00047421826457139105,0.0018223213846795259,0.003925872500985861,0.0,0.0,0.0,0.0,0.0,0.0,0.028648583218455287,0.12014000117778778,0.17639532089233398,0.2656212419271469
2049-09,2049-09-01,global_mlp,2026-03,0.539367,0.0005571669025812298,0.11752308160066605,False,0.0,0.0,external_power_zero,Gullfaks C,,False,0.0,0.0,0.0005571669025812298,0.00173095802310854,0.0044770680367946635,0.0,0.0,0.0,0.0,0.0,0.0,0.026834689080715162,0.11752308160066605,0.17530503273010253,0.2644988715648651
2049-10,2049-10-01,global_mlp,2026-03,0.539367,0.0005029903550166637,0.11586730182170868,False,0.0,0.0,external_power_zero,Gullfaks C,,False,0.0,0.0,0.0005029903550166637,0.0017644546111114318,0.004340766323730349,0.0,0.0,0.0,0.0,0.0,0.0,0.024621728062629685,0.11586730182170868,0.17485333532094954,0.2632513374090195
2049-11,2049-11-01,global_mlp,2026-03,0.539367,0.0004721208679256961,0.11412534490227699,False,0.0,0.0,external_power_zero,Gullfaks C,,False,0.0,0.0,0.0004721208679256961,0.0017699284944683303,0.003997697168961171,0.0,0.0,0.0,0.0,0.0,0.0,0.023414587788283796,0.11412534490227699,0.1727613672614097,0.2627891004085541
2049-12,2049-12-01,global_mlp,2026-03,0.539367,0.00035723275505006313,0.11269745603203773,False,0.0,0.0,external_power_zero,Gullfaks C,,False,0.0,0.0,0.00035723275505006313,0.001567148638423532,0.004570872196927672,0.0,0.0,0.0,0.0,0.0,0.0,0.02057574968785047,0.11269745603203773,0.17214870154857634,0.26276297569274903
2050-01,2050-01-01,global_mlp,2026-03,0.539367,0.0004933633172186092,0.11100923642516136,False,0.0,0.0,external_power_zero,Gullfaks C,,False,0.0,0.0,0.0004933633172186092,0.0015616386546753345,0.004289854038506748,0.0,0.0,0.0,0.0,0.0,0.0,0.01863963473588228,0.11100923642516136,0.169871586561203,0.2618066847324372
2050-02,2050-02-01,global_mlp,2026-03,0.539367,0.0002738311013672501,0.1066400520503521,False,0.0,0.0,external_power_zero,Gullfaks C,,False,0.0,0.0,0.0002738311013672501,0.0015912830480374395,0.004723467119038105,0.0,0.0,0.0,0.0,0.0,0.0,0.015651817992329585,0.1066400520503521,0.16608179658651345,0.2604838371276856
2050-03,2050-03-01,global_mlp,2026-03,0.539367,4.664918014896102e-05,0.10421614348888397,False,0.0,0.0,external_power_zero,Gullfaks C,,False,0.0,0.0,4.664918014896102e-05,0.0011781246401369558,0.00421486683189869,0.0,0.0,0.0,0.0,0.0,0.0,0.013541900645941473,0.10421614348888397,0.16533098369836802,0.25863972008228303
2050-04,2050-04-01,global_mlp,2026-03,0.539367,0.001070479629561305,0.10062184184789658,False,0.0,0.0,external_power_zero,Gullfaks C,,False,0.0,0.0,0.001070479629561305,0.0024184755980968466,0.004317555716261269,0.0,0.0,0.0,0.0,0.0,0.0,0.01035302840173241,0.10062184184789658,0.16081109195947643,0.25455758273601536
2050-05,2050-05-01,global_mlp,2026-03,0.539367,0.0010858423192985356,0.09892385452985764,False,0.0,0.0,external_power_zero,Gullfaks C,,False,0.0,0.0,0.0010858423192985356,0.0022854577284306286,0.004499036213383079,0.0,0.0,0.0,0.0,0.0,0.0,0.007686015125364062,0.09892385452985764,0.15751218646764756,0.2535193055868149
2050-06,2050-06-01,global_mlp,2026-03,0.539367,0.0009546606743242592,0.09451509267091751,False,0.0,0.0,external_power_zero,Gullfaks C,,False,0.0,0.0,0.0009546606743242592,0.002099977526813745,0.004497457901015879,0.0,0.0,0.0,0.0,0.0,0.0,0.006881973240524506,0.09451509267091751,0.15451498776674272,0.2513520896434784
2050-07,2050-07-01,global_mlp,2026-03,0.539367,0.000532581761945039,0.09242641925811768,False,0.0,0.0,external_power_zero,Gullfaks C,,False,0.0,0.0,0.000532581761945039,0.0018619153182953593,0.004441874753683807,0.0,0.0,0.0,0.0,0.0,0.0,0.004165069293230747,0.09242641925811768,0.15286676585674283,0.2502628743648529
2050-08,2050-08-01,global_mlp,2026-03,0.539367,0.0006483937031589448,0.09052877128124237,False,0.0,0.0,external_power_zero,Gullfaks C,,False,0.0,0.0,0.0006483937031589448,0.0018160995678044838,0.004496006993576885,0.0,0.0,0.0,0.0,0.0,0.0,0.0010008368641137959,0.09052877128124237,0.15113759040832517,0.24848021268844606
2050-09,2050-09-01,global_mlp,2026-03,0.539367,0.0005320482014212757,0.08948377147316933,False,0.0,0.0,external_power_zero,Gullfaks C,,False,0.0,0.0,0.0005320482014212757,0.0019534016959369175,0.004613318247720601,0.0,0.0,0.0,0.0,0.0,0.0,0.0,0.08948377147316933,0.14838975518941877,0.24751093238592148
2050-10,2050-10-01,global_mlp,2026-03,0.539367,0.000460138704511337,0.08669893816113472,False,0.0,0.0,external_power_zero,Gullfaks C,,False,0.0,0.0,0.000460138704511337,0.0017408796120434997,0.0040968030691146875,0.0,0.0,0.0,0.0,0.0,0.0,0.0,0.08669893816113472,0.14751380234956737,0.24623279869556428
2050-11,2050-11-01,global_mlp,2026-03,0.539367,0.00029930335585959256,0.08555381745100021,False,0.0,0.0,external_power_zero,Gullfaks C,,False,0.0,0.0,0.00029930335585959256,0.001625371992122381,0.0045777630060911175,0.0,0.0,0.0,0.0,0.0,0.0,0.0,0.08555381745100021,0.1452936232089996,0.24485291689634325
2050-12,2050-12-01,global_mlp,2026-03,0.539367,0.0001989014563150704,0.0843515619635582,False,0.0,0.0,external_power_zero,Gullfaks C,,False,0.0,0.0,0.0001989014563150704,0.0016522694146260618,0.004260799800977112,0.0,0.0,0.0,0.0,0.0,0.0,0.0,0.0843515619635582,0.1438972190022468,0.24409294575452806
2051-01,2051-01-01,global_mlp,2026-03,0.539367,0.0001718870407785289,0.08257165923714638,False,0.0,0.0,external_power_zero,Gullfaks C,,False,0.0,0.0,0.0001718870407785289,0.0017508274759165934,0.004091844754293562,0.0,0.0,0.0,0.0,0.0,0.0,0.0,0.08257165923714638,0.14145861119031905,0.24197713434696197
2051-02,2051-02-01,global_mlp,2026-03,0.539367,0.0001922834271681495,0.08077593520283699,False,0.0,0.0,external_power_zero,Gullfaks C,,False,0.0,0.0,0.0001922834271681495,0.0015652486588805911,0.004258746374398471,0.0,0.0,0.0,0.0,0.0,0.0,0.0,0.08077593520283699,0.13982540816068648,0.24048210084438326
2051-03,2051-03-01,global_mlp,2026-03,0.539367,0.0,0.07996121793985367,False,0.0,0.0,external_power_zero,Gullfaks C,,False,0.0,0.0,0.0,0.0014022304327227172,0.003703236812725664,0.0,0.0,0.0,0.0,0.0,0.0,0.0,0.07996121793985367,0.13889079093933104,0.23871184289455413
