month,date,variant,cutoff_month,remaining_reserves_start_msm3oe,production_forecast_msm3oe,remaining_reserves_end_msm3oe,production_was_clipped,fuel_gas_forecast_msm3,fuel_gas_forecast_sm3,fuel_forecast_method,fuel_source_field,fuel_zero_from_month,fuel_zero_override_applied,production_forecast_msm3oe_q10,production_forecast_msm3oe_q30,production_forecast_msm3oe_q50,production_forecast_msm3oe_q70,production_forecast_msm3oe_q90,fuel_gas_forecast_msm3_q10,fuel_gas_forecast_msm3_q30,fuel_gas_forecast_msm3_q50,fuel_gas_forecast_msm3_q70,fuel_gas_forecast_msm3_q90,remaining_reserves_end_msm3oe_q10,remaining_reserves_end_msm3oe_q30,remaining_reserves_end_msm3oe_q50,remaining_reserves_end_msm3oe_q70,remaining_reserves_end_msm3oe_q90
2026-04,2026-04-01,global_mlp,2026-03,13.399360000000001,0.08438330143690109,13.314976215362549,False,9.9330735206604,9933073.5206604,reported_conditioned_mlp,KRISTIN,,False,0.039616945758461954,0.06553079858422278,0.08438330143690109,0.10384741351008414,0.1294128730893135,6.072922039031982,8.66260051727295,9.9330735206604,10.915780639648437,13.011947441101077,13.269947052001953,13.29551191329956,13.314976215362549,13.333829021453857,13.359742450714112
2026-05,2026-05-01,global_mlp,2026-03,13.399360000000001,0.09088323637843132,13.224907875061035,False,9.563913822174072,9563913.822174072,reported_conditioned_mlp,KRISTIN,,False,0.044450653344392785,0.07028057351708412,0.09088323637843132,0.11412683501839638,0.14781110137701037,5.287606096267701,8.4839693069458,9.563913822174072,10.777418041229247,12.429979324340822,13.134764671325684,13.182212734222412,13.224907875061035,13.260229110717773,13.306169414520264
2026-06,2026-06-01,global_mlp,2026-03,13.399360000000001,0.08944252505898476,13.137159824371338,False,9.870344161987305,9870344.161987305,reported_conditioned_mlp,KRISTIN,,False,0.042656281217932704,0.07005341872572898,0.08944252505898476,0.11119573190808293,0.14870755821466447,5.421574354171753,8.553207206726075,9.870344161987305,10.968171787261962,12.773865985870362,12.993371963500977,13.075209903717042,13.137159824371338,13.190295028686524,13.249858188629151
2026-07,2026-07-01,global_mlp,2026-03,13.399360000000001,0.08047925308346748,13.060052394866943,False,10.213770866394043,10213770.866394043,reported_conditioned_mlp,KRISTIN,,False,0.03862212486565113,0.06332986578345298,0.08047925308346748,0.10560868382453917,0.14507204294204717,5.379658842086793,8.75889024734497,10.213770866394043,11.268421840667724,13.821112537384035,12.851051425933838,12.971403789520263,13.060052394866943,13.129058456420898,13.199017429351807
2026-08,2026-08-01,global_mlp,2026-03,13.399360000000001,0.0888560563325882,12.971764087677002,False,10.106844425201416,10106844.425201416,reported_conditioned_mlp,KRISTIN,,False,0.040065074712038046,0.06708066463470459,0.0888560563325882,0.112304700165987,0.1408144533634186,5.76029896736145,8.789055061340331,10.106844425201416,11.276625156402588,13.327060413360599,12.711502361297608,12.863252067565918,12.971764087677002,13.054239177703858,13.1441575050354
2026-09,2026-09-01,global_mlp,2026-03,13.399360000000001,0.08458513766527176,12.889919757843018,False,9.99808120727539,9998081.20727539,reported_conditioned_mlp,KRISTIN,,False,0.03190974760800601,0.06301333978772163,0.08458513766527176,0.10961452424526215,0.14527372717857362,5.076048135757446,8.65949010848999,9.99808120727539,11.507213020324704,13.826443958282473,12.583392906188966,12.755158615112304,12.889919757843018,12.98855209350586,13.106062984466552
2026-10,2026-10-01,global_mlp,2026-03,13.399360000000001,0.08184138685464859,12.802209854125977,False,9.792829990386963,9792829.990386963,reported_conditioned_mlp,KRISTIN,,False,0.030274839885532857,0.0594117172062397,0.08184138685464859,0.1070720091462135,0.14060548841953277,4.5607201099395756,8.440644836425781,9.792829990386963,11.311611270904539,14.138332462310792,12.470955657958985,12.654387855529786,12.802209854125977,12.922737312316894,13.06291332244873
2026-11,2026-11-01,global_mlp,2026-03,13.399360000000001,0.08641407638788223,12.708154201507568,False,10.45156717300415,10451567.17300415,reported_conditioned_mlp,KRISTIN,,False,0.03655066825449467,0.0651125080883503,0.08641407638788223,0.11130239740014074,0.14791567474603654,4.98485598564148,8.692831134796142,10.45156717300415,11.844435024261474,14.837169647216797,12.331938171386719,12.543038368225098,12.708154201507568,12.851554679870606,13.014066028594971
2026-12,2026-12-01,global_mlp,2026-03,13.399360000000001,0.07871460169553757,12.625177383422852,False,9.891392707824707,9891392.707824707,reported_conditioned_mlp,KRISTIN,,False,0.030173985846340668,0.057367179170250894,0.07871460169553757,0.10378058180212975,0.14705943912267685,4.687988138198853,8.26221351623535,9.891392707824707,11.23852891921997,13.664432048797607,12.184797382354736,12.433751678466797,12.625177383422852,12.789151191711426,12.972976398468017
2027-01,2027-01-01,global_mlp,2026-03,13.399360000000001,0.07238219678401947,12.558036804199219,False,9.925792694091797,9925792.694091797,reported_conditioned_mlp,KRISTIN,,False,0.02410105131566525,0.05419871918857097,0.07238219678401947,0.0991378292441368,0.14452401846647264,4.654285526275636,8.210033988952636,9.925792694091797,11.06215887069702,13.564850902557374,12.057330894470216,12.332014465332032,12.558036804199219,12.733596515655517,12.939457321166993
2027-02,2027-02-01,global_mlp,2026-03,13.399360000000001,0.07743716984987259,12.466737270355225,False,9.442577838897705,9442577.838897705,reported_conditioned_mlp,KRISTIN,,False,0.02268454991281033,0.05717388205230236,0.07743716984987259,0.1033102810382843,0.14193957895040513,4.097920513153077,7.671882534027099,9.442577838897705,11.183476638793945,14.568130493164066,11.914168548583984,12.23657054901123,12.466737270355225,12.670775318145752,12.890042209625244
2027-03,2027-03-01,global_mlp,2026-03,13.399360000000001,0.07218833640217781,12.401114463806152,False,9.894271850585938,9894271.850585938,reported_conditioned_mlp,KRISTIN,,False,0.006783346924930814,0.05201070420444011,0.07218833640217781,0.09144795611500739,0.13263980001211167,3.2489273309707647,7.6951957702636715,9.894271850585938,11.290780639648437,13.883786773681642,11.807999992370606,12.149248027801514,12.401114463806152,12.617276287078857,12.851116371154784
2027-04,2027-04-01,global_mlp,2026-03,13.399360000000001,0.05488995276391506,12.354175090789795,False,9.007790088653564,9007790.088653564,reported_conditioned_mlp,KRISTIN,,False,0.015346666239202026,0.03463908433914184,0.05488995276391506,0.07212705314159393,0.10375943407416344,4.424541711807252,7.187071132659912,9.007790088653564,10.37365846633911,12.381757640838623,11.69474458694458,12.087657833099366,12.354175090789795,12.576902389526367,12.824309635162354
2027-05,2027-05-01,global_mlp,2026-03,13.399360000000001,0.06069179065525532,12.299068927764893,False,8.647703647613525,8647703.647613525,reported_conditioned_mlp,KRISTIN,,False,0.02275393474847079,0.04401913844048977,0.06069179065525532,0.08162282928824421,0.11416047289967537,4.158438634872437,6.90367956161499,8.647703647613525,10.47107534408569,12.912890911102297,11.598389053344727,12.010028457641601,12.299068927764893,12.52692985534668,12.805925559997558
2027-06,2027-06-01,global_mlp,2026-03,13.399360000000001,0.05888614058494568,12.243678092956543,False,9.653034210205078,9653034.210205078,reported_conditioned_mlp,KRISTIN,,False,0.017069303244352345,0.04056450873613357,0.05888614058494568,0.08181366175413131,0.11683865934610367,4.444371891021729,7.748065137863159,9.653034210205078,11.153755569458008,13.465740585327149,11.523733711242675,11.932817935943604,12.243678092956543,12.474156856536865,12.772381019592284
2027-07,2027-07-01,global_mlp,2026-03,13.399360000000001,0.054299233481287956,12.199716091156006,False,9.261529445648193,9261529.445648193,reported_conditioned_mlp,KRISTIN,,False,0.014552072156220676,0.033995408192276956,0.054299233481287956,0.07544209361076355,0.11071661636233333,3.9914153814315796,7.051181173324585,9.261529445648193,10.765417861938475,12.878620147705078,11.432551765441895,11.865826892852784,12.199716091156006,12.426613616943358,12.73211374282837
2027-08,2027-08-01,global_mlp,2026-03,13.399360000000001,0.05858507566154003,12.134184837341309,False,8.769403457641602,8769403.457641602,reported_conditioned_mlp,KRISTIN,,False,0.0191947290673852,0.04062367714941501,0.05858507566154003,0.07691902816295619,0.10938787609338761,2.8989565134048463,6.343419885635375,8.769403457641602,10.841654682159424,13.174765586853027,11.332083892822265,11.801804542541504,12.134184837341309,12.379926395416259,12.700541687011718
2027-09,2027-09-01,global_mlp,2026-03,13.399360000000001,0.057025812566280365,12.067368984222412,False,9.504926204681396,9504926.204681396,reported_conditioned_mlp,KRISTIN,,False,0.013313194084912546,0.03754141256213188,0.057025812566280365,0.08025260567665099,0.1245369173586369,3.3984970092773445,7.243893051147461,9.504926204681396,11.478253269195557,14.460463905334473,11.203034591674804,11.721913146972657,12.067368984222412,12.336840343475341,12.673139762878417
2027-10,2027-10-01,global_mlp,2026-03,13.399360000000001,0.04873179271817207,11.99841594696045,False,8.668447971343994,8668447.971343994,reported_conditioned_mlp,KRISTIN,,False,0.008357858192175627,0.031275475211441514,0.04873179271817207,0.0762734703719616,0.12076372653245927,3.127443075180054,6.844057035446166,8.668447971343994,10.757052040100096,13.699177742004398,11.119254207611084,11.656606197357178,11.99841594696045,12.287239933013915,12.640252876281739
2027-11,2027-11-01,global_mlp,2026-03,13.399360000000001,0.052087051793932915,11.93144941329956,False,9.482247352600098,9482247.352600098,reported_conditioned_mlp,KRISTIN,,False,0.01248641209676862,0.035002516210079195,0.052087051793932915,0.07728056833148,0.11898990869522098,3.2149787425994876,7.417120599746704,9.482247352600098,11.051185226440428,13.719578838348388,11.030873012542724,11.59608850479126,11.93144941329956,12.257760334014893,12.60543327331543
2027-12,2027-12-01,global_mlp,2026-03,13.399360000000001,0.04996542073786259,11.868036270141602,False,9.366220474243164,9366220.474243164,reported_conditioned_mlp,KRISTIN,,False,0.009979875758290294,0.03339433073997497,0.04996542073786259,0.07361804917454719,0.11842532083392145,3.138057732582092,7.108926630020141,9.366220474243164,11.26145429611206,14.099521923065186,10.94079875946045,11.541134643554688,11.868036270141602,12.226461791992188,12.57274742126465
2028-01,2028-01-01,global_mlp,2026-03,13.399360000000001,0.04665462300181389,11.819609642028809,False,8.706666946411133,8706666.946411133,reported_conditioned_mlp,KRISTIN,,False,0.006397287640720607,0.028411451913416385,0.04665462300181389,0.06846833676099776,0.11229190155863764,2.9076564788818366,6.480299091339111,8.706666946411133,10.863905906677246,13.87596073150635,10.869362163543702,11.470731163024903,11.819609642028809,12.182730388641357,12.549256515502929
2028-02,2028-02-01,global_mlp,2026-03,13.399360000000001,0.050378987565636635,11.765870571136475,False,8.690401554107666,8690401.554107666,reported_conditioned_mlp,KRISTIN,,False,0.007205839781090623,0.0315639067441225,0.050378987565636635,0.0733267292380333,0.11811487376689915,2.475666189193726,6.304031801223755,8.690401554107666,10.60245590209961,14.550527954101566,10.748476600646972,11.421051788330079,11.765870571136475,12.144184494018555,12.520607185363769
2028-03,2028-03-01,global_mlp,2026-03,13.399360000000001,0.046732235699892044,11.705579280853271,False,8.576273918151855,8576273.918151855,reported_conditioned_mlp,KRISTIN,,False,0.0018245723214931793,0.026526354253292084,0.046732235699892044,0.06669554784893986,0.10884726569056517,2.3337358713150027,6.321836805343628,8.576273918151855,10.294077587127685,13.567279148101813,10.6730393409729,11.363093757629395,11.705579280853271,12.110561084747314,12.501317405700684
2028-04,2028-04-01,global_mlp,2026-03,13.399360000000001,0.04706168919801712,11.65259838104248,False,8.365678787231445,8365678.787231445,reported_conditioned_mlp,KRISTIN,,False,0.011013213358819485,0.032086843997240065,0.04706168919801712,0.06694748774170875,0.10089343339204788,2.864029932022095,6.152929830551147,8.365678787231445,10.192034435272216,12.33532009124756,10.63777265548706,11.316984939575196,11.65259838104248,12.061938667297364,12.461483669281005
2028-05,2028-05-01,global_mlp,2026-03,13.399360000000001,0.05198405124247074,11.5995512008667,False,8.259483337402344,8259483.337402344,reported_conditioned_mlp,KRISTIN,,False,0.014424137026071548,0.036037246137857436,0.05198405124247074,0.07094191387295723,0.10673822686076166,2.5984789133071904,6.112829971313476,8.259483337402344,9.918626308441162,12.500681972503664,10.574339962005615,11.23981237411499,11.5995512008667,12.013215732574462,12.403741359710693
2028-06,2028-06-01,global_mlp,2026-03,13.399360000000001,0.051974980160593987,11.53374719619751,False,8.495458602905273,8495458.602905273,reported_conditioned_mlp,KRISTIN,,False,0.012199531402438882,0.03342889025807381,0.051974980160593987,0.07289012297987937,0.10899556428194047,3.3138090848922737,6.098932266235352,8.495458602905273,10.138178157806394,12.990115451812745,10.48569860458374,11.17808952331543,11.53374719619751,11.962058448791504,12.369277858734131
2028-07,2028-07-01,global_mlp,2026-03,13.399360000000001,0.0445695910602808,11.487390518188477,False,8.373371124267578,8373371.124267578,reported_conditioned_mlp,KRISTIN,,False,0.006633122777566319,0.028680871985852716,0.0445695910602808,0.06617057994008065,0.09493110179901124,2.4251777172088627,5.966218137741088,8.373371124267578,10.283186531066894,12.751235866546633,10.400619411468506,11.124215030670166,11.487390518188477,11.916188049316407,12.321616935729981
2028-08,2028-08-01,global_mlp,2026-03,13.399360000000001,0.050379978492856026,11.449360847473145,False,7.894078493118286,7894078.493118286,reported_conditioned_mlp,KRISTIN,,False,0.011960764788091188,0.033419301733374596,0.050379978492856026,0.07330874651670455,0.10783097818493843,1.6224220752716065,5.562307453155517,7.894078493118286,10.143099784851074,13.104254913330077,10.328288459777832,11.057008266448975,11.449360847473145,11.873809146881104,12.299163055419921
2028-09,2028-09-01,global_mlp,2026-03,13.399360000000001,0.04824217036366463,11.392762660980225,False,8.13991641998291,8139916.41998291,reported_conditioned_mlp,KRISTIN,,False,0.00818867413327098,0.03026214111596346,0.04824217036366463,0.07069000899791715,0.10288045257329943,1.7945766925811772,5.684077501296997,8.13991641998291,10.438952350616454,13.31051197052002,10.234602355957032,11.015567588806153,11.392762660980225,11.837111282348634,12.272567653656006
2028-10,2028-10-01,global_mlp,2026-03,13.399360000000001,0.045886699110269547,11.347087860107422,False,7.8584303855896,7858430.3855896,reported_conditioned_mlp,KRISTIN,,False,0.0022355166845954982,0.025650170259177683,0.045886699110269547,0.06996560692787167,0.10342674925923356,1.7165314555168154,5.529100942611694,7.8584303855896,10.402552223205566,13.904725837707522,10.140185070037841,10.94473648071289,11.347087860107422,11.791885948181152,12.229513359069825
2028-11,2028-11-01,global_mlp,2026-03,13.399360000000001,0.05178419128060341,11.316978454589844,False,8.358257293701172,8358257.293701172,reported_conditioned_mlp,KRISTIN,,False,0.007453863788396122,0.02934094686061144,0.05178419128060341,0.07268521711230277,0.10772072002291684,1.504470181465149,5.9976946830749505,8.358257293701172,10.969575119018554,14.140528202056887,10.023419761657715,10.856870365142822,11.316978454589844,11.752872657775878,12.187352752685547
2028-12,2028-12-01,global_mlp,2026-03,13.399360000000001,0.047597553580999374,11.288025379180908,False,8.360156536102295,8360156.536102295,reported_conditioned_mlp,KRISTIN,,False,0.0,0.027178020216524594,0.047597553580999374,0.06767597496509549,0.11204493418335915,1.6270754933357248,5.727694368362426,8.360156536102295,10.514215755462647,14.167806816101074,9.972933578491212,10.80716905593872,11.288025379180908,11.709213256835938,12.170454502105713
2029-01,2029-01-01,global_mlp,2026-03,13.399360000000001,0.04423487186431885,11.231967449188232,False,7.686048984527588,7686048.984527588,reported_conditioned_mlp,KRISTIN,,False,0.0,0.02276007458567619,0.04423487186431885,0.061560584232211106,0.0989551216363907,1.4623239874839784,5.1987952232360835,7.686048984527588,10.100850200653074,13.892886638641361,9.87139015197754,10.734482765197754,11.231967449188232,11.690991592407226,12.14022455215454
2029-02,2029-02-01,global_mlp,2026-03,13.399360000000001,0.0467324648052454,11.151957511901855,False,7.970645189285278,7970645.189285278,reported_conditioned_mlp,KRISTIN,,False,0.0,0.026272700913250444,0.0467324648052454,0.06545977517962455,0.10212264806032181,1.343624639511109,4.933183813095092,7.970645189285278,10.472733020782469,13.940582084655762,9.796705150604248,10.674279499053956,11.151957511901855,11.640712642669678,12.109252548217773
2029-03,2029-03-01,global_mlp,2026-03,13.399360000000001,0.03921413980424404,11.122642993927002,False,7.61054253578186,7610542.53578186,reported_conditioned_mlp,KRISTIN,,False,0.0,0.019907226786017414,0.03921413980424404,0.05913067199289798,0.0923461675643921,1.1731346011161807,4.789892387390136,7.61054253578186,10.122930717468261,13.467425632476807,9.736715984344482,10.630569171905517,11.122642993927002,11.615539360046386,12.078734970092773
2029-04,2029-04-01,global_mlp,2026-03,13.399360000000001,0.04057587869465351,11.085577487945557,False,7.5187647342681885,7518764.7342681885,reported_conditioned_mlp,KRISTIN,,False,0.007145297573879363,0.02650800161063671,0.04057587869465351,0.05939321592450141,0.08566967248916627,1.9052156329154972,5.372761249542235,7.5187647342681885,9.642955017089843,11.998815822601319,9.681239223480224,10.574224662780761,11.085577487945557,11.583765792846679,12.020080280303954
2029-05,2029-05-01,global_mlp,2026-03,13.399360000000001,0.048170022666454315,11.056844234466553,False,7.424521446228027,7424521.446228027,reported_conditioned_mlp,KRISTIN,,False,0.010928189847618343,0.031713223457336424,0.048170022666454315,0.06997008770704269,0.09781981408596038,1.5834268331527712,5.012919855117796,7.424521446228027,9.517455577850342,11.766412925720216,9.618422412872315,10.513075828552246,11.056844234466553,11.539839744567871,11.976180076599121
2029-06,2029-06-01,global_mlp,2026-03,13.399360000000001,0.0421657208353281,11.01471471786499,False,7.326866865158081,7326866.865158081,reported_conditioned_mlp,KRISTIN,,False,0.008199914917349818,0.0265548313036561,0.0421657208353281,0.0594767216593027,0.09527856335043909,1.9643844127655037,4.787696743011474,7.326866865158081,9.396106338500976,12.396881198883056,9.577810955047607,10.47611494064331,11.01471471786499,11.477628898620605,11.949156951904296
2029-07,2029-07-01,global_mlp,2026-03,13.399360000000001,0.03922068327665329,10.974811553955078,False,7.175961256027222,7175961.256027222,reported_conditioned_mlp,KRISTIN,,False,0.0018229171750135755,0.021752529591321946,0.03922068327665329,0.056608274951577164,0.09263876825571062,1.821188545227051,4.966576480865477,7.175961256027222,9.508040046691894,13.56609106063843,9.487432193756103,10.428093433380127,10.974811553955078,11.447541522979737,11.910871601104736
2029-08,2029-08-01,global_mlp,2026-03,13.399360000000001,0.04344478063285351,10.934715270996094,False,6.6343834400177,6634383.4400177,reported_conditioned_mlp,KRISTIN,,False,0.0073138826992362755,0.02725572995841503,0.04344478063285351,0.059552408754825585,0.09268672317266465,0.8677542328834537,3.772342801094055,6.6343834400177,9.413271141052245,12.617314338684082,9.415849781036377,10.378440189361573,10.934715270996094,11.384669685363768,11.87334451675415
2029-09,2029-09-01,global_mlp,2026-03,13.399360000000001,0.039367398247122765,10.907077312469482,False,7.187446355819702,7187446.355819702,reported_conditioned_mlp,KRISTIN,,False,0.0015267627430148437,0.02127105835825205,0.039367398247122765,0.05787523165345191,0.08663689270615578,1.1618489265441896,4.368107414245605,7.187446355819702,9.9753846168518,13.031128120422364,9.348038482666016,10.32746925354004,10.907077312469482,11.345717906951904,11.83746862411499
2029-10,2029-10-01,global_mlp,2026-03,13.399360000000001,0.037895992398262024,10.863452911376953,False,6.642999172210693,6642999.172210693,reported_conditioned_mlp,KRISTIN,,False,0.0007262810133397625,0.0222297379747033,0.037895992398262024,0.05573321767151355,0.08917010799050333,1.3464141726493837,4.159332513809204,6.642999172210693,9.70262928009033,13.3868408203125,9.31055088043213,10.281204891204833,10.863452911376953,11.301674938201904,11.815263938903808
2029-11,2029-11-01,global_mlp,2026-03,13.399360000000001,0.04044868238270283,10.824521541595459,False,7.051975727081299,7051975.727081299,reported_conditioned_mlp,KRISTIN,,False,0.0,0.02157396916300058,0.04044868238270283,0.061851895228028295,0.0937500633299351,1.0707211017608644,4.445120906829834,7.051975727081299,9.636702442169188,12.877246093750003,9.235116958618164,10.21884651184082,10.824521541595459,11.247064876556397,11.781519031524658
2029-12,2029-12-01,global_mlp,2026-03,13.399360000000001,0.03980236314237118,10.763874053955078,False,7.036431312561035,7036431.312561035,reported_conditioned_mlp,KRISTIN,,False,0.0,0.020722355693578717,0.03980236314237118,0.06169606409966945,0.09449878931045534,0.8415334999561315,4.186326599121093,7.036431312561035,9.358560371398925,12.822752475738525,9.142890930175781,10.18114881515503,10.763874053955078,11.211773872375488,11.776089668273926
2030-01,2030-01-01,global_mlp,2026-03,13.399360000000001,0.03740205988287926,10.72242021560669,False,6.401312828063965,6401312.828063965,reported_conditioned_mlp,KRISTIN,,False,0.0,0.017691889218986033,0.03740205988287926,0.05720037147402762,0.09093955457210544,0.6012062311172488,3.783689069747924,6.401312828063965,9.213887977600095,12.628840351104737,9.083347702026368,10.136389350891113,10.72242021560669,11.16716318130493,11.761169910430908
2030-02,2030-02-01,global_mlp,2026-03,13.399360000000001,0.037992704659700394,10.68692684173584,False,6.463744640350342,6463744.640350342,reported_conditioned_mlp,KRISTIN,,False,0.0,0.0219972288236022,0.037992704659700394,0.05573811233043664,0.08904026821255685,0.7649197399616243,3.670220637321472,6.463744640350342,9.438493919372553,12.913344478607177,9.031449317932129,10.097468185424805,10.68692684173584,11.117668437957763,11.73337173461914
2030-03,2030-03-01,global_mlp,2026-03,13.399360000000001,0.03269077464938164,10.642260074615479,False,5.842196226119995,5842196.226119995,reported_conditioned_mlp,KRISTIN,,False,0.0,0.0169936079531908,0.03269077464938164,0.05060693658888339,0.08362496867775919,0.8085963249206545,3.1403024196624756,5.842196226119995,8.666662406921386,12.786668491363526,9.012998485565186,10.067474460601806,10.642260074615479,11.092450809478759,11.714787673950195
2030-04,2030-04-01,global_mlp,2026-03,13.399360000000001,0.038650015369057655,10.60123872756958,False,6.080689430236816,6080689.430236816,reported_conditioned_mlp,KRISTIN,,False,0.004709080327302218,0.023843449167907232,0.038650015369057655,0.05572368577122685,0.08292241916060449,1.4358583331108095,3.2858606815338134,6.080689430236816,9.018424797058103,11.960442924499512,8.987651157379151,10.008801555633545,10.60123872756958,11.048666858673096,11.666401863098145
2030-05,2030-05-01,global_mlp,2026-03,13.399360000000001,0.0434255376458168,10.5437912940979,False,5.834461688995361,5834461.688995361,reported_conditioned_mlp,KRISTIN,,False,0.009403671324253083,0.030098377168178553,0.0434255376458168,0.06453507244586944,0.09267367497086525,1.372008562088013,3.088851237297057,5.834461688995361,8.614774227142334,11.83869743347168,8.947987842559815,9.957837772369384,10.5437912940979,10.99305305480957,11.613016128540039
2030-06,2030-06-01,global_mlp,2026-03,13.399360000000001,0.04115109704434872,10.499338626861572,False,6.150435924530029,6150435.924530029,reported_conditioned_mlp,KRISTIN,,False,0.006084524327889091,0.025619730539619922,0.04115109704434872,0.05906106382608413,0.0916274778544903,1.353605329990387,3.6293083429336535,6.150435924530029,8.81589488983154,12.108799171447755,8.914932537078858,9.900714874267578,10.499338626861572,10.935052108764648,11.567534446716309
2030-07,2030-07-01,global_mlp,2026-03,13.399360000000001,0.03553249500691891,10.465373039245605,False,5.9809393882751465,5980939.3882751465,reported_conditioned_mlp,KRISTIN,,False,0.0016252392088063066,0.018474903702735898,0.03553249500691891,0.054182888567447664,0.07685184627771378,1.4354848623275758,3.1235146999359125,5.9809393882751465,8.698118782043457,11.625644397735597,8.864736557006836,9.885204792022705,10.465373039245605,10.898627948760986,11.542826461791993
2030-08,2030-08-01,global_mlp,2026-03,13.399360000000001,0.04241177439689636,10.410171031951904,False,5.415157079696655,5415157.079696655,reported_conditioned_mlp,KRISTIN,,False,0.0077791350428015014,0.025590627081692217,0.04241177439689636,0.059855993092060085,0.08800043910741806,0.6659304201602936,2.0860760211944576,5.415157079696655,8.397791671752929,11.706604766845706,8.806183433532714,9.860112857818603,10.410171031951904,10.860029411315917,11.506543827056884
2030-09,2030-09-01,global_mlp,2026-03,13.399360000000001,0.03756798431277275,10.35295820236206,False,5.418686628341675,5418686.628341675,reported_conditioned_mlp,KRISTIN,,False,0.0017400418524630376,0.020302993990480897,0.03756798431277275,0.05703344531357285,0.08932308703660967,1.093198585510254,2.809198522567749,5.418686628341675,8.7015417098999,12.460389423370362,8.773798084259033,9.836127948760986,10.35295820236206,10.828378868103027,11.444504070281983
2030-10,2030-10-01,global_mlp,2026-03,13.399360000000001,0.03909829445183277,10.31727409362793,False,5.679180383682251,5679180.383682251,reported_conditioned_mlp,KRISTIN,,False,0.0,0.022140587866306304,0.03909829445183277,0.05854389704763886,0.09100058376789094,1.2388582944869995,2.933451604843139,5.679180383682251,8.521889781951902,12.478143978118899,8.7215970993042,9.781615734100342,10.31727409362793,10.799262809753417,11.405702018737793
2030-11,2030-11-01,global_mlp,2026-03,13.399360000000001,0.04198830388486385,10.271617889404297,False,5.469932317733765,5469932.317733765,reported_conditioned_mlp,KRISTIN,,False,0.0,0.026822261698544025,0.04198830388486385,0.05960661880671977,0.0962774895131588,0.7629561007022859,2.6566758394241328,5.469932317733765,9.042769145965575,12.727258968353272,8.665087223052979,9.713442134857178,10.271617889404297,10.750708389282225,11.380695724487305
2030-12,2030-12-01,global_mlp,2026-03,13.399360000000001,0.03800404816865921,10.216535091400146,False,5.707876682281494,5707876.682281494,reported_conditioned_mlp,KRISTIN,,False,0.0,0.020535665191709993,0.03800404816865921,0.05713833682239054,0.09079751893877988,0.5039241880178452,2.840070128440856,5.707876682281494,8.795830726623533,13.36153211593628,8.614907932281493,9.681961154937744,10.216535091400146,10.724980068206786,11.349657154083253
2031-01,2031-01-01,global_mlp,2026-03,13.399360000000001,0.03559586964547634,10.184119701385498,False,5.0933966636657715,5093396.6636657715,reported_conditioned_mlp,KRISTIN,,False,0.0,0.01942906584590673,0.03559586964547634,0.05744902230799197,0.08759897649288177,0.5074526727199556,2.323976683616638,5.0933966636657715,8.245768737792966,12.427204608917238,8.540618801116944,9.629999256134033,10.184119701385498,10.691108703613281,11.319028568267823
2031-02,2031-02-01,global_mlp,2026-03,13.399360000000001,0.04082008823752403,10.136029243469238,False,5.496664524078369,5496664.524078369,reported_conditioned_mlp,KRISTIN,,False,0.0,0.022632784582674502,0.04082008823752403,0.05760657452046869,0.09134213551878931,0.5579547047615052,2.1848754644393913,5.496664524078369,7.8010166645050045,13.136370754241945,8.471689319610595,9.580666065216064,10.136029243469238,10.65975580215454,11.28148374557495
2031-03,2031-03-01,global_mlp,2026-03,13.399360000000001,0.03265596553683281,10.10070276260376,False,5.177153587341309,5177153.587341309,reported_conditioned_mlp,KRISTIN,,False,0.0,0.017977980338037013,0.03265596553683281,0.049917246773839,0.08398873955011368,0.534951287508011,2.44552412033081,5.177153587341309,7.491503953933716,12.132346725463869,8.394070148468018,9.528255939483643,10.10070276260376,10.613201236724853,11.253192615509034
2031-04,2031-04-01,global_mlp,2026-03,13.399360000000001,0.03608216717839241,10.062122821807861,False,4.2517454624176025,4251745.462417603,reported_conditioned_mlp,KRISTIN,,False,0.003644430194981401,0.021308296732604502,0.03608216717839241,0.05391230434179305,0.07909217178821565,0.7848787724971772,2.3433982372283935,4.2517454624176025,7.0423661231994625,11.285725307464602,8.336636447906494,9.479167366027832,10.062122821807861,10.56516361236572,11.224391174316407
2031-05,2031-05-01,global_mlp,2026-03,13.399360000000001,0.04496731236577034,10.021913051605225,False,3.866365909576416,3866365.909576416,reported_conditioned_mlp,KRISTIN,,False,0.007515483954921371,0.028106894157826898,0.04496731236577034,0.060328825190663335,0.09173081666231156,0.7568778395652773,2.166277861595154,3.866365909576416,7.059385633468626,10.504356861114504,8.284642219543457,9.411796283721923,10.021913051605225,10.51689691543579,11.191626739501954
2031-06,2031-06-01,global_mlp,2026-03,13.399360000000001,0.03911455161869526,9.981199264526367,False,4.116222143173218,4116222.143173218,reported_conditioned_mlp,KRISTIN,,False,0.0044150252826511876,0.02547313533723354,0.03911455161869526,0.06108899973332882,0.08799476772546769,0.8732709825038911,2.3935836791992187,4.116222143173218,7.3548048496246325,11.104375648498536,8.24846658706665,9.363246440887451,9.981199264526367,10.458154487609862,11.15561466217041
2031-07,2031-07-01,global_mlp,2026-03,13.399360000000001,0.036566365510225296,9.916544437408447,False,4.112101316452026,4112101.3164520264,reported_conditioned_mlp,KRISTIN,,False,0.002579546975903213,0.019887310639023777,0.036566365510225296,0.05691542439162731,0.08290629908442498,0.7018120467662812,2.233418822288513,4.112101316452026,7.15544009208679,11.687695312500002,8.217775821685791,9.310490322113036,9.916544437408447,10.404753112792969,11.11328935623169
2031-08,2031-08-01,global_mlp,2026-03,13.399360000000001,0.04047924838960171,9.865028381347656,False,3.099353790283203,3099353.790283203,reported_conditioned_mlp,KRISTIN,,False,0.005138518195599327,0.025373300537467,0.04047924838960171,0.05937107987701892,0.08634758964180947,0.18495373874902737,1.3489094734191893,3.099353790283203,7.03663830757141,10.715376853942871,8.175185012817384,9.253034782409667,9.865028381347656,10.379791450500488,11.055885028839112
2031-09,2031-09-01,global_mlp,2026-03,13.399360000000001,0.03880111128091812,9.805858135223389,False,3.5342559814453125,3534255.9814453125,reported_conditioned_mlp,KRISTIN,,False,0.0,0.020711657963693134,0.03880111128091812,0.05463721081614494,0.09247500821948051,0.36479665935039524,1.6640442848205563,3.5342559814453125,7.082818078994751,11.078287315368655,8.140438461303711,9.16954345703125,9.805858135223389,10.331030464172363,11.010512351989746
2031-10,2031-10-01,global_mlp,2026-03,13.399360000000001,0.03407820872962475,9.74619436264038,False,3.58090341091156,3580903.41091156,reported_conditioned_mlp,KRISTIN,,False,0.0,0.015676884353160857,0.03407820872962475,0.05716706588864325,0.0832893252372742,0.4543535321950913,2.015418982505798,3.58090341091156,6.555570125579828,10.43579664230347,8.052100372314452,9.123395252227784,9.74619436264038,10.299087810516356,11.005799293518066
2031-11,2031-11-01,global_mlp,2026-03,13.399360000000001,0.03537812642753124,9.709012985229492,False,3.7759735584259033,3775973.5584259033,reported_conditioned_mlp,KRISTIN,,False,0.0,0.018428755737841127,0.03537812642753124,0.05951538085937498,0.09880420044064522,0.30359778404235865,1.5399297833442684,3.7759735584259033,7.1267672061920155,10.898854541778565,8.030479145050048,9.08174638748169,9.709012985229492,10.264188766479492,11.005795574188232
2031-12,2031-12-01,global_mlp,2026-03,13.399360000000001,0.03646687977015972,9.678677082061768,False,3.7574039697647095,3757403.9697647095,reported_conditioned_mlp,KRISTIN,,False,0.0,0.01949197705835104,0.03646687977015972,0.05874357968568799,0.09900520592927933,0.05760796628892431,1.4864037632942193,3.7574039697647095,7.54612679481506,12.00004062652588,7.970473766326904,9.027530288696289,9.678677082061768,10.205242252349853,10.992165660858154
2032-01,2032-01-01,global_mlp,2026-03,13.399360000000001,0.034805357456207275,9.609313488006592,False,3.3388612270355225,3338861.2270355225,reported_conditioned_mlp,KRISTIN,,False,0.0,0.01798426955938339,0.034805357456207275,0.05824114158749577,0.09614772722125055,0.03836062122136359,1.4467069864273068,3.3388612270355225,7.127653980255124,11.155114746093751,7.926130867004395,8.979532241821289,9.609313488006592,10.15460844039917,10.981754112243653
2032-02,2032-02-01,global_mlp,2026-03,13.399360000000001,0.0340499896556139,9.57014513015747,False,3.2819180488586426,3281918.0488586426,reported_conditioned_mlp,KRISTIN,,False,0.0,0.019620565883815288,0.0340499896556139,0.05137654133141039,0.0881459027528763,0.025181727204471916,1.3472952723503107,3.2819180488586426,6.955835485458374,10.971950531005861,7.863141489028931,8.930273914337159,9.57014513015747,10.108334922790528,10.962770462036133
2032-03,2032-03-01,global_mlp,2026-03,13.399360000000001,0.02911337185651064,9.556218147277832,False,3.4996412992477417,3499641.2992477417,reported_conditioned_mlp,KRISTIN,,False,0.0,0.014447657670825719,0.02911337185651064,0.04611840359866619,0.08324888944625855,0.0,1.371423006057739,3.4996412992477417,6.908226537704467,11.060755825042726,7.75659065246582,8.862340641021728,9.556218147277832,10.1050461769104,10.94660701751709
2032-04,2032-04-01,global_mlp,2026-03,13.399360000000001,0.037108248099684715,9.51562786102295,False,3.140295147895813,3140295.147895813,reported_conditioned_mlp,KRISTIN,,False,0.0031579117756336955,0.022227979451417922,0.037108248099684715,0.050991448387503614,0.07995571047067643,0.7261633038520814,1.8745791435241697,3.140295147895813,6.231913232803343,10.621501731872561,7.689231872558594,8.830563163757324,9.51562786102295,10.080520534515381,10.903133869171143
2032-05,2032-05-01,global_mlp,2026-03,13.399360000000001,0.04475581459701061,9.456462860107422,False,3.0302034616470337,3030203.4616470337,reported_conditioned_mlp,KRISTIN,,False,0.008277359511703252,0.02843996062874794,0.04475581459701061,0.06086371354758739,0.09212568476796151,0.6331356048583988,1.5523925065994262,3.0302034616470337,5.795319175720207,9.93158130645752,7.638940334320068,8.734970188140869,9.456462860107422,10.061368370056153,10.855523681640625
2032-06,2032-06-01,global_mlp,2026-03,13.399360000000001,0.041466595605015755,9.41429615020752,False,3.1978607177734375,3197860.7177734375,reported_conditioned_mlp,KRISTIN,,False,0.007812318112701178,0.02606097925454378,0.041466595605015755,0.058828550577163685,0.0882022723555566,0.6969220101833344,1.9226355314254757,3.1978607177734375,5.96971158981323,10.444530487060549,7.5652594566345215,8.676871204376221,9.41429615020752,10.02463436126709,10.798582839965821
2032-07,2032-07-01,global_mlp,2026-03,13.399360000000001,0.03519657999277115,9.369531631469727,False,3.0155208110809326,3015520.8110809326,reported_conditioned_mlp,KRISTIN,,False,0.0029203449375927457,0.02126424331218004,0.03519657999277115,0.04979617483913897,0.08080659955739981,0.6218415379524231,1.8524066686630247,3.0155208110809326,5.8365602970123245,10.10877504348755,7.444463682174683,8.6319411277771,9.369531631469727,10.002040195465087,10.76776819229126
2032-08,2032-08-01,global_mlp,2026-03,13.399360000000001,0.04001164436340332,9.316534996032715,False,1.9922963976860046,1992296.3976860046,reported_conditioned_mlp,KRISTIN,,False,0.008560662530362608,0.02726680133491754,0.04001164436340332,0.05830591060221194,0.08374813646078112,0.12227217257022863,0.8231063425540924,1.9922963976860046,4.80203170776367,10.111770534515383,7.358247804641724,8.594580078125,9.316534996032715,9.963739776611328,10.73877420425415
2032-09,2032-09-01,global_mlp,2026-03,13.399360000000001,0.039822060614824295,9.292236804962158,False,2.394062042236328,2394062.042236328,reported_conditioned_mlp,KRISTIN,,False,0.004489920428022745,0.02320750318467617,0.039822060614824295,0.054055851325392715,0.0857463575899601,0.1329059273004532,1.2636032462120057,2.394062042236328,5.6107624530792215,10.711599636077882,7.300227117538452,8.547219467163085,9.292236804962158,9.93518362045288,10.693216800689697
2032-10,2032-10-01,global_mlp,2026-03,13.399360000000001,0.037385184317827225,9.25927448272705,False,2.9762715101242065,2976271.5101242065,reported_conditioned_mlp,KRISTIN,,False,0.002532249479554594,0.021773773618042468,0.037385184317827225,0.05596764497458933,0.08629680499434471,0.43725914955139167,1.5284015417098997,2.9762715101242065,5.711057376861569,10.129889869689944,7.232517385482788,8.53422145843506,9.25927448272705,9.909593296051025,10.665948867797852
2032-11,2032-11-01,global_mlp,2026-03,13.399360000000001,0.038619495928287506,9.211011409759521,False,2.656670570373535,2656670.570373535,reported_conditioned_mlp,KRISTIN,,False,0.0025697613833472145,0.021425743773579597,0.038619495928287506,0.05721265785396099,0.09494206234812738,0.10234763845801377,1.0829004645347595,2.656670570373535,5.532795715332031,10.384870624542236,7.20041561126709,8.519386959075927,9.211011409759521,9.886027431488037,10.634310436248779
2032-12,2032-12-01,global_mlp,2026-03,13.399360000000001,0.03817042149603367,9.163650512695312,False,2.085092306137085,2085092.306137085,reported_conditioned_mlp,KRISTIN,,False,0.0,0.023264365643262862,0.03817042149603367,0.05480422154068945,0.08763206377625465,0.0,0.7889379024505614,2.085092306137085,5.374746561050414,10.105081844329835,7.13224949836731,8.497408485412597,9.163650512695312,9.850111961364746,10.613294982910157
2033-01,2033-01-01,global_mlp,2026-03,13.399360000000001,0.036249373108148575,9.116325855255127,False,2.1379880905151367,2137988.0905151367,reported_conditioned_mlp,KRISTIN,,False,0.0,0.019939227402210234,0.036249373108148575,0.05390561521053314,0.08882802054286004,0.0,0.6928829431533812,2.1379880905151367,5.1372430324554434,10.060374641418457,7.03337836265564,8.449265480041504,9.116325855255127,9.817156887054443,10.580721569061279
2033-02,2033-02-01,global_mlp,2026-03,13.399360000000001,0.03902475908398628,9.068067073822021,False,2.003329575061798,2003329.575061798,reported_conditioned_mlp,KRISTIN,,False,0.0,0.024803413078188893,0.03902475908398628,0.053995867073535916,0.08391049429774285,0.0,0.7084677159786223,2.003329575061798,5.331359910964964,10.330885696411134,6.874439287185669,8.37278881072998,9.068067073822021,9.77638864517212,10.5337082862854
2033-03,2033-03-01,global_mlp,2026-03,13.399360000000001,0.03236304596066475,9.026361465454102,False,2.3792922496795654,2379292.2496795654,reported_conditioned_mlp,KRISTIN,,False,0.0,0.0198476567864418,0.03236304596066475,0.04897282049059867,0.07842465937137605,0.0,0.9250583171844482,2.3792922496795654,5.208122873306274,9.86367883682251,6.791018342971801,8.314241313934327,9.026361465454102,9.741789627075196,10.477226543426514
2033-04,2033-04-01,global_mlp,2026-03,13.399360000000001,0.03637813404202461,8.999503135681152,False,2.556303024291992,2556303.024291992,reported_conditioned_mlp,KRISTIN,,False,0.00330670613329858,0.021341690607368943,0.03637813404202461,0.05202856585383415,0.08002621531486512,0.6603396296501161,1.5574152946472166,2.556303024291992,4.770540952682493,9.540707302093507,6.762123870849609,8.270461177825927,8.999503135681152,9.715867900848389,10.41883125305176
2033-05,2033-05-01,global_mlp,2026-03,13.399360000000001,0.04112698324024677,8.946779251098633,False,2.24061119556427,2240611.19556427,reported_conditioned_mlp,KRISTIN,,False,0.004171073250472547,0.0262643052265048,0.04112698324024677,0.06122893318533897,0.09092173352837564,0.49904939234256757,1.457649445533752,2.24061119556427,4.587076997756957,8.87698850631714,6.708734178543091,8.226844120025635,8.946779251098633,9.671471214294433,10.39208526611328
2033-06,2033-06-01,global_mlp,2026-03,13.399360000000001,0.041210148483514786,8.9119873046875,False,2.5667606592178345,2566760.6592178345,reported_conditioned_mlp,KRISTIN,,False,0.0002927850844571385,0.023691467195749282,0.041210148483514786,0.05778344497084618,0.0866111621260643,0.7376002252101901,1.618052363395691,2.5667606592178345,5.097074937820432,9.140257358551025,6.676734685897827,8.176811218261719,8.9119873046875,9.663367748260498,10.352380466461183
2033-07,2033-07-01,global_mlp,2026-03,13.399360000000001,0.03409520722925663,8.865826606750488,False,2.5053576231002808,2505357.6231002808,reported_conditioned_mlp,KRISTIN,,False,0.0,0.018742975592613217,0.03409520722925663,0.052738219499588006,0.0888476997613907,0.5934848070144654,1.4560375094413756,2.5053576231002808,4.598515796661372,9.831513118743896,6.603740596771241,8.118547058105468,8.865826606750488,9.604311847686766,10.335350036621094
2033-08,2033-08-01,global_mlp,2026-03,13.399360000000001,0.038462357595562935,8.805872440338135,False,1.3653262853622437,1365326.2853622437,reported_conditioned_mlp,KRISTIN,,False,0.004138792888261381,0.023549422435462476,0.038462357595562935,0.056376273557543745,0.09003238826990129,0.1066727101802826,0.8294012069702145,1.3653262853622437,3.158910083770751,9.35463752746582,6.587559747695924,8.079419803619384,8.805872440338135,9.573236274719239,10.294209289550782
2033-09,2033-09-01,global_mlp,2026-03,13.399360000000001,0.03791666962206364,8.761641502380371,False,2.053677797317505,2053677.7973175049,reported_conditioned_mlp,KRISTIN,,False,0.0,0.019870497472584243,0.03791666962206364,0.05582083165645596,0.0905828468501568,0.3067297786474229,1.110532820224762,2.053677797317505,4.065598297119138,10.03902177810669,6.524938297271729,8.036843299865723,8.761641502380371,9.532229137420654,10.246653938293457
2033-10,2033-10-01,global_mlp,2026-03,13.399360000000001,0.03563038632273674,8.699241638183594,False,2.2948741912841797,2294874.1912841797,reported_conditioned_mlp,KRISTIN,,False,0.0,0.01604436058551073,0.03563038632273674,0.058103451877832404,0.0878383941948414,0.4030379086732868,1.3435173273086545,2.2948741912841797,4.405561780929565,9.143729209899904,6.45993766784668,7.981276702880859,8.699241638183594,9.480974388122558,10.202042579650879
2033-11,2033-11-01,global_mlp,2026-03,13.399360000000001,0.03322137892246246,8.659491062164307,False,1.8854631185531616,1885463.1185531616,reported_conditioned_mlp,KRISTIN,,False,0.0,0.017145791836082933,0.03322137892246246,0.05437394939363003,0.08906350731849673,0.0,0.8688509166240688,1.8854631185531616,4.374050521850585,10.362912273406984,6.414147281646729,7.917795181274414,8.659491062164307,9.423561573028564,10.170751953125
2033-12,2033-12-01,global_mlp,2026-03,13.399360000000001,0.032243819907307625,8.620343208312988,False,1.3835381865501404,1383538.1865501404,reported_conditioned_mlp,KRISTIN,,False,0.0,0.016921770945191383,0.032243819907307625,0.05239515118300912,0.08745527267456057,0.0,0.4524465441703796,1.3835381865501404,4.5375009059905995,10.10752248764038,6.380183267593384,7.894410276412963,8.620343208312988,9.383786487579345,10.131886100769043
2034-01,2034-01-01,global_mlp,2026-03,13.399360000000001,0.02837964426726103,8.596124649047852,False,1.4705452919006348,1470545.2919006348,reported_conditioned_mlp,KRISTIN,,False,0.0,0.01544979242607951,0.02837964426726103,0.05001643933355808,0.08595888316631321,0.0,0.40675418674945824,1.4705452919006348,3.8278495073318477,9.783691787719729,6.350171661376954,7.869653224945068,8.596124649047852,9.353392219543457,10.082811069488526
2034-02,2034-02-01,global_mlp,2026-03,13.399360000000001,0.03266347013413906,8.576140403747559,False,1.782820701599121,1782820.701599121,reported_conditioned_mlp,KRISTIN,,False,0.0,0.01890052352100611,0.03266347013413906,0.053239997103810284,0.08650002926588059,0.0,0.645432549715042,1.782820701599121,4.568957901000976,9.935545444488529,6.290563583374023,7.832990026473999,8.576140403747559,9.318761539459228,10.06593370437622
2034-03,2034-03-01,global_mlp,2026-03,13.399360000000001,0.027544324286282063,8.556617259979248,False,1.9629327058792114,1962932.7058792114,reported_conditioned_mlp,KRISTIN,,False,0.0,0.013540813047438859,0.027544324286282063,0.04565022103488443,0.07824977859854701,0.0,0.8318152785301208,1.9629327058792114,4.08768286705017,9.313872241973877,6.254766273498536,7.775978755950928,8.556617259979248,9.272438335418702,10.030663681030275
2034-04,2034-04-01,global_mlp,2026-03,13.399360000000001,0.032944416627287865,8.523036003112793,False,2.26725971698761,2267259.71698761,reported_conditioned_mlp,KRISTIN,,False,0.0009693418978713458,0.018160996958613396,0.032944416627287865,0.05058514662086963,0.07739973664283753,0.6866935968399048,1.4743051290512084,2.26725971698761,3.6749065160751315,8.629683208465577,6.204589843750001,7.731963300704956,8.523036003112793,9.24828929901123,9.990977573394776
2034-05,2034-05-01,global_mlp,2026-03,13.399360000000001,0.04123618267476559,8.467319011688232,False,1.9659996032714844,1965999.6032714844,reported_conditioned_mlp,KRISTIN,,False,0.0059382039587944765,0.02446093205362558,0.04123618267476559,0.05838531441986561,0.08732141181826596,0.5089702188968661,1.3633522987365723,1.9659996032714844,3.403503322601318,8.587370586395265,6.108250617980958,7.659237670898437,8.467319011688232,9.22459897994995,9.95343885421753
2034-06,2034-06-01,global_mlp,2026-03,13.399360000000001,0.0359095074236393,8.41134786605835,False,2.1686238050460815,2168623.8050460815,reported_conditioned_mlp,KRISTIN,,False,0.005706621427088982,0.024096918851137156,0.0359095074236393,0.05430018305778502,0.08692901954054834,0.7144970536231995,1.4939208626747131,2.1686238050460815,3.9216542720794676,9.619647312164311,6.055110454559326,7.625854921340943,8.41134786605835,9.18344612121582,9.929759407043457
2034-07,2034-07-01,global_mlp,2026-03,13.399360000000001,0.03298409655690193,8.373723983764648,False,2.259627103805542,2259627.103805542,reported_conditioned_mlp,KRISTIN,,False,0.0,0.019419569522142407,0.03298409655690193,0.04769262298941612,0.08017324581742288,0.4323039650917055,1.4324481248855587,2.259627103805542,3.702263689041136,8.845806884765627,6.032440853118897,7.616501712799072,8.373723983764648,9.162254428863525,9.921817016601564
2034-08,2034-08-01,global_mlp,2026-03,13.399360000000001,0.03645343706011772,8.340240001678467,False,1.2463594675064087,1246359.4675064087,reported_conditioned_mlp,KRISTIN,,False,0.005518445372581483,0.023376041650772096,0.03645343706011772,0.053543221950531,0.08613341748714448,0.08225273638963719,0.7101303398609161,1.2463594675064087,2.649408173561096,8.13934326171876,5.925471448898316,7.581149291992188,8.340240001678467,9.101390171051024,9.89546184539795
2034-09,2034-09-01,global_mlp,2026-03,13.399360000000001,0.037159232422709465,8.298917770385742,False,1.777361512184143,1777361.512184143,reported_conditioned_mlp,KRISTIN,,False,0.0003265380713855868,0.020619910024106503,0.037159232422709465,0.055380662530660575,0.08413730785250664,0.19498239308595683,1.153785133361816,1.777361512184143,3.3377677440643265,8.63950452804566,5.828800249099731,7.538786792755126,8.298917770385742,9.05377550125122,9.827820777893066
2034-10,2034-10-01,global_mlp,2026-03,13.399360000000001,0.03233851119875908,8.235859394073486,False,2.1331690549850464,2133169.0549850464,reported_conditioned_mlp,KRISTIN,,False,0.0,0.017304364219307897,0.03233851119875908,0.0515117235481739,0.08217743784189228,0.38199939727783216,1.399840211868286,2.1331690549850464,3.658409714698788,8.382635211944581,5.809495973587036,7.481464004516601,8.235859394073486,9.028140449523924,9.797571182250977
2034-11,2034-11-01,global_mlp,2026-03,13.399360000000001,0.03450147993862629,8.18763780593872,False,1.7407863140106201,1740786.3140106201,reported_conditioned_mlp,KRISTIN,,False,0.0,0.017710637673735614,0.03450147993862629,0.05337382070720193,0.09038789942860605,0.0,0.8874538481235503,1.7407863140106201,3.733045697212218,8.922246837615969,5.772315168380738,7.448227024078369,8.18763780593872,8.995775890350341,9.769969749450684
2034-12,2034-12-01,global_mlp,2026-03,13.399360000000001,0.033595871180295944,8.150986671447754,False,1.3073031306266785,1307303.1306266785,reported_conditioned_mlp,KRISTIN,,False,0.0,0.016380265541374683,0.033595871180295944,0.053632836416363704,0.09216926395893098,0.0,0.4639655679464339,1.3073031306266785,3.4798108100891105,9.22049903869629,5.697642660140992,7.4065875053405765,8.150986671447754,8.946924781799314,9.754609107971191
2035-01,2035-01-01,global_mlp,2026-03,13.399360000000001,0.031172587536275387,8.11368179321289,False,1.226745069026947,1226745.069026947,reported_conditioned_mlp,KRISTIN,,False,0.0,0.015521353017538783,0.031172587536275387,0.05004330426454544,0.09109569191932682,0.0,0.4111747294664382,1.226745069026947,3.2085816144943236,9.272890090942388,5.606438159942627,7.383888006210327,8.11368179321289,8.915378856658934,9.70624074935913
2035-02,2035-02-01,global_mlp,2026-03,13.399360000000001,0.03458290733397007,8.084407329559326,False,1.3125447034835815,1312544.7034835815,reported_conditioned_mlp,KRISTIN,,False,0.0,0.01717934925109148,0.03458290733397007,0.052391682937741275,0.08213035240769388,0.0,0.5771082043647765,1.3125447034835815,3.1716697931289675,8.873177909851076,5.547872543334961,7.341219663619995,8.084407329559326,8.886898136138916,9.663286209106445
2035-03,2035-03-01,global_mlp,2026-03,13.399360000000001,0.03067091293632984,8.057142734527588,False,1.503400981426239,1503400.981426239,reported_conditioned_mlp,KRISTIN,,False,0.0,0.013700043689459563,0.03067091293632984,0.04646742902696128,0.07771515995264053,0.0,0.6368173539638519,1.503400981426239,3.2486917495727523,8.516747760772706,5.474713373184204,7.300474691390991,8.057142734527588,8.87132682800293,9.626033687591553
2035-04,2035-04-01,global_mlp,2026-03,13.399360000000001,0.034768493846058846,8.039081573486328,False,2.042583703994751,2042583.703994751,reported_conditioned_mlp,KRISTIN,,False,0.0,0.020915375649929048,0.034768493846058846,0.0526766151189804,0.07561659663915635,0.31796560138464053,1.4462141513824462,2.042583703994751,3.3357565641403197,8.197668552398682,5.454992437362671,7.268865537643433,8.039081573486328,8.834157276153565,9.583653354644776
2035-05,2035-05-01,global_mlp,2026-03,13.399360000000001,0.04291382245719433,7.985199451446533,False,1.9627814888954163,1962781.4888954163,reported_conditioned_mlp,KRISTIN,,False,0.006248082360252739,0.026088708080351346,0.04291382245719433,0.05979773476719856,0.0877842426300049,0.2577752351760865,1.3254261732101438,1.9627814888954163,3.0765680551528924,7.051289224624637,5.431171083450318,7.223325538635254,7.985199451446533,8.77380666732788,9.568116664886475
2035-06,2035-06-01,global_mlp,2026-03,13.399360000000001,0.03853183425962925,7.952287197113037,False,2.135296940803528,2135296.940803528,reported_conditioned_mlp,KRISTIN,,False,0.00223926075268537,0.022567320242524145,0.03853183425962925,0.054226366430521,0.08790034800767899,0.3342898935079579,1.4357670187950133,2.135296940803528,3.247698521614075,7.826437473297119,5.3990754127502445,7.169037294387818,7.952287197113037,8.727994060516357,9.522861003875732
2035-07,2035-07-01,global_mlp,2026-03,13.399360000000001,0.03237241879105568,7.911264657974243,False,2.040961503982544,2040961.503982544,reported_conditioned_mlp,KRISTIN,,False,0.0,0.018348986282944676,0.03237241879105568,0.05213393419981002,0.08008631020784382,0.0,1.3228269577026366,2.040961503982544,3.10341408252716,7.225654411315918,5.314072227478027,7.099380731582642,7.911264657974243,8.700959396362304,9.492558002471924
2035-08,2035-08-01,global_mlp,2026-03,13.399360000000001,0.038018906489014626,7.862615346908569,False,1.1584528088569641,1158452.808856964,reported_conditioned_mlp,KRISTIN,,False,0.001047059585107493,0.022893619537353516,0.038018906489014626,0.05576264932751655,0.08381313532590867,0.0,0.6866776287555695,1.1584528088569641,2.1217540979385356,7.332043218612674,5.284943580627441,7.02292537689209,7.862615346908569,8.635788917541502,9.447618865966797
2035-09,2035-09-01,global_mlp,2026-03,13.399360000000001,0.03582499548792839,7.792649984359741,False,1.6406378746032715,1640637.8746032715,reported_conditioned_mlp,KRISTIN,,False,0.00106652211979963,0.021477138064801688,0.03582499548792839,0.05363891422748564,0.08637336045503619,0.0,0.9918924927711487,1.6406378746032715,2.7362669229507435,7.154139471054077,5.24017243385315,6.967372560501098,7.792649984359741,8.612807083129884,9.425507831573487
2035-10,2035-10-01,global_mlp,2026-03,13.399360000000001,0.03479388728737831,7.7780914306640625,False,2.065289258956909,2065289.2589569092,reported_conditioned_mlp,KRISTIN,,False,0.0,0.015862360037863253,0.03479388728737831,0.05523224659264088,0.08156495019793514,0.0,1.2534891963005064,2.065289258956909,3.2776165246963482,7.641501474380495,5.2025041580200195,6.900493574142456,7.7780914306640625,8.568362140655518,9.389903640747072
2035-11,2035-11-01,global_mlp,2026-03,13.399360000000001,0.03365317918360233,7.744618654251099,False,1.429805040359497,1429805.040359497,reported_conditioned_mlp,KRISTIN,,False,0.0,0.016992395557463166,0.03365317918360233,0.05172118991613387,0.08951943293213845,0.0,0.7309933006763458,1.429805040359497,2.7207586526870724,8.173727512359621,5.120113563537598,6.874649953842162,7.744618654251099,8.506811809539794,9.363986396789551
2035-12,2035-12-01,global_mlp,2026-03,13.399360000000001,0.030985821038484573,7.717288017272949,False,0.9861043393611908,986104.3393611908,reported_conditioned_mlp,KRISTIN,,False,0.0,0.015298050828278058,0.030985821038484573,0.05420977883040905,0.08549193367362026,0.0,0.3578332811594009,0.9861043393611908,2.362182712554931,7.951292181015018,5.098181962966919,6.8356499671936035,7.717288017272949,8.470198822021484,9.344134044647216
2036-01,2036-01-01,global_mlp,2026-03,13.399360000000001,0.0321346540004015,7.676150321960449,False,0.8413447141647339,841344.7141647339,reported_conditioned_mlp,KRISTIN,,False,0.0,0.014084483217447994,0.0321346540004015,0.05111578144133088,0.08068041577935223,0.0,0.2928509622812271,0.8413447141647339,2.301312351226806,6.936299800872807,5.055963611602784,6.802509117126465,7.676150321960449,8.447263240814209,9.325013446807862
2036-02,2036-02-01,global_mlp,2026-03,13.399360000000001,0.03238161280751228,7.63432502746582,False,1.0894129276275635,1089412.9276275635,reported_conditioned_mlp,KRISTIN,,False,0.0,0.015410662908107041,0.03238161280751228,0.0510186832398176,0.07921954542398453,0.0,0.4216116458177566,1.0894129276275635,2.471194458007808,7.477354001998905,5.01540641784668,6.715212345123291,7.63432502746582,8.422335720062254,9.314203262329102
2036-03,2036-03-01,global_mlp,2026-03,13.399360000000001,0.02693017479032278,7.613743543624878,False,1.3300501704216003,1330050.1704216003,reported_conditioned_mlp,KRISTIN,,False,0.0,0.010327906999737024,0.02693017479032278,0.043211068958044024,0.07942222580313683,0.0,0.6112016558647155,1.3300501704216003,2.672790431976318,6.58229298591614,4.963112640380859,6.698486089706421,7.613743543624878,8.414155769348143,9.253624153137208
2036-04,2036-04-01,global_mlp,2026-03,13.399360000000001,0.034447407349944115,7.565608978271484,False,1.9845386743545532,1984538.6743545532,reported_conditioned_mlp,KRISTIN,,False,0.0011470756493508823,0.019529355876147746,0.034447407349944115,0.05213615968823432,0.07823832631111147,0.0,1.362143838405609,1.9845386743545532,2.729046654701233,6.995140743255616,4.945238876342774,6.655255460739135,7.565608978271484,8.358894538879394,9.246832752227784
2036-05,2036-05-01,global_mlp,2026-03,13.399360000000001,0.04023711755871773,7.542977809906006,False,1.8149992227554321,1814999.2227554321,reported_conditioned_mlp,KRISTIN,,False,0.0026226415298879163,0.02477561123669147,0.04023711755871773,0.0586818341165781,0.0897253654897213,0.02715087272226823,1.2813519239425657,1.8149992227554321,2.6927150487899767,6.492454051971436,4.911685180664063,6.608392763137817,7.542977809906006,8.312576961517333,9.179388618469238
2036-06,2036-06-01,global_mlp,2026-03,13.399360000000001,0.03910580277442932,7.4959704875946045,False,2.0256532430648804,2025653.2430648804,reported_conditioned_mlp,KRISTIN,,False,0.003304413845762611,0.022738878615200516,0.03910580277442932,0.058224870637059195,0.08601168841123581,0.13120456710457812,1.3168835878372191,2.0256532430648804,2.927239465713501,6.026491832733161,4.8775739669799805,6.598257207870483,7.4959704875946045,8.271172904968262,9.140364933013917
2036-07,2036-07-01,global_mlp,2026-03,13.399360000000001,0.034108009189367294,7.463590145111084,False,1.9843413829803467,1984341.3829803467,reported_conditioned_mlp,KRISTIN,,False,0.0,0.017531692795455456,0.034108009189367294,0.04932786002755164,0.0854591138660908,0.0,1.2671759963035583,1.9843413829803467,2.952022409439087,7.010375165939332,4.806001901626587,6.5602707862854,7.463590145111084,8.214464855194091,9.121863555908204
2036-08,2036-08-01,global_mlp,2026-03,13.399360000000001,0.038478683680295944,7.418436527252197,False,1.1341864466667175,1134186.4466667175,reported_conditioned_mlp,KRISTIN,,False,0.0,0.022905811108648776,0.038478683680295944,0.05462519973516463,0.08649941161274911,0.0,0.6543794274330138,1.1341864466667175,1.909558308124541,6.112156963348397,4.752414274215698,6.502656650543213,7.418436527252197,8.188815116882324,9.061405086517334
2036-09,2036-09-01,global_mlp,2026-03,13.399360000000001,0.03334803879261017,7.389993190765381,False,1.5659987926483154,1565998.7926483154,reported_conditioned_mlp,KRISTIN,,False,0.0,0.01817017327994108,0.03334803879261017,0.05440868772566317,0.08219332173466683,0.0,0.9368116974830626,1.5659987926483154,2.5461864471435542,6.507541847229005,4.6949952125549315,6.45671820640564,7.389993190765381,8.132063674926757,9.016697502136232
2036-10,2036-10-01,global_mlp,2026-03,13.399360000000001,0.03341861255466938,7.351145267486572,False,2.004218101501465,2004218.1015014648,reported_conditioned_mlp,KRISTIN,,False,0.0,0.015005312394350762,0.03341861255466938,0.051953004300594324,0.08333388343453409,0.0,1.328442335128784,2.004218101501465,2.8620874404907224,6.4306510925293,4.653289365768432,6.430405855178833,7.351145267486572,8.096400737762451,8.986791706085205
2036-11,2036-11-01,global_mlp,2026-03,13.399360000000001,0.0364199448376894,7.305582761764526,False,1.393024206161499,1393024.206161499,reported_conditioned_mlp,KRISTIN,,False,0.0,0.017924882099032396,0.0364199448376894,0.05567324683070182,0.09221905767917635,0.0,0.7551736474037167,1.393024206161499,2.3604013681411735,6.546454477310182,4.5795595169067385,6.370954895019531,7.305582761764526,8.050074005126953,8.9575909614563
2036-12,2036-12-01,global_mlp,2026-03,13.399360000000001,0.03313858062028885,7.266385316848755,False,0.8883093595504761,888309.3595504761,reported_conditioned_mlp,KRISTIN,,False,0.0,0.01656304337084293,0.03313858062028885,0.05432258360087871,0.08917027637362483,0.0,0.2775499790906906,0.8883093595504761,2.020823550224302,6.484082126617436,4.5443285465240475,6.320504951477051,7.266385316848755,7.989130640029907,8.946028423309325
2037-01,2037-01-01,global_mlp,2026-03,13.399360000000001,0.029444021172821522,7.217936277389526,False,0.83332359790802,833323.59790802,reported_conditioned_mlp,KRISTIN,,False,0.0,0.015487485844641923,0.029444021172821522,0.04811241328716277,0.08327143639326098,0.0,0.27397457063198083,0.83332359790802,1.931921005249022,5.681582784652713,4.504086208343506,6.277236747741699,7.217936277389526,7.944545125961303,8.900936603546143
2037-02,2037-02-01,global_mlp,2026-03,13.399360000000001,0.03288474306464195,7.13271427154541,False,1.1040160655975342,1104016.0655975342,reported_conditioned_mlp,KRISTIN,,False,0.0,0.017163923941552636,0.03288474306464195,0.05176129080355166,0.08286312893033028,0.0,0.47269029021263115,1.1040160655975342,2.1018865108489946,5.941004896163942,4.475651121139526,6.242541694641113,7.13271427154541,7.917053604125976,8.865029430389406
2037-03,2037-03-01,global_mlp,2026-03,13.399360000000001,0.027719157747924328,7.0955424308776855,False,1.3074325323104858,1307432.5323104858,reported_conditioned_mlp,KRISTIN,,False,0.0,0.01194854294881224,0.027719157747924328,0.04516771547496316,0.07792149782180786,0.0,0.4345036536455154,1.3074325323104858,2.503937339782714,6.551139879226687,4.449553346633911,6.208967542648315,7.0955424308776855,7.90026330947876,8.833274173736575
2037-04,2037-04-01,global_mlp,2026-03,13.399360000000001,0.03455171547830105,7.05574893951416,False,2.0165061950683594,2016506.1950683594,reported_conditioned_mlp,KRISTIN,,False,0.00308746797963977,0.020827142335474492,0.03455171547830105,0.05304522626101971,0.076120662689209,0.0,1.4605868458747864,2.0165061950683594,2.6388194799423217,5.296912527084352,4.413307428359985,6.1851782321929925,7.05574893951416,7.858589029312133,8.80073127746582
2037-05,2037-05-01,global_mlp,2026-03,13.399360000000001,0.03931984677910805,7.027675151824951,False,1.8726361393928528,1872636.1393928528,reported_conditioned_mlp,KRISTIN,,False,0.004160110373049975,0.02267625667154789,0.03931984677910805,0.05807564221322536,0.08562648668885232,0.0,1.358416712284088,1.8726361393928528,2.4101629734039305,4.9611656188964846,4.3573548793792725,6.144730520248412,7.027675151824951,7.82567081451416,8.761832141876221
2037-06,2037-06-01,global_mlp,2026-03,13.399360000000001,0.03696867451071739,7.002016544342041,False,1.9621769785881042,1962176.9785881042,reported_conditioned_mlp,KRISTIN,,False,0.006058971723541618,0.022697319276630875,0.03696867451071739,0.05582237057387827,0.08278383314609529,0.0,1.309924817085266,1.9621769785881042,2.6748041629791257,5.50630226135254,4.307670307159424,6.085211849212646,7.002016544342041,7.77149772644043,8.726799488067627
2037-07,2037-07-01,global_mlp,2026-03,13.399360000000001,0.031050637364387512,6.987416505813599,False,1.8720820546150208,1872082.0546150208,reported_conditioned_mlp,KRISTIN,,False,0.0,0.01670133788138628,0.031050637364387512,0.04858371689915655,0.07615845948457718,0.0,1.3282882571220398,1.8720820546150208,2.6924258232116673,5.004163408279419,4.286515808105468,6.027270317077637,6.987416505813599,7.752383184432984,8.712778759002687
2037-08,2037-08-01,global_mlp,2026-03,13.399360000000001,0.037897609174251556,6.957289457321167,False,1.1068727374076843,1106872.7374076843,reported_conditioned_mlp,KRISTIN,,False,0.003623430430889131,0.02249026428908109,0.037897609174251556,0.05545538812875747,0.08895538970828058,0.0,0.7014082968235015,1.1068727374076843,1.7871422290801995,4.591737508773806,4.227574920654297,5.98856725692749,6.957289457321167,7.727650308609008,8.700310039520264
2037-09,2037-09-01,global_mlp,2026-03,13.399360000000001,0.03405466116964817,6.92211389541626,False,1.5716217160224915,1571621.7160224915,reported_conditioned_mlp,KRISTIN,,False,0.0,0.015833501145243643,0.03405466116964817,0.05588669516146183,0.08838159516453743,0.0,1.0261801481246948,1.5716217160224915,2.2764931201934813,5.408268594741823,4.171676063537598,5.931806421279907,6.92211389541626,7.7164898872375485,8.649139881134033
2037-10,2037-10-01,global_mlp,2026-03,13.399360000000001,0.03145436756312847,6.870956659317017,False,2.040972352027893,2040972.352027893,reported_conditioned_mlp,KRISTIN,,False,0.0,0.016398114338517185,0.03145436756312847,0.05367250107228755,0.0836244381964207,0.0,1.300227916240692,2.040972352027893,2.783629822731018,5.962821102142334,4.144703674316406,5.883184146881103,6.870956659317017,7.680028629302978,8.636165237426757
2037-11,2037-11-01,global_mlp,2026-03,13.399360000000001,0.03169737756252289,6.828662157058716,False,1.3764472007751465,1376447.2007751465,reported_conditioned_mlp,KRISTIN,,False,0.0,0.015902361832559105,0.03169737756252289,0.04984027147293089,0.08594824150204662,0.0,0.7330477952957153,1.3764472007751465,2.2268886089324944,5.113523960113526,4.090479469299317,5.827948904037475,6.828662157058716,7.640929174423217,8.596791267395021
2037-12,2037-12-01,global_mlp,2026-03,13.399360000000001,0.03261142410337925,6.80536413192749,False,0.8320379853248596,832037.9853248596,reported_conditioned_mlp,KRISTIN,,False,0.0,0.016533392667770385,0.03261142410337925,0.05091658011078835,0.08952952325344088,0.0,0.30568296909332265,0.8320379853248596,1.7324167966842636,5.023486375808718,4.011517357826233,5.744993782043457,6.80536413192749,7.600745487213134,8.572192192077637
2038-01,2038-01-01,global_mlp,2026-03,13.399360000000001,0.029131061397492886,6.75951886177063,False,0.8531010150909424,853101.0150909424,reported_conditioned_mlp,KRISTIN,,False,0.0,0.015382825024425983,0.029131061397492886,0.05079731158912181,0.08125353157520294,0.0,0.2197856098413466,0.8531010150909424,1.5882049918174739,4.712322854995728,4.0069911003112795,5.652590274810791,6.75951886177063,7.582104349136352,8.530323028564453
2038-02,2038-02-01,global_mlp,2026-03,13.399360000000001,0.03197384066879749,6.699518918991089,False,1.055590033531189,1055590.033531189,reported_conditioned_mlp,KRISTIN,,False,0.0,0.015562782622873781,0.03197384066879749,0.052345577999949454,0.08212252780795101,0.0,0.3244555503129958,1.055590033531189,1.8863708972930906,4.296899509429935,3.9157283782958983,5.61008334159851,6.699518918991089,7.536470365524292,8.482040596008302
2038-03,2038-03-01,global_mlp,2026-03,13.399360000000001,0.02674887329339981,6.659506320953369,False,1.266076147556305,1266076.147556305,reported_conditioned_mlp,KRISTIN,,False,0.0,0.010342247877269983,0.02674887329339981,0.04702646061778067,0.08089106157422066,0.0,0.11180579811334602,1.266076147556305,2.3153520345687837,5.023969745635987,3.888280725479126,5.565947198867797,6.659506320953369,7.50265564918518,8.465776729583741
2038-04,2038-04-01,global_mlp,2026-03,13.399360000000001,0.03407749906182289,6.644184589385986,False,1.925218939781189,1925218.939781189,reported_conditioned_mlp,KRISTIN,,False,0.0,0.018547929637134076,0.03407749906182289,0.05086957588791843,0.07904141694307328,0.0,1.2857826590538024,1.925218939781189,2.4395575761795043,4.342009115219119,3.879802989959717,5.513717126846314,6.644184589385986,7.463716268539429,8.448585414886475
2038-05,2038-05-01,global_mlp,2026-03,13.399360000000001,0.04099985957145691,6.580356121063232,False,1.766879141330719,1766879.141330719,reported_conditioned_mlp,KRISTIN,,False,0.0,0.02330446578562259,0.04099985957145691,0.059236216917634005,0.0892696499824524,0.0,1.3308434844017027,1.766879141330719,2.276093626022339,3.999390125274658,3.8105851888656614,5.479399633407592,6.580356121063232,7.42624044418335,8.411142826080322
2038-06,2038-06-01,global_mlp,2026-03,13.399360000000001,0.038329530507326126,6.531680583953857,False,1.8878374695777893,1887837.4695777893,reported_conditioned_mlp,KRISTIN,,False,0.0,0.021331975422799583,0.038329530507326126,0.056118904054164885,0.08777431398630145,0.0,1.3652346491813658,1.8878374695777893,2.412448859214783,4.177641296386719,3.760620760917664,5.4231757640838625,6.531680583953857,7.362827110290527,8.39265718460083
2038-07,2038-07-01,global_mlp,2026-03,13.399360000000001,0.03010327834635973,6.496884822845459,False,1.8330431580543518,1833043.1580543518,reported_conditioned_mlp,KRISTIN,,False,0.0,0.01570995859801769,0.03010327834635973,0.04857079423964022,0.07843724787235262,0.0,1.200332796573639,1.8330431580543518,2.5460225343704224,4.493364000320438,3.67938027381897,5.347697687149048,6.496884822845459,7.325691843032836,8.356547260284424
2038-08,2038-08-01,global_mlp,2026-03,13.399360000000001,0.03752077557146549,6.452881813049316,False,1.0685880780220032,1068588.0780220032,reported_conditioned_mlp,KRISTIN,,False,0.0,0.020176669023931025,0.03752077557146549,0.05563598461449141,0.079245512932539,0.0,0.6763187050819396,1.0685880780220032,1.5868756532669062,3.5347546577453612,3.6073311805725097,5.312319755554199,6.452881813049316,7.300320529937744,8.329382610321044
2038-09,2038-09-01,global_mlp,2026-03,13.399360000000001,0.03721401281654835,6.421530723571777,False,1.5054144263267517,1505414.4263267517,reported_conditioned_mlp,KRISTIN,,False,0.0,0.01656937226653099,0.03721401281654835,0.05617840327322482,0.08413991928100586,0.0,0.886364674568176,1.5054144263267517,2.186008024215698,4.184336328506473,3.557783269882202,5.243716382980347,6.421530723571777,7.2550052165985095,8.314103984832764
2038-10,2038-10-01,global_mlp,2026-03,13.399360000000001,0.03328830748796463,6.37236762046814,False,1.9601834416389465,1960183.4416389465,reported_conditioned_mlp,KRISTIN,,False,0.0,0.015682031400501728,0.03328830748796463,0.05718376748263833,0.08413813710212709,0.0,1.0297957420349118,1.9601834416389465,2.7664994478225706,4.565838098526003,3.5417160034179687,5.218973350524902,6.37236762046814,7.2009671211242665,8.268314552307128
2038-11,2038-11-01,global_mlp,2026-03,13.399360000000001,0.035388169810175896,6.339323997497559,False,1.343160331249237,1343160.331249237,reported_conditioned_mlp,KRISTIN,,False,0.0,0.014464500453323122,0.035388169810175896,0.05701787248253819,0.09304188042879105,0.0,0.5747042298316956,1.343160331249237,2.2581814527511592,4.483506441116335,3.5079499244689942,5.147525119781494,6.339323997497559,7.181990575790405,8.204822826385499
2038-12,2038-12-01,global_mlp,2026-03,13.399360000000001,0.03213502652943134,6.312422275543213,False,0.7605250775814056,760525.0775814056,reported_conditioned_mlp,KRISTIN,,False,0.0,0.015819083154201507,0.03213502652943134,0.05285880304872989,0.08492715507745743,0.0,0.2696858018636701,0.7605250775814056,1.7633850693702693,3.985225820541382,3.486311101913452,5.079032135009766,6.312422275543213,7.160436964035034,8.146591377258302
2039-01,2039-01-01,global_mlp,2026-03,13.399360000000001,0.031751394271850586,6.272581577301025,False,0.8007850646972656,800785.0646972656,reported_conditioned_mlp,KRISTIN,,False,0.0,0.014216909278184165,0.031751394271850586,0.05095494873821734,0.08061495646834375,0.0,0.26503367125988,0.8007850646972656,1.5839133620262138,3.7201115608215365,3.4040340900421144,5.063221025466919,6.272581577301025,7.126838827133178,8.090485668182373
2039-02,2039-02-01,global_mlp,2026-03,13.399360000000001,0.0353072565048933,6.247649669647217,False,0.991007000207901,991007.000207901,reported_conditioned_mlp,KRISTIN,,False,0.0,0.017890977859497063,0.0353072565048933,0.05285131894052028,0.08352925702929498,0.0,0.31440012454986555,0.991007000207901,1.9370098948478698,4.131466913223267,3.316906261444092,5.037160634994507,6.247649669647217,7.095527935028076,8.039369297027589
2039-03,2039-03-01,global_mlp,2026-03,13.399360000000001,0.027573139406740665,6.203887939453125,False,1.1809313893318176,1180931.3893318176,reported_conditioned_mlp,KRISTIN,,False,0.0,0.012489933986216782,0.027573139406740665,0.04514215327799319,0.076913870126009,0.0,0.17887188494205397,1.1809313893318176,2.3411048173904407,4.418989515304567,3.247776246070862,5.011631202697754,6.203887939453125,7.058351707458495,8.005383014678955
2039-04,2039-04-01,global_mlp,2026-03,13.399360000000001,0.03472535498440266,6.148271083831787,False,1.9503027200698853,1950302.7200698853,reported_conditioned_mlp,KRISTIN,,False,0.0010210138687398293,0.02097767926752567,0.03472535498440266,0.05245115123689174,0.08020700737833979,0.0,1.396618342399597,1.9503027200698853,2.6244069814681996,4.388244438171388,3.209291982650757,4.977107334136963,6.148271083831787,7.0096619606018065,7.9941003799438475
2039-05,2039-05-01,global_mlp,2026-03,13.399360000000001,0.04116387106478214,6.111124515533447,False,1.8979011178016663,1897901.1178016663,reported_conditioned_mlp,KRISTIN,,False,0.0014282745658420037,0.025175359100103375,0.04116387106478214,0.06129255183041094,0.08761778250336648,0.0,1.4033939242362974,1.8979011178016663,2.4656605958938598,3.873281979560853,3.1663332462310794,4.9396140575408936,6.111124515533447,6.995275592803955,7.978797817230225
2039-06,2039-06-01,global_mlp,2026-03,13.399360000000001,0.03853924572467804,6.06919264793396,False,1.8991965055465698,1899196.5055465698,reported_conditioned_mlp,KRISTIN,,False,0.0010166339692659699,0.02146997097879648,0.03853924572467804,0.05721890330314635,0.08692112863063814,0.0,1.3252946972846982,1.8991965055465698,2.50222692489624,4.090678977966311,3.1596039295196534,4.9047510623931885,6.06919264793396,6.959499168395995,7.975671482086182
2039-07,2039-07-01,global_mlp,2026-03,13.399360000000001,0.03236093558371067,6.0309672355651855,False,1.9645586609840393,1964558.6609840393,reported_conditioned_mlp,KRISTIN,,False,0.0,0.013865253049880264,0.03236093558371067,0.05160282850265501,0.08263401463627816,0.0,1.0968403577804562,1.9645586609840393,2.772153544425964,4.298272466659546,3.1127033472061156,4.884149503707886,6.0309672355651855,6.9379799365997314,7.940725421905518
2039-08,2039-08-01,global_mlp,2026-03,13.399360000000001,0.03803006000816822,5.976989030838013,False,1.2684752345085144,1268475.2345085144,reported_conditioned_mlp,KRISTIN,,False,0.0012686542584560872,0.02159073352813721,0.03803006000816822,0.05812652967870232,0.08309599757194519,0.0,0.8367454588413238,1.2684752345085144,1.6981765389442443,2.9459069252014176,3.081156325340271,4.868946981430053,5.976989030838013,6.891746616363524,7.896890354156494
2039-09,2039-09-01,global_mlp,2026-03,13.399360000000001,0.03549925424158573,5.918363332748413,False,1.6744826436042786,1674482.6436042786,reported_conditioned_mlp,KRISTIN,,False,0.0,0.017339403741061684,0.03549925424158573,0.055801331996917725,0.08250009790062911,0.0,0.9818882465362545,1.6744826436042786,2.378261113166809,3.950518536567691,3.0002190113067626,4.831666660308838,5.918363332748413,6.826474952697753,7.862410306930542
2039-10,2039-10-01,global_mlp,2026-03,13.399360000000001,0.03430522046983242,5.882066249847412,False,2.057444930076599,2057444.9300765991,reported_conditioned_mlp,KRISTIN,,False,0.0,0.0153924492187798,0.03430522046983242,0.055137503519654275,0.08505858182907107,0.0,1.2648133754730224,2.057444930076599,2.869092631340026,4.553569650650027,2.978153681755066,4.790334987640381,5.882066249847412,6.764172267913817,7.8406409740448
2039-11,2039-11-01,global_mlp,2026-03,13.399360000000001,0.034538205713033676,5.850059747695923,False,1.3617477416992188,1361747.7416992188,reported_conditioned_mlp,KRISTIN,,False,0.0,0.015442304778844116,0.034538205713033676,0.05704027377068995,0.09102847948670388,0.0,0.6803861081600185,1.3617477416992188,2.1797358274459837,4.238037109375001,2.9571871995925902,4.7588843345642085,5.850059747695923,6.7185966014862055,7.825142717361451
2039-12,2039-12-01,global_mlp,2026-03,13.399360000000001,0.033266933634877205,5.784328937530518,False,0.9939093589782715,993909.3589782715,reported_conditioned_mlp,KRISTIN,,False,0.0,0.015603677276521918,0.033266933634877205,0.05710648968815803,0.08778324499726296,0.0,0.3515864402055738,0.9939093589782715,1.683635115623474,3.6715237617492686,2.9486967086791993,4.685459804534912,5.784328937530518,6.697925949096679,7.773932838439942
2040-01,2040-01-01,global_mlp,2026-03,13.399360000000001,0.03288160637021065,5.71867561340332,False,0.9239498972892761,923949.8972892761,reported_conditioned_mlp,KRISTIN,,False,0.0,0.014961122348904609,0.03288160637021065,0.05218939445912837,0.08794029355049134,0.0,0.2392594918608664,0.9239498972892761,1.6606766462326044,3.4679992914199853,2.942847061157227,4.632805633544922,5.71867561340332,6.6560174942016594,7.734327077865601
2040-02,2040-02-01,global_mlp,2026-03,13.399360000000001,0.033572278916835785,5.67969274520874,False,1.077756404876709,1077756.404876709,reported_conditioned_mlp,KRISTIN,,False,0.0,0.015292484592646354,0.033572278916835785,0.05317556858062743,0.08763721883296967,0.0,0.15388183146715156,1.077756404876709,1.9006393790245055,4.084866666793824,2.899183225631714,4.566678285598755,5.67969274520874,6.609387540817261,7.677802324295044
2040-03,2040-03-01,global_mlp,2026-03,13.399360000000001,0.028845825232565403,5.660277366638184,False,1.4533769488334656,1453376.9488334656,reported_conditioned_mlp,KRISTIN,,False,0.0,0.012226579245179892,0.028845825232565403,0.047695745527744283,0.07438313588500026,0.0,0.3557458817958828,1.4533769488334656,2.3289064168930045,3.9454984188079836,2.855522918701172,4.5145622253417965,5.660277366638184,6.541631650924683,7.640332746505737
2040-04,2040-04-01,global_mlp,2026-03,13.399360000000001,0.0340052992105484,5.617995500564575,False,1.8874946236610413,1887494.6236610413,reported_conditioned_mlp,KRISTIN,,False,0.0,0.018793697282671926,0.0340052992105484,0.051885962113738054,0.07896783500909806,0.0,1.325319766998291,1.8874946236610413,2.4318906784057615,3.799174809455874,2.8123300313949584,4.444011974334717,5.617995500564575,6.4979273796081545,7.587218379974366
2040-05,2040-05-01,global_mlp,2026-03,13.399360000000001,0.03778190538287163,5.584143161773682,False,1.8021667003631592,1802166.7003631592,reported_conditioned_mlp,KRISTIN,,False,0.0005186067137401555,0.021387075446546076,0.03778190538287163,0.059127888828516,0.09338232055306436,0.0,1.0627383351325987,1.8021667003631592,2.282772922515868,3.629393434524536,2.744754266738892,4.371827220916748,5.584143161773682,6.4627161502838115,7.544686365127564
2040-06,2040-06-01,global_mlp,2026-03,13.399360000000001,0.03544865362346172,5.557518720626831,False,1.864951729774475,1864951.729774475,reported_conditioned_mlp,KRISTIN,,False,0.0008474373957142255,0.019837938249111176,0.03544865362346172,0.05706838443875311,0.09577990397810937,0.0,1.292885959148407,1.864951729774475,2.5256918191909783,3.7671370267868043,2.6939101457595824,4.348770999908447,5.557518720626831,6.418195867538452,7.508537530899049
2040-07,2040-07-01,global_mlp,2026-03,13.399360000000001,0.028779572807252407,5.508256673812866,False,1.8337239623069763,1833723.9623069763,reported_conditioned_mlp,KRISTIN,,False,0.0,0.014427872654050586,0.028779572807252407,0.04843235127627849,0.08862463086843492,0.0,1.0459420680999754,1.8337239623069763,2.434128785133361,3.7442152023315436,2.632306480407715,4.289785623550415,5.508256673812866,6.381266260147094,7.487646484375
2040-08,2040-08-01,global_mlp,2026-03,13.399360000000001,0.036275023594498634,5.460362434387207,False,1.1438588500022888,1143858.8500022888,reported_conditioned_mlp,KRISTIN,,False,0.0,0.020460065640509124,0.036275023594498634,0.05623001009225844,0.08708874136209488,0.0,0.5737848222255705,1.1438588500022888,1.6092344760894775,2.877665090560914,2.581672549247742,4.233537912368774,5.460362434387207,6.3526658535003655,7.441410160064698
2040-09,2040-09-01,global_mlp,2026-03,13.399360000000001,0.03258984908461571,5.409540176391602,False,1.6418747901916504,1641874.7901916504,reported_conditioned_mlp,KRISTIN,,False,0.0,0.016041061282157897,0.03258984908461571,0.05285908244550227,0.0892178311944008,0.0,0.9800616085529327,1.6418747901916504,2.3691532611846924,3.898151135444641,2.530243539810181,4.169699096679687,5.409540176391602,6.308161735534667,7.401342535018921
2040-10,2040-10-01,global_mlp,2026-03,13.399360000000001,0.0321443360298872,5.380530595779419,False,1.9155718088150024,1915571.8088150024,reported_conditioned_mlp,KRISTIN,,False,0.0,0.015927105769515035,0.0321443360298872,0.05052892304956913,0.08624007552862172,0.0,1.055720865726471,1.9155718088150024,2.7004077672958338,4.091184329986572,2.503033304214478,4.135287618637085,5.380530595779419,6.2622272014617915,7.379406452178956
2040-11,2040-11-01,global_mlp,2026-03,13.399360000000001,0.030269690789282322,5.330308675765991,False,1.4252968430519104,1425296.8430519104,reported_conditioned_mlp,KRISTIN,,False,0.0,0.013144162949174639,0.030269690789282322,0.05010403655469417,0.0897285655140877,0.0,0.5576099216938019,1.4252968430519104,2.1938504457473753,4.114655637741089,2.4691145420074463,4.11337718963623,5.330308675765991,6.231125116348267,7.345353126525879
2040-12,2040-12-01,global_mlp,2026-03,13.399360000000001,0.030621505342423916,5.2691121101379395,False,0.924728512763977,924728.512763977,reported_conditioned_mlp,KRISTIN,,False,0.0,0.01425331775099039,0.030621505342423916,0.05161077156662939,0.09199911877512935,0.0,0.2083311811089515,0.924728512763977,1.6670148491859436,3.9409624576568625,2.4010222911834718,4.083651781082153,5.2691121101379395,6.203426313400268,7.32333402633667
2041-01,2041-01-01,global_mlp,2026-03,13.399360000000001,0.027247021906077862,5.210355281829834,False,0.75180983543396,751809.83543396,reported_conditioned_mlp,KRISTIN,,False,0.0,0.011301510035991667,0.027247021906077862,0.047807945311069425,0.08404479548335075,0.0,0.0,0.75180983543396,1.438915216922759,3.4838168859481815,2.3327131986618044,4.053454065322875,5.210355281829834,6.187509822845459,7.306694746017456
2041-02,2041-02-01,global_mlp,2026-03,13.399360000000001,0.030584010295569897,5.160367965698242,False,1.0790207386016846,1079020.7386016846,reported_conditioned_mlp,KRISTIN,,False,0.0,0.014470009505748749,0.030584010295569897,0.052368375286459906,0.09017641395330435,0.0,0.26730597168207093,1.0790207386016846,1.7923547863960265,3.8926175832748418,2.250926399230957,4.01215181350708,5.160367965698242,6.167329502105713,7.270984888076782
2041-03,2041-03-01,global_mlp,2026-03,13.399360000000001,0.026307987980544567,5.124969244003296,False,1.3536222577095032,1353622.2577095032,reported_conditioned_mlp,KRISTIN,,False,0.0,0.007249934459105133,0.026307987980544567,0.042712100222706786,0.07794675081968311,0.0,0.0,1.3536222577095032,2.144689631462096,4.119013452529908,2.1854426860809326,3.9665891647338865,5.124969244003296,6.140771722793578,7.255307579040528
2041-04,2041-04-01,global_mlp,2026-03,13.399360000000001,0.03388902544975281,5.078152656555176,False,1.9609693884849548,1960969.3884849548,reported_conditioned_mlp,KRISTIN,,False,0.0,0.018212114274501798,0.03388902544975281,0.049883696809411036,0.07801564112305645,0.0,1.4470126748085022,1.9609693884849548,2.539971542358398,4.032579135894776,2.1037960529327395,3.924008202552795,5.078152656555176,6.102673578262329,7.229321622848511
2041-05,2041-05-01,global_mlp,2026-03,13.399360000000001,0.03769337572157383,5.015493631362915,False,1.8245567083358765,1824556.7083358765,reported_conditioned_mlp,KRISTIN,,False,0.0,0.020778135210275647,0.03769337572157383,0.055401185899972914,0.08555672988295557,0.0,1.292054510116577,1.8245567083358765,2.3955585718154904,3.414629101753236,2.061354374885559,3.879872393608093,5.015493631362915,6.062918424606323,7.20730447769165
2041-06,2041-06-01,global_mlp,2026-03,13.399360000000001,0.034823302179574966,4.964327812194824,False,1.735834002494812,1735834.002494812,reported_conditioned_mlp,KRISTIN,,False,0.0,0.02011884208768606,0.034823302179574966,0.05201387405395507,0.08216991052031526,0.0,1.1274548530578612,1.735834002494812,2.4146001100540158,3.573841691017152,2.0172837495803835,3.863810849189758,4.964327812194824,6.037721824645995,7.170560741424561
2041-07,2041-07-01,global_mlp,2026-03,13.399360000000001,0.028732129372656345,4.920389890670776,False,1.7928521633148193,1792852.1633148193,reported_conditioned_mlp,KRISTIN,,False,0.0,0.013003247790038584,0.028732129372656345,0.048374153301119785,0.07960388809442522,0.0,0.9175229310989379,1.7928521633148193,2.5376723051071166,3.7333467721939098,1.922565472126007,3.8457592487335206,4.920389890670776,6.029207706451416,7.146498441696167
2041-08,2041-08-01,global_mlp,2026-03,13.399360000000001,0.034352706745266914,4.873646020889282,False,1.0926958918571472,1092695.8918571472,reported_conditioned_mlp,KRISTIN,,False,0.0,0.018746102415025234,0.034352706745266914,0.05313028022646901,0.0818423368036747,0.0,0.5903634786605835,1.0926958918571472,1.6252049803733826,2.703550148010256,1.9186242103576663,3.8222790241241453,4.873646020889282,5.9794431686401355,7.106447172164917
2041-09,2041-09-01,global_mlp,2026-03,13.399360000000001,0.03151736408472061,4.86668848991394,False,1.664835810661316,1664835.810661316,reported_conditioned_mlp,KRISTIN,,False,0.0,0.016274851560592652,0.03151736408472061,0.05237463749945163,0.08040097206830979,0.0,1.0058638274669645,1.664835810661316,2.324081826210022,3.5957787513732913,1.8981510162353517,3.784776163101196,4.86668848991394,5.950991153717041,7.062632036209107
2041-10,2041-10-01,global_mlp,2026-03,13.399360000000001,0.03301786817610264,4.826674222946167,False,2.0305542945861816,2030554.2945861816,reported_conditioned_mlp,KRISTIN,,False,0.0,0.014077836647629731,0.03301786817610264,0.04934125132858753,0.07825351282954215,0.0,1.2638190507888791,2.0305542945861816,2.7070071458816525,3.982566189765931,1.8637092351913456,3.7356744766235344,4.826674222946167,5.915268516540527,7.031484937667847
2041-11,2041-11-01,global_mlp,2026-03,13.399360000000001,0.03382020443677902,4.789194583892822,False,1.435974359512329,1435974.359512329,reported_conditioned_mlp,KRISTIN,,False,0.0,0.015342944022268053,0.03382020443677902,0.05390232764184473,0.07988297119736672,0.0,0.6947174787521362,1.435974359512329,2.171637201309204,3.729837083816529,1.8313503861427312,3.6551285982131954,4.789194583892822,5.880551433563232,6.987473964691163
2041-12,2041-12-01,global_mlp,2026-03,13.399360000000001,0.03243236057460308,4.727802753448486,False,1.0213443636894226,1021344.3636894226,reported_conditioned_mlp,KRISTIN,,False,0.0,0.013852871116250753,0.03243236057460308,0.050197967514395696,0.08530882224440575,0.0,0.3370079100131984,1.0213443636894226,1.8018005847930896,3.4060444593429575,1.7414116024971014,3.5840154647827145,4.727802753448486,5.850662612915039,6.968523597717286
2042-01,2042-01-01,global_mlp,2026-03,13.399360000000001,0.031894341111183167,4.695828437805176,False,0.8725874722003937,872587.4722003937,reported_conditioned_mlp,KRISTIN,,False,0.0,0.01100421342998743,0.031894341111183167,0.04881799519062042,0.08596341982483865,0.0,0.25394243299961083,0.8725874722003937,1.660993301868438,3.056717848777772,1.5639637351036073,3.5140218496322633,4.695828437805176,5.818901443481445,6.930130958557129
2042-02,2042-02-01,global_mlp,2026-03,13.399360000000001,0.03174953907728195,4.672278165817261,False,1.0635554194450378,1063555.4194450378,reported_conditioned_mlp,KRISTIN,,False,0.0,0.013011176977306603,0.03174953907728195,0.05208217091858385,0.08440007194876671,0.0,0.33102645576000195,1.0635554194450378,1.869158351421356,3.593547773361207,1.5633182883262635,3.4914278507232663,4.672278165817261,5.764883136749267,6.890696620941162
2042-03,2042-03-01,global_mlp,2026-03,13.399360000000001,0.025986500084400177,4.664719581604004,False,1.3215237259864807,1321523.7259864807,reported_conditioned_mlp,KRISTIN,,False,0.0,0.006696884939447042,0.025986500084400177,0.04517562948167321,0.07686342224478723,0.0,0.0,1.3215237259864807,2.193068242073059,3.6678357124328618,1.5316732525825503,3.4484880447387694,4.664719581604004,5.718289327621459,6.838785409927368
2042-04,2042-04-01,global_mlp,2026-03,13.399360000000001,0.032607972621917725,4.620754718780518,False,2.0977301597595215,2097730.1597595215,reported_conditioned_mlp,KRISTIN,,False,0.0,0.017821040935814377,0.032607972621917725,0.04958266764879226,0.07509429752826692,0.0,1.4290624141693111,2.0977301597595215,2.6627138853073116,4.091107416152955,1.5024448513984685,3.4122150182724,4.620754718780518,5.692424726486206,6.807736253738403
2042-05,2042-05-01,global_mlp,2026-03,13.399360000000001,0.038558484986424446,4.598876237869263,False,1.9696637988090515,1969663.7988090515,reported_conditioned_mlp,KRISTIN,,False,0.0,0.020974103733897208,0.038558484986424446,0.059641019999980914,0.09197408258914949,0.0,1.3788107872009276,1.9696637988090515,2.4464241504669184,3.664976620674133,1.4486490726470953,3.375918912887573,4.598876237869263,5.633883476257324,6.761132574081421
2042-06,2042-06-01,global_mlp,2026-03,13.399360000000001,0.036608995869755745,4.584679126739502,False,1.846488356590271,1846488.356590271,reported_conditioned_mlp,KRISTIN,,False,0.0,0.01760748010128736,0.036608995869755745,0.05340488590300082,0.08786432147026062,0.0,1.166547966003418,1.846488356590271,2.490494418144226,3.863787198066712,1.3731706023216252,3.3430141925811765,4.584679126739502,5.57613205909729,6.703170680999756
2042-07,2042-07-01,global_mlp,2026-03,13.399360000000001,0.029991373419761658,4.550920009613037,False,2.059936761856079,2059936.761856079,reported_conditioned_mlp,KRISTIN,,False,0.0,0.014775511529296636,0.029991373419761658,0.051247351989150015,0.08209608346223832,0.0,1.1650450348854064,2.059936761856079,2.68017086982727,4.217929124832153,1.2924821376800537,3.2975080490112303,4.550920009613037,5.520080423355101,6.671964406967163
2042-08,2042-08-01,global_mlp,2026-03,13.399360000000001,0.03585902228951454,4.53372597694397,False,1.294746994972229,1294746.994972229,reported_conditioned_mlp,KRISTIN,,False,0.0,0.020478711649775504,0.03585902228951454,0.05548084154725074,0.08279276341199879,0.0,0.7981724739074706,1.294746994972229,1.8356855869293212,3.0395190477371226,1.267309319972992,3.2418880462646484,4.53372597694397,5.459659433364868,6.641690015792847
2042-09,2042-09-01,global_mlp,2026-03,13.399360000000001,0.03424200229346752,4.513010263442993,False,1.7109519243240356,1710951.9243240356,reported_conditioned_mlp,KRISTIN,,False,0.0,0.01627970617264509,0.03424200229346752,0.052447003126144406,0.07985102906823159,0.0,0.9490576505661008,1.7109519243240356,2.344921827316284,3.6532048225402836,1.2501777172088628,3.183047389984131,4.513010263442993,5.451539754867553,6.607038116455079
2042-10,2042-10-01,global_mlp,2026-03,13.399360000000001,0.03096818272024393,4.490166425704956,False,2.136660933494568,2136660.933494568,reported_conditioned_mlp,KRISTIN,,False,0.0,0.013514478504657744,0.03096818272024393,0.05390837788581848,0.08437017649412157,0.0,1.2424966931343078,2.136660933494568,2.9686617136001585,4.453228664398194,1.1699236392974859,3.1397154092788697,4.490166425704956,5.419994354248047,6.583823871612549
2042-11,2042-11-01,global_mlp,2026-03,13.399360000000001,0.030364991165697575,4.432564973831177,False,1.6075903177261353,1607590.3177261353,reported_conditioned_mlp,KRISTIN,,False,0.0,0.012178203929215668,0.030364991165697575,0.05482217483222483,0.08694065660238266,0.0,0.7568053007125848,1.6075903177261353,2.4222312927246095,4.036655426025393,1.0923849344253542,3.0933100938797,4.432564973831177,5.366969394683838,6.578621101379395
2042-12,2042-12-01,global_mlp,2026-03,13.399360000000001,0.029483536258339882,4.362649440765381,False,1.1115959286689758,1111595.9286689758,reported_conditioned_mlp,KRISTIN,,False,0.0,0.013092282321304079,0.029483536258339882,0.05150633119046686,0.08772263228893284,0.0,0.3476069837808608,1.1115959286689758,1.9208855628967285,3.9612827539443973,1.0198828339576722,3.0194769859313966,4.362649440765381,5.296594381332397,6.5571084976196286
2043-01,2043-01-01,global_mlp,2026-03,13.399360000000001,0.02737052273005247,4.352151393890381,False,1.0329905152320862,1032990.5152320862,reported_conditioned_mlp,KRISTIN,,False,0.0,0.009840542450547217,0.02737052273005247,0.05001972913742065,0.08778118491172791,0.0,0.2670775294303893,1.0329905152320862,1.7913446187973021,3.4826686620712284,0.9629022002220154,2.984891104698181,4.352151393890381,5.2610053539276125,6.530101728439331
2043-02,2043-02-01,global_mlp,2026-03,13.399360000000001,0.03142554126679897,4.347638845443726,False,1.13563871383667,1135638.71383667,reported_conditioned_mlp,KRISTIN,,False,0.0,0.010844670515507459,0.03142554126679897,0.05102603882551193,0.09115588515996934,0.0,0.3562193483114242,1.13563871383667,1.9575926899909972,4.115782928466797,0.9072954773902894,2.93936653137207,4.347638845443726,5.1859950542449935,6.510332489013672
2043-03,2043-03-01,global_mlp,2026-03,13.399360000000001,0.023485024459660053,4.33222222328186,False,1.2741330862045288,1274133.0862045288,reported_conditioned_mlp,KRISTIN,,False,0.0,0.00649058832786977,0.023485024459660053,0.0451086364686489,0.07163642123341561,0.0,0.0,1.2741330862045288,2.319524073600769,4.009207820892335,0.8274166345596318,2.9142501831054686,4.33222222328186,5.174612045288086,6.4708602905273445
2043-04,2043-04-01,global_mlp,2026-03,13.399360000000001,0.029021733440458775,4.280596494674683,False,2.0051034092903137,2005103.4092903137,reported_conditioned_mlp,KRISTIN,,False,0.0,0.015879556722939014,0.029021733440458775,0.046780155599117274,0.07789083048701287,0.0,1.1567474961280817,2.0051034092903137,2.6118234634399413,3.9589850664138804,0.7445599555969241,2.8580772161483763,4.280596494674683,5.112986373901365,6.408244514465332
2043-05,2043-05-01,global_mlp,2026-03,13.399360000000001,0.035453151911497116,4.2234015464782715,False,1.9250301718711853,1925030.1718711853,reported_conditioned_mlp,KRISTIN,,False,0.0,0.01933424286544323,0.035453151911497116,0.05274111926555634,0.08849574476480485,0.0,1.1612541794776914,1.9250301718711853,2.370698094367979,3.612250804901123,0.70630521774292,2.810040259361267,4.2234015464782715,5.0818500995635985,6.346024131774904
2043-06,2043-06-01,global_mlp,2026-03,13.399360000000001,0.03142089769244194,4.169456481933594,False,1.7835813760757446,1783581.3760757446,reported_conditioned_mlp,KRISTIN,,False,0.0,0.014628200884908436,0.03142089769244194,0.048580977693200106,0.08313877657055857,0.0,1.1711313247680664,1.7835813760757446,2.287365198135376,3.586806249618531,0.6834067761898044,2.7928791284561156,4.169456481933594,5.036213254928588,6.332589817047119
2043-07,2043-07-01,global_mlp,2026-03,13.399360000000001,0.025433627888560295,4.141618967056274,False,1.9895477294921875,1989547.7294921875,reported_conditioned_mlp,KRISTIN,,False,0.0,0.012474719993770122,0.025433627888560295,0.047132850810885425,0.07444482073187829,0.0,1.0657751202583312,1.9895477294921875,2.595824575424194,3.9112405538558965,0.6256655514240267,2.76607608795166,4.141618967056274,5.005499649047851,6.294068765640259
2043-08,2043-08-01,global_mlp,2026-03,13.399360000000001,0.031861841678619385,4.078076601028442,False,1.3413215279579163,1341321.5279579163,reported_conditioned_mlp,KRISTIN,,False,0.0,0.016144296526908873,0.031861841678619385,0.05029798634350299,0.08376493230462081,0.0,0.7238021850585936,1.3413215279579163,1.8511307954788208,3.056215763092041,0.5410744428634646,2.7206212759017943,4.078076601028442,4.953062868118284,6.271365213394165
2043-09,2043-09-01,global_mlp,2026-03,13.399360000000001,0.029078656807541847,4.030172824859619,False,1.6917458176612854,1691745.8176612854,reported_conditioned_mlp,KRISTIN,,False,0.0,0.011419940087944268,0.029078656807541847,0.051395857706665986,0.07933192402124406,0.0,0.7040170311927795,1.6917458176612854,2.3769487619400023,3.6878771781921396,0.42471916675567645,2.686013698577881,4.030172824859619,4.91623635292053,6.195490837097168
2043-10,2043-10-01,global_mlp,2026-03,13.399360000000001,0.028762787580490112,3.9427119493484497,False,2.0045621395111084,2004562.1395111084,reported_conditioned_mlp,KRISTIN,,False,0.0,0.012114881444722413,0.028762787580490112,0.0532461319118738,0.08498501628637316,0.0,1.0138779997825622,2.0045621395111084,2.8777666330337506,4.302374887466431,0.3749398350715638,2.6671231269836424,3.9427119493484497,4.895974540710449,6.122261905670166
2043-11,2043-11-01,global_mlp,2026-03,13.399360000000001,0.029904772527515888,3.892839789390564,False,1.566042423248291,1566042.423248291,reported_conditioned_mlp,KRISTIN,,False,0.0,0.012420660257339473,0.029904772527515888,0.05276969261467455,0.090414447337389,0.0,0.5233283668756474,1.566042423248291,2.539809322357178,4.269384574890138,0.3142573893070222,2.6277420520782466,3.892839789390564,4.850492191314696,6.119166421890259
2043-12,2043-12-01,global_mlp,2026-03,13.399360000000001,0.024876978248357773,3.8791885375976562,False,1.0171210169792175,1017121.0169792175,reported_conditioned_mlp,KRISTIN,,False,0.0,0.0093939658254385,0.024876978248357773,0.04932261407375335,0.08850502520799639,0.0,0.02343827104195938,1.0171210169792175,1.8567478775978086,3.897696900367737,0.2679379969835284,2.595673370361328,3.8791885375976562,4.809514427185058,6.084882831573487
2044-01,2044-01-01,global_mlp,2026-03,13.399360000000001,0.027642869390547276,3.8415533304214478,False,0.9983473718166351,998347.3718166351,reported_conditioned_mlp,KRISTIN,,False,0.0,0.009520769678056231,0.027642869390547276,0.046487470343708974,0.08343154639005662,0.0,0.0,0.9983473718166351,1.7542039752006524,3.464886569976808,0.21360996961593673,2.557845854759216,3.8415533304214478,4.793337726593017,6.069977521896362
2044-02,2044-02-01,global_mlp,2026-03,13.399360000000001,0.028328600339591503,3.7839373350143433,False,1.1426865458488464,1142686.5458488464,reported_conditioned_mlp,KRISTIN,,False,0.0,0.010928915161639447,0.028328600339591503,0.04729011096060275,0.07810095027089121,0.0,0.12521590441465347,1.1426865458488464,2.0398329734802245,3.3005415678024304,0.18439365029335056,2.5356916427612304,3.7839373350143433,4.763336563110352,6.036379766464234
2044-03,2044-03-01,global_mlp,2026-03,13.399360000000001,0.021919051185250282,3.7242047786712646,False,1.3556394577026367,1355639.4577026367,reported_conditioned_mlp,KRISTIN,,False,0.0,0.0030797171872109035,0.021919051185250282,0.04148695543408392,0.0704342268407345,0.0,0.0,1.3556394577026367,2.2795629262924177,3.630385518074036,0.16602087020874048,2.472880554199219,3.7242047786712646,4.726661682128905,6.029436731338501
2044-04,2044-04-01,global_mlp,2026-03,13.399360000000001,0.028188961558043957,3.6907906532287598,False,1.9010754227638245,1901075.4227638245,reported_conditioned_mlp,KRISTIN,,False,0.0,0.01223713234066963,0.028188961558043957,0.04449759088456628,0.0693875975906849,0.0,1.0736625790596006,1.9010754227638245,2.5409631967544555,3.573794436454773,0.14342139214277308,2.4640612602233882,3.6907906532287598,4.711745929718017,5.99529504776001
2044-05,2044-05-01,global_mlp,2026-03,13.399360000000001,0.03438670188188553,3.6598856449127197,False,1.9368539452552795,1936853.9452552795,reported_conditioned_mlp,KRISTIN,,False,0.0,0.01821846645325422,0.03438670188188553,0.05234389677643776,0.07727301716804505,0.0,1.1158659934997555,1.9368539452552795,2.4505939006805413,3.267794013023377,0.12054021432995836,2.4271990299224853,3.6598856449127197,4.68157148361206,5.949359035491944
2044-06,2044-06-01,global_mlp,2026-03,13.399360000000001,0.029878810048103333,3.611479640007019,False,1.9408204555511475,1940820.4555511475,reported_conditioned_mlp,KRISTIN,,False,0.0,0.01540202870965003,0.029878810048103333,0.05162593349814415,0.0782719299197197,0.0,0.994512486457824,1.9408204555511475,2.5048114299774147,3.486671376228333,0.09131243228912402,2.3940297842025755,3.611479640007019,4.641480588912964,5.909473371505738
2044-07,2044-07-01,global_mlp,2026-03,13.399360000000001,0.024815823882818222,3.5702015161514282,False,1.9865844249725342,1986584.4249725342,reported_conditioned_mlp,KRISTIN,,False,0.0,0.007618993800133466,0.024815823882818222,0.04468355774879455,0.07513827309012414,0.0,0.5035673111677168,1.9865844249725342,2.6516528367996206,3.736771774291993,0.07320316359400796,2.3303911209106443,3.5702015161514282,4.594578647613526,5.849784803390503
2044-08,2044-08-01,global_mlp,2026-03,13.399360000000001,0.030433817766606808,3.536238670349121,False,1.3592517971992493,1359251.7971992493,reported_conditioned_mlp,KRISTIN,,False,0.0,0.012567720003426073,0.030433817766606808,0.0485984306782484,0.0741380475461483,0.0,0.38181011378765106,1.3592517971992493,1.8390268087387078,2.9290192604064944,0.019956536963582166,2.27994818687439,3.536238670349121,4.544677925109863,5.818323278427124
2044-09,2044-09-01,global_mlp,2026-03,13.399360000000001,0.026354431174695492,3.509532928466797,False,1.7480876445770264,1748087.6445770264,reported_conditioned_mlp,KRISTIN,,False,0.0,0.011823888588696716,0.026354431174695492,0.04676226936280727,0.07809358909726145,0.0,0.3360742628574369,1.7480876445770264,2.466557002067566,3.463748621940614,0.0,2.2606350898742673,3.509532928466797,4.496794986724853,5.803008985519409
2044-10,2044-10-01,global_mlp,2026-03,13.399360000000001,0.023876012302935123,3.4535534381866455,False,1.9928228259086609,1992822.825908661,reported_conditioned_mlp,KRISTIN,,False,0.0,0.007814643904566763,0.023876012302935123,0.04284659810364245,0.08221993893384935,0.0,0.0,1.9928228259086609,2.885745859146118,4.152285957336426,0.0,2.226210331916809,3.4535534381866455,4.453274869918822,5.803008985519409
2044-11,2044-11-01,global_mlp,2026-03,13.399360000000001,0.025430469773709774,3.427540898323059,False,1.5914415121078491,1591441.5121078491,reported_conditioned_mlp,KRISTIN,,False,0.0,0.006009630067273973,0.025430469773709774,0.04351860620081422,0.08127945438027381,0.0,0.0,1.5914415121078491,2.388234519958495,3.81973786354065,0.0,2.183739161491394,3.427540898323059,4.410966539382934,5.794420385360718
2044-12,2044-12-01,global_mlp,2026-03,13.399360000000001,0.025293649174273014,3.3786799907684326,False,0.9601746797561646,960174.6797561646,reported_conditioned_mlp,KRISTIN,,False,0.0,0.006579412706196308,0.025293649174273014,0.04454396814107895,0.08447657227516178,0.0,0.0,0.9601746797561646,1.9102717995643612,3.66300973892212,0.0,2.133570599555969,3.3786799907684326,4.363163471221924,5.7747483253479
2045-01,2045-01-01,global_mlp,2026-03,13.399360000000001,0.023083683103322983,3.3419758081436157,False,0.9789886474609375,978988.6474609375,reported_conditioned_mlp,KRISTIN,,False,0.0,0.003596288012340664,0.023083683103322983,0.04265969730913632,0.08609430640935903,0.0,0.0,0.9789886474609375,1.7471158385276793,3.2855442047119143,0.0,2.133570599555969,3.3419758081436157,4.325777196884155,5.7390251636505125
2045-02,2045-02-01,global_mlp,2026-03,13.399360000000001,0.026359963230788708,3.3031136989593506,False,1.1211221814155579,1121122.1814155579,reported_conditioned_mlp,KRISTIN,,False,0.0,0.0029089334420859796,0.026359963230788708,0.04529029726982116,0.07358428835868837,0.0,0.0,1.1211221814155579,1.9993991851806636,3.7466600894927993,0.0,2.0909054279327384,3.3031136989593506,4.257346677780149,5.688250398635865
2045-03,2045-03-01,global_mlp,2026-03,13.399360000000001,0.01677168719470501,3.2675365209579468,False,1.2254568934440613,1225456.8934440613,reported_conditioned_mlp,KRISTIN,,False,0.0,0.0,0.01677168719470501,0.03570855744183062,0.07314198240637781,0.0,0.0,1.2254568934440613,2.228600168228149,3.815198516845705,0.0,2.0192049503326417,3.2675365209579468,4.218742275238034,5.648249959945679
2045-04,2045-04-01,global_mlp,2026-03,13.399360000000001,0.027794566936790943,3.2191765308380127,False,1.9661430716514587,1966143.0716514587,reported_conditioned_mlp,KRISTIN,,False,0.0,0.014700829423964022,0.027794566936790943,0.044905275106430026,0.07275173962116242,0.0,0.829431003332138,1.9661430716514587,2.5472044229507445,3.685140800476075,0.0,1.9662093639373779,3.2191765308380127,4.177911949157715,5.61646809577942
2045-05,2045-05-01,global_mlp,2026-03,13.399360000000001,0.03380187787115574,3.1865304708480835,False,1.8963937163352966,1896393.7163352966,reported_conditioned_mlp,KRISTIN,,False,0.0,0.01303960159420967,0.03380187787115574,0.05577836707234382,0.08443201035261155,0.0,0.6831690073013306,1.8963937163352966,2.4816855192184435,3.4788408756256115,0.0,1.9584123253822323,3.1865304708480835,4.159732913970947,5.573665714263917
2045-06,2045-06-01,global_mlp,2026-03,13.399360000000001,0.02910237479954958,3.154309391975403,False,1.764550268650055,1764550.268650055,reported_conditioned_mlp,KRISTIN,,False,0.0,0.010266501829028125,0.02910237479954958,0.049217354878783225,0.07811550050973894,0.0,0.33506522476673106,1.764550268650055,2.4141711950302116,3.656292128562928,0.0,1.920454943180084,3.154309391975403,4.105615711212158,5.556888675689698
2045-07,2045-07-01,global_mlp,2026-03,13.399360000000001,0.02535858564078808,3.134251594543457,False,1.9240750670433044,1924075.0670433044,reported_conditioned_mlp,KRISTIN,,False,0.0,0.008634686563163994,0.02535858564078808,0.04618899077177047,0.07519361376762392,0.0,0.2537944465875625,1.9240750670433044,2.6256541013717647,3.9149939060211207,0.0,1.9176760315895076,3.134251594543457,4.0650156974792475,5.504614162445069
2045-08,2045-08-01,global_mlp,2026-03,13.399360000000001,0.03187856823205948,3.10718834400177,False,1.2399477362632751,1239947.7362632751,reported_conditioned_mlp,KRISTIN,,False,0.0,0.012775173503905534,0.03187856823205948,0.05211102701723574,0.07767483517527582,0.0,0.24735829681158036,1.2399477362632751,1.8073701977729788,2.921881699562073,0.0,1.8761809229850768,3.10718834400177,4.033626079559326,5.440181541442871
2045-09,2045-09-01,global_mlp,2026-03,13.399360000000001,0.028819063678383827,3.0607482194900513,False,1.6564257740974426,1656425.7740974426,reported_conditioned_mlp,KRISTIN,,False,0.0,0.008944193739444014,0.028819063678383827,0.04866558760404585,0.076997546851635,0.0,0.06866694837808497,1.6564257740974426,2.335865354537964,3.4601447105407717,0.0,1.812734472751617,3.0607482194900513,4.017514562606811,5.372441196441651
2045-10,2045-10-01,global_mlp,2026-03,13.399360000000001,0.025911747477948666,3.023136854171753,False,1.9732182621955872,1973218.2621955872,reported_conditioned_mlp,KRISTIN,,False,0.0,0.006001776829361913,0.025911747477948666,0.048542432114481913,0.07756108939647675,0.0,0.0,1.9732182621955872,2.836709976196288,4.322786998748781,0.0,1.7252307176589963,3.023136854171753,3.9849380016326905,5.307291555404665
2045-11,2045-11-01,global_mlp,2026-03,13.399360000000001,0.025982186198234558,2.97408926486969,False,1.4628618359565735,1462861.8359565735,reported_conditioned_mlp,KRISTIN,,False,0.0,0.004698849562555543,0.025982186198234558,0.04566674157977104,0.08021788746118545,0.0,0.0,1.4628618359565735,2.4187373161315913,4.312253141403199,0.0,1.6818442225456232,2.97408926486969,3.9593039751052856,5.295613336563112
2045-12,2045-12-01,global_mlp,2026-03,13.399360000000001,0.02373876515775919,2.9062079191207886,False,0.9907859265804291,990785.9265804291,reported_conditioned_mlp,KRISTIN,,False,0.0,0.004499628860503433,0.02373876515775919,0.048069167509675,0.08471844792366029,0.0,0.0,0.9907859265804291,1.9050942182540884,3.7560404062271124,0.0,1.5782388925552366,2.9062079191207886,3.885321211814879,5.278235340118409
2046-01,2046-01-01,global_mlp,2026-03,13.399360000000001,0.022426344454288483,2.8162901401519775,False,0.8356739580631256,835673.9580631256,reported_conditioned_mlp,KRISTIN,,False,0.0,0.002786314184777436,0.022426344454288483,0.04660274945199488,0.07497049719095235,0.0,0.0,0.8356739580631256,1.7971481561660763,3.2301245689392095,0.0,1.4997288346290587,2.8162901401519775,3.853994727134704,5.24346604347229
2046-02,2046-02-01,global_mlp,2026-03,13.399360000000001,0.026266555301845074,2.7801172733306885,False,0.9781612157821655,978161.2157821655,reported_conditioned_mlp,KRISTIN,,False,0.0,0.004586473945528262,0.026266555301845074,0.048512026295065874,0.08357947096228603,0.0,0.0,0.9781612157821655,1.8851613402366636,3.772673630714417,0.0,1.4477172851562499,2.7801172733306885,3.8190815925598143,5.217235565185547
2046-03,2046-03-01,global_mlp,2026-03,13.399360000000001,0.017681019380688667,2.73540461063385,False,0.9117102921009064,911710.2921009064,reported_conditioned_mlp,KRISTIN,,False,0.0,0.0,0.017681019380688667,0.03926543667912478,0.06857832074165347,0.0,0.0,0.9117102921009064,2.1379467725753782,4.288764810562134,0.0,1.4062356710433959,2.73540461063385,3.7893579244613647,5.181236982345581
2046-04,2046-04-01,global_mlp,2026-03,13.399360000000001,0.02799419406801462,2.7112258672714233,False,1.9043997526168823,1904399.7526168823,reported_conditioned_mlp,KRISTIN,,False,0.0,0.01047244276851415,0.02799419406801462,0.04588824249804014,0.0673017203807831,0.0,0.8136163651943197,1.9043997526168823,2.514407920837402,3.9244307518005375,0.0,1.3638860464096068,2.7112258672714233,3.776972460746765,5.151575136184693
2046-05,2046-05-01,global_mlp,2026-03,13.399360000000001,0.03397515416145325,2.661073684692383,False,1.9266330003738403,1926633.0003738403,reported_conditioned_mlp,KRISTIN,,False,0.0,0.013692584447562692,0.03397515416145325,0.05403512604534626,0.0817872479557991,0.0,1.0572948575019836,1.9266330003738403,2.4780308485031126,3.356106591224671,0.0,1.3525456428527831,2.661073684692383,3.734691143035888,5.112428283691407
2046-06,2046-06-01,global_mlp,2026-03,13.399360000000001,0.030330046080052853,2.595076322555542,False,1.891005277633667,1891005.277633667,reported_conditioned_mlp,KRISTIN,,False,0.0,0.011987598333507776,0.030330046080052853,0.04970354102551937,0.0743701070547104,0.0,0.7384141147136688,1.891005277633667,2.5455758094787595,3.7358098030090336,0.0,1.3346145033836363,2.595076322555542,3.7225852727890016,5.047935771942139
2046-07,2046-07-01,global_mlp,2026-03,13.399360000000001,0.022106999531388283,2.533616781234741,False,1.995258629322052,1995258.629322052,reported_conditioned_mlp,KRISTIN,,False,0.0,0.005652109766378987,0.022106999531388283,0.041863013058900826,0.07579320147633553,0.0,0.0,1.995258629322052,2.7047360658645627,3.818680691719056,0.0,1.2703175663948059,2.533616781234741,3.6828512907028186,5.00582709312439
2046-08,2046-08-01,global_mlp,2026-03,13.399360000000001,0.02922624535858631,2.4830158948898315,False,1.3545848727226257,1354584.8727226257,reported_conditioned_mlp,KRISTIN,,False,0.0,0.01274682879447937,0.02922624535858631,0.04795784130692481,0.07503630295395851,0.0,0.3132645994424812,1.3545848727226257,1.8678536295890806,3.039322328567505,0.0,1.2394937634468077,2.4830158948898315,3.6168470621109003,4.954780435562133
2046-09,2046-09-01,global_mlp,2026-03,13.399360000000001,0.026688204146921635,2.465281844139099,False,1.6062282919883728,1606228.2919883728,reported_conditioned_mlp,KRISTIN,,False,0.0,0.006593023380264639,0.026688204146921635,0.046867490932345386,0.07127285599708558,0.0,0.0,1.6062282919883728,2.524436569213867,3.6145623922348022,0.0,1.224515128135681,2.465281844139099,3.5725106716156003,4.913304281234741
2046-10,2046-10-01,global_mlp,2026-03,13.399360000000001,0.026406826451420784,2.4280835390090942,False,1.9660131335258484,1966013.1335258484,reported_conditioned_mlp,KRISTIN,,False,0.0,0.0065487374551594256,0.026406826451420784,0.04733304604887962,0.07441518604755402,0.0,0.0,1.9660131335258484,2.878549599647522,3.990651702880861,0.0,1.1673364162445068,2.4280835390090942,3.558804440498352,4.886037921905518
2046-11,2046-11-01,global_mlp,2026-03,13.399360000000001,0.02123080100864172,2.3970417976379395,False,1.5167745351791382,1516774.5351791382,reported_conditioned_mlp,KRISTIN,,False,0.0,0.00279162075603379,0.02123080100864172,0.04375112392008303,0.07119733765721323,0.0,0.0,1.5167745351791382,2.509774613380432,3.990797972679139,0.0,1.142055082321167,2.3970417976379395,3.5395416736602776,4.856624174118043
2046-12,2046-12-01,global_mlp,2026-03,13.399360000000001,0.019614696502685547,2.346413731575012,False,1.11207777261734,1112077.77261734,reported_conditioned_mlp,KRISTIN,,False,0.0,0.0,0.019614696502685547,0.038560099899768815,0.06933295503258706,0.0,0.0,1.11207777261734,1.992286443710327,3.682247495651245,0.0,1.1285416722297668,2.346413731575012,3.515291333198547,4.833880519866944
2047-01,2047-01-01,global_mlp,2026-03,13.399360000000001,0.020423874258995056,2.3092334270477295,False,0.9276419579982758,927641.9579982758,reported_conditioned_mlp,KRISTIN,,False,0.0,0.0,0.020423874258995056,0.03823851495981216,0.07261510714888574,0.0,0.0,0.9276419579982758,1.832406413555145,3.2060832023620613,0.0,1.0971025228500366,2.3092334270477295,3.5098692417144775,4.776905298233032
2047-02,2047-02-01,global_mlp,2026-03,13.399360000000001,0.022974682040512562,2.2541481256484985,False,1.0773449540138245,1077344.9540138245,reported_conditioned_mlp,KRISTIN,,False,0.0,0.0,0.022974682040512562,0.03986246883869169,0.07600763961672785,0.0,0.0,1.0773449540138245,2.0696802854537952,3.489129090309143,0.0,1.0913411378860471,2.2541481256484985,3.49394314289093,4.736409950256348
2047-03,2047-03-01,global_mlp,2026-03,13.399360000000001,0.015858197584748268,2.2010773420333862,False,0.9015763401985168,901576.3401985168,reported_conditioned_mlp,KRISTIN,,False,0.0,0.0,0.015858197584748268,0.03126081060618161,0.05914095640182496,0.0,0.0,0.9015763401985168,2.1997181415557847,3.644039058685303,0.0,1.0606678962707519,2.2010773420333862,3.456803441047668,4.7185021400451665
2047-04,2047-04-01,global_mlp,2026-03,13.399360000000001,0.022725113667547703,2.1500933170318604,False,1.8296873569488525,1829687.3569488525,reported_conditioned_mlp,KRISTIN,,False,0.0,0.004184906277805564,0.022725113667547703,0.042261800169944755,0.06558951139450075,0.0,0.0,1.8296873569488525,2.593353390693664,3.757486081123352,0.0,1.030148994922638,2.1500933170318604,3.4110137701034535,4.664962673187256
2047-05,2047-05-01,global_mlp,2026-03,13.399360000000001,0.030051322653889656,2.1116793155670166,False,1.9408536553382874,1940853.6553382874,reported_conditioned_mlp,KRISTIN,,False,0.0,0.00997777488082647,0.030051322653889656,0.04871389754116534,0.08021290823817254,0.0,0.014856070838868377,1.9408536553382874,2.538818478584289,3.5070829868316653,0.0,0.9458956062793731,2.1116793155670166,3.3803769588470454,4.5946475028991705
2047-06,2047-06-01,global_mlp,2026-03,13.399360000000001,0.027017733082175255,2.0962560176849365,False,1.6982895731925964,1698289.5731925964,reported_conditioned_mlp,KRISTIN,,False,0.0,0.004678453085944056,0.027017733082175255,0.045263087749481186,0.07396407425403596,0.0,0.0,1.6982895731925964,2.3861339807510378,3.4558354377746587,0.0,0.8705939948558806,2.0962560176849365,3.3553946733474724,4.557969427108765
2047-07,2047-07-01,global_mlp,2026-03,13.399360000000001,0.01867486536502838,2.045936346054077,False,1.741126000881195,1741126.000881195,reported_conditioned_mlp,KRISTIN,,False,0.0,0.002429572818800793,0.01867486536502838,0.038401670008897784,0.06963212713599207,0.0,0.0,1.741126000881195,2.594561719894408,4.102435922622683,0.0,0.8183040618896483,2.045936346054077,3.314963817596435,4.533102798461914
2047-08,2047-08-01,global_mlp,2026-03,13.399360000000001,0.02433574292808771,2.00735342502594,False,1.3193728923797607,1319372.8923797607,reported_conditioned_mlp,KRISTIN,,False,0.0,0.006655175751075142,0.02433574292808771,0.04217461459338663,0.07050811871886253,0.0,0.0,1.3193728923797607,1.8789640307426447,3.2090724229812624,0.0,0.7827967047691343,2.00735342502594,3.2638189554214474,4.491766738891602
2047-09,2047-09-01,global_mlp,2026-03,13.399360000000001,0.022117563523352146,1.985987901687622,False,1.5508365035057068,1550836.5035057068,reported_conditioned_mlp,KRISTIN,,False,0.0,0.0,0.022117563523352146,0.04506901316344737,0.07315597161650658,0.0,0.0,1.5508365035057068,2.4642031669616693,3.982821249961854,0.0,0.7349962294101714,1.985987901687622,3.208188605308532,4.464843225479126
2047-10,2047-10-01,global_mlp,2026-03,13.399360000000001,0.02256637904793024,1.9655812978744507,False,2.024903178215027,2024903.1782150269,reported_conditioned_mlp,KRISTIN,,False,0.0,0.0,0.02256637904793024,0.04397141337394714,0.07431735470891,0.0,0.0,2.024903178215027,2.8809862136840816,4.143829154968265,0.0,0.67945596575737,1.9655812978744507,3.165011954307556,4.43049578666687
2047-11,2047-11-01,global_mlp,2026-03,13.399360000000001,0.02041248418390751,1.952086091041565,False,1.5033061504364014,1503306.1504364014,reported_conditioned_mlp,KRISTIN,,False,0.0,0.0,0.02041248418390751,0.044865731894969924,0.07689099833369256,0.0,0.0,1.5033061504364014,2.5605677366256705,4.162766647338869,0.0,0.6606319248676298,1.952086091041565,3.125647258758544,4.398486804962158
2047-12,2047-12-01,global_mlp,2026-03,13.399360000000001,0.021592997945845127,1.9255744218826294,False,0.9941659271717072,994165.9271717072,reported_conditioned_mlp,KRISTIN,,False,0.0,0.0,0.021592997945845127,0.04162766896188258,0.0721020422875882,0.0,0.0,0.9941659271717072,2.1115406513214108,3.7403593063354497,0.0,0.6276047587394713,1.9255744218826294,3.095922446250914,4.357049703598023
2048-01,2048-01-01,global_mlp,2026-03,13.399360000000001,0.018730781972408295,1.9083904027938843,False,0.7561836242675781,756183.6242675781,reported_conditioned_mlp,KRISTIN,,False,0.0,0.0,0.018730781972408295,0.040211270749568935,0.07173689976334573,0.0,0.0,0.7561836242675781,1.848823571205139,3.365031409263612,0.0,0.5784619987010948,1.9083904027938843,3.0569315671920765,4.314882469177247
2048-02,2048-02-01,global_mlp,2026-03,13.399360000000001,0.020009859465062618,1.8001452684402466,False,0.9721703231334686,972170.3231334686,reported_conditioned_mlp,KRISTIN,,False,0.0,0.0,0.020009859465062618,0.03827252835035324,0.07051975578069687,0.0,0.0,0.9721703231334686,2.153231287002562,3.7678302288055447,0.0,0.5360031664371488,1.8001452684402466,3.029801750183104,4.31092677116394
2048-03,2048-03-01,global_mlp,2026-03,13.399360000000001,0.012656075414270163,1.7521588206291199,False,0.9741154611110687,974115.4611110687,reported_conditioned_mlp,KRISTIN,,False,0.0,0.0,0.012656075414270163,0.03084794115275144,0.05881892554461957,0.0,0.0,0.9741154611110687,2.32440960407257,4.138119220733644,0.0,0.4900888323783871,1.7521588206291199,3.021483421325682,4.296467304229736
2048-04,2048-04-01,global_mlp,2026-03,13.399360000000001,0.025113669224083424,1.6753557324409485,False,1.9001532196998596,1900153.2196998596,reported_conditioned_mlp,KRISTIN,,False,0.0,0.0,0.025113669224083424,0.04409599602222443,0.07378746420145035,0.0,0.0,1.9001532196998596,2.732693862915039,3.832048940658572,0.0,0.4273887634277343,1.6753557324409485,3.005556201934813,4.246161365509034
2048-05,2048-05-01,global_mlp,2026-03,13.399360000000001,0.029074525460600853,1.5987839698791504,False,1.9069833159446716,1906983.3159446716,reported_conditioned_mlp,KRISTIN,,False,0.0,0.0017386325984261918,0.029074525460600853,0.052113062143325804,0.0821689955890179,0.0,0.0,1.9069833159446716,2.5570501804351804,3.50571346282959,0.0,0.35247566401958447,1.5987839698791504,2.9677187919616697,4.199639701843262
2048-06,2048-06-01,global_mlp,2026-03,13.399360000000001,0.02641539555042982,1.529069185256958,False,1.6990383863449097,1699038.3863449097,reported_conditioned_mlp,KRISTIN,,False,0.0,0.0,0.02641539555042982,0.048284183442592596,0.07520693466067316,0.0,0.0,1.6990383863449097,2.4694243669509888,3.3196779727935795,0.0,0.2983332127332686,1.529069185256958,2.9139950990676877,4.180490589141846
2048-07,2048-07-01,global_mlp,2026-03,13.399360000000001,0.023215812630951405,1.5080344676971436,False,1.8521630764007568,1852163.0764007568,reported_conditioned_mlp,KRISTIN,,False,0.0,0.0,0.023215812630951405,0.04229357838630674,0.07447501942515376,0.0,0.0,1.8521630764007568,2.7381167888641356,3.891249084472657,0.0,0.25040874779224387,1.5080344676971436,2.867949700355528,4.159979152679443
2048-08,2048-08-01,global_mlp,2026-03,13.399360000000001,0.022604611702263355,1.4625370502471924,False,1.216433584690094,1216433.584690094,reported_conditioned_mlp,KRISTIN,,False,0.0,0.0,0.022604611702263355,0.04278263226151464,0.07614627778530121,0.0,0.0,1.216433584690094,2.003673815727234,3.4035055637359624,0.0,0.22797924876213016,1.4625370502471924,2.8324128389358494,4.118493986129761
2048-09,2048-09-01,global_mlp,2026-03,13.399360000000001,0.016354653052985668,1.430930733680725,False,1.242396891117096,1242396.891117096,reported_conditioned_mlp,KRISTIN,,False,0.0,0.0,0.016354653052985668,0.041427117958664876,0.06901091188192368,0.0,0.0,1.242396891117096,2.3905677318572995,3.9652875423431415,0.0,0.18279786482453247,1.430930733680725,2.800295662879942,4.071953773498536
2048-10,2048-10-01,global_mlp,2026-03,13.399360000000001,0.016014129854738712,1.384071707725525,False,1.6140368580818176,1614036.8580818176,reported_conditioned_mlp,KRISTIN,,False,0.0,0.0,0.016014129854738712,0.04098767675459382,0.0721630409359932,0.0,0.0,1.6140368580818176,2.9210312604904174,4.3008300304412845,0.0,0.08805845975875841,1.384071707725525,2.7435702562332143,4.036640930175782
2048-11,2048-11-01,global_mlp,2026-03,13.399360000000001,0.018467778339982033,1.335618495941162,False,1.294816792011261,1294816.792011261,reported_conditioned_mlp,KRISTIN,,False,0.0,0.0,0.018467778339982033,0.0405245393514633,0.07988798245787622,0.0,0.0,1.294816792011261,2.7138531923294056,4.305784606933595,0.0,0.03172307536005965,1.335618495941162,2.7152301788330075,4.002504968643189
2048-12,2048-12-01,global_mlp,2026-03,13.399360000000001,0.01740550994873047,1.28266441822052,False,0.9189742803573608,918974.2803573608,reported_conditioned_mlp,KRISTIN,,False,0.0,0.0,0.01740550994873047,0.042159241437911985,0.07390395104885103,0.0,0.0,0.9189742803573608,2.120920372009277,3.8546168327331567,0.0,0.0,1.28266441822052,2.652010369300841,3.951966500282288
2049-01,2049-01-01,global_mlp,2026-03,13.399360000000001,0.013818275649100542,1.246282160282135,False,0.7700047791004181,770004.7791004181,reported_conditioned_mlp,KRISTIN,,False,0.0,0.0,0.013818275649100542,0.03443299084901809,0.07200221195816994,0.0,0.0,0.7700047791004181,1.9605576038360595,3.550668287277222,0.0,0.0,1.246282160282135,2.632700204849243,3.946282148361206
2049-02,2049-02-01,global_mlp,2026-03,13.399360000000001,0.01596891414374113,1.2167011499404907,False,0.899829238653183,899829.238653183,reported_conditioned_mlp,KRISTIN,,False,0.0,0.0,0.01596891414374113,0.039808135107159616,0.0753312811255455,0.0,0.0,0.899829238653183,2.1676739692687987,3.819396257400513,0.0,0.0,1.2167011499404907,2.580160450935364,3.8936003208160406
2049-03,2049-03-01,global_mlp,2026-03,13.399360000000001,0.010501280426979065,1.1705698370933533,False,0.2296559363603592,229655.9363603592,reported_conditioned_mlp,KRISTIN,,False,0.0,0.0,0.010501280426979065,0.031362477503716894,0.06564806997776032,0.0,0.0,0.2296559363603592,2.4099228382110587,3.8273056745529175,0.0,0.0,1.1705698370933533,2.5321486711502073,3.867247223854065
2049-04,2049-04-01,global_mlp,2026-03,13.399360000000001,0.016759954392910004,1.1204431056976318,False,1.4738295674324036,1473829.5674324036,reported_conditioned_mlp,KRISTIN,,False,0.0,0.0,0.016759954392910004,0.034765696153044694,0.06610500961542132,0.0,0.0,1.4738295674324036,2.208082556724548,3.6881590366363532,0.0,0.0,1.1204431056976318,2.487857484817504,3.841628098487854
2049-05,2049-05-01,global_mlp,2026-03,13.399360000000001,0.022204717621207237,1.0570313930511475,False,1.2639796733856201,1263979.6733856201,reported_conditioned_mlp,KRISTIN,,False,0.0,0.0,0.022204717621207237,0.042632194608449935,0.07815907523036005,0.0,0.0,1.2639796733856201,2.329466605186462,3.437435984611512,0.0,0.0,1.0570313930511475,2.447738051414489,3.826391339302063
2049-06,2049-06-01,global_mlp,2026-03,13.399360000000001,0.01855156198143959,1.0147878527641296,False,1.3442827463150024,1344282.7463150024,reported_conditioned_mlp,KRISTIN,,False,0.0,0.0,0.01855156198143959,0.03862841315567492,0.07779601663351059,0.0,0.0,1.3442827463150024,2.3097595691680906,3.497045111656189,0.0,0.0,1.0147878527641296,2.4294455289840697,3.76224126815796
2049-07,2049-07-01,global_mlp,2026-03,13.399360000000001,0.016170664690434933,0.9874101877212524,False,1.5391000509262085,1539100.0509262085,reported_conditioned_mlp,KRISTIN,,False,0.0,0.0,0.016170664690434933,0.033868286013603206,0.06977887824177745,0.0,0.0,1.5391000509262085,2.683095407485961,3.879615426063539,0.0,0.0,0.9874101877212524,2.396431946754455,3.6750978469848636
2049-08,2049-08-01,global_mlp,2026-03,13.399360000000001,0.020032783970236778,0.9138821065425873,False,1.1964333653450012,1196433.3653450012,reported_conditioned_mlp,KRISTIN,,False,0.0,0.0,0.020032783970236778,0.03927181400358675,0.07255052700638775,0.0,0.0,1.1964333653450012,2.127511382102966,3.270538616180421,0.0,0.0,0.9138821065425873,2.3469420194625847,3.6370895385742195
2049-09,2049-09-01,global_mlp,2026-03,13.399360000000001,0.01730532292276621,0.8656380772590637,False,0.8508602678775787,850860.2678775787,reported_conditioned_mlp,KRISTIN,,False,0.0,0.0,0.01730532292276621,0.036163992062211034,0.06681192144751553,0.0,0.0,0.8508602678775787,2.343212080001831,3.5970068693161013,0.0,0.0,0.8656380772590637,2.301174783706663,3.60106303691864
2049-10,2049-10-01,global_mlp,2026-03,13.399360000000001,0.009852859657257795,0.8376916348934174,False,0.25436386466026306,254363.86466026306,reported_conditioned_mlp,KRISTIN,,False,0.0,0.0,0.009852859657257795,0.03387283384799955,0.07464551031589509,0.0,0.0,0.25436386466026306,2.5943105220794678,4.150634336471558,0.0,0.0,0.8376916348934174,2.2612850666046103,3.5298500299453743
2049-11,2049-11-01,global_mlp,2026-03,13.399360000000001,0.00947418250143528,0.7948613166809082,False,0.0,0.0,reported_conditioned_mlp,KRISTIN,,False,0.0,0.0,0.00947418250143528,0.03196684792637824,0.07173111960291863,0.0,0.0,0.0,2.3788048028945923,4.164893913269046,0.0,0.0,0.7948613166809082,2.2149547100067135,3.5003228664398196
2049-12,2049-12-01,global_mlp,2026-03,13.399360000000001,0.007871120469644666,0.7673450410366058,False,0.0,0.0,reported_conditioned_mlp,KRISTIN,,False,0.0,0.0,0.007871120469644666,0.029217689670622316,0.0681821957230568,0.0,0.0,0.0,1.8637932896614073,3.712197184562683,0.0,0.0,0.7673450410366058,2.2058192968368524,3.479914259910584
2050-01,2050-01-01,global_mlp,2026-03,13.399360000000001,0.005713642342016101,0.7257438600063324,False,0.0,0.0,reported_conditioned_mlp,KRISTIN,,False,0.0,0.0,0.005713642342016101,0.029703975841403007,0.06653653681278231,0.0,0.0,0.0,1.7561468243598934,3.345362806320194,0.0,0.0,0.7257438600063324,2.136972260475158,3.46751298904419
2050-02,2050-02-01,global_mlp,2026-03,13.399360000000001,0.008563472423702478,0.6960648000240326,False,0.0,0.0,reported_conditioned_mlp,KRISTIN,,False,0.0,0.0,0.008563472423702478,0.03023557588458061,0.06675675287842753,0.0,0.0,0.0,1.8790461659431428,3.645048522949219,0.0,0.0,0.6960648000240326,2.068382811546324,3.4320197820663454
2050-03,2050-03-01,global_mlp,2026-03,13.399360000000001,0.0,0.6866317689418793,False,0.0,0.0,reported_conditioned_mlp,KRISTIN,,False,0.0,0.0,0.0,0.027083261683583243,0.05684612691402437,0.0,0.0,0.0,1.9628207683563232,3.6563496589660645,0.0,0.0,0.6866317689418793,2.013291335105893,3.3934083700180055
2050-04,2050-04-01,global_mlp,2026-03,13.399360000000001,0.008838380686938763,0.6388653218746185,False,0.06658291816711426,66582.91816711426,reported_conditioned_mlp,KRISTIN,,False,0.0,0.0,0.008838380686938763,0.03609041720628737,0.0653337299823761,0.0,0.0,0.06658291816711426,2.2948572635650635,3.481146955490113,0.0,0.0,0.6388653218746185,1.9917183637619005,3.3470072984695443
2050-05,2050-05-01,global_mlp,2026-03,13.399360000000001,0.018361697904765606,0.5731252729892731,False,1.1484615802764893,1148461.5802764893,reported_conditioned_mlp,KRISTIN,,False,0.0,0.0,0.018361697904765606,0.042805225029587744,0.07631139755249025,0.0,0.0,1.1484615802764893,2.396626472473144,3.6284060955047623,0.0,0.0,0.5731252729892731,1.9525117397308336,3.2878876209259045
2050-06,2050-06-01,global_mlp,2026-03,13.399360000000001,0.012733026873320341,0.5228985846042633,False,1.2365691661834717,1236569.1661834717,reported_conditioned_mlp,KRISTIN,,False,0.0,0.0,0.012733026873320341,0.037765512615442275,0.06998323872685433,0.0,0.0,1.2365691661834717,2.398393154144287,3.492605113983158,0.0,0.0,0.5228985846042633,1.9009800314903258,3.2276562690734867
2050-07,2050-07-01,global_mlp,2026-03,13.399360000000001,0.0017205256735906005,0.4877600222826004,False,0.0,0.0,reported_conditioned_mlp,KRISTIN,,False,0.0,0.0,0.0017205256735906005,0.030039489828050134,0.06498346626758576,0.0,0.0,0.0,2.420451688766479,3.7156353950500502,0.0,0.0,0.4877600222826004,1.86784188747406,3.1783801794052127
2050-08,2050-08-01,global_mlp,2026-03,13.399360000000001,0.009491417091339827,0.4302336871623993,False,0.18707622587680817,187076.22587680817,reported_conditioned_mlp,KRISTIN,,False,0.0,0.0,0.009491417091339827,0.036194927245378476,0.0701838992536068,0.0,0.0,0.18707622587680817,1.9241104960441584,3.203246903419495,0.0,0.0,0.4302336871623993,1.8200556397438046,3.1426670789718627
2050-09,2050-09-01,global_mlp,2026-03,13.399360000000001,0.005542377708479762,0.40548327565193176,False,0.0,0.0,reported_conditioned_mlp,KRISTIN,,False,0.0,0.0,0.005542377708479762,0.03214769437909126,0.06703664064407348,0.0,0.0,0.0,2.23519160747528,3.716149377822877,0.0,0.0,0.40548327565193176,1.79253693819046,3.1077066659927373
2050-10,2050-10-01,global_mlp,2026-03,13.399360000000001,0.001212328381370753,0.36183297634124756,False,0.0,0.0,reported_conditioned_mlp,KRISTIN,,False,0.0,0.0,0.001212328381370753,0.035427454486489283,0.07015829533338552,0.0,0.0,0.0,2.4149116277694698,3.875397872924805,0.0,0.0,0.36183297634124756,1.7469342589378354,3.088197135925293
2050-11,2050-11-01,global_mlp,2026-03,13.399360000000001,0.0,0.31099003553390503,False,0.0,0.0,reported_conditioned_mlp,KRISTIN,,False,0.0,0.0,0.0,0.029399172030389283,0.06738465651869775,0.0,0.0,0.0,2.000954449176788,3.8061995029449482,0.0,0.0,0.31099003553390503,1.693157529830932,3.0431843042373656
2050-12,2050-12-01,global_mlp,2026-03,13.399360000000001,0.0,0.29010263085365295,False,0.0,0.0,reported_conditioned_mlp,KRISTIN,,False,0.0,0.0,0.0,0.029061168804764743,0.06770528703927996,0.0,0.0,0.0,1.6292533278465269,3.5946772336959856,0.0,0.0,0.29010263085365295,1.6075665593147273,2.984834074974061
2051-01,2051-01-01,global_mlp,2026-03,13.399360000000001,0.0,0.25069932639598846,False,0.0,0.0,reported_conditioned_mlp,KRISTIN,,False,0.0,0.0,0.0,0.02442223168909549,0.060924771428108225,0.0,0.0,0.0,1.61733603477478,3.0661121606826787,0.0,0.0,0.25069932639598846,1.5712562441825861,2.9409607172012335
2051-02,2051-02-01,global_mlp,2026-03,13.399360000000001,0.0,0.21744535863399506,False,0.0,0.0,reported_conditioned_mlp,KRISTIN,,False,0.0,0.0,0.0,0.027032860741019217,0.06392492800951004,0.0,0.0,0.0,1.7380397319793686,3.7000479221343996,0.0,0.0,0.21744535863399506,1.5547312140464775,2.9155025243759156
2051-03,2051-03-01,global_mlp,2026-03,13.399360000000001,0.0,0.20537789911031723,False,0.0,0.0,reported_conditioned_mlp,KRISTIN,,False,0.0,0.0,0.0,0.019066733308136435,0.053005389869213104,0.0,0.0,0.0,1.8961919665336597,3.646387171745302,0.0,0.0,0.20537789911031723,1.5359361171722408,2.896192026138306
