month,date,variant,cutoff_month,remaining_reserves_start_msm3oe,production_forecast_msm3oe,remaining_reserves_end_msm3oe,production_was_clipped,fuel_gas_forecast_msm3,fuel_gas_forecast_sm3,fuel_forecast_method,fuel_source_field,fuel_zero_from_month,fuel_zero_override_applied,production_forecast_msm3oe_q10,production_forecast_msm3oe_q30,production_forecast_msm3oe_q50,production_forecast_msm3oe_q70,production_forecast_msm3oe_q90,fuel_gas_forecast_msm3_q10,fuel_gas_forecast_msm3_q30,fuel_gas_forecast_msm3_q50,fuel_gas_forecast_msm3_q70,fuel_gas_forecast_msm3_q90,remaining_reserves_end_msm3oe_q10,remaining_reserves_end_msm3oe_q30,remaining_reserves_end_msm3oe_q50,remaining_reserves_end_msm3oe_q70,remaining_reserves_end_msm3oe_q90
2026-04,2026-04-01,global_mlp,2026-03,27.721087,0.1995512619614601,27.52153491973877,False,7.8607635498046875,7860763.5498046875,reported_conditioned_mlp,ELDFISK,,False,0.1554160073399544,0.18161840736865997,0.1995512619614601,0.22115430980920792,0.26196589767932893,3.5463896274566666,6.62585220336914,7.8607635498046875,8.722707748413086,10.799122619628907,27.45912094116211,27.499932289123535,27.52153491973877,27.53946762084961,27.565670776367188
2026-05,2026-05-01,global_mlp,2026-03,27.721087,0.20339049398899078,27.317922592163086,False,7.398019552230835,7398019.552230835,reported_conditioned_mlp,ELDFISK,,False,0.14839759171009065,0.18653687536716462,0.20339049398899078,0.2295885309576988,0.27233590483665465,3.345730471611024,5.895071697235108,7.398019552230835,8.473056602478026,10.368155193328858,27.202090644836424,27.27564525604248,27.317922592163086,27.3503267288208,27.40665683746338
2026-06,2026-06-01,global_mlp,2026-03,27.721087,0.20858541876077652,27.109661102294922,False,7.306699275970459,7306699.275970459,reported_conditioned_mlp,ELDFISK,,False,0.15038368552923204,0.19081688672304153,0.20858541876077652,0.2302094519138336,0.2618469059467316,3.565626430511475,6.186384677886962,7.306699275970459,8.415769672393798,10.254170322418215,26.953939819335936,27.052726554870606,27.109661102294922,27.153925704956055,27.23052062988281
2026-07,2026-07-01,global_mlp,2026-03,27.721087,0.20519569516181946,26.904376983642578,False,7.572393417358398,7572393.417358398,reported_conditioned_mlp,ELDFISK,,False,0.1506666347384453,0.18586689084768296,0.20519569516181946,0.22474869787693022,0.2622608095407486,3.795045566558838,6.237485074996948,7.572393417358398,8.485365390777588,10.133429145812988,26.698002433776857,26.834329986572264,26.904376983642578,26.97474021911621,27.062822341918945
2026-08,2026-08-01,global_mlp,2026-03,27.721087,0.19850903004407883,26.70760154724121,False,7.592782020568848,7592782.020568848,reported_conditioned_mlp,ELDFISK,,False,0.13831040859222413,0.1742130070924759,0.19850903004407883,0.22115215808153152,0.2633282333612442,3.5470164299011238,6.040614986419678,7.592782020568848,8.929973316192626,11.63433990478516,26.466971588134765,26.622715759277344,26.70760154724121,26.789588737487794,26.902839279174806
2026-09,2026-09-01,global_mlp,2026-03,27.721087,0.20519620180130005,26.494176864624023,False,7.402358293533325,7402358.293533325,reported_conditioned_mlp,ELDFISK,,False,0.13804819583892822,0.181077541410923,0.20519620180130005,0.22801553905010222,0.2786656767129898,2.6741086244583134,5.955397081375121,7.402358293533325,8.710629844665528,11.390569019317628,26.228149604797363,26.40020694732666,26.494176864624023,26.592891883850097,26.764384269714355
2026-10,2026-10-01,global_mlp,2026-03,27.721087,0.20495985448360443,26.293227195739746,False,7.47191858291626,7471918.58291626,reported_conditioned_mlp,ELDFISK,,False,0.13942836821079255,0.18359308391809465,0.20495985448360443,0.23043352812528609,0.2732942223548889,3.3416789531707765,6.388867282867432,7.47191858291626,8.688897037506102,10.733690357208255,25.979184913635255,26.17604465484619,26.293227195739746,26.40762004852295,26.588606071472167
2026-11,2026-11-01,global_mlp,2026-03,27.721087,0.2240307703614235,26.062413215637207,False,7.570708274841309,7570708.274841309,reported_conditioned_mlp,ELDFISK,,False,0.155116069316864,0.1987510547041893,0.2240307703614235,0.2503769338130951,0.2941158175468445,2.9845753669738806,6.326362943649292,7.570708274841309,8.74775800704956,11.473630905151367,25.680459022521973,25.93400630950928,26.062413215637207,26.198464965820314,26.420337295532228
2026-12,2026-12-01,global_mlp,2026-03,27.721087,0.22261203080415726,25.843503952026367,False,6.98006534576416,6980065.34576416,reported_conditioned_mlp,ELDFISK,,False,0.15248020440340043,0.20026053190231324,0.22261203080415726,0.2514791160821914,0.29102564156055455,2.9634960651397706,5.8228470325469965,6.98006534576416,7.974065446853637,10.289901447296145,25.400649070739746,25.70378646850586,25.843503952026367,25.98912696838379,26.235028076171876
2027-01,2027-01-01,global_mlp,2026-03,27.721087,0.2220773994922638,25.629483222961426,False,6.729362726211548,6729362.726211548,reported_conditioned_mlp,ELDFISK,,False,0.13630838692188263,0.1914485901594162,0.2220773994922638,0.24335965514183044,0.2854605376720429,2.701905179023743,5.375915765762328,6.729362726211548,8.044350624084473,10.17726001739502,25.15280075073242,25.479516220092773,25.629483222961426,25.778951835632324,26.08429584503174
2027-02,2027-02-01,global_mlp,2026-03,27.721087,0.21227210760116577,25.424490928649902,False,6.533496379852295,6533496.379852295,reported_conditioned_mlp,ELDFISK,,False,0.115727761387825,0.18875549733638763,0.21227210760116577,0.236850993335247,0.28248660564422606,2.2694336175918584,5.016484355926513,6.533496379852295,8.010694503784178,10.938311958312989,24.8850980758667,25.244727516174315,25.424490928649902,25.585836791992186,25.9417293548584
2027-03,2027-03-01,global_mlp,2026-03,27.721087,0.20577309280633926,25.207626342773438,False,6.652906179428101,6652906.179428101,reported_conditioned_mlp,ELDFISK,,False,0.11522979289293292,0.17831290811300277,0.20577309280633926,0.22581478804349897,0.2654090970754624,1.8876622200012207,4.865707015991211,6.652906179428101,7.892353200912474,10.588762760162355,24.617311096191408,25.026702880859375,25.207626342773438,25.416563034057617,25.801548194885253
2027-04,2027-04-01,global_mlp,2026-03,27.721087,0.1995384693145752,25.01198959350586,False,6.1819047927856445,6181904.7927856445,reported_conditioned_mlp,ELDFISK,,False,0.12460492253303528,0.17047748118638992,0.1995384693145752,0.2266550600528717,0.275422078371048,2.253335976600647,4.377948045730591,6.1819047927856445,7.710176324844358,9.922293949127198,24.40302219390869,24.827034378051756,25.01198959350586,25.222204208374023,25.65321445465088
2027-05,2027-05-01,global_mlp,2026-03,27.721087,0.20582900196313858,24.79261875152588,False,5.719122409820557,5719122.409820557,reported_conditioned_mlp,ELDFISK,,False,0.12719855159521104,0.17287932783365248,0.20582900196313858,0.23041775524616237,0.2861082375049591,2.4455670595169066,4.373605823516845,5.719122409820557,7.359098005294799,9.81369037628174,24.152011108398437,24.60587272644043,24.79261875152588,25.015404510498048,25.488290214538576
2027-06,2027-06-01,global_mlp,2026-03,27.721087,0.20542052388191223,24.582178115844727,False,6.020236253738403,6020236.253738403,reported_conditioned_mlp,ELDFISK,,False,0.11992076262831688,0.17612920999526976,0.20542052388191223,0.23347283899784088,0.2788077294826508,2.4089962005615235,4.40358157157898,6.020236253738403,7.519980669021606,9.682928848266604,23.868552207946777,24.37225341796875,24.582178115844727,24.814198112487794,25.34536190032959
2027-07,2027-07-01,global_mlp,2026-03,27.721087,0.20490185171365738,24.384669303894043,False,6.116207122802734,6116207.122802734,reported_conditioned_mlp,ELDFISK,,False,0.12079393193125725,0.17037009447813034,0.20490185171365738,0.22940287142992016,0.28207502365112314,2.2078700065612793,4.394548320770263,6.116207122802734,7.5969085693359375,9.55816068649292,23.6197452545166,24.17090301513672,24.384669303894043,24.62673568725586,25.208363342285157
2027-08,2027-08-01,global_mlp,2026-03,27.721087,0.19208059459924698,24.17885398864746,False,5.939496040344238,5939496.040344238,reported_conditioned_mlp,ELDFISK,,False,0.11864553019404413,0.16285630315542218,0.19208059459924698,0.224551197886467,0.271441724896431,2.067524933815003,4.220969724655151,5.939496040344238,7.77098798751831,10.354004096984866,23.37741889953613,23.943168067932127,24.17885398864746,24.460886192321777,25.07794322967529
2027-09,2027-09-01,global_mlp,2026-03,27.721087,0.19809847325086594,23.977340698242188,False,5.716534614562988,5716534.614562988,reported_conditioned_mlp,ELDFISK,,False,0.121474239975214,0.16464300602674484,0.19809847325086594,0.2281149640679359,0.2913664996623993,2.0893341302871704,4.076725721359253,5.716534614562988,7.524972677230834,10.142134761810304,23.10732955932617,23.711474418640137,23.977340698242188,24.28627128601074,24.934922981262208
2027-10,2027-10-01,global_mlp,2026-03,27.721087,0.19649944454431534,23.772650718688965,False,6.264943838119507,6264943.838119507,reported_conditioned_mlp,ELDFISK,,False,0.11320392787456514,0.16497804820537568,0.19649944454431534,0.2297794222831726,0.29286569654941563,2.2512503147125247,4.298078918457031,6.264943838119507,7.623416900634765,10.092646217346193,22.876523208618163,23.509458923339842,23.772650718688965,24.094893646240234,24.802729606628418
2027-11,2027-11-01,global_mlp,2026-03,27.721087,0.20867928862571716,23.558853149414062,False,6.322686195373535,6322686.195373535,reported_conditioned_mlp,ELDFISK,,False,0.1289614886045456,0.1780994400382042,0.20867928862571716,0.24816899895668024,0.30330148935317996,2.264282321929932,4.6562244415283205,6.322686195373535,7.939754438400268,10.412920379638672,22.632332229614256,23.272436332702636,23.558853149414062,23.93450870513916,24.6584566116333
2027-12,2027-12-01,global_mlp,2026-03,27.721087,0.21132012456655502,23.354594230651855,False,6.039518594741821,6039518.594741821,reported_conditioned_mlp,ELDFISK,,False,0.12101552113890648,0.17841144502162934,0.21132012456655502,0.24052318334579467,0.29395502805709844,1.9798350811004641,4.220133018493652,6.039518594741821,7.736747646331787,10.090561866760254,22.404383659362793,23.02886333465576,23.354594230651855,23.742073822021485,24.484932327270506
2028-01,2028-01-01,global_mlp,2026-03,27.721087,0.2095252051949501,23.149935722351074,False,5.660475254058838,5660475.254058838,reported_conditioned_mlp,ELDFISK,,False,0.11825950145721435,0.17866922467947005,0.2095252051949501,0.24036627709865563,0.2947347104549408,1.9386495232582093,3.9209081172943114,5.660475254058838,7.127238416671752,9.567569541931153,22.1297607421875,22.789155960083008,23.149935722351074,23.54363555908203,24.317388916015627
2028-02,2028-02-01,global_mlp,2026-03,27.721087,0.20416399836540222,22.955699920654297,False,5.709400415420532,5709400.415420532,reported_conditioned_mlp,ELDFISK,,False,0.11250359490513802,0.17143482714891434,0.20416399836540222,0.23342310786247253,0.29556145370006565,1.6335795044898989,3.9388693571090694,5.709400415420532,7.838211727142334,11.163846874237063,21.86329879760742,22.546121215820314,22.955699920654297,23.35453701019287,24.166316413879397
2028-03,2028-03-01,global_mlp,2026-03,27.721087,0.19190169870853424,22.77392864227295,False,5.361064672470093,5361064.672470093,reported_conditioned_mlp,ELDFISK,,False,0.10028876662254334,0.15851310640573502,0.19190169870853424,0.22263496816158293,0.2757966101169586,1.0033003211021427,3.5438773393630982,5.361064672470093,7.425079536437988,10.190446186065676,21.6045280456543,22.33466491699219,22.77392864227295,23.175675010681154,24.028476905822753
2028-04,2028-04-01,global_mlp,2026-03,27.721087,0.19153589010238647,22.55793285369873,False,5.156412839889526,5156412.839889526,reported_conditioned_mlp,ELDFISK,,False,0.10945048183202744,0.15970456898212432,0.19153589010238647,0.22231400907039642,0.2741378426551819,1.9481891751289369,3.7465624332427976,5.156412839889526,7.190483093261718,9.905796241760255,21.364879417419434,22.117956924438477,22.55793285369873,23.001112174987792,23.910818672180177
2028-05,2028-05-01,global_mlp,2026-03,27.721087,0.19563928246498108,22.35986328125,False,5.012930393218994,5012930.393218994,reported_conditioned_mlp,ELDFISK,,False,0.10588317885994912,0.16541009843349458,0.19563928246498108,0.22755344510078424,0.2691846460103989,2.0720276594161993,3.6177792549133296,5.012930393218994,6.81340365409851,9.466329765319825,21.115154266357422,21.895054435729982,22.35986328125,22.84074478149414,23.733041763305664
2028-06,2028-06-01,global_mlp,2026-03,27.721087,0.19233641028404236,22.173402786254883,False,4.7955968379974365,4795596.8379974365,reported_conditioned_mlp,ELDFISK,,False,0.09822674989700318,0.16301414519548416,0.19233641028404236,0.22228989601135254,0.27714334428310405,1.811611270904541,3.3776158571243284,4.7955968379974365,6.678455162048338,9.245725822448733,20.821768379211427,21.684135818481444,22.173402786254883,22.699796867370605,23.633914375305178
2028-07,2028-07-01,global_mlp,2026-03,27.721087,0.19002681225538254,22.006821632385254,False,5.021705150604248,5021705.150604248,reported_conditioned_mlp,ELDFISK,,False,0.1037479728460312,0.1592873215675354,0.19002681225538254,0.21893189251422882,0.2710382103919983,1.7348863005638122,3.4528531551361077,5.021705150604248,6.478934097290039,9.636306285858154,20.576226806640626,21.476397705078124,22.006821632385254,22.519985771179197,23.477765464782717
2028-08,2028-08-01,global_mlp,2026-03,27.721087,0.18126635253429413,21.829078674316406,False,4.951075315475464,4951075.315475464,reported_conditioned_mlp,ELDFISK,,False,0.09735841751098633,0.15023396760225297,0.18126635253429413,0.21404049843549727,0.27109291553497317,1.499550497531891,3.4452743053436277,4.951075315475464,7.1757317066192625,10.100889492034913,20.33801155090332,21.270967292785645,21.829078674316406,22.3617733001709,23.361900329589844
2028-09,2028-09-01,global_mlp,2026-03,27.721087,0.1866995394229889,21.641928672790527,False,4.4991559982299805,4499155.9982299805,reported_conditioned_mlp,ELDFISK,,False,0.09709352478384974,0.1539091244339943,0.1866995394229889,0.21859585642814636,0.2808361560106278,1.0864370226860047,2.8744621515274047,4.4991559982299805,6.4121715068817124,9.278037452697756,20.151495742797852,21.047341346740723,21.641928672790527,22.19138011932373,23.186292457580567
2028-10,2028-10-01,global_mlp,2026-03,27.721087,0.18973510712385178,21.467063903808594,False,4.996833562850952,4996833.562850952,reported_conditioned_mlp,ELDFISK,,False,0.08397093340754509,0.15155541002750395,0.18973510712385178,0.22231372892856596,0.28629887700080875,1.5992866039276126,3.4085972070693966,4.996833562850952,7.1077077865600575,9.915425777435303,19.872796058654785,20.819611740112304,21.467063903808594,22.02436180114746,23.061264038085938
2028-11,2028-11-01,global_mlp,2026-03,27.721087,0.20545291900634766,21.24716281890869,False,5.370120048522949,5370120.048522949,reported_conditioned_mlp,ELDFISK,,False,0.10926860347390177,0.16605368703603746,0.20545291900634766,0.23418830037117006,0.2956491082906723,1.1163273811340333,3.657508373260498,5.370120048522949,7.326183652877805,9.583429908752443,19.581206130981446,20.58841018676758,21.24716281890869,21.867745780944823,22.953050422668458
2028-12,2028-12-01,global_mlp,2026-03,27.721087,0.1975945308804512,21.065011024475098,False,4.94289493560791,4942894.93560791,reported_conditioned_mlp,ELDFISK,,False,0.09435775429010393,0.15476940274238588,0.1975945308804512,0.23604707419872284,0.2995220184326172,1.4695431470870977,3.3852454900741575,4.94289493560791,6.6916269779205315,9.48892469406128,19.330576705932618,20.378048133850097,21.065011024475098,21.7258939743042,22.850168418884277
2029-01,2029-01-01,global_mlp,2026-03,27.721087,0.1954980343580246,20.807512283325195,False,4.423750638961792,4423750.638961792,reported_conditioned_mlp,ELDFISK,,False,0.09872213006019594,0.15506201535463332,0.1954980343580246,0.2357030466198921,0.2927883863449097,1.179405725002289,3.0682641267776485,4.423750638961792,6.19160380363464,9.725409507751465,19.05841770172119,20.163265800476076,20.807512283325195,21.544264793395996,22.771530151367188
2029-02,2029-02-01,global_mlp,2026-03,27.721087,0.1864321157336235,20.584592819213867,False,4.604940891265869,4604940.891265869,reported_conditioned_mlp,ELDFISK,,False,0.09363129436969758,0.14678481221199036,0.1864321157336235,0.22818286418914796,0.28599292039871216,1.075817066431046,3.09387526512146,4.604940891265869,6.45022530555725,9.700440406799316,18.832626724243166,19.958129119873046,20.584592819213867,21.38663806915283,22.60612487792969
2029-03,2029-03-01,global_mlp,2026-03,27.721087,0.17597108334302902,20.425436973571777,False,4.312060832977295,4312060.832977295,reported_conditioned_mlp,ELDFISK,,False,0.07497041746973991,0.1336954265832901,0.17597108334302902,0.21646156162023542,0.2692235082387925,0.570561328530312,2.9752656459808344,4.312060832977295,6.054871606826782,9.22783012390137,18.490951919555663,19.785232734680175,20.425436973571777,21.25511016845703,22.468215942382816
2029-04,2029-04-01,global_mlp,2026-03,27.721087,0.17095234245061874,20.270285606384277,False,4.103863000869751,4103863.000869751,reported_conditioned_mlp,ELDFISK,,False,0.09702707529067994,0.13501001447439193,0.17095234245061874,0.21517325341701504,0.27050552666187294,1.7128851294517518,3.053951787948608,4.103863000869751,5.826270532608029,9.010335254669192,18.26750202178955,19.593554496765137,20.270285606384277,21.128383445739747,22.391446495056154
2029-05,2029-05-01,global_mlp,2026-03,27.721087,0.17673290520906448,20.102981567382812,False,4.0733723640441895,4073372.3640441895,reported_conditioned_mlp,ELDFISK,,False,0.09693535417318344,0.14582154154777527,0.17673290520906448,0.21095876991748808,0.27514662146568303,1.570480740070343,2.875894236564636,4.0733723640441895,5.660379934310912,9.145315456390387,17.989213943481445,19.392016220092774,20.102981567382812,20.910464668273924,22.29864501953125
2029-06,2029-06-01,global_mlp,2026-03,27.721087,0.17871975153684616,19.905385971069336,False,3.9020551443099976,3902055.1443099976,reported_conditioned_mlp,ELDFISK,,False,0.09440552517771722,0.14237413704395294,0.17871975153684616,0.20989134162664402,0.27967025637626647,1.2698406338691715,2.702877593040466,3.9020551443099976,5.714483356475829,8.955030727386477,17.778445434570312,19.200837516784667,19.905385971069336,20.73608932495117,22.178296661376955
2029-07,2029-07-01,global_mlp,2026-03,27.721087,0.17479421198368073,19.73538303375244,False,4.270374536514282,4270374.536514282,reported_conditioned_mlp,ELDFISK,,False,0.08975691720843315,0.14125950783491134,0.17479421198368073,0.2098084658384323,0.27287504374980925,1.5015853404998785,2.9386291027069094,4.270374536514282,6.089651823043821,8.610162258148193,17.49070053100586,19.01842212677002,19.73538303375244,20.588969230651855,22.035552978515625
2029-08,2029-08-01,global_mlp,2026-03,27.721087,0.16427750885486603,19.57119369506836,False,4.225569486618042,4225569.486618042,reported_conditioned_mlp,ELDFISK,,False,0.0829289436340332,0.13180882930755616,0.16427750885486603,0.20855874717235565,0.272668731212616,1.1494581103324892,2.770373225212097,4.225569486618042,6.246853780746458,9.18200626373291,17.345380592346192,18.801484680175783,19.57119369506836,20.415343475341796,21.967620277404784
2029-09,2029-09-01,global_mlp,2026-03,27.721087,0.16782856732606888,19.39228916168213,False,3.826098322868347,3826098.322868347,reported_conditioned_mlp,ELDFISK,,False,0.09091359078884124,0.1371101036667824,0.16782856732606888,0.21034733802080155,0.2709803760051728,1.1996779680252074,2.5346888065338136,3.826098322868347,5.777686262130736,9.287876892089844,17.161905097961426,18.598844146728513,19.39228916168213,20.269801139831543,21.82895317077637
2029-10,2029-10-01,global_mlp,2026-03,27.721087,0.16829081624746323,19.180399894714355,False,4.497368335723877,4497368.335723877,reported_conditioned_mlp,ELDFISK,,False,0.08356759920716286,0.13807410895824432,0.16829081624746323,0.2146209269762039,0.2778791457414628,1.168591690063477,2.8690509319305417,4.497368335723877,6.446794605255127,9.257766914367677,16.965266227722168,18.4026237487793,19.180399894714355,20.076067161560058,21.712721252441405
2029-11,2029-11-01,global_mlp,2026-03,27.721087,0.1796901673078537,19.014068603515625,False,4.472661733627319,4472661.733627319,reported_conditioned_mlp,ELDFISK,,False,0.09450598657131196,0.14600762277841567,0.1796901673078537,0.22441816180944435,0.2864731401205063,1.0557738661766052,2.9734982967376706,4.472661733627319,6.252327442169188,8.918488311767579,16.687501525878908,18.192789459228514,19.014068603515625,19.92296848297119,21.581052780151367
2029-12,2029-12-01,global_mlp,2026-03,27.721087,0.17835821211338043,18.82655143737793,False,4.156845808029175,4156845.808029175,reported_conditioned_mlp,ELDFISK,,False,0.08637061715126039,0.14032965898513794,0.17835821211338043,0.22414274364709852,0.2815692752599716,0.7530536770820618,2.9218527555465696,4.156845808029175,5.957533836364746,8.621799564361574,16.430953407287596,18.030409622192384,18.82655143737793,19.775327682495117,21.47980480194092
2030-01,2030-01-01,global_mlp,2026-03,27.721087,0.17933806031942368,18.664058685302734,False,3.8360379934310913,3836037.9934310913,reported_conditioned_mlp,ELDFISK,,False,0.08601946234703065,0.14219143837690354,0.17933806031942368,0.21853449940681455,0.27577043771743776,0.9989055871963501,2.54052472114563,3.8360379934310913,5.615363359451294,8.451324462890627,16.145944023132323,17.804132652282714,18.664058685302734,19.595689010620116,21.358069610595702
2030-02,2030-02-01,global_mlp,2026-03,27.721087,0.17208902537822723,18.490079879760742,False,4.08079981803894,4080799.8180389404,reported_conditioned_mlp,ELDFISK,,False,0.08806575164198875,0.13784417361021042,0.17208902537822723,0.20910282135009764,0.2733513653278351,0.7761729836463929,2.6662045955657954,4.08079981803894,6.085071420669555,8.741342449188233,15.80946226119995,17.63529224395752,18.490079879760742,19.471210861206053,21.198105812072754
2030-03,2030-03-01,global_mlp,2026-03,27.721087,0.16730887442827225,18.341464042663574,False,3.425801634788513,3425801.634788513,reported_conditioned_mlp,ELDFISK,,False,0.07338752523064614,0.12374443784356116,0.16730887442827225,0.2001048594713211,0.26224978566169743,0.6102434933185584,2.4207724809646605,3.425801634788513,5.382797479629514,9.087666416168213,15.639724445343019,17.417548751831056,18.341464042663574,19.333640098571777,21.08872871398926
2030-04,2030-04-01,global_mlp,2026-03,27.721087,0.16432637721300125,18.18444061279297,False,3.883413314819336,3883413.314819336,reported_conditioned_mlp,ELDFISK,,False,0.09131987616419793,0.129914154112339,0.16432637721300125,0.1986090943217277,0.2599920749664307,1.5900232553482057,2.826424860954284,3.883413314819336,5.495716762542722,8.969386482238773,15.450384616851808,17.21643695831299,18.18444061279297,19.182350730895994,21.00640411376953
2030-05,2030-05-01,global_mlp,2026-03,27.721087,0.1665976643562317,18.03253173828125,False,3.792933225631714,3792933.225631714,reported_conditioned_mlp,ELDFISK,,False,0.08582987636327744,0.1325649157166481,0.1665976643562317,0.20178808867931364,0.2491945877671242,1.6560368537902832,2.745372748374939,3.792933225631714,5.2168190479278564,8.487234973907475,15.237595558166504,17.040937423706055,18.03253173828125,19.025806617736816,20.882990837097168
2030-06,2030-06-01,global_mlp,2026-03,27.721087,0.16876807063817978,17.892598152160645,False,3.714355707168579,3714355.707168579,reported_conditioned_mlp,ELDFISK,,False,0.08966460302472115,0.13157714456319808,0.16876807063817978,0.20572090744972227,0.2623979806900025,1.442429280281067,2.534242272377014,3.714355707168579,5.208933877944944,8.654623794555665,15.053753948211671,16.850092697143555,17.892598152160645,18.886646842956544,20.753706932067875
2030-07,2030-07-01,global_mlp,2026-03,27.721087,0.15980613231658936,17.719263076782227,False,3.754082202911377,3754082.202911377,reported_conditioned_mlp,ELDFISK,,False,0.08974061384797097,0.13157086074352264,0.15980613231658936,0.20154797434806823,0.25472389757633207,1.4943693280220032,2.7830580711364745,3.754082202911377,5.189524555206298,8.621463012695314,14.834788131713868,16.685207557678222,17.719263076782227,18.767675399780273,20.670142364501952
2030-08,2030-08-01,global_mlp,2026-03,27.721087,0.1555206999182701,17.565330505371094,False,3.669896960258484,3669896.960258484,reported_conditioned_mlp,ELDFISK,,False,0.0793596811592579,0.1275466039776802,0.1555206999182701,0.1909289464354515,0.24901124238967898,1.4019859433174133,2.7138691186904906,3.669896960258484,5.620195722579955,9.168571567535404,14.574052906036377,16.511441802978517,17.565330505371094,18.641819763183594,20.578803062438965
2030-09,2030-09-01,global_mlp,2026-03,27.721087,0.15953269600868225,17.364830017089844,False,3.6805710792541504,3680571.0792541504,reported_conditioned_mlp,ELDFISK,,False,0.08961277678608895,0.1259942665696144,0.15953269600868225,0.19256015419960018,0.26316202580928816,1.3399259567260744,2.610857939720154,3.6805710792541504,5.2142833709716765,8.830573463439942,14.339929103851318,16.33378314971924,17.364830017089844,18.49632568359375,20.465802574157717
2030-10,2030-10-01,global_mlp,2026-03,27.721087,0.16260571032762527,17.184372901916504,False,3.8268121480941772,3826812.1480941772,reported_conditioned_mlp,ELDFISK,,False,0.0870452880859375,0.12313567027449607,0.16260571032762527,0.19655414670705795,0.2763809531927109,1.4217617511749268,2.7781286478042597,3.8268121480941772,5.7865394115447994,8.794111824035646,14.177218151092529,16.132570648193358,17.184372901916504,18.357008743286134,20.36140995025635
2030-11,2030-11-01,global_mlp,2026-03,27.721087,0.17140550911426544,17.00193977355957,False,4.230109214782715,4230109.214782715,reported_conditioned_mlp,ELDFISK,,False,0.0953730508685112,0.1394254133105278,0.17140550911426544,0.20997693389654157,0.2839330703020096,1.3154883146286018,2.9445199489593503,4.230109214782715,5.904888916015625,8.737987041473389,13.93382396697998,15.900089263916016,17.00193977355957,18.17714920043945,20.22834701538086
2030-12,2030-12-01,global_mlp,2026-03,27.721087,0.16625291854143143,16.856719970703125,False,3.9318158626556396,3931815.8626556396,reported_conditioned_mlp,ELDFISK,,False,0.08110906407237053,0.1324657306075096,0.16625291854143143,0.20722839683294295,0.2648360848426819,1.2268440723419192,2.887734818458557,3.9318158626556396,5.67016530036926,8.758308029174806,13.719251728057861,15.727275371551514,16.856719970703125,18.055810737609864,20.101951599121097
2031-01,2031-01-01,global_mlp,2026-03,27.721087,0.16743718832731247,16.678653717041016,False,3.689231514930725,3689231.514930725,reported_conditioned_mlp,ELDFISK,,False,0.0840688705444336,0.1285340279340744,0.16743718832731247,0.21082072854042053,0.2725586920976639,1.305787777900696,2.650973272323608,3.689231514930725,4.981005668640134,8.22896776199341,13.51286792755127,15.538844966888428,16.678653717041016,17.89951591491699,19.994505119323733
2031-02,2031-02-01,global_mlp,2026-03,27.721087,0.1585630625486374,16.460293769836426,False,3.7541531324386597,3754153.1324386597,reported_conditioned_mlp,ELDFISK,,False,0.08318110704421998,0.130679652094841,0.1585630625486374,0.20865980982780452,0.2860168963670731,1.1172704219818117,2.5843882560729976,3.7541531324386597,5.281946992874144,8.515879440307618,13.223471736907959,15.357457160949707,16.460293769836426,17.793535041809083,19.893148612976077
2031-03,2031-03-01,global_mlp,2026-03,27.721087,0.15473952889442444,16.263011932373047,False,3.623444676399231,3623444.676399231,reported_conditioned_mlp,ELDFISK,,False,0.06822409853339195,0.11909165158867835,0.15473952889442444,0.19455741792917236,0.26556719839572906,0.763253039121628,2.560766792297363,3.623444676399231,5.000798320770263,8.6252498626709,12.936622619628906,15.162482166290284,16.263011932373047,17.66896858215332,19.793391418457034
2031-04,2031-04-01,global_mlp,2026-03,27.721087,0.15345029532909393,16.10551166534424,False,3.674427032470703,3674427.032470703,reported_conditioned_mlp,ELDFISK,,False,0.08635199144482612,0.12057470083236695,0.15345029532909393,0.19046512991189954,0.25590755343437194,1.6852380633354187,2.885342168807983,3.674427032470703,5.161494398117063,7.801243877410889,12.64123477935791,14.988058948516846,16.10551166534424,17.51776657104492,19.71869983673096
2031-05,2031-05-01,global_mlp,2026-03,27.721087,0.15814142674207687,15.922706604003906,False,3.552257776260376,3552257.776260376,reported_conditioned_mlp,ELDFISK,,False,0.08010128885507584,0.12285232618451118,0.15814142674207687,0.19692816883325576,0.25352495312690737,1.414731276035309,2.688158869743347,3.552257776260376,4.921489572525024,7.377895498275757,12.41760187149048,14.808072280883788,15.922706604003906,17.39877319335937,19.633636283874512
2031-06,2031-06-01,global_mlp,2026-03,27.721087,0.1536712944507599,15.741495132446289,False,3.4594242572784424,3459424.2572784424,reported_conditioned_mlp,ELDFISK,,False,0.07576809823513031,0.11836217418313026,0.1536712944507599,0.19046746939420683,0.2529278665781022,1.2630370736122132,2.4301301717758177,3.4594242572784424,4.6947417736053465,7.496692180633546,12.193169498443604,14.639996242523193,15.741495132446289,17.287280464172362,19.486760902404786
2031-07,2031-07-01,global_mlp,2026-03,27.721087,0.1556614190340042,15.630950450897217,False,3.618805766105652,3618805.766105652,reported_conditioned_mlp,ELDFISK,,False,0.08055082112550736,0.12084648758172989,0.1556614190340042,0.19805239140987393,0.2567515283823013,1.2931803941726685,2.722661209106445,3.618805766105652,5.247049188613891,7.997456836700441,11.98658800125122,14.457107067108154,15.630950450897217,17.160165596008298,19.35862216949463
2031-08,2031-08-01,global_mlp,2026-03,27.721087,0.14747877418994904,15.47702169418335,False,3.752066731452942,3752066.731452942,reported_conditioned_mlp,ELDFISK,,False,0.07473225072026253,0.11229186728596686,0.14747877418994904,0.18859919309616088,0.2461292147636414,1.351108086109162,2.724669051170349,3.752066731452942,5.223121595382686,8.367726707458496,11.822329998016357,14.249990844726563,15.47702169418335,17.053014755249023,19.258287048339845
2031-09,2031-09-01,global_mlp,2026-03,27.721087,0.1508735716342926,15.292035102844238,False,3.680150628089905,3680150.628089905,reported_conditioned_mlp,ELDFISK,,False,0.07537340372800827,0.11517821699380874,0.1508735716342926,0.18882458955049514,0.25317933559417727,0.810212403535843,2.404514694213867,3.680150628089905,4.777380752563476,7.384340238571169,11.65212507247925,14.041124248504639,15.292035102844238,16.937351608276366,19.14068489074707
2031-10,2031-10-01,global_mlp,2026-03,27.721087,0.14616423100233078,15.175827980041504,False,3.532091736793518,3532091.736793518,reported_conditioned_mlp,ELDFISK,,False,0.07113960757851602,0.10988499522209166,0.14616423100233078,0.1965009391307831,0.24694803506135946,0.8042652189731598,2.6535156965255737,3.532091736793518,5.194147777557372,8.109774780273439,11.400533962249757,13.846936798095703,15.175827980041504,16.75735569000244,19.028005409240723
2031-11,2031-11-01,global_mlp,2026-03,27.721087,0.15802882611751556,15.006173610687256,False,3.9301352500915527,3930135.2500915527,reported_conditioned_mlp,ELDFISK,,False,0.08427249416708947,0.12265402674674987,0.15802882611751556,0.20405870229005812,0.2628339797258377,0.6453884720802309,2.844039869308471,3.9301352500915527,5.575072193145751,8.52602758407593,11.141984748840333,13.699633502960205,15.006173610687256,16.567681312561035,18.928065490722656
2031-12,2031-12-01,global_mlp,2026-03,27.721087,0.15123286843299866,14.858269691467285,False,3.8078004121780396,3807800.4121780396,reported_conditioned_mlp,ELDFISK,,False,0.07526817992329597,0.116428542137146,0.15123286843299866,0.2014958709478378,0.27001536786556246,0.6026465594768526,2.7456726312637327,3.8078004121780396,5.291797208786011,8.335352325439455,10.85223207473755,13.505221557617187,14.858269691467285,16.42401294708252,18.814764404296874
2032-01,2032-01-01,global_mlp,2026-03,27.721087,0.15386036038398743,14.715556144714355,False,3.5901228189468384,3590122.8189468384,reported_conditioned_mlp,ELDFISK,,False,0.06994407176971436,0.12002885863184927,0.15386036038398743,0.19773277938365932,0.2619694828987122,0.6822814285755161,2.626475620269775,3.5901228189468384,4.798370981216429,8.019305324554447,10.593881988525391,13.316771411895752,14.715556144714355,16.267477416992186,18.67089881896973
2032-02,2032-02-01,global_mlp,2026-03,27.721087,0.15284916758537292,14.57923936843872,False,3.5900157690048218,3590015.769004822,reported_conditioned_mlp,ELDFISK,,False,0.061170763522386554,0.11331835538148878,0.15284916758537292,0.19493749886751174,0.2684787154197693,0.591630017757416,2.462441277503967,3.5900157690048218,5.320733118057251,8.100896930694583,10.339181900024414,13.144469833374023,14.57923936843872,16.13363094329834,18.53236427307129
2032-03,2032-03-01,global_mlp,2026-03,27.721087,0.14136002957820892,14.418044090270996,False,3.452241897583008,3452241.897583008,reported_conditioned_mlp,ELDFISK,,False,0.06785144656896591,0.10990049764513969,0.14136002957820892,0.1852843195199966,0.25534765720367436,0.29286207705736195,2.3126681327819822,3.452241897583008,4.857279014587402,7.612008666992189,10.187266349792482,12.93721923828125,14.418044090270996,16.01658086776733,18.440950393676758
2032-04,2032-04-01,global_mlp,2026-03,27.721087,0.14451485872268677,14.287327766418457,False,3.7455174922943115,3745517.4922943115,reported_conditioned_mlp,ELDFISK,,False,0.07314860448241235,0.11059238538146017,0.14451485872268677,0.17730078697204588,0.25543692111968996,1.576399636268616,2.7325360774993896,3.7455174922943115,4.886242771148679,8.219345951080324,10.088617038726808,12.791043281555176,14.287327766418457,15.856532859802245,18.35386219024658
2032-05,2032-05-01,global_mlp,2026-03,27.721087,0.14544498175382614,14.17536449432373,False,3.4522634744644165,3452263.4744644165,reported_conditioned_mlp,ELDFISK,,False,0.07574421912431717,0.11328268349170684,0.14544498175382614,0.18422027975320807,0.24630514383316043,1.3857106089591982,2.5953483343124386,3.4522634744644165,4.567839431762695,7.243758821487428,9.904321956634522,12.584504699707031,14.17536449432373,15.732975673675536,18.237398147583008
2032-06,2032-06-01,global_mlp,2026-03,27.721087,0.14559831470251083,14.066359996795654,False,3.295767068862915,3295767.068862915,reported_conditioned_mlp,ELDFISK,,False,0.07458891421556474,0.11583012342453003,0.14559831470251083,0.18382224142551418,0.23831985294818883,1.3000170707702636,2.457515001296997,3.295767068862915,4.673179531097411,7.5283504486084,9.695090484619142,12.382443618774413,14.066359996795654,15.628986644744872,18.133885765075682
2032-07,2032-07-01,global_mlp,2026-03,27.721087,0.1454801708459854,13.90204668045044,False,3.54538893699646,3545388.93699646,reported_conditioned_mlp,ELDFISK,,False,0.07062665596604348,0.1162160687148571,0.1454801708459854,0.1861706271767616,0.24580551236867906,1.3977939009666442,2.5993327856063844,3.54538893699646,5.149253940582273,7.58640193939209,9.495866680145264,12.130559253692628,13.90204668045044,15.483420467376707,18.018158340454104
2032-08,2032-08-01,global_mlp,2026-03,27.721087,0.133278489112854,13.7394437789917,False,3.560429334640503,3560429.334640503,reported_conditioned_mlp,ELDFISK,,False,0.0636119395494461,0.10725243389606476,0.133278489112854,0.17459076941013335,0.2350010007619858,1.096081042289734,2.590182447433471,3.560429334640503,4.965280961990356,8.000346422195438,9.27146167755127,11.966164588928223,13.7394437789917,15.331747531890867,17.886043548583984
2032-09,2032-09-01,global_mlp,2026-03,27.721087,0.1406974196434021,13.629689693450928,False,3.3851683139801025,3385168.3139801025,reported_conditioned_mlp,ELDFISK,,False,0.06639107242226602,0.1117357812821865,0.1406974196434021,0.17596683651208878,0.2474656715989113,0.8749760150909424,2.220868945121765,3.3851683139801025,4.860889339447021,7.852689743041993,9.133259868621828,11.758569145202637,13.629689693450928,15.221367073059081,17.764176750183108
2032-10,2032-10-01,global_mlp,2026-03,27.721087,0.13518385589122772,13.497495174407959,False,3.757145047187805,3757145.047187805,reported_conditioned_mlp,ELDFISK,,False,0.06301362738013268,0.10684650167822837,0.13518385589122772,0.17421103417873376,0.24654040187597276,1.3091802597045898,2.5980910062789917,3.757145047187805,5.096607255935668,8.03993310928345,8.826784133911133,11.551672267913819,13.497495174407959,15.152576637268066,17.642732810974124
2032-11,2032-11-01,global_mlp,2026-03,27.721087,0.149205781519413,13.35893726348877,False,3.800088882446289,3800088.882446289,reported_conditioned_mlp,ELDFISK,,False,0.07433947622776031,0.11885169520974159,0.149205781519413,0.1912152051925659,0.25902175307273867,0.9072606265544891,2.6511541843414306,3.800088882446289,5.415016698837279,8.499746227264406,8.649852180480957,11.425546932220458,13.35893726348877,15.016312980651854,17.519700050354004
2032-12,2032-12-01,global_mlp,2026-03,27.721087,0.14358995854854584,13.254485130310059,False,3.4247227907180786,3424722.7907180786,reported_conditioned_mlp,ELDFISK,,False,0.0686215914785862,0.11278114691376687,0.14358995854854584,0.1850071296095847,0.2482661902904511,0.5425142884254457,2.4663647651672362,3.4247227907180786,5.036949872970581,7.80225148200989,8.504005241394044,11.225829696655273,13.254485130310059,14.904881572723388,17.42881088256836
2033-01,2033-01-01,global_mlp,2026-03,27.721087,0.14492817968130112,13.101911544799805,False,3.508376121520996,3508376.121520996,reported_conditioned_mlp,ELDFISK,,False,0.06362386718392372,0.11065537258982658,0.14492817968130112,0.1862801685929298,0.2637439459562302,0.31907945573329954,2.388277864456177,3.508376121520996,4.715297269821167,7.191232013702393,8.33068838119507,11.022608661651612,13.101911544799805,14.823851585388184,17.319870948791504
2033-02,2033-02-01,global_mlp,2026-03,27.721087,0.13795483112335205,12.942001342773438,False,3.3276920318603516,3327692.0318603516,reported_conditioned_mlp,ELDFISK,,False,0.062410517781972895,0.11072760373353958,0.13795483112335205,0.1832282096147536,0.2601710468530655,0.3937593936920167,2.2986272335052487,3.3276920318603516,4.832618951797483,7.795044326782228,8.078897571563722,10.858339881896972,12.942001342773438,14.734041595458985,17.191340065002443
2033-03,2033-03-01,global_mlp,2026-03,27.721087,0.13399877399206161,12.770968914031982,False,3.2105729579925537,3210572.9579925537,reported_conditioned_mlp,ELDFISK,,False,0.058665739372372634,0.09823057204484939,0.13399877399206161,0.17129319608211513,0.2425572037696839,0.12055630087852491,2.120093727111816,3.2105729579925537,4.5250715732574465,7.4612458705902105,7.832644414901735,10.734212207794188,12.770968914031982,14.612574291229247,17.091130828857423
2033-04,2033-04-01,global_mlp,2026-03,27.721087,0.13969191163778305,12.581796169281006,False,3.6899030208587646,3689903.0208587646,reported_conditioned_mlp,ELDFISK,,False,0.06673379689455032,0.10817746818065643,0.13969191163778305,0.17290341854095456,0.24026893228292473,1.574286198616028,2.758588433265686,3.6899030208587646,5.151547479629516,7.736005973815919,7.626024532318117,10.589361381530761,12.581796169281006,14.494863605499265,17.00175380706787
2033-05,2033-05-01,global_mlp,2026-03,27.721087,0.13957005739212036,12.436379432678223,False,3.27286159992218,3272861.59992218,reported_conditioned_mlp,ELDFISK,,False,0.06947842091321947,0.11175554543733596,0.13957005739212036,0.17135927826166153,0.2448009058833123,1.5654227495193482,2.5300399541854857,3.27286159992218,4.55796799659729,7.368679714202881,7.227476310729981,10.406664657592772,12.436379432678223,14.367210483551025,16.92907829284668
2033-06,2033-06-01,global_mlp,2026-03,27.721087,0.13563131541013718,12.32032823562622,False,3.3733878135681152,3373387.8135681152,reported_conditioned_mlp,ELDFISK,,False,0.067970160394907,0.10840228796005248,0.13563131541013718,0.17004850059747695,0.2341380938887597,1.36437646150589,2.402561330795288,3.3733878135681152,4.456370401382445,7.012788200378421,7.074965763092041,10.240632724761962,12.32032823562622,14.237823677062988,16.81548366546631
2033-07,2033-07-01,global_mlp,2026-03,27.721087,0.13526395708322525,12.189223766326904,False,3.5866379737854004,3586637.9737854004,reported_conditioned_mlp,ELDFISK,,False,0.06301600486040115,0.10526111051440239,0.13526395708322525,0.16773275136947632,0.2405523329973221,1.346374535560608,2.6623303413391115,3.5866379737854004,4.497659111022949,7.210477018356325,6.952788162231446,10.05668544769287,12.189223766326904,14.134293270111083,16.672102546691896
2033-08,2033-08-01,global_mlp,2026-03,27.721087,0.12595149874687195,12.0188627243042,False,3.5121357440948486,3512135.7440948486,reported_conditioned_mlp,ELDFISK,,False,0.0634296752512455,0.10124734342098236,0.12595149874687195,0.15873884707689284,0.23190246820449842,1.604295039176941,2.586162686347961,3.5121357440948486,4.824038791656488,7.411874580383301,6.75095648765564,9.952059936523437,12.0188627243042,13.983817768096921,16.521567153930665
2033-09,2033-09-01,global_mlp,2026-03,27.721087,0.13330379128456116,11.91845703125,False,3.234618306159973,3234618.306159973,reported_conditioned_mlp,ELDFISK,,False,0.05720995701849462,0.10245342627167701,0.13330379128456116,0.16540080606937405,0.22998763471841832,1.0856457829475405,2.4173276901245115,3.234618306159973,4.110346031188964,7.303745126724244,6.617509984970093,9.78841791152954,11.91845703125,13.83953828811645,16.453783416748045
2033-10,2033-10-01,global_mlp,2026-03,27.721087,0.13136332482099533,11.804888725280762,False,3.7193305492401123,3719330.5492401123,reported_conditioned_mlp,ELDFISK,,False,0.06269973106682301,0.09824102595448493,0.13136332482099533,0.1632813796401023,0.23882095813751222,0.9114571750164033,2.768164753913879,3.7193305492401123,4.907837390899657,7.723751211166383,6.317580699920654,9.619000244140624,11.804888725280762,13.76444911956787,16.374189949035646
2033-11,2033-11-01,global_mlp,2026-03,27.721087,0.13860268145799637,11.634179592132568,False,3.8090057373046875,3809005.7373046875,reported_conditioned_mlp,ELDFISK,,False,0.058265403285622595,0.10497253164649009,0.13860268145799637,0.17463725209236144,0.24317720830440523,0.7659288763999943,2.785011315345764,3.8090057373046875,5.069569396972656,7.642496967315674,5.919488096237183,9.464907550811768,11.634179592132568,13.66242980957031,16.280525398254394
2033-12,2033-12-01,global_mlp,2026-03,27.721087,0.1393682211637497,11.508397102355957,False,3.539503335952759,3539503.335952759,reported_conditioned_mlp,ELDFISK,,False,0.05676900371909142,0.1057125337421894,0.1393682211637497,0.16831379085779186,0.23806938529014587,0.5769334495067596,2.5585830211639404,3.539503335952759,4.655847454071044,7.681589698791506,5.56322922706604,9.339819622039794,11.508397102355957,13.55272283554077,16.188221740722657
2034-01,2034-01-01,global_mlp,2026-03,27.721087,0.13318530470132828,11.357205867767334,False,3.370321035385132,3370321.035385132,reported_conditioned_mlp,ELDFISK,,False,0.05164140835404397,0.09810312613844871,0.13318530470132828,0.16964154243469234,0.23412293493747713,0.5420040667057038,2.43058180809021,3.370321035385132,4.420867347717285,6.4448846817016605,5.415890979766847,9.223437881469726,11.357205867767334,13.415896892547607,16.082486534118654
2034-02,2034-02-01,global_mlp,2026-03,27.721087,0.13091949373483658,11.197770595550537,False,3.342362880706787,3342362.880706787,reported_conditioned_mlp,ELDFISK,,False,0.049773292243480684,0.10368513017892837,0.13091949373483658,0.1673409596085548,0.24165109843015672,0.46123049557209034,2.4204970359802243,3.342362880706787,4.801492977142334,7.747618770599366,5.246229600906373,9.08959846496582,11.197770595550537,13.285925197601317,15.996024703979494
2034-03,2034-03-01,global_mlp,2026-03,27.721087,0.12323306873440742,11.023417949676514,False,3.0811495780944824,3081149.5780944824,reported_conditioned_mlp,ELDFISK,,False,0.04292760603129864,0.09156327098608016,0.12323306873440742,0.15484883934259414,0.2145122453570366,0.35276035368442543,2.3424696207046507,3.0811495780944824,4.428517961502073,7.169179582595826,5.149217700958253,8.91472930908203,11.023417949676514,13.180876636505124,15.941491317749025
2034-04,2034-04-01,global_mlp,2026-03,27.721087,0.12496692314743996,10.892342567443848,False,3.6870378255844116,3687037.8255844116,reported_conditioned_mlp,ELDFISK,,False,0.0530973475426436,0.09757840782403945,0.12496692314743996,0.15799278765916824,0.21215308308601383,1.5598708152770997,2.825662064552307,3.6870378255844116,4.5419947624206545,7.865183639526367,4.868835783004761,8.714735126495361,10.892342567443848,13.077798557281492,15.872543048858644
2034-05,2034-05-01,global_mlp,2026-03,27.721087,0.12717196345329285,10.738874912261963,False,3.4913119077682495,3491311.9077682495,reported_conditioned_mlp,ELDFISK,,False,0.05239974670112133,0.09957396015524864,0.12717196345329285,0.15742638260126113,0.21491304337978365,1.2836751222610476,2.7053216457366944,3.4913119077682495,4.55095977783203,6.984191942214966,4.639284992218019,8.56353178024292,10.738874912261963,12.940747451782226,15.846131324768066
2034-06,2034-06-01,global_mlp,2026-03,27.721087,0.12689770758152008,10.649482727050781,False,3.3843008279800415,3384300.8279800415,reported_conditioned_mlp,ELDFISK,,False,0.05282864086329938,0.09994805157184601,0.12689770758152008,0.1580429777503013,0.21397774964571,1.2001175522804262,2.4852375268936155,3.3843008279800415,4.5191360950469965,6.870174884796143,4.340618515014649,8.384570789337157,10.649482727050781,12.829566192626952,15.75841760635376
2034-07,2034-07-01,global_mlp,2026-03,27.721087,0.12655214220285416,10.503015995025635,False,3.4824036359786987,3482403.6359786987,reported_conditioned_mlp,ELDFISK,,False,0.056396505981683734,0.10139679908752441,0.12655214220285416,0.1583254039287567,0.21132311224937442,1.0252724826335908,2.7789656639099123,3.4824036359786987,4.65254373550415,6.634507894515992,4.126805353164674,8.187930870056151,10.503015995025635,12.721912860870361,15.670123767852782
2034-08,2034-08-01,global_mlp,2026-03,27.721087,0.11590274423360825,10.395935535430908,False,3.614059329032898,3614059.329032898,reported_conditioned_mlp,ELDFISK,,False,0.04942905455827715,0.09281973466277121,0.11590274423360825,0.14369597285985947,0.20440060049295428,1.31666077375412,2.767575716972351,3.614059329032898,4.792127609252929,7.354312896728516,3.9449162960052506,8.019582271575928,10.395935535430908,12.642405700683593,15.554627895355225
2034-09,2034-09-01,global_mlp,2026-03,27.721087,0.12111825123429298,10.353262424468994,False,3.5547499656677246,3554749.9656677246,reported_conditioned_mlp,ELDFISK,,False,0.05929318182170392,0.09519072771072387,0.12111825123429298,0.15160330682992934,0.2095724537968636,0.8949555516242987,2.658093738555908,3.5547499656677246,4.444383192062378,7.397646474838257,3.6426625490188607,7.845656108856201,10.353262424468994,12.532998943328858,15.41845417022705
2034-10,2034-10-01,global_mlp,2026-03,27.721087,0.11698830872774124,10.22772216796875,False,3.5711216926574707,3571121.6926574707,reported_conditioned_mlp,ELDFISK,,False,0.038433059304952624,0.09122196286916733,0.11698830872774124,0.1463610857725143,0.2191905722022057,0.6530071735382083,2.6274905920028684,3.5711216926574707,4.74864158630371,7.098127317428589,3.424641108512879,7.735392427444457,10.22772216796875,12.419407558441161,15.283793354034424
2034-11,2034-11-01,global_mlp,2026-03,27.721087,0.12865610420703888,10.04005479812622,False,3.925058126449585,3925058.126449585,reported_conditioned_mlp,ELDFISK,,False,0.04340476654469967,0.09772348180413246,0.12865610420703888,0.15935188382863996,0.2294487088918686,0.13387630283832552,2.9529956102371213,3.925058126449585,5.135516929626464,7.802564525604248,3.2909656524658204,7.548191785812378,10.04005479812622,12.286523151397704,15.131869411468506
2034-12,2034-12-01,global_mlp,2026-03,27.721087,0.12618624418973923,9.877140522003174,False,3.781379222869873,3781379.222869873,reported_conditioned_mlp,ELDFISK,,False,0.04678143784403801,0.09822213649749756,0.12618624418973923,0.15616299659013744,0.21760854870080948,0.21495894938707402,2.9261430025100705,3.781379222869873,5.037778997421264,7.256422376632691,3.132276487350465,7.372755813598633,9.877140522003174,12.18349609375,14.960316085815432
2035-01,2035-01-01,global_mlp,2026-03,27.721087,0.1234467625617981,9.72214126586914,False,3.416175603866577,3416175.603866577,reported_conditioned_mlp,ELDFISK,,False,0.03940769396722318,0.09591716080904006,0.1234467625617981,0.15381245911121363,0.224451057612896,0.13923109024763117,2.713631939888,3.416175603866577,4.369585084915161,6.754892015457154,2.8097001791000378,7.250027370452881,9.72214126586914,12.073428058624268,14.861180686950684
2035-02,2035-02-01,global_mlp,2026-03,27.721087,0.1202915869653225,9.590675830841064,False,3.439788341522217,3439788.341522217,reported_conditioned_mlp,ELDFISK,,False,0.03819035328924656,0.09345014169812202,0.1202915869653225,0.1501789510250091,0.2213468164205552,0.01915308767929679,2.526506471633911,3.439788341522217,4.664604854583738,7.12679409980774,2.4979034185409548,7.08551230430603,9.590675830841064,11.924675464630127,14.763333797454834
2035-03,2035-03-01,global_mlp,2026-03,27.721087,0.10966020822525024,9.465624332427979,False,3.308887481689453,3308887.481689453,reported_conditioned_mlp,ELDFISK,,False,0.021092924848198896,0.0815786749124527,0.10966020822525024,0.14035734981298445,0.1992516532540322,0.0,2.0779105186462403,3.308887481689453,4.263557338714599,6.68495149612427,2.3166542530059813,6.964436197280883,9.465624332427979,11.833160591125488,14.666679954528808
2035-04,2035-04-01,global_mlp,2026-03,27.721087,0.11574646085500717,9.351690292358398,False,3.7040207386016846,3704020.7386016846,reported_conditioned_mlp,ELDFISK,,False,0.04312792383134366,0.09065453186631202,0.11574646085500717,0.1417425155639648,0.1996762439608574,0.8067308485507971,2.657703948020935,3.7040207386016846,4.87998948097229,7.5261599063873295,2.183391571044922,6.803182077407837,9.351690292358398,11.731619167327882,14.543038845062258
2035-05,2035-05-01,global_mlp,2026-03,27.721087,0.11920737102627754,9.21549654006958,False,3.445780396461487,3445780.396461487,reported_conditioned_mlp,ELDFISK,,False,0.04160751514136793,0.0891556292772293,0.11920737102627754,0.15194381177425384,0.2060229390859604,0.3841181427240381,2.604425644874573,3.445780396461487,4.436462450027466,6.704400730133057,2.0444561839103708,6.707895898818969,9.21549654006958,11.62204942703247,14.417794704437258
2035-06,2035-06-01,global_mlp,2026-03,27.721087,0.1191968135535717,9.099132537841797,False,3.2880704402923584,3288070.4402923584,reported_conditioned_mlp,ELDFISK,,False,0.03791892118752003,0.08850506767630577,0.1191968135535717,0.14508749097585677,0.19595508724451066,0.0,2.4366414308547975,3.2880704402923584,4.28770260810852,6.219072389602662,1.7398137569427496,6.547628402709961,9.099132537841797,11.527180290222168,14.399661922454834
2035-07,2035-07-01,global_mlp,2026-03,27.721087,0.11697426810860634,8.988353252410889,False,3.5986766815185547,3598676.6815185547,reported_conditioned_mlp,ELDFISK,,False,0.028339019790291797,0.0869458369910717,0.11697426810860634,0.14844350218772887,0.19960582554340364,0.08813056237995659,2.7255051374435424,3.5986766815185547,4.437130165100095,6.598676347732544,1.4342087626457216,6.39907112121582,8.988353252410889,11.40466136932373,14.302319431304934
2035-08,2035-08-01,global_mlp,2026-03,27.721087,0.110943753272295,8.889412879943848,False,3.5090432167053223,3509043.2167053223,reported_conditioned_mlp,ELDFISK,,False,0.027062017098069227,0.08412626758217812,0.110943753272295,0.14245240837335585,0.18346326202154162,0.0,2.54621365070343,3.5090432167053223,4.483373212814331,6.8271169662475595,1.2846058607101443,6.264798927307129,8.889412879943848,11.317970180511475,14.237729930877686
2035-09,2035-09-01,global_mlp,2026-03,27.721087,0.10711703076958656,8.801556587219238,False,3.2441383600234985,3244138.3600234985,reported_conditioned_mlp,ELDFISK,,False,0.028141725249588523,0.08150775358080864,0.10711703076958656,0.1371689066290855,0.19330715984106064,0.0,2.3598290681838985,3.2441383600234985,4.434904241561888,6.27966651916504,1.1452277183532722,6.160480022430419,8.801556587219238,11.204474544525146,14.141705894470215
2035-10,2035-10-01,global_mlp,2026-03,27.721087,0.10655010119080544,8.70630168914795,False,3.611091732978821,3611091.732978821,reported_conditioned_mlp,ELDFISK,,False,0.019324605353176597,0.07948964834213257,0.10655010119080544,0.13556002229452133,0.19072172939777382,0.0,2.60260488986969,3.611091732978821,4.91936092376709,7.1668823719024655,1.0078622341156018,6.02155270576477,8.70630168914795,11.125273990631104,14.013435173034669
2035-11,2035-11-01,global_mlp,2026-03,27.721087,0.11808314546942711,8.58712387084961,False,3.7838789224624634,3783878.9224624634,reported_conditioned_mlp,ELDFISK,,False,0.027311003021895902,0.08780204877257347,0.11808314546942711,0.15297691226005553,0.20127061754465106,0.0,2.7351436853408813,3.7838789224624634,5.066961765289305,7.212273073196415,0.7964893162250533,5.893116617202757,8.58712387084961,11.006712436676024,13.946281337738037
2035-12,2035-12-01,global_mlp,2026-03,27.721087,0.11689310520887375,8.441931247711182,False,3.5982357263565063,3598235.7263565063,reported_conditioned_mlp,ELDFISK,,False,0.01640827376395465,0.0822928011417389,0.11689310520887375,0.14382118582725517,0.2019378691911698,0.0,2.581902837753296,3.5982357263565063,4.585172891616821,6.540132951736451,0.5537469804286972,5.753558492660522,8.441931247711182,10.885400199890135,13.865557384490966
2036-01,2036-01-01,global_mlp,2026-03,27.721087,0.11170994490385056,8.30711030960083,False,3.368089437484741,3368089.437484741,reported_conditioned_mlp,ELDFISK,,False,0.010169376805424749,0.07655745148658752,0.11170994490385056,0.14053891599178314,0.19613160789012918,0.0,2.212164497375488,3.368089437484741,4.319545936584472,6.5640366077423105,0.3331130981445316,5.687121963500976,8.30711030960083,10.77300395965576,13.710350227355958
2036-02,2036-02-01,global_mlp,2026-03,27.721087,0.11147825047373772,8.197812557220459,False,3.2210456132888794,3221045.6132888794,reported_conditioned_mlp,ELDFISK,,False,0.0,0.08078078255057335,0.11147825047373772,0.14197057634592056,0.19781503081321716,0.0,2.0708555936813346,3.2210456132888794,4.513540744781494,6.755765962600709,0.14878265410661734,5.550865125656127,8.197812557220459,10.658133029937742,13.633825778961182
2036-03,2036-03-01,global_mlp,2026-03,27.721087,0.10029678791761398,8.094615459442139,False,3.106881618499756,3106881.618499756,reported_conditioned_mlp,ELDFISK,,False,0.0,0.07081344798207283,0.10029678791761398,0.13084867894649505,0.17646342664957052,0.0,1.75930825471878,3.106881618499756,4.170506572723388,6.690014266967774,0.0,5.394740533828735,8.094615459442139,10.562897491455077,13.542188930511475
2036-04,2036-04-01,global_mlp,2026-03,27.721087,0.10863780230283737,7.907432794570923,False,3.4237087965011597,3423708.7965011597,reported_conditioned_mlp,ELDFISK,,False,0.0,0.08013465106487273,0.10863780230283737,0.13689134567975994,0.18666083514690401,0.0,2.557874608039856,3.4237087965011597,4.531083011627197,6.951956653594971,0.0,5.274173212051391,7.907432794570923,10.494013118743895,13.365296554565433
2036-05,2036-05-01,global_mlp,2026-03,27.721087,0.11105162277817726,7.762330532073975,False,3.31293785572052,3312937.85572052,reported_conditioned_mlp,ELDFISK,,False,0.0,0.07825070992112158,0.11105162277817726,0.1408796966075897,0.1914454132318497,0.0,2.3270263433456417,3.31293785572052,4.322534990310668,6.562792682647706,0.0,5.184007835388183,7.762330532073975,10.385752487182616,13.306461715698243
2036-06,2036-06-01,global_mlp,2026-03,27.721087,0.10721374303102493,7.629088878631592,False,3.1647703647613525,3164770.3647613525,reported_conditioned_mlp,ELDFISK,,False,0.0,0.08052318543195724,0.10721374303102493,0.14035056233406065,0.19003955870866776,0.0,2.222303485870361,3.1647703647613525,4.223886060714721,6.459729242324831,0.0,5.078991174697875,7.629088878631592,10.247254848480225,13.228088092803956
2036-07,2036-07-01,global_mlp,2026-03,27.721087,0.10746173933148384,7.505320310592651,False,3.3978229761123657,3397822.9761123657,reported_conditioned_mlp,ELDFISK,,False,0.0,0.07809163257479668,0.10746173933148384,0.13869042843580245,0.18987032622098926,0.0,2.497570013999939,3.3978229761123657,4.57348117828369,6.641269731521607,0.0,4.952041959762573,7.505320310592651,10.15688896179199,13.118115901947023
2036-08,2036-08-01,global_mlp,2026-03,27.721087,0.10447797551751137,7.3954503536224365,False,3.4025925397872925,3402592.5397872925,reported_conditioned_mlp,ELDFISK,,False,0.0,0.07371791750192641,0.10447797551751137,0.12927016913890832,0.1740121379494667,0.0,2.437083721160888,3.4025925397872925,4.6974469184875485,6.961438131332399,0.0,4.8477876663208,7.3954503536224365,10.023052024841306,12.988504791259766
2036-09,2036-09-01,global_mlp,2026-03,27.721087,0.10564475879073143,7.291222095489502,False,3.2024561166763306,3202456.1166763306,reported_conditioned_mlp,ELDFISK,,False,0.0,0.07558543011546134,0.10564475879073143,0.1315573617815971,0.18354139029979707,0.0,2.0132378339767456,3.2024561166763306,4.420050954818725,6.441813230514528,0.0,4.713929796218872,7.291222095489502,9.909646224975582,12.878505134582522
2036-10,2036-10-01,global_mlp,2026-03,27.721087,0.09995072335004807,7.168475866317749,False,3.717179298400879,3717179.298400879,reported_conditioned_mlp,ELDFISK,,False,0.0,0.07355777621269226,0.09995072335004807,0.13077540397644044,0.17767117619514466,0.0,2.483574342727661,3.717179298400879,4.84921326637268,6.815380811691286,0.0,4.5402756214141835,7.168475866317749,9.786088466644284,12.804995155334474
2036-11,2036-11-01,global_mlp,2026-03,27.721087,0.11126047372817993,7.023332595825195,False,3.7735337018966675,3773533.7018966675,reported_conditioned_mlp,ELDFISK,,False,0.0,0.08309735357761383,0.11126047372817993,0.13775036334991453,0.1891648188233376,0.0,2.332087254524231,3.7735337018966675,5.0416776657104485,7.175443696975708,0.0,4.377490854263305,7.023332595825195,9.593004226684567,12.662606906890872
2036-12,2036-12-01,global_mlp,2026-03,27.721087,0.10733579844236374,6.879772663116455,False,3.574803590774536,3574803.590774536,reported_conditioned_mlp,ELDFISK,,False,0.0,0.07431081905961036,0.10733579844236374,0.13350434899330135,0.18698837459087375,0.0,2.236558151245117,3.574803590774536,4.6956007957458485,7.018408775329592,0.0,4.26400966644287,6.879772663116455,9.454299068450927,12.522909355163577
2037-01,2037-01-01,global_mlp,2026-03,27.721087,0.10718602687120438,6.752282381057739,False,3.106555938720703,3106555.938720703,reported_conditioned_mlp,ELDFISK,,False,0.0,0.07253712341189383,0.10718602687120438,0.13365957736968995,0.1985988378524781,0.0,1.9232894539833068,3.106555938720703,4.173225784301757,6.056056356430054,0.0,4.123910665512084,6.752282381057739,9.378191947937012,12.400375652313233
2037-02,2037-02-01,global_mlp,2026-03,27.721087,0.1047506183385849,6.656190395355225,False,3.232056140899658,3232056.140899658,reported_conditioned_mlp,ELDFISK,,False,0.0,0.0676520474255085,0.1047506183385849,0.13412264883518218,0.1901103675365448,0.0,1.8383715867996213,3.232056140899658,4.486122465133666,7.132141733169557,0.0,4.008244848251342,6.656190395355225,9.2947114944458,12.262677288055421
2037-03,2037-03-01,global_mlp,2026-03,27.721087,0.09469437226653099,6.5382750034332275,False,3.0667210817337036,3066721.0817337036,reported_conditioned_mlp,ELDFISK,,False,0.0,0.06118230521678923,0.09469437226653099,0.12363025546073914,0.17667253762483598,0.0,1.514463913440704,3.0667210817337036,4.102380180358886,6.07342324256897,0.0,3.894723987579345,6.5382750034332275,9.195705986022949,12.202630615234375
2037-04,2037-04-01,global_mlp,2026-03,27.721087,0.10486239567399025,6.462085723876953,False,3.664679169654846,3664679.169654846,reported_conditioned_mlp,ELDFISK,,False,0.0,0.07718429863452911,0.10486239567399025,0.12738180756568904,0.16925776302814485,0.0,2.635719323158264,3.664679169654846,4.636210012435913,6.68486909866333,0.0,3.715753102302551,6.462085723876953,9.08961591720581,12.055343055725098
2037-05,2037-05-01,global_mlp,2026-03,27.721087,0.1025576964020729,6.37223744392395,False,3.1829763650894165,3182976.3650894165,reported_conditioned_mlp,ELDFISK,,False,0.0,0.076035176217556,0.1025576964020729,0.13184971660375594,0.18140561282634737,0.0,2.1995852708816526,3.1829763650894165,4.38656039237976,6.195709943771362,0.0,3.594452166557311,6.37223744392395,9.006659793853757,11.877674102783203
2037-06,2037-06-01,global_mlp,2026-03,27.721087,0.09977467730641365,6.224438428878784,False,3.2521742582321167,3252174.2582321167,reported_conditioned_mlp,ELDFISK,,False,0.0,0.07137201577425002,0.09977467730641365,0.12881151884794234,0.177150259912014,0.0,2.150231885910034,3.2521742582321167,4.352365016937254,6.30316677093506,0.0,3.4858879804611203,6.224438428878784,8.879695606231687,11.770627498626709
2037-07,2037-07-01,global_mlp,2026-03,27.721087,0.10042243078351021,6.089466571807861,False,3.566094398498535,3566094.398498535,reported_conditioned_mlp,ELDFISK,,False,0.0,0.07437274381518363,0.10042243078351021,0.12819315791130065,0.17842044234275828,0.0,2.2934351205825805,3.566094398498535,4.464228391647337,6.063572359085085,0.0,3.3420103311538685,6.089466571807861,8.771951770782469,11.641929721832277
2037-08,2037-08-01,global_mlp,2026-03,27.721087,0.09762890636920929,5.933479309082031,False,3.520834445953369,3520834.445953369,reported_conditioned_mlp,ELDFISK,,False,0.0,0.06642518937587738,0.09762890636920929,0.12720848172903054,0.16848485618829728,0.0,2.2669129610061645,3.520834445953369,4.606737136840819,6.7234065532684335,0.0,3.1911117553710935,5.933479309082031,8.66825075149536,11.511042404174807
2037-09,2037-09-01,global_mlp,2026-03,27.721087,0.09527626261115074,5.769897937774658,False,3.118810296058655,3118810.296058655,reported_conditioned_mlp,ELDFISK,,False,0.0,0.06454602554440496,0.09527626261115074,0.12395941391587256,0.1716439038515091,0.0,1.7536884546279905,3.118810296058655,4.299349784851073,6.486553478240969,0.0,3.0998124361038206,5.769897937774658,8.540499019622802,11.367910671234133
2037-10,2037-10-01,global_mlp,2026-03,27.721087,0.09074848517775536,5.6815996170043945,False,3.4463402032852173,3446340.2032852173,reported_conditioned_mlp,ELDFISK,,False,0.0,0.06375626623630523,0.09074848517775536,0.12412371337413787,0.17053826749324802,0.0,2.2591439008712766,3.4463402032852173,4.503857612609861,6.451741361618043,0.0,3.000434327125549,5.6815996170043945,8.45869426727295,11.241122341156009
2037-11,2037-11-01,global_mlp,2026-03,27.721087,0.10441288724541664,5.564106702804565,False,3.7431600093841553,3743160.0093841553,reported_conditioned_mlp,ELDFISK,,False,0.0,0.07137756645679473,0.10441288724541664,0.1323412954807281,0.18405286222696304,0.0,1.8060884356498714,3.7431600093841553,4.877716445922851,6.751066970825196,0.0,2.9075645923614495,5.564106702804565,8.326279830932616,11.133587741851809
2037-12,2037-12-01,global_mlp,2026-03,27.721087,0.10243118926882744,5.423437595367432,False,3.3991464376449585,3399146.4376449585,reported_conditioned_mlp,ELDFISK,,False,0.0,0.06815957576036454,0.10243118926882744,0.13007600903511046,0.1768099382519722,0.0,1.7720266938209535,3.3991464376449585,4.439050149917602,6.642266321182254,0.0,2.821169257164001,5.423437595367432,8.214242649078367,11.061328125000001
2038-01,2038-01-01,global_mlp,2026-03,27.721087,0.10006452351808548,5.319781303405762,False,3.100580334663391,3100580.334663391,reported_conditioned_mlp,ELDFISK,,False,0.0,0.06317270919680595,0.10006452351808548,0.12971342802047728,0.17942494601011277,0.0,1.7824198246002196,3.100580334663391,4.1207219600677485,5.716278123855592,0.0,2.664748120307922,5.319781303405762,8.15249462127685,10.962184810638428
2038-02,2038-02-01,global_mlp,2026-03,27.721087,0.09527207165956497,5.2191808223724365,False,3.0918447971343994,3091844.7971343994,reported_conditioned_mlp,ELDFISK,,False,0.0,0.0560787871479988,0.09527207165956497,0.12629270255565642,0.16571139842271806,0.0,1.3070458531379698,3.0918447971343994,4.361198139190672,6.354127025604249,0.0,2.471363592147826,5.2191808223724365,8.061084842681883,10.890451240539551
2038-03,2038-03-01,global_mlp,2026-03,27.721087,0.08622343465685844,5.137091159820557,False,2.873500943183899,2873500.943183899,reported_conditioned_mlp,ELDFISK,,False,0.0,0.04731009453535077,0.08622343465685844,0.1152354098856449,0.15855791866779329,0.0,1.092356789112091,2.873500943183899,3.9624197006225583,6.056961631774903,0.0,2.2449668407440178,5.137091159820557,7.974662971496581,10.748421573638916
2038-04,2038-04-01,global_mlp,2026-03,27.721087,0.09535666555166245,5.037082195281982,False,3.365049719810486,3365049.719810486,reported_conditioned_mlp,ELDFISK,,False,0.0,0.06059078164398669,0.09535666555166245,0.12460960149765014,0.1646531492471695,0.0,2.1856282711029045,3.365049719810486,4.28011679649353,6.140150547027591,0.0,2.1219282388687133,5.037082195281982,7.86820707321167,10.643481540679932
2038-05,2038-05-01,global_mlp,2026-03,27.721087,0.10021213814616203,4.926568508148193,False,3.0674777030944824,3067477.7030944824,reported_conditioned_mlp,ELDFISK,,False,0.0,0.062499608844518655,0.10021213814616203,0.13350538015365598,0.17596985399723056,0.0,2.092789244651794,3.0674777030944824,4.25894374847412,5.939267158508302,0.0,2.0399089097976684,4.926568508148193,7.76215362548828,10.508402729034426
2038-06,2038-06-01,global_mlp,2026-03,27.721087,0.09508125111460686,4.809632062911987,False,3.043204426765442,3043204.426765442,reported_conditioned_mlp,ELDFISK,,False,0.0,0.057736626267433165,0.09508125111460686,0.1244435966014862,0.169993494451046,0.0,1.710940110683441,3.043204426765442,4.194421815872191,5.8543483257293705,0.0,1.9406562924385065,4.809632062911987,7.648880481719969,10.34068183898926
2038-07,2038-07-01,global_mlp,2026-03,27.721087,0.09311522543430328,4.6239848136901855,False,3.2351438999176025,3235143.8999176025,reported_conditioned_mlp,ELDFISK,,False,0.0,0.05770436972379684,0.09311522543430328,0.12438042908906935,0.17359647005796433,0.0,1.909669756889343,3.2351438999176025,4.1695788383483885,6.224760437011719,0.0,1.8274482369422909,4.6239848136901855,7.577828788757324,10.224981594085696
2038-08,2038-08-01,global_mlp,2026-03,27.721087,0.0921652726829052,4.4966113567352295,False,3.2443796396255493,3244379.6396255493,reported_conditioned_mlp,ELDFISK,,False,0.0,0.046898079663515085,0.0921652726829052,0.12185023576021194,0.16369129419326783,0.0,1.6700528264045706,3.2443796396255493,4.280032014846801,6.827451181411744,0.0,1.772067177295683,4.4966113567352295,7.472319030761717,10.177185821533204
2038-09,2038-09-01,global_mlp,2026-03,27.721087,0.09390659257769585,4.4097740650177,False,3.2685033082962036,3268503.3082962036,reported_conditioned_mlp,ELDFISK,,False,0.0,0.05622046403586864,0.09390659257769585,0.12510706260800358,0.16763050407171248,0.0,1.5487866282463072,3.2685033082962036,4.242577123641968,6.471077346801759,0.0,1.6539571642875657,4.4097740650177,7.376695537567137,10.06363229751587
2038-10,2038-10-01,global_mlp,2026-03,27.721087,0.08880331367254257,4.334176063537598,False,3.1467652320861816,3146765.2320861816,reported_conditioned_mlp,ELDFISK,,False,0.0,0.050445647910237305,0.08880331367254257,0.116645860671997,0.16848795861005786,0.0,1.0468100547790526,3.1467652320861816,4.3913173198699935,6.587317800521853,0.0,1.547322177886962,4.334176063537598,7.267500162124632,9.967366790771486
2038-11,2038-11-01,global_mlp,2026-03,27.721087,0.10267674922943115,4.16499400138855,False,3.280246138572693,3280246.138572693,reported_conditioned_mlp,ELDFISK,,False,0.0,0.04418158866465091,0.10267674922943115,0.12914071083068848,0.17963157743215563,0.0,0.9348457455635067,3.280246138572693,4.717028284072875,7.095900201797486,0.0,1.4174233555793754,4.16499400138855,7.091253566741943,9.860007858276367
2038-12,2038-12-01,global_mlp,2026-03,27.721087,0.09543628990650177,4.058802843093872,False,3.288981080055237,3288981.080055237,reported_conditioned_mlp,ELDFISK,,False,0.0,0.05062191933393477,0.09543628990650177,0.12222421467304226,0.17176425457000732,0.0,0.8315038681030259,3.288981080055237,4.630810832977295,6.6519472122192385,0.0,1.3059837102890008,4.058802843093872,6.945865011215207,9.738316631317138
2039-01,2039-01-01,global_mlp,2026-03,27.721087,0.08929448574781418,3.936153292655945,False,2.8506534099578857,2850653.4099578857,reported_conditioned_mlp,ELDFISK,,False,0.0,0.03853575438261032,0.08929448574781418,0.11884846463799473,0.18073672354221343,0.0,0.45840384662151307,2.8506534099578857,4.046935606002807,5.799132585525513,0.0,1.1954879641532898,3.936153292655945,6.8852610111236565,9.590778636932374
2039-02,2039-02-01,global_mlp,2026-03,27.721087,0.09155421331524849,3.861452341079712,False,2.856186866760254,2856186.866760254,reported_conditioned_mlp,ELDFISK,,False,0.0,0.030301961675286246,0.09155421331524849,0.11737878769636154,0.17110839039087294,0.0,0.05491976030170886,2.856186866760254,4.0928748607635494,6.27881112098694,0.0,1.0917638421058653,3.861452341079712,6.796983337402341,9.479206180572511
2039-03,2039-03-01,global_mlp,2026-03,27.721087,0.08314154297113419,3.809491991996765,False,2.5591557025909424,2559155.7025909424,reported_conditioned_mlp,ELDFISK,,False,0.0,0.028330844268202773,0.08314154297113419,0.11233732923865318,0.15767837315797809,0.0,0.08542536199092864,2.5591557025909424,3.880801749229431,6.1145434379577654,0.0,0.9541667580604551,3.809491991996765,6.724029827117918,9.383509349823
2039-04,2039-04-01,global_mlp,2026-03,27.721087,0.09194037690758705,3.686950206756592,False,3.16127872467041,3161278.72467041,reported_conditioned_mlp,ELDFISK,,False,0.0,0.04681206718087196,0.09194037690758705,0.11742005497217177,0.16384895890951162,0.0,1.1988383173942547,3.16127872467041,4.394157648086548,6.235168790817261,0.0,0.837272876501083,3.686950206756592,6.6475672721862775,9.262148094177247
2039-05,2039-05-01,global_mlp,2026-03,27.721087,0.09615382179617882,3.561660408973694,False,2.974124550819397,2974124.550819397,reported_conditioned_mlp,ELDFISK,,False,0.0,0.04294471703469753,0.09615382179617882,0.12191352844238278,0.1662577822804451,0.0,0.9037372827529896,2.974124550819397,4.022078657150268,6.010566759109498,0.0,0.737357968091964,3.561660408973694,6.510312604904175,9.153308486938476
2039-06,2039-06-01,global_mlp,2026-03,27.721087,0.09357675537467003,3.445252537727356,False,2.87688148021698,2876881.48021698,reported_conditioned_mlp,ELDFISK,,False,0.0,0.04383626505732533,0.09357675537467003,0.12210685759782791,0.16631602644920349,0.0,0.6352010369300842,2.87688148021698,4.082134008407593,5.853830575942997,0.0,0.6402129471302023,3.445252537727356,6.389024639129638,9.061071681976319
2039-07,2039-07-01,global_mlp,2026-03,27.721087,0.08822396025061607,3.3143134117126465,False,3.1284689903259277,3128468.9903259277,reported_conditioned_mlp,ELDFISK,,False,0.0,0.03051437400281425,0.08822396025061607,0.11903629750013352,0.1603466436266899,0.0,0.33942586183547907,3.1284689903259277,4.416282653808592,6.300506925582887,0.0,0.5516911387443535,3.3143134117126465,6.241231966018675,8.947837066650392
2039-08,2039-08-01,global_mlp,2026-03,27.721087,0.08502424880862236,3.173410654067993,False,2.7615262269973755,2761526.2269973755,reported_conditioned_mlp,ELDFISK,,False,0.0,0.019460738450288752,0.08502424880862236,0.11125314235687253,0.15811928808689124,0.0,0.0,2.7615262269973755,4.143677997589111,6.568315649032594,0.0,0.40105163455009457,3.173410654067993,6.149771356582641,8.882646846771241
2039-09,2039-09-01,global_mlp,2026-03,27.721087,0.09037091583013535,3.07259738445282,False,2.7515357732772827,2751535.7732772827,reported_conditioned_mlp,ELDFISK,,False,0.0,0.02071367241442198,0.09037091583013535,0.11808311194181442,0.1648077964782715,0.0,0.14276574850082355,2.7515357732772827,4.143155479431152,5.880030584335327,0.0,0.2950354367494582,3.07259738445282,6.001674079895019,8.781080150604248
2039-10,2039-10-01,global_mlp,2026-03,27.721087,0.08606908470392227,2.968879222869873,False,3.109841227531433,3109841.227531433,reported_conditioned_mlp,ELDFISK,,False,0.0,0.011991692986339317,0.08606908470392227,0.11543208211660382,0.15826703906059267,0.0,0.0,3.109841227531433,4.300655364990234,6.373442602157593,0.0,0.17547483444213866,2.968879222869873,5.880957269668579,8.670948696136476
2039-11,2039-11-01,global_mlp,2026-03,27.721087,0.09104933589696884,2.866684675216675,False,3.1779282093048096,3177928.2093048096,reported_conditioned_mlp,ELDFISK,,False,0.0,0.00716968267224727,0.09104933589696884,0.11877865344285962,0.1744640648365021,0.0,0.0,3.1779282093048096,4.705984783172608,6.4866252899169945,0.0,0.0,2.866684675216675,5.747954702377319,8.559615516662598
2039-12,2039-12-01,global_mlp,2026-03,27.721087,0.08409001305699348,2.7640539407730103,False,2.469502091407776,2469502.091407776,reported_conditioned_mlp,ELDFISK,,False,0.0,0.0,0.08409001305699348,0.11914179101586339,0.16794303208589564,0.0,0.0,2.469502091407776,4.188078451156616,6.8067615032196045,0.0,0.0,2.7640539407730103,5.693472814559936,8.47279281616211
2040-01,2040-01-01,global_mlp,2026-03,27.721087,0.08178501203656197,2.6375491619110107,False,2.244654417037964,2244654.417037964,reported_conditioned_mlp,ELDFISK,,False,0.0,0.0,0.08178501203656197,0.11647849008440966,0.1586248576641083,0.0,0.0,2.244654417037964,3.818822193145751,5.428850746154786,0.0,0.0,2.6375491619110107,5.578449821472167,8.367564392089845
2040-02,2040-02-01,global_mlp,2026-03,27.721087,0.08233276382088661,2.520719289779663,False,2.0969290733337402,2096929.0733337402,reported_conditioned_mlp,ELDFISK,,False,0.0,0.0,0.08233276382088661,0.11328013092279433,0.16042610555887224,0.0,0.0,2.0969290733337402,3.6856014013290403,6.068345022201538,0.0,0.0,2.520719289779663,5.468768453598018,8.255146598815918
2040-03,2040-03-01,global_mlp,2026-03,27.721087,0.06944384425878525,2.4516143798828125,False,1.902296245098114,1902296.245098114,reported_conditioned_mlp,ELDFISK,,False,0.0,0.0,0.06944384425878525,0.10408144891262051,0.1419871181249619,0.0,0.0,1.902296245098114,3.3943589925765973,5.204925680160524,0.0,0.0,2.4516143798828125,5.379331493377681,8.162591075897216
2040-04,2040-04-01,global_mlp,2026-03,27.721087,0.07723187655210495,2.3143993616104126,False,2.5417319536209106,2541731.9536209106,reported_conditioned_mlp,ELDFISK,,False,0.0,0.0,0.07723187655210495,0.11148228421807287,0.15035661309957504,0.0,0.0,2.5417319536209106,3.8660868883132924,5.7949691295623795,0.0,0.0,2.3143993616104126,5.2481976985931365,8.056276988983155
2040-05,2040-05-01,global_mlp,2026-03,27.721087,0.07954524084925652,2.2210947275161743,False,2.4015311002731323,2401531.1002731323,reported_conditioned_mlp,ELDFISK,,False,0.0,0.0,0.07954524084925652,0.11799730658531178,0.15654240548610687,0.0,0.0,2.4015311002731323,3.5120869159698485,5.260009145736696,0.0,0.0,2.2210947275161743,5.12309226989746,7.938800621032715
2040-06,2040-06-01,global_mlp,2026-03,27.721087,0.07816461473703384,2.1351280212402344,False,2.2963953018188477,2296395.3018188477,reported_conditioned_mlp,ELDFISK,,False,0.0,0.0,0.07816461473703384,0.1163538508117199,0.16009513288736346,0.0,0.0,2.2963953018188477,3.6037791252136224,5.803881120681763,0.0,0.0,2.1351280212402344,4.99362769126892,7.820080566406251
2040-07,2040-07-01,global_mlp,2026-03,27.721087,0.08066451549530029,2.0467530488967896,False,2.2805094718933105,2280509.4718933105,reported_conditioned_mlp,ELDFISK,,False,0.0,0.0,0.08066451549530029,0.11393330544233321,0.15424421429634094,0.0,0.0,2.2805094718933105,3.8622665882110585,5.701152658462526,0.0,0.0,2.0467530488967896,4.859328508377074,7.693985557556153
2040-08,2040-08-01,global_mlp,2026-03,27.721087,0.06928014382719994,1.9476091861724854,False,2.458237409591675,2458237.409591675,reported_conditioned_mlp,ELDFISK,,False,0.0,0.0,0.06928014382719994,0.10591441094875334,0.14786624610424043,0.0,0.0,2.458237409591675,3.8457695245742793,6.0450916767120395,0.0,0.0,1.9476091861724854,4.735756587982174,7.590614604949951
2040-09,2040-09-01,global_mlp,2026-03,27.721087,0.06718536838889122,1.8047420382499695,False,1.8455277681350708,1845527.7681350708,reported_conditioned_mlp,ELDFISK,,False,0.0,0.0,0.06718536838889122,0.10374890342354771,0.14716793298721315,0.0,0.0,1.8455277681350708,3.47878577709198,5.52310757637024,0.0,0.0,1.8047420382499695,4.588044929504393,7.502182197570801
2040-10,2040-10-01,global_mlp,2026-03,27.721087,0.05975611135363579,1.7068012952804565,False,2.253923535346985,2253923.535346985,reported_conditioned_mlp,ELDFISK,,False,0.0,0.0,0.05975611135363579,0.10700141340494154,0.14402611404657367,0.0,0.0,2.253923535346985,3.7196336269378647,5.748929119110108,0.0,0.0,1.7068012952804565,4.503357696533201,7.3924194335937505
2040-11,2040-11-01,global_mlp,2026-03,27.721087,0.06928510218858719,1.5225356221199036,False,1.9866861701011658,1986686.1701011658,reported_conditioned_mlp,ELDFISK,,False,0.0,0.0,0.06928510218858719,0.11579179838299751,0.16094826608896257,0.0,0.0,1.9866861701011658,4.213806629180908,6.709626913070679,0.0,0.0,1.5225356221199036,4.364914798736572,7.252574443817139
2040-12,2040-12-01,global_mlp,2026-03,27.721087,0.05972816422581673,1.384211003780365,False,1.5397993326187134,1539799.3326187134,reported_conditioned_mlp,ELDFISK,,False,0.0,0.0,0.05972816422581673,0.11222381591796869,0.16019615530967712,0.0,0.0,1.5397993326187134,3.702695035934447,6.199453210830689,0.0,0.0,1.384211003780365,4.27739472389221,7.143821907043457
2041-01,2041-01-01,global_mlp,2026-03,27.721087,0.06013938970863819,1.265326201915741,False,1.6807458400726318,1680745.8400726318,reported_conditioned_mlp,ELDFISK,,False,0.0,0.0,0.06013938970863819,0.10977483838796614,0.15729648619890216,0.0,0.0,1.6807458400726318,3.4750110626220696,5.1819974899292,0.0,0.0,1.265326201915741,4.190644168853759,7.043778896331787
2041-02,2041-02-01,global_mlp,2026-03,27.721087,0.05878506414592266,1.1260271072387695,False,1.3123136162757874,1312313.6162757874,reported_conditioned_mlp,ELDFISK,,False,0.0,0.0,0.05878506414592266,0.10771379023790359,0.15461590737104416,0.0,0.0,1.3123136162757874,3.533106398582458,5.810161018371582,0.0,0.0,1.1260271072387695,4.049016284942626,6.89317512512207
2041-03,2041-03-01,global_mlp,2026-03,27.721087,0.05225217156112194,1.0185373425483704,False,1.1540521383285522,1154052.1383285522,reported_conditioned_mlp,ELDFISK,,False,0.0,0.0,0.05225217156112194,0.09572037383913992,0.13994358330965043,0.0,0.0,1.1540521383285522,3.3191279411315913,5.083704280853272,0.0,0.0,1.0185373425483704,3.932700347900389,6.7763409614563
2041-04,2041-04-01,global_mlp,2026-03,27.721087,0.06036217324435711,0.92763751745224,False,2.4059544801712036,2405954.4801712036,reported_conditioned_mlp,ELDFISK,,False,0.0,0.0,0.06036217324435711,0.10803853496909141,0.1456613779067993,0.0,0.0,2.4059544801712036,3.77682247161865,5.458495807647705,0.0,0.0,0.92763751745224,3.799268913269042,6.713614892959595
2041-05,2041-05-01,global_mlp,2026-03,27.721087,0.06054607406258583,0.8423731923103333,False,1.8757425546646118,1875742.5546646118,reported_conditioned_mlp,ELDFISK,,False,0.0,0.0,0.06054607406258583,0.10564736202359196,0.1496782258152962,0.0,0.0,1.8757425546646118,3.4524819850921626,5.116642093658449,0.0,0.0,0.8423731923103333,3.678504729270934,6.624729108810425
2041-06,2041-06-01,global_mlp,2026-03,27.721087,0.04985334537923336,0.7327763736248016,False,1.6209757328033447,1620975.7328033447,reported_conditioned_mlp,ELDFISK,,False,0.0,0.0,0.04985334537923336,0.10178188607096668,0.14983204305171965,0.0,0.0,1.6209757328033447,3.286028528213501,5.090726232528687,0.0,0.0,0.7327763736248016,3.5790284156799315,6.496516561508179
2041-07,2041-07-01,global_mlp,2026-03,27.721087,0.05203627794981003,0.6457464396953583,False,1.510378897190094,1510378.897190094,reported_conditioned_mlp,ELDFISK,,False,0.0,0.0,0.05203627794981003,0.09540696591138836,0.14538534581661225,0.0,0.0,1.510378897190094,3.361887192726135,5.215971279144289,0.0,0.0,0.6457464396953583,3.4403511524200416,6.3651682376861585
2041-08,2041-08-01,global_mlp,2026-03,27.721087,0.046045493334531784,0.529529869556427,False,1.2385793924331665,1238579.3924331665,reported_conditioned_mlp,ELDFISK,,False,0.0,0.0,0.046045493334531784,0.09341007769107816,0.13353572934865954,0.0,0.0,1.2385793924331665,3.277209520339964,5.503725337982178,0.0,0.0,0.529529869556427,3.297272944450375,6.2528703212738055
2041-09,2041-09-01,global_mlp,2026-03,27.721087,0.047829464077949524,0.3975759297609329,False,0.9860211610794067,986021.1610794067,reported_conditioned_mlp,ELDFISK,,False,0.0,0.0,0.047829464077949524,0.10103953108191488,0.1413800209760666,0.0,0.0,0.9860211610794067,3.2699661254882812,5.543289804458619,0.0,0.0,0.3975759297609329,3.154344224929809,6.156527519226074
2041-10,2041-10-01,global_mlp,2026-03,27.721087,0.026332895271480083,0.29286208748817444,False,0.23241212964057922,232412.12964057922,reported_conditioned_mlp,ELDFISK,,False,0.0,0.0,0.026332895271480083,0.08796658590435981,0.13292274922132494,0.0,0.0,0.23241212964057922,3.495408868789672,5.615978288650513,0.0,0.0,0.29286208748817444,3.095987582206726,6.03421015739441
2041-11,2041-11-01,global_mlp,2026-03,27.721087,0.023598110303282738,0.17181232571601868,False,0.0,0.0,reported_conditioned_mlp,ELDFISK,,False,0.0,0.0,0.023598110303282738,0.10058074444532387,0.15155987590551376,0.0,0.0,0.0,3.6586308479309064,5.881092166900635,0.0,0.0,0.17181232571601868,2.9330495119094846,5.8659361839294455
2041-12,2041-12-01,global_mlp,2026-03,27.721087,0.010880318470299244,0.049750346690416336,False,0.0,0.0,reported_conditioned_mlp,ELDFISK,,False,0.0,0.0,0.010880318470299244,0.0937865905463695,0.14407109171152124,0.0,0.0,0.0,3.3808613061904893,5.619707536697388,0.0,0.0,0.049750346690416336,2.8022852659225457,5.775519084930422
2042-01,2042-01-01,global_mlp,2026-03,27.721087,0.0,0.005679391324520111,False,0.0,0.0,reported_conditioned_mlp,ELDFISK,,False,0.0,0.0,0.0,0.091942673921585,0.14676992744207382,0.0,0.0,0.0,2.9583745002746578,5.04400544166565,0.0,0.0,0.005679391324520111,2.7087812185287463,5.675292110443117
2042-02,2042-02-01,global_mlp,2026-03,27.721087,0.0,0.0,False,0.0,0.0,reported_conditioned_mlp,ELDFISK,,False,0.0,0.0,0.0,0.08837607055902479,0.14173457175493245,0.0,0.0,0.0,3.1141186952590934,5.169263124465942,0.0,0.0,0.0,2.6299978494644134,5.603164720535279
2042-03,2042-03-01,global_mlp,2026-03,27.721087,0.0,0.0,False,0.0,0.0,reported_conditioned_mlp,ELDFISK,,False,0.0,0.0,0.0,0.08256692215800285,0.13770621567964558,0.0,0.0,0.0,2.7587582349777184,4.655037879943848,0.0,0.0,0.0,2.5704221010208124,5.523070430755616
2042-04,2042-04-01,global_mlp,2026-03,27.721087,0.0,0.0,False,0.0,0.0,reported_conditioned_mlp,ELDFISK,,False,0.0,0.0,0.0,0.09591171368956565,0.14540198743343355,0.0,0.0,0.0,3.6433986425399745,5.84659562110901,0.0,0.0,0.0,2.4768558502197244,5.407769060134888
2042-05,2042-05-01,global_mlp,2026-03,27.721087,0.0,0.0,False,0.0,0.0,reported_conditioned_mlp,ELDFISK,,False,0.0,0.0,0.0,0.09677904322743414,0.1464054882526398,0.0,0.0,0.0,3.3404337882995594,5.248904609680176,0.0,0.0,0.0,2.401680707931516,5.276333761215211
2042-06,2042-06-01,global_mlp,2026-03,27.721087,0.0,0.0,False,0.0,0.0,reported_conditioned_mlp,ELDFISK,,False,0.0,0.0,0.0,0.0899037905037403,0.14454662650823594,0.0,0.0,0.0,3.2755390405654903,5.080653762817383,0.0,0.0,0.0,2.312153935432433,5.14630527496338
2042-07,2042-07-01,global_mlp,2026-03,27.721087,0.0,0.0,False,0.0,0.0,reported_conditioned_mlp,ELDFISK,,False,0.0,0.0,0.0,0.08783399313688274,0.14222116619348527,0.0,0.0,0.0,3.2201584339141838,5.677428531646728,0.0,0.0,0.0,2.2244607448577876,5.015323162078859
2042-08,2042-08-01,global_mlp,2026-03,27.721087,0.0,0.0,False,0.0,0.0,reported_conditioned_mlp,ELDFISK,,False,0.0,0.0,0.0,0.08399830907583233,0.1356404229998589,0.0,0.0,0.0,3.165363788604735,5.544754505157472,0.0,0.0,0.0,2.1179458141326903,4.9449800014495855
2042-09,2042-09-01,global_mlp,2026-03,27.721087,0.0,0.0,False,0.0,0.0,reported_conditioned_mlp,ELDFISK,,False,0.0,0.0,0.0,0.08330808430910107,0.13731868863105776,0.0,0.0,0.0,2.9071414947509764,5.025720024108888,0.0,0.0,0.0,2.00609381198883,4.81109871864319
2042-10,2042-10-01,global_mlp,2026-03,27.721087,0.0,0.0,False,0.0,0.0,reported_conditioned_mlp,ELDFISK,,False,0.0,0.0,0.0,0.08049950972199435,0.13692899346351625,0.0,0.0,0.0,3.0639105796813952,5.3526496410369875,0.0,0.0,0.0,1.8617785453796365,4.693312454223634
2042-11,2042-11-01,global_mlp,2026-03,27.721087,0.0,0.0,False,0.0,0.0,reported_conditioned_mlp,ELDFISK,,False,0.0,0.0,0.0,0.0885140672326088,0.15258893966674805,0.0,0.0,0.0,3.3994382619857784,5.313135719299317,0.0,0.0,0.0,1.722086465358733,4.5851809024810795
2042-12,2042-12-01,global_mlp,2026-03,27.721087,0.0,0.0,False,0.0,0.0,reported_conditioned_mlp,ELDFISK,,False,0.0,0.0,0.0,0.08364618048071859,0.1443507671356202,0.0,0.0,0.0,3.377138543128967,5.601077079772951,0.0,0.0,0.0,1.5587216854095445,4.489941072463989
2043-01,2043-01-01,global_mlp,2026-03,27.721087,0.0,0.0,False,0.0,0.0,reported_conditioned_mlp,ELDFISK,,False,0.0,0.0,0.0,0.07988530993461608,0.1366201400756836,0.0,0.0,0.0,2.7820740222930906,4.419198894500735,0.0,0.0,0.0,1.4682742595672607,4.380343437194824
2043-02,2043-02-01,global_mlp,2026-03,27.721087,0.0,0.0,False,0.0,0.0,reported_conditioned_mlp,ELDFISK,,False,0.0,0.0,0.0,0.07500146627426144,0.1350635126233101,0.0,0.0,0.0,2.7369885683059687,5.294411182403565,0.0,0.0,0.0,1.3473853826522812,4.231399774551393
2043-03,2043-03-01,global_mlp,2026-03,27.721087,0.0,0.0,False,0.0,0.0,reported_conditioned_mlp,ELDFISK,,False,0.0,0.0,0.0,0.06448888480663285,0.11727101430296899,0.0,0.0,0.0,2.001401066780087,4.566411018371583,0.0,0.0,0.0,1.2399698734283435,4.114864253997806
2043-04,2043-04-01,global_mlp,2026-03,27.721087,0.0,0.0,False,0.0,0.0,reported_conditioned_mlp,ELDFISK,,False,0.0,0.0,0.0,0.07535841092467292,0.12874108105897908,0.0,0.0,0.0,2.8094168424606307,5.176629400253296,0.0,0.0,0.0,1.1220441699028014,4.042002201080323
2043-05,2043-05-01,global_mlp,2026-03,27.721087,0.0,0.0,False,0.0,0.0,reported_conditioned_mlp,ELDFISK,,False,0.0,0.0,0.0,0.07662761658430095,0.13405967056751253,0.0,0.0,0.0,2.8576153278350818,4.82941951751709,0.0,0.0,0.0,0.9923884451389307,3.8946351289749157
2043-06,2043-06-01,global_mlp,2026-03,27.721087,0.0,0.0,False,0.0,0.0,reported_conditioned_mlp,ELDFISK,,False,0.0,0.0,0.0,0.07159254997968671,0.12385655194520954,0.0,0.0,0.0,2.4957764625549315,4.732265901565554,0.0,0.0,0.0,0.8907982230186453,3.7075243949890173
2043-07,2043-07-01,global_mlp,2026-03,27.721087,0.0,0.0,False,0.0,0.0,reported_conditioned_mlp,ELDFISK,,False,0.0,0.0,0.0,0.06821534857153891,0.1247451961040497,0.0,0.0,0.0,2.6244277715682975,4.973348569869995,0.0,0.0,0.0,0.7647099435329419,3.5941951513290444
2043-08,2043-08-01,global_mlp,2026-03,27.721087,0.0,0.0,False,0.0,0.0,reported_conditioned_mlp,ELDFISK,,False,0.0,0.0,0.0,0.06121884286403655,0.12107930257916452,0.0,0.0,0.0,2.334391760826106,4.883437585830691,0.0,0.0,0.0,0.6470163822174055,3.488929605484013
2043-09,2043-09-01,global_mlp,2026-03,27.721087,0.0,0.0,False,0.0,0.0,reported_conditioned_mlp,ELDFISK,,False,0.0,0.0,0.0,0.061788267269730524,0.11882961094379432,0.0,0.0,0.0,1.5388501167297342,4.453757238388062,0.0,0.0,0.0,0.5310607731342295,3.431220412254336
2043-10,2043-10-01,global_mlp,2026-03,27.721087,0.0,0.0,False,0.0,0.0,reported_conditioned_mlp,ELDFISK,,False,0.0,0.0,0.0,0.053340586274862274,0.11312623694539072,0.0,0.0,0.0,1.6892673492431622,4.911849403381349,0.0,0.0,0.0,0.3992637246847126,3.303201794624332
2043-11,2043-11-01,global_mlp,2026-03,27.721087,0.0,0.0,False,0.0,0.0,reported_conditioned_mlp,ELDFISK,,False,0.0,0.0,0.0,0.0611076809465885,0.12798963189125068,0.0,0.0,0.0,1.7625727295875528,5.204158353805543,0.0,0.0,0.0,0.2776560366153709,3.2240321636199973
2043-12,2043-12-01,global_mlp,2026-03,27.721087,0.0,0.0,False,0.0,0.0,reported_conditioned_mlp,ELDFISK,,False,0.0,0.0,0.0,0.04518877826631062,0.12637726515531544,0.0,0.0,0.0,0.9639797866344442,5.047288036346436,0.0,0.0,0.0,0.1859839349985122,3.151589822769166
2044-01,2044-01-01,global_mlp,2026-03,27.721087,0.0,0.0,False,0.0,0.0,reported_conditioned_mlp,ELDFISK,,False,0.0,0.0,0.0,0.025433744490146626,0.1204167038202286,0.0,0.0,0.0,0.9089706122874947,4.270207738876343,0.0,0.0,0.0,0.09606333896517666,3.078975820541382
2044-02,2044-02-01,global_mlp,2026-03,27.721087,0.0,0.0,False,0.0,0.0,reported_conditioned_mlp,ELDFISK,,False,0.0,0.0,0.0,0.003162990766577286,0.1230798847973347,0.0,0.0,0.0,0.0,4.4217691421508825,0.0,0.0,0.0,0.00025549829006191193,2.971922683715822
2044-03,2044-03-01,global_mlp,2026-03,27.721087,0.0,0.0,False,0.0,0.0,reported_conditioned_mlp,ELDFISK,,False,0.0,0.0,0.0,0.0,0.10850722044706348,0.0,0.0,0.0,0.0,3.875862097740174,0.0,0.0,0.0,0.0,2.8567386865615876
2044-04,2044-04-01,global_mlp,2026-03,27.721087,0.0,0.0,False,0.0,0.0,reported_conditioned_mlp,ELDFISK,,False,0.0,0.0,0.0,0.0,0.11926993429660798,0.0,0.0,0.0,0.0,4.5334783077240015,0.0,0.0,0.0,0.0,2.7135782718658494
2044-05,2044-05-01,global_mlp,2026-03,27.721087,0.0,0.0,False,0.0,0.0,reported_conditioned_mlp,ELDFISK,,False,0.0,0.0,0.0,0.0,0.12137851268053056,0.0,0.0,0.0,0.0,4.11188611984253,0.0,0.0,0.0,0.0,2.5962105751037647
2044-06,2044-06-01,global_mlp,2026-03,27.721087,0.0,0.0,False,0.0,0.0,reported_conditioned_mlp,ELDFISK,,False,0.0,0.0,0.0,0.0,0.11616571322083476,0.0,0.0,0.0,0.0,3.862090539932252,0.0,0.0,0.0,0.0,2.4717333078384445
2044-07,2044-07-01,global_mlp,2026-03,27.721087,0.0,0.0,False,0.0,0.0,reported_conditioned_mlp,ELDFISK,,False,0.0,0.0,0.0,0.0,0.11448980048298837,0.0,0.0,0.0,0.0,4.316385936737063,0.0,0.0,0.0,0.0,2.36008865833283
2044-08,2044-08-01,global_mlp,2026-03,27.721087,0.0,0.0,False,0.0,0.0,reported_conditioned_mlp,ELDFISK,,False,0.0,0.0,0.0,0.0,0.10658994540572167,0.0,0.0,0.0,0.0,3.917270183563234,0.0,0.0,0.0,0.0,2.2594040632247983
2044-09,2044-09-01,global_mlp,2026-03,27.721087,0.0,0.0,False,0.0,0.0,reported_conditioned_mlp,ELDFISK,,False,0.0,0.0,0.0,0.0,0.10958835408091548,0.0,0.0,0.0,0.0,3.8905559062957766,0.0,0.0,0.0,0.0,2.1433766603469913
2044-10,2044-10-01,global_mlp,2026-03,27.721087,0.0,0.0,False,0.0,0.0,reported_conditioned_mlp,ELDFISK,,False,0.0,0.0,0.0,0.0,0.11426328495144845,0.0,0.0,0.0,0.0,4.529957818984986,0.0,0.0,0.0,0.0,2.054118585586552
2044-11,2044-11-01,global_mlp,2026-03,27.721087,0.0,0.0,False,0.0,0.0,reported_conditioned_mlp,ELDFISK,,False,0.0,0.0,0.0,0.0,0.1133586645126343,0.0,0.0,0.0,0.0,4.776003074645997,0.0,0.0,0.0,0.0,1.9292594313621547
2044-12,2044-12-01,global_mlp,2026-03,27.721087,0.0,0.0,False,0.0,0.0,reported_conditioned_mlp,ELDFISK,,False,0.0,0.0,0.0,0.0,0.10973813906311992,0.0,0.0,0.0,0.0,4.365397882461548,0.0,0.0,0.0,0.0,1.8407899737358093
2045-01,2045-01-01,global_mlp,2026-03,27.721087,0.0,0.0,False,0.0,0.0,reported_conditioned_mlp,ELDFISK,,False,0.0,0.0,0.0,0.0,0.09765027165412915,0.0,0.0,0.0,0.0,3.5261735439300543,0.0,0.0,0.0,0.0,1.752881169319153
2045-02,2045-02-01,global_mlp,2026-03,27.721087,0.0,0.0,False,0.0,0.0,reported_conditioned_mlp,ELDFISK,,False,0.0,0.0,0.0,0.0,0.10346763730049137,0.0,0.0,0.0,0.0,3.8604678392410285,0.0,0.0,0.0,0.0,1.7295563220977785
2045-03,2045-03-01,global_mlp,2026-03,27.721087,0.0,0.0,False,0.0,0.0,reported_conditioned_mlp,ELDFISK,,False,0.0,0.0,0.0,0.0,0.08874887228012086,0.0,0.0,0.0,0.0,3.585964059829714,0.0,0.0,0.0,0.0,1.6880574584007266
2045-04,2045-04-01,global_mlp,2026-03,27.721087,0.0,0.0,False,0.0,0.0,reported_conditioned_mlp,ELDFISK,,False,0.0,0.0,0.0,0.0,0.10231875851750376,0.0,0.0,0.0,0.0,3.8235126733779907,0.0,0.0,0.0,0.0,1.623645842075348
2045-05,2045-05-01,global_mlp,2026-03,27.721087,0.0,0.0,False,0.0,0.0,reported_conditioned_mlp,ELDFISK,,False,0.0,0.0,0.0,0.0,0.0998893178999425,0.0,0.0,0.0,0.0,3.5848634243011475,0.0,0.0,0.0,0.0,1.4995823740959182
2045-06,2045-06-01,global_mlp,2026-03,27.721087,0.0,0.0,False,0.0,0.0,reported_conditioned_mlp,ELDFISK,,False,0.0,0.0,0.0,0.0,0.09680565074086192,0.0,0.0,0.0,0.0,3.7056441783905036,0.0,0.0,0.0,0.0,1.3990428328514115
2045-07,2045-07-01,global_mlp,2026-03,27.721087,0.0,0.0,False,0.0,0.0,reported_conditioned_mlp,ELDFISK,,False,0.0,0.0,0.0,0.0,0.09843681305646897,0.0,0.0,0.0,0.0,3.6709879398345957,0.0,0.0,0.0,0.0,1.3375876545906076
2045-08,2045-08-01,global_mlp,2026-03,27.721087,0.0,0.0,False,0.0,0.0,reported_conditioned_mlp,ELDFISK,,False,0.0,0.0,0.0,0.0,0.08796997517347341,0.0,0.0,0.0,0.0,3.598046469688417,0.0,0.0,0.0,0.0,1.2548737525939948
2045-09,2045-09-01,global_mlp,2026-03,27.721087,0.0,0.0,False,0.0,0.0,reported_conditioned_mlp,ELDFISK,,False,0.0,0.0,0.0,0.0,0.08359516188502313,0.0,0.0,0.0,0.0,3.52520687580109,0.0,0.0,0.0,0.0,1.1542350411415108
2045-10,2045-10-01,global_mlp,2026-03,27.721087,0.0,0.0,False,0.0,0.0,reported_conditioned_mlp,ELDFISK,,False,0.0,0.0,0.0,0.0,0.08158782944083216,0.0,0.0,0.0,0.0,3.247345590591431,0.0,0.0,0.0,0.0,1.0328329563140874
2045-11,2045-11-01,global_mlp,2026-03,27.721087,0.0,0.0,False,0.0,0.0,reported_conditioned_mlp,ELDFISK,,False,0.0,0.0,0.0,0.0,0.08668307662010197,0.0,0.0,0.0,0.0,3.609401845932008,0.0,0.0,0.0,0.0,0.9474700391292575
2045-12,2045-12-01,global_mlp,2026-03,27.721087,0.0,0.0,False,0.0,0.0,reported_conditioned_mlp,ELDFISK,,False,0.0,0.0,0.0,0.0,0.07658315673470498,0.0,0.0,0.0,0.0,2.7369036197662413,0.0,0.0,0.0,0.0,0.8530546128749855
2046-01,2046-01-01,global_mlp,2026-03,27.721087,0.0,0.0,False,0.0,0.0,reported_conditioned_mlp,ELDFISK,,False,0.0,0.0,0.0,0.0,0.07496431693434716,0.0,0.0,0.0,0.0,2.557149767875672,0.0,0.0,0.0,0.0,0.7622835457324982
2046-02,2046-02-01,global_mlp,2026-03,27.721087,0.0,0.0,False,0.0,0.0,reported_conditioned_mlp,ELDFISK,,False,0.0,0.0,0.0,0.0,0.06380321308970453,0.0,0.0,0.0,0.0,2.0948557853698735,0.0,0.0,0.0,0.0,0.639702880382538
2046-03,2046-03-01,global_mlp,2026-03,27.721087,0.0,0.0,False,0.0,0.0,reported_conditioned_mlp,ELDFISK,,False,0.0,0.0,0.0,0.0,0.051071720570326024,0.0,0.0,0.0,0.0,1.718288385868074,0.0,0.0,0.0,0.0,0.5364529848098755
2046-04,2046-04-01,global_mlp,2026-03,27.721087,0.0,0.0,False,0.0,0.0,reported_conditioned_mlp,ELDFISK,,False,0.0,0.0,0.0,0.0,0.07338511496782309,0.0,0.0,0.0,0.0,2.8616784811019897,0.0,0.0,0.0,0.0,0.39309675395488874
2046-05,2046-05-01,global_mlp,2026-03,27.721087,0.0,0.0,False,0.0,0.0,reported_conditioned_mlp,ELDFISK,,False,0.0,0.0,0.0,0.0,0.0581988487392664,0.0,0.0,0.0,0.0,2.5499305963516257,0.0,0.0,0.0,0.0,0.32800687849521715
2046-06,2046-06-01,global_mlp,2026-03,27.721087,0.0,0.0,False,0.0,0.0,reported_conditioned_mlp,ELDFISK,,False,0.0,0.0,0.0,0.0,0.059931916370987916,0.0,0.0,0.0,0.0,2.260730290412904,0.0,0.0,0.0,0.0,0.278206816315651
2046-07,2046-07-01,global_mlp,2026-03,27.721087,0.0,0.0,False,0.0,0.0,reported_conditioned_mlp,ELDFISK,,False,0.0,0.0,0.0,0.0,0.024849845282733558,0.0,0.0,0.0,0.0,0.6561107814312183,0.0,0.0,0.0,0.0,0.1928916424512865
2046-08,2046-08-01,global_mlp,2026-03,27.721087,0.0,0.0,False,0.0,0.0,reported_conditioned_mlp,ELDFISK,,False,0.0,0.0,0.0,0.0,0.002297057001851871,0.0,0.0,0.0,0.0,0.09375771880151973,0.0,0.0,0.0,0.0,0.008139705657960836
2046-09,2046-09-01,global_mlp,2026-03,27.721087,0.0,0.0,False,0.0,0.0,reported_conditioned_mlp,ELDFISK,,False,0.0,0.0,0.0,0.0,0.0,0.0,0.0,0.0,0.0,0.0,0.0,0.0,0.0,0.0,0.0
2046-10,2046-10-01,global_mlp,2026-03,27.721087,0.0,0.0,False,0.0,0.0,reported_conditioned_mlp,ELDFISK,,False,0.0,0.0,0.0,0.0,0.0,0.0,0.0,0.0,0.0,0.0,0.0,0.0,0.0,0.0,0.0
2046-11,2046-11-01,global_mlp,2026-03,27.721087,0.0,0.0,False,0.0,0.0,reported_conditioned_mlp,ELDFISK,,False,0.0,0.0,0.0,0.0,0.0,0.0,0.0,0.0,0.0,0.0,0.0,0.0,0.0,0.0,0.0
2046-12,2046-12-01,global_mlp,2026-03,27.721087,0.0,0.0,False,0.0,0.0,reported_conditioned_mlp,ELDFISK,,False,0.0,0.0,0.0,0.0,0.0,0.0,0.0,0.0,0.0,0.0,0.0,0.0,0.0,0.0,0.0
2047-01,2047-01-01,global_mlp,2026-03,27.721087,0.0,0.0,False,0.0,0.0,reported_conditioned_mlp,ELDFISK,,False,0.0,0.0,0.0,0.0,0.0,0.0,0.0,0.0,0.0,0.0,0.0,0.0,0.0,0.0,0.0
2047-02,2047-02-01,global_mlp,2026-03,27.721087,0.0,0.0,False,0.0,0.0,reported_conditioned_mlp,ELDFISK,,False,0.0,0.0,0.0,0.0,0.0,0.0,0.0,0.0,0.0,0.0,0.0,0.0,0.0,0.0,0.0
2047-03,2047-03-01,global_mlp,2026-03,27.721087,0.0,0.0,False,0.0,0.0,reported_conditioned_mlp,ELDFISK,,False,0.0,0.0,0.0,0.0,0.0,0.0,0.0,0.0,0.0,0.0,0.0,0.0,0.0,0.0,0.0
2047-04,2047-04-01,global_mlp,2026-03,27.721087,0.0,0.0,False,0.0,0.0,reported_conditioned_mlp,ELDFISK,,False,0.0,0.0,0.0,0.0,0.0,0.0,0.0,0.0,0.0,0.0,0.0,0.0,0.0,0.0,0.0
2047-05,2047-05-01,global_mlp,2026-03,27.721087,0.0,0.0,False,0.0,0.0,reported_conditioned_mlp,ELDFISK,,False,0.0,0.0,0.0,0.0,0.0,0.0,0.0,0.0,0.0,0.0,0.0,0.0,0.0,0.0,0.0
2047-06,2047-06-01,global_mlp,2026-03,27.721087,0.0,0.0,False,0.0,0.0,reported_conditioned_mlp,ELDFISK,,False,0.0,0.0,0.0,0.0,0.0,0.0,0.0,0.0,0.0,0.0,0.0,0.0,0.0,0.0,0.0
2047-07,2047-07-01,global_mlp,2026-03,27.721087,0.0,0.0,False,0.0,0.0,reported_conditioned_mlp,ELDFISK,,False,0.0,0.0,0.0,0.0,0.0,0.0,0.0,0.0,0.0,0.0,0.0,0.0,0.0,0.0,0.0
2047-08,2047-08-01,global_mlp,2026-03,27.721087,0.0,0.0,False,0.0,0.0,reported_conditioned_mlp,ELDFISK,,False,0.0,0.0,0.0,0.0,0.0,0.0,0.0,0.0,0.0,0.0,0.0,0.0,0.0,0.0,0.0
2047-09,2047-09-01,global_mlp,2026-03,27.721087,0.0,0.0,False,0.0,0.0,reported_conditioned_mlp,ELDFISK,,False,0.0,0.0,0.0,0.0,0.0,0.0,0.0,0.0,0.0,0.0,0.0,0.0,0.0,0.0,0.0
2047-10,2047-10-01,global_mlp,2026-03,27.721087,0.0,0.0,False,0.0,0.0,reported_conditioned_mlp,ELDFISK,,False,0.0,0.0,0.0,0.0,0.0,0.0,0.0,0.0,0.0,0.0,0.0,0.0,0.0,0.0,0.0
2047-11,2047-11-01,global_mlp,2026-03,27.721087,0.0,0.0,False,0.0,0.0,reported_conditioned_mlp,ELDFISK,,False,0.0,0.0,0.0,0.0,0.0,0.0,0.0,0.0,0.0,0.0,0.0,0.0,0.0,0.0,0.0
2047-12,2047-12-01,global_mlp,2026-03,27.721087,0.0,0.0,False,0.0,0.0,reported_conditioned_mlp,ELDFISK,,False,0.0,0.0,0.0,0.0,0.0,0.0,0.0,0.0,0.0,0.0,0.0,0.0,0.0,0.0,0.0
2048-01,2048-01-01,global_mlp,2026-03,27.721087,0.0,0.0,False,0.0,0.0,reported_conditioned_mlp,ELDFISK,,False,0.0,0.0,0.0,0.0,0.0,0.0,0.0,0.0,0.0,0.0,0.0,0.0,0.0,0.0,0.0
2048-02,2048-02-01,global_mlp,2026-03,27.721087,0.0,0.0,False,0.0,0.0,reported_conditioned_mlp,ELDFISK,,False,0.0,0.0,0.0,0.0,0.0,0.0,0.0,0.0,0.0,0.0,0.0,0.0,0.0,0.0,0.0
2048-03,2048-03-01,global_mlp,2026-03,27.721087,0.0,0.0,False,0.0,0.0,reported_conditioned_mlp,ELDFISK,,False,0.0,0.0,0.0,0.0,0.0,0.0,0.0,0.0,0.0,0.0,0.0,0.0,0.0,0.0,0.0
2048-04,2048-04-01,global_mlp,2026-03,27.721087,0.0,0.0,False,0.0,0.0,reported_conditioned_mlp,ELDFISK,,False,0.0,0.0,0.0,0.0,0.0,0.0,0.0,0.0,0.0,0.0,0.0,0.0,0.0,0.0,0.0
2048-05,2048-05-01,global_mlp,2026-03,27.721087,0.0,0.0,False,0.0,0.0,reported_conditioned_mlp,ELDFISK,,False,0.0,0.0,0.0,0.0,0.0,0.0,0.0,0.0,0.0,0.0,0.0,0.0,0.0,0.0,0.0
2048-06,2048-06-01,global_mlp,2026-03,27.721087,0.0,0.0,False,0.0,0.0,reported_conditioned_mlp,ELDFISK,,False,0.0,0.0,0.0,0.0,0.0,0.0,0.0,0.0,0.0,0.0,0.0,0.0,0.0,0.0,0.0
2048-07,2048-07-01,global_mlp,2026-03,27.721087,0.0,0.0,False,0.0,0.0,reported_conditioned_mlp,ELDFISK,,False,0.0,0.0,0.0,0.0,0.0,0.0,0.0,0.0,0.0,0.0,0.0,0.0,0.0,0.0,0.0
2048-08,2048-08-01,global_mlp,2026-03,27.721087,0.0,0.0,False,0.0,0.0,reported_conditioned_mlp,ELDFISK,,False,0.0,0.0,0.0,0.0,0.0,0.0,0.0,0.0,0.0,0.0,0.0,0.0,0.0,0.0,0.0
2048-09,2048-09-01,global_mlp,2026-03,27.721087,0.0,0.0,False,0.0,0.0,reported_conditioned_mlp,ELDFISK,,False,0.0,0.0,0.0,0.0,0.0,0.0,0.0,0.0,0.0,0.0,0.0,0.0,0.0,0.0,0.0
2048-10,2048-10-01,global_mlp,2026-03,27.721087,0.0,0.0,False,0.0,0.0,reported_conditioned_mlp,ELDFISK,,False,0.0,0.0,0.0,0.0,0.0,0.0,0.0,0.0,0.0,0.0,0.0,0.0,0.0,0.0,0.0
2048-11,2048-11-01,global_mlp,2026-03,27.721087,0.0,0.0,False,0.0,0.0,reported_conditioned_mlp,ELDFISK,,False,0.0,0.0,0.0,0.0,0.0,0.0,0.0,0.0,0.0,0.0,0.0,0.0,0.0,0.0,0.0
2048-12,2048-12-01,global_mlp,2026-03,27.721087,0.0,0.0,False,0.0,0.0,reported_conditioned_mlp,ELDFISK,,False,0.0,0.0,0.0,0.0,0.0,0.0,0.0,0.0,0.0,0.0,0.0,0.0,0.0,0.0,0.0
2049-01,2049-01-01,global_mlp,2026-03,27.721087,0.0,0.0,False,0.0,0.0,reported_conditioned_mlp,ELDFISK,,False,0.0,0.0,0.0,0.0,0.0,0.0,0.0,0.0,0.0,0.0,0.0,0.0,0.0,0.0,0.0
2049-02,2049-02-01,global_mlp,2026-03,27.721087,0.0,0.0,False,0.0,0.0,reported_conditioned_mlp,ELDFISK,,False,0.0,0.0,0.0,0.0,0.0,0.0,0.0,0.0,0.0,0.0,0.0,0.0,0.0,0.0,0.0
2049-03,2049-03-01,global_mlp,2026-03,27.721087,0.0,0.0,False,0.0,0.0,reported_conditioned_mlp,ELDFISK,,False,0.0,0.0,0.0,0.0,0.0,0.0,0.0,0.0,0.0,0.0,0.0,0.0,0.0,0.0,0.0
2049-04,2049-04-01,global_mlp,2026-03,27.721087,0.0,0.0,False,0.0,0.0,reported_conditioned_mlp,ELDFISK,,False,0.0,0.0,0.0,0.0,0.0,0.0,0.0,0.0,0.0,0.0,0.0,0.0,0.0,0.0,0.0
2049-05,2049-05-01,global_mlp,2026-03,27.721087,0.0,0.0,False,0.0,0.0,reported_conditioned_mlp,ELDFISK,,False,0.0,0.0,0.0,0.0,0.0,0.0,0.0,0.0,0.0,0.0,0.0,0.0,0.0,0.0,0.0
2049-06,2049-06-01,global_mlp,2026-03,27.721087,0.0,0.0,False,0.0,0.0,reported_conditioned_mlp,ELDFISK,,False,0.0,0.0,0.0,0.0,0.0,0.0,0.0,0.0,0.0,0.0,0.0,0.0,0.0,0.0,0.0
2049-07,2049-07-01,global_mlp,2026-03,27.721087,0.0,0.0,False,0.0,0.0,reported_conditioned_mlp,ELDFISK,,False,0.0,0.0,0.0,0.0,0.0,0.0,0.0,0.0,0.0,0.0,0.0,0.0,0.0,0.0,0.0
2049-08,2049-08-01,global_mlp,2026-03,27.721087,0.0,0.0,False,0.0,0.0,reported_conditioned_mlp,ELDFISK,,False,0.0,0.0,0.0,0.0,0.0,0.0,0.0,0.0,0.0,0.0,0.0,0.0,0.0,0.0,0.0
2049-09,2049-09-01,global_mlp,2026-03,27.721087,0.0,0.0,False,0.0,0.0,reported_conditioned_mlp,ELDFISK,,False,0.0,0.0,0.0,0.0,0.0,0.0,0.0,0.0,0.0,0.0,0.0,0.0,0.0,0.0,0.0
2049-10,2049-10-01,global_mlp,2026-03,27.721087,0.0,0.0,False,0.0,0.0,reported_conditioned_mlp,ELDFISK,,False,0.0,0.0,0.0,0.0,0.0,0.0,0.0,0.0,0.0,0.0,0.0,0.0,0.0,0.0,0.0
2049-11,2049-11-01,global_mlp,2026-03,27.721087,0.0,0.0,False,0.0,0.0,reported_conditioned_mlp,ELDFISK,,False,0.0,0.0,0.0,0.0,0.0,0.0,0.0,0.0,0.0,0.0,0.0,0.0,0.0,0.0,0.0
2049-12,2049-12-01,global_mlp,2026-03,27.721087,0.0,0.0,False,0.0,0.0,reported_conditioned_mlp,ELDFISK,,False,0.0,0.0,0.0,0.0,0.0,0.0,0.0,0.0,0.0,0.0,0.0,0.0,0.0,0.0,0.0
2050-01,2050-01-01,global_mlp,2026-03,27.721087,0.0,0.0,False,0.0,0.0,reported_conditioned_mlp,ELDFISK,,False,0.0,0.0,0.0,0.0,0.0,0.0,0.0,0.0,0.0,0.0,0.0,0.0,0.0,0.0,0.0
2050-02,2050-02-01,global_mlp,2026-03,27.721087,0.0,0.0,False,0.0,0.0,reported_conditioned_mlp,ELDFISK,,False,0.0,0.0,0.0,0.0,0.0,0.0,0.0,0.0,0.0,0.0,0.0,0.0,0.0,0.0,0.0
2050-03,2050-03-01,global_mlp,2026-03,27.721087,0.0,0.0,False,0.0,0.0,reported_conditioned_mlp,ELDFISK,,False,0.0,0.0,0.0,0.0,0.0,0.0,0.0,0.0,0.0,0.0,0.0,0.0,0.0,0.0,0.0
2050-04,2050-04-01,global_mlp,2026-03,27.721087,0.0,0.0,False,0.0,0.0,reported_conditioned_mlp,ELDFISK,,False,0.0,0.0,0.0,0.0,0.0,0.0,0.0,0.0,0.0,0.0,0.0,0.0,0.0,0.0,0.0
2050-05,2050-05-01,global_mlp,2026-03,27.721087,0.0,0.0,False,0.0,0.0,reported_conditioned_mlp,ELDFISK,,False,0.0,0.0,0.0,0.0,0.0,0.0,0.0,0.0,0.0,0.0,0.0,0.0,0.0,0.0,0.0
2050-06,2050-06-01,global_mlp,2026-03,27.721087,0.0,0.0,False,0.0,0.0,reported_conditioned_mlp,ELDFISK,,False,0.0,0.0,0.0,0.0,0.0,0.0,0.0,0.0,0.0,0.0,0.0,0.0,0.0,0.0,0.0
2050-07,2050-07-01,global_mlp,2026-03,27.721087,0.0,0.0,False,0.0,0.0,reported_conditioned_mlp,ELDFISK,,False,0.0,0.0,0.0,0.0,0.0,0.0,0.0,0.0,0.0,0.0,0.0,0.0,0.0,0.0,0.0
2050-08,2050-08-01,global_mlp,2026-03,27.721087,0.0,0.0,False,0.0,0.0,reported_conditioned_mlp,ELDFISK,,False,0.0,0.0,0.0,0.0,0.0,0.0,0.0,0.0,0.0,0.0,0.0,0.0,0.0,0.0,0.0
2050-09,2050-09-01,global_mlp,2026-03,27.721087,0.0,0.0,False,0.0,0.0,reported_conditioned_mlp,ELDFISK,,False,0.0,0.0,0.0,0.0,0.0,0.0,0.0,0.0,0.0,0.0,0.0,0.0,0.0,0.0,0.0
2050-10,2050-10-01,global_mlp,2026-03,27.721087,0.0,0.0,False,0.0,0.0,reported_conditioned_mlp,ELDFISK,,False,0.0,0.0,0.0,0.0,0.0,0.0,0.0,0.0,0.0,0.0,0.0,0.0,0.0,0.0,0.0
2050-11,2050-11-01,global_mlp,2026-03,27.721087,0.0,0.0,False,0.0,0.0,reported_conditioned_mlp,ELDFISK,,False,0.0,0.0,0.0,0.0,0.0,0.0,0.0,0.0,0.0,0.0,0.0,0.0,0.0,0.0,0.0
2050-12,2050-12-01,global_mlp,2026-03,27.721087,0.0,0.0,False,0.0,0.0,reported_conditioned_mlp,ELDFISK,,False,0.0,0.0,0.0,0.0,0.0,0.0,0.0,0.0,0.0,0.0,0.0,0.0,0.0,0.0,0.0
2051-01,2051-01-01,global_mlp,2026-03,27.721087,0.0,0.0,False,0.0,0.0,reported_conditioned_mlp,ELDFISK,,False,0.0,0.0,0.0,0.0,0.0,0.0,0.0,0.0,0.0,0.0,0.0,0.0,0.0,0.0,0.0
2051-02,2051-02-01,global_mlp,2026-03,27.721087,0.0,0.0,False,0.0,0.0,reported_conditioned_mlp,ELDFISK,,False,0.0,0.0,0.0,0.0,0.0,0.0,0.0,0.0,0.0,0.0,0.0,0.0,0.0,0.0,0.0
2051-03,2051-03-01,global_mlp,2026-03,27.721087,0.0,0.0,False,0.0,0.0,reported_conditioned_mlp,ELDFISK,,False,0.0,0.0,0.0,0.0,0.0,0.0,0.0,0.0,0.0,0.0,0.0,0.0,0.0,0.0,0.0
