month,date,variant,cutoff_month,remaining_reserves_start_msm3oe,production_forecast_msm3oe,remaining_reserves_end_msm3oe,production_was_clipped,fuel_gas_forecast_msm3,fuel_gas_forecast_sm3,fuel_forecast_method,fuel_source_field,fuel_zero_from_month,fuel_zero_override_applied,production_forecast_msm3oe_q10,production_forecast_msm3oe_q30,production_forecast_msm3oe_q50,production_forecast_msm3oe_q70,production_forecast_msm3oe_q90,fuel_gas_forecast_msm3_q10,fuel_gas_forecast_msm3_q30,fuel_gas_forecast_msm3_q50,fuel_gas_forecast_msm3_q70,fuel_gas_forecast_msm3_q90,remaining_reserves_end_msm3oe_q10,remaining_reserves_end_msm3oe_q30,remaining_reserves_end_msm3oe_q50,remaining_reserves_end_msm3oe_q70,remaining_reserves_end_msm3oe_q90
2026-04,2026-04-01,global_mlp,2026-03,9.974737000000001,0.1028316579759121,9.87190580368042,False,0.17364825308322906,173648.25308322906,reported_conditioned_mlp,GOLIAT,,False,0.07216649204492569,0.08992402255535126,0.1028316579759121,0.11680969819426536,0.13959115594625474,0.0,0.09710257276892661,0.17364825308322906,0.2573415994644165,0.538061052560807,9.835146045684814,9.857927608489991,9.87190580368042,9.884813499450683,9.902570343017578
2026-05,2026-05-01,global_mlp,2026-03,9.974737000000001,0.10700030997395515,9.767921924591064,False,0.06170538067817688,61705.38067817688,reported_conditioned_mlp,GOLIAT,,False,0.07322122603654861,0.09189552888274193,0.10700030997395515,0.12146466746926307,0.14826273024082184,0.0,0.0,0.06170538067817688,0.1404600590467453,0.3948575586080551,9.690197658538818,9.737661647796632,9.767921924591064,9.787298965454102,9.831770706176759
2026-06,2026-06-01,global_mlp,2026-03,9.974737000000001,0.0945190042257309,9.671813488006592,False,0.06391872093081474,63918.72093081474,reported_conditioned_mlp,GOLIAT,,False,0.06643421351909637,0.08192321583628653,0.0945190042257309,0.10772905498743053,0.12897655516862871,0.0,0.006136248912662258,0.06391872093081474,0.10910783037543292,0.2733112424612046,9.571573734283447,9.631888961791992,9.671813488006592,9.705372714996338,9.757451820373536
2026-07,2026-07-01,global_mlp,2026-03,9.974737000000001,0.1057937815785408,9.56626033782959,False,0.07366233691573143,73662.33691573143,reported_conditioned_mlp,GOLIAT,,False,0.07003214210271835,0.08877080008387565,0.1057937815785408,0.11918221116065979,0.14777926951646805,0.0,0.02510519046336412,0.07366233691573143,0.12972165942192077,0.32311941087245954,9.429981803894043,9.51442346572876,9.56626033782959,9.610999298095702,9.685316467285157
2026-08,2026-08-01,global_mlp,2026-03,9.974737000000001,0.11023173481225967,9.454267978668213,False,0.03367457166314125,33674.57166314125,reported_conditioned_mlp,GOLIAT,,False,0.06735089272260666,0.09404217079281807,0.11023173481225967,0.12690198868513106,0.15562367886304856,0.0,0.0,0.03367457166314125,0.08362675756216038,0.24503967314958588,9.292445659637451,9.387560272216797,9.454267978668213,9.51371488571167,9.609867382049561
2026-09,2026-09-01,global_mlp,2026-03,9.974737000000001,0.11484529450535774,9.341917037963867,False,0.05782216228544712,57822.16228544712,reported_conditioned_mlp,GOLIAT,,False,0.0714337207376957,0.0957049824297428,0.11484529450535774,0.136526720225811,0.16567451655864718,0.0,0.0,0.05782216228544712,0.12028567343950268,0.23099032491445542,9.139361667633057,9.250887203216553,9.341917037963867,9.415850734710693,9.526214027404786
2026-10,2026-10-01,global_mlp,2026-03,9.974737000000001,0.12525854259729385,9.218619346618652,False,0.031014068983495235,31014.068983495235,reported_conditioned_mlp,GOLIAT,,False,0.0787939690053463,0.10523920729756354,0.12525854259729385,0.14336290806531907,0.17670140117406846,0.0,0.0,0.031014068983495235,0.08877001926302909,0.19135081619024277,8.981774425506591,9.104944229125977,9.218619346618652,9.30681552886963,9.432520008087158
2026-11,2026-11-01,global_mlp,2026-03,9.974737000000001,0.12734411656856537,9.08581256866455,False,0.0,0.0,reported_conditioned_mlp,GOLIAT,,False,0.07539440840482711,0.10316578969359398,0.12734411656856537,0.15047372579574583,0.1894346296787262,0.0,0.0,0.0,0.050603599473833936,0.16834177970886235,8.806268978118897,8.960305213928223,9.08581256866455,9.189380645751953,9.331712436676025
2026-12,2026-12-01,global_mlp,2026-03,9.974737000000001,0.12349750474095345,8.96642541885376,False,0.0,0.0,reported_conditioned_mlp,GOLIAT,,False,0.07013214752078056,0.10206465572118759,0.12349750474095345,0.1441753581166267,0.1771758705377579,0.0,0.0,0.0,0.03392246551811688,0.13820607364177706,8.633509254455566,8.815953636169434,8.96642541885376,9.091033554077148,9.247978115081787
2027-01,2027-01-01,global_mlp,2026-03,9.974737000000001,0.12304419279098511,8.857006072998047,False,0.0,0.0,reported_conditioned_mlp,GOLIAT,,False,0.0691495567560196,0.10211617350578307,0.12304419279098511,0.1380982935428619,0.16473395824432374,0.0,0.0,0.0,0.027853910252451885,0.10508670359849932,8.481292152404786,8.685580158233643,8.857006072998047,8.982282161712646,9.167605781555176
2027-02,2027-02-01,global_mlp,2026-03,9.974737000000001,0.1092698685824871,8.748419761657715,False,0.0,0.0,reported_conditioned_mlp,GOLIAT,,False,0.06141546927392483,0.09069412127137184,0.1092698685824871,0.12293444871902466,0.1526135250926018,0.0,0.0,0.0,0.060183118656277595,0.21021385192871095,8.33132200241089,8.56810712814331,8.748419761657715,8.89022102355957,9.113633823394775
2027-03,2027-03-01,global_mlp,2026-03,9.974737000000001,0.10118306428194046,8.647523880004883,False,0.036624725908041,36624.725908041,reported_conditioned_mlp,GOLIAT,,False,0.049682736769318586,0.08351328149437905,0.10118306428194046,0.11544195190072058,0.1385332211852074,0.0,0.0,0.036624725908041,0.10138546675443647,0.2529513925313951,8.194389057159423,8.461686325073241,8.647523880004883,8.797663116455078,9.05249080657959
2027-04,2027-04-01,global_mlp,2026-03,9.974737000000001,0.10234083235263824,8.534553527832031,False,0.16619674116373062,166196.74116373062,reported_conditioned_mlp,GOLIAT,,False,0.03084538709372283,0.07853881940245629,0.10234083235263824,0.12579124271869657,0.16189724653959275,0.0,0.10360285863280295,0.16619674116373062,0.2536173433065413,0.4729578495025636,8.052932167053223,8.349147987365722,8.534553527832031,8.701097679138183,8.981742763519287
2027-05,2027-05-01,global_mlp,2026-03,9.974737000000001,0.10325857624411583,8.42027473449707,False,0.052201857790350914,52201.857790350914,reported_conditioned_mlp,GOLIAT,,False,0.03290629982948303,0.07860730811953544,0.10325857624411583,0.1263486012816429,0.15865158885717393,0.0,0.0,0.052201857790350914,0.11881309971213337,0.2863137900829317,7.913304281234741,8.242269134521484,8.42027473449707,8.619933700561523,8.927608013153076
2027-06,2027-06-01,global_mlp,2026-03,9.974737000000001,0.09285351634025574,8.308607578277588,False,0.053235867992043495,53235.867992043495,reported_conditioned_mlp,GOLIAT,,False,0.02830173317342997,0.06853898540139199,0.09285351634025574,0.11564500406384466,0.15364352613687518,0.0,0.0,0.053235867992043495,0.11037476211786265,0.25324845314025884,7.782261800765991,8.143680381774903,8.308607578277588,8.548774051666259,8.906053733825683
2027-07,2027-07-01,global_mlp,2026-03,9.974737000000001,0.1053912565112114,8.196759223937988,False,0.07245634868741035,72456.34868741035,reported_conditioned_mlp,GOLIAT,,False,0.02563747521489859,0.07347981706261635,0.1053912565112114,0.13354648202657698,0.17097392976284032,0.0,0.012863271497189997,0.07245634868741035,0.13204922527074803,0.2703292638063431,7.597753238677979,8.004777145385741,8.196759223937988,8.46374635696411,8.88055648803711
2027-08,2027-08-01,global_mlp,2026-03,9.974737000000001,0.10240499302744865,8.075421333312988,False,0.03560284897685051,35602.84897685051,reported_conditioned_mlp,GOLIAT,,False,0.027570768259465694,0.07475564926862716,0.10240499302744865,0.12681612521409988,0.1710812360048294,0.0,0.0,0.03560284897685051,0.10482792705297461,0.2639365553855899,7.438121557235718,7.872886610031128,8.075421333312988,8.369240760803223,8.843199825286865
2027-09,2027-09-01,global_mlp,2026-03,9.974737000000001,0.10341722890734673,7.964663505554199,False,0.055603526532649994,55603.526532649994,reported_conditioned_mlp,GOLIAT,,False,0.032798830419778824,0.0786644198000431,0.10341722890734673,0.13434937000274658,0.18247567117214203,0.0,0.008495697099715468,0.055603526532649994,0.11412341743707652,0.26349453330040007,7.27330060005188,7.728394985198975,7.964663505554199,8.280607223510742,8.799618244171143
2027-10,2027-10-01,global_mlp,2026-03,9.974737000000001,0.10876500234007835,7.848245620727539,False,0.026084257289767265,26084.257289767265,reported_conditioned_mlp,GOLIAT,,False,0.033183390647172926,0.07967255786061286,0.10876500234007835,0.13853848576545713,0.18614460676908498,0.0,0.0,0.026084257289767265,0.0780762873589992,0.20608043372631119,7.119959497451783,7.568000364303589,7.848245620727539,8.193130111694336,8.774238681793213
2027-11,2027-11-01,global_mlp,2026-03,9.974737000000001,0.10953294858336449,7.736986398696899,False,0.0010529075225349516,1052.9075225349516,reported_conditioned_mlp,GOLIAT,,False,0.04057984203100205,0.08310519531369209,0.10953294858336449,0.13977651596069335,0.1919961601495743,0.0,0.0,0.0010529075225349516,0.0485515423119068,0.1616053134202958,6.9659620285034185,7.422174167633057,7.736986398696899,8.09276132583618,8.740213203430176
2027-12,2027-12-01,global_mlp,2026-03,9.974737000000001,0.10385768115520477,7.639075994491577,False,0.0,0.0,reported_conditioned_mlp,GOLIAT,,False,0.03998587466776371,0.07822984978556632,0.10385768115520477,0.13032390773296354,0.1682895049452782,0.0,0.0,0.0,0.04007157571613787,0.17461409866809852,6.749200010299683,7.302781629562378,7.639075994491577,8.005383682250976,8.720283794403077
2028-01,2028-01-01,global_mlp,2026-03,9.974737000000001,0.10416796803474426,7.516374588012695,False,0.0,0.0,reported_conditioned_mlp,GOLIAT,,False,0.036771431565284736,0.07906360998749733,0.10416796803474426,0.12961597144603726,0.1702848941087723,0.0,0.0,0.0,0.03680981770157814,0.14264944493770604,6.6083766460418705,7.172237825393677,7.516374588012695,7.93219723701477,8.695536422729493
2028-02,2028-02-01,global_mlp,2026-03,9.974737000000001,0.09578881040215492,7.401716709136963,False,0.010981280356645584,10981.280356645584,reported_conditioned_mlp,GOLIAT,,False,0.04010730646550655,0.07072935998439789,0.09578881040215492,0.12168478667736053,0.16564584076404573,0.0,0.0,0.010981280356645584,0.07462153211235996,0.21521923840045928,6.485467863082886,7.050517463684082,7.401716709136963,7.837311220169068,8.657434368133545
2028-03,2028-03-01,global_mlp,2026-03,9.974737000000001,0.0877898707985878,7.313507080078125,False,0.04510161280632019,45101.61280632019,reported_conditioned_mlp,GOLIAT,,False,0.026910174265503888,0.06157506816089153,0.0877898707985878,0.11180664002895353,0.15152587443590165,0.0,0.0,0.04510161280632019,0.12494278252124781,0.29193395972251895,6.354936790466309,6.939372920989991,7.313507080078125,7.7610311031341555,8.611704921722412
2028-04,2028-04-01,global_mlp,2026-03,9.974737000000001,0.0887821689248085,7.209791421890259,False,0.16485834121704102,164858.34121704102,reported_conditioned_mlp,GOLIAT,,False,0.01726847309619189,0.051636824384331675,0.0887821689248085,0.1135191462934017,0.1518565058708191,0.0,0.08869461715221402,0.16485834121704102,0.2392476826906204,0.402139523625374,6.235011386871338,6.831452894210815,7.209791421890259,7.687689638137817,8.572276306152345
2028-05,2028-05-01,global_mlp,2026-03,9.974737000000001,0.08494900166988373,7.113996267318726,False,0.04795933701097965,47959.33701097965,reported_conditioned_mlp,GOLIAT,,False,0.02563591506332159,0.05491396225988865,0.08494900166988373,0.11501133665442465,0.15217347145080568,0.0,0.0,0.04795933701097965,0.12127558663487431,0.30112401843070996,6.119026803970337,6.7136537551879885,7.113996267318726,7.6171143531799315,8.557722473144532
2028-06,2028-06-01,global_mlp,2026-03,9.974737000000001,0.07904808595776558,7.032632827758789,False,0.05120685137808323,51206.85137808323,reported_conditioned_mlp,GOLIAT,,False,0.019073584862053395,0.049692002311348904,0.07904808595776558,0.10387840494513512,0.14243940412998202,0.0,0.0,0.05120685137808323,0.11359138190746305,0.2342118471860886,6.034010362625122,6.60259976387024,7.032632827758789,7.557163619995117,8.528503131866456
2028-07,2028-07-01,global_mlp,2026-03,9.974737000000001,0.08195929229259491,6.952383279800415,False,0.06349993497133255,63499.93497133255,reported_conditioned_mlp,GOLIAT,,False,0.017866989225149156,0.04954964928328991,0.08195929229259491,0.11264991611242293,0.1560566946864128,0.0,0.0,0.06349993497133255,0.12963657677173612,0.24500114917755153,5.889802551269531,6.4729550838470455,6.952383279800415,7.476077318191528,8.493370246887208
2028-08,2028-08-01,global_mlp,2026-03,9.974737000000001,0.08321786299347878,6.861729860305786,False,0.031244715675711632,31244.71567571163,reported_conditioned_mlp,GOLIAT,,False,0.02105626594275236,0.051656502112746236,0.08321786299347878,0.10862548127770423,0.15568829327821734,0.0,0.0,0.031244715675711632,0.09519307687878607,0.21342339217662823,5.777456426620484,6.378486156463623,6.861729860305786,7.39385952949524,8.45702648162842
2028-09,2028-09-01,global_mlp,2026-03,9.974737000000001,0.08219924569129944,6.773236274719238,False,0.045958686619997025,45958.686619997025,reported_conditioned_mlp,GOLIAT,,False,0.02202003374695778,0.055421885848045346,0.08219924569129944,0.11022182554006577,0.16036395579576493,0.0,0.0,0.045958686619997025,0.11721128821372982,0.2689432531595231,5.653180122375488,6.291210126876831,6.773236274719238,7.3553557872772215,8.429059219360353
2028-10,2028-10-01,global_mlp,2026-03,9.974737000000001,0.08840969577431679,6.660151243209839,False,0.0323676448315382,32367.6448315382,reported_conditioned_mlp,GOLIAT,,False,0.02066843453794718,0.05735976919531822,0.08840969577431679,0.12034282684326171,0.16968585997819902,0.0,0.0,0.0323676448315382,0.09500377848744387,0.20790049433708224,5.477598524093628,6.174425649642944,6.660151243209839,7.294821166992188,8.392058086395265
2028-11,2028-11-01,global_mlp,2026-03,9.974737000000001,0.09065831452608109,6.569034576416016,False,0.0033368704607710242,3336.870460771024,reported_conditioned_mlp,GOLIAT,,False,0.02418498080223799,0.05750029906630515,0.09065831452608109,0.11918138861656188,0.16214675754308705,0.0,0.0,0.0033368704607710242,0.05573861896991725,0.16535591781139378,5.361680221557617,6.061255693435669,6.569034576416016,7.214114141464233,8.339494609832764
2028-12,2028-12-01,global_mlp,2026-03,9.974737000000001,0.08539051562547684,6.472113370895386,False,0.0,0.0,reported_conditioned_mlp,GOLIAT,,False,0.025894655846059326,0.05591288879513741,0.08539051562547684,0.11725429147481917,0.15130306631326676,0.0,0.0,0.0,0.029080526530742647,0.1780051201581955,5.2451948642730715,5.9494757652282715,6.472113370895386,7.132976627349853,8.306379222869873
2029-01,2029-01-01,global_mlp,2026-03,9.974737000000001,0.08920218050479889,6.388016223907471,False,0.0,0.0,reported_conditioned_mlp,GOLIAT,,False,0.02684417869895697,0.061391726136207574,0.08920218050479889,0.11523936688899993,0.15467188507318497,0.0,0.0,0.0,0.030508179590105995,0.12294290214776996,5.133067607879639,5.841215896606445,6.388016223907471,7.0720123767852785,8.238263988494873
2029-02,2029-02-01,global_mlp,2026-03,9.974737000000001,0.08061201125383377,6.288224458694458,False,0.012354106642305851,12354.106642305851,reported_conditioned_mlp,GOLIAT,,False,0.027279128693044188,0.053781590610742565,0.08061201125383377,0.10532181262969967,0.14214259684085848,0.0,0.0,0.012354106642305851,0.06824060007929794,0.20453729182481772,4.994276094436645,5.698809719085693,6.288224458694458,7.00884747505188,8.152855682373048
2029-03,2029-03-01,global_mlp,2026-03,9.974737000000001,0.0698290765285492,6.215270280838013,False,0.03790873847901821,37908.73847901821,reported_conditioned_mlp,GOLIAT,,False,0.01436535390093924,0.04424893669784069,0.0698290765285492,0.09784420877695084,0.1330887600779534,0.0,0.0,0.03790873847901821,0.12014006897807121,0.2985766053199768,4.8932586193084715,5.615060949325561,6.215270280838013,6.961779308319092,8.105401992797852
2029-04,2029-04-01,global_mlp,2026-03,9.974737000000001,0.06099475547671318,6.190011739730835,False,0.14215344190597534,142153.44190597534,reported_conditioned_mlp,GOLIAT,,False,0.010895995609462262,0.033148495480418205,0.06099475547671318,0.09175021350383758,0.13362194001674654,0.0,0.07612844482064246,0.14215344190597534,0.23142548501491544,0.3994740784168244,4.798068141937256,5.534160709381103,6.190011739730835,6.930471754074096,8.050714206695556
2029-05,2029-05-01,global_mlp,2026-03,9.974737000000001,0.06483843550086021,6.1361682415008545,False,0.044301439076662064,44301.43907666206,reported_conditioned_mlp,GOLIAT,,False,0.017667506448924543,0.03910722471773624,0.06483843550086021,0.09020406752824783,0.13089797049760818,0.0,0.0,0.044301439076662064,0.10193784013390529,0.201552936434746,4.687000513076782,5.460819911956787,6.1361682415008545,6.892410945892332,7.989258146286011
2029-06,2029-06-01,global_mlp,2026-03,9.974737000000001,0.05538564920425415,6.068775415420532,False,0.03843031823635101,38430.31823635101,reported_conditioned_mlp,GOLIAT,,False,0.011642393376678236,0.033096484094858165,0.05538564920425415,0.08254450783133506,0.11570164486765862,0.0,0.0,0.03843031823635101,0.09062864705920218,0.22494335472583799,4.590453577041626,5.406975269317627,6.068775415420532,6.8546138286590566,7.94627571105957
2029-07,2029-07-01,global_mlp,2026-03,9.974737000000001,0.057312797755002975,6.021364688873291,False,0.04671425186097622,46714.25186097622,reported_conditioned_mlp,GOLIAT,,False,0.010342767462134363,0.029966018721461294,0.057312797755002975,0.0851059481501579,0.12550431489944458,0.0,0.0,0.04671425186097622,0.11177692413330077,0.19640856236219406,4.442834901809692,5.29662070274353,6.021364688873291,6.803682470321655,7.90633282661438
2029-08,2029-08-01,global_mlp,2026-03,9.974737000000001,0.06248333118855953,5.9715635776519775,False,0.03090660460293293,30906.60460293293,reported_conditioned_mlp,GOLIAT,,False,0.011635297164320949,0.035931162908673285,0.06248333118855953,0.08741658478975295,0.1261062890291214,0.0,0.0,0.03090660460293293,0.07635686248540872,0.17628920674324056,4.3362490177154545,5.206679105758667,5.9715635776519775,6.765820932388305,7.889564275741577
2029-09,2029-09-01,global_mlp,2026-03,9.974737000000001,0.06070991978049278,5.900527238845825,False,0.032002246007323265,32002.246007323265,reported_conditioned_mlp,GOLIAT,,False,0.014788412675261499,0.03911700733006,0.06070991978049278,0.08676807805895802,0.1325375959277153,0.0,0.0,0.032002246007323265,0.08549017831683157,0.20247087329626098,4.233818674087525,5.11927409172058,5.900527238845825,6.71290564537048,7.854796981811524
2029-10,2029-10-01,global_mlp,2026-03,9.974737000000001,0.06467903777956963,5.824689149856567,False,0.01750966999679804,17509.66999679804,reported_conditioned_mlp,GOLIAT,,False,0.01725488901138306,0.039974886178970326,0.06467903777956963,0.09296336844563483,0.13831899911165238,0.0,0.0,0.01750966999679804,0.07553762942552564,0.2200330689549448,4.1566237449646,4.959703350067139,5.824689149856567,6.6653287410736075,7.82042179107666
2029-11,2029-11-01,global_mlp,2026-03,9.974737000000001,0.06520917639136314,5.770303964614868,False,0.0,0.0,reported_conditioned_mlp,GOLIAT,,False,0.018835768662393094,0.043700159713625904,0.06520917639136314,0.0892569437623024,0.1361712917685509,0.0,0.0,0.0,0.04977726265788077,0.1899815946817399,4.018143129348755,4.875672483444214,5.770303964614868,6.633899211883545,7.790288019180298
2029-12,2029-12-01,global_mlp,2026-03,9.974737000000001,0.06547390297055244,5.708339214324951,False,0.0,0.0,reported_conditioned_mlp,GOLIAT,,False,0.021674297749996185,0.043865609169006343,0.06547390297055244,0.0913900963962078,0.13080257326364517,0.0,0.0,0.0,0.03718610778450961,0.13900701403617866,3.912369203567505,4.82989535331726,5.708339214324951,6.600367498397827,7.74828462600708
2030-01,2030-01-01,global_mlp,2026-03,9.974737000000001,0.06556439027190208,5.634855270385742,False,0.0,0.0,reported_conditioned_mlp,GOLIAT,,False,0.021901574172079566,0.045164387300610544,0.06556439027190208,0.08920689299702643,0.13407442867755895,0.0,0.0,0.0,0.01717316061258314,0.11750211417675024,3.8213197946548463,4.769224977493286,5.634855270385742,6.561439037322998,7.683101987838746
2030-02,2030-02-01,global_mlp,2026-03,9.974737000000001,0.060841336846351624,5.586163282394409,False,0.00440452597104013,4404.52597104013,reported_conditioned_mlp,GOLIAT,,False,0.021806203760206706,0.0416065976023674,0.060841336846351624,0.08366607800126075,0.12169882133603097,0.0,0.0,0.00440452597104013,0.05542622171342371,0.17355788797140137,3.696624732017517,4.707131099700928,5.586163282394409,6.515592193603515,7.635707950592041
2030-03,2030-03-01,global_mlp,2026-03,9.974737000000001,0.05444031022489071,5.515727996826172,False,0.015652649104595184,15652.649104595184,reported_conditioned_mlp,GOLIAT,,False,0.012282345909625292,0.03236568756401539,0.05444031022489071,0.07392777726054188,0.11150085851550103,0.0,0.0,0.015652649104595184,0.09421917051076885,0.27005378007888825,3.615333127975464,4.637269830703735,5.515727996826172,6.487152242660522,7.607766199111938
2030-04,2030-04-01,global_mlp,2026-03,9.974737000000001,0.04218786209821701,5.469170331954956,False,0.14327362924814224,143273.62924814224,reported_conditioned_mlp,GOLIAT,,False,0.009404247161000967,0.023528730496764183,0.04218786209821701,0.06846176609396933,0.11459798589348796,0.0,0.07239671722054482,0.14327362924814224,0.21376305073499663,0.38952271342277534,3.540122890472412,4.563649272918701,5.469170331954956,6.44856162071228,7.5616577625274655
2030-05,2030-05-01,global_mlp,2026-03,9.974737000000001,0.046604523435235023,5.390448570251465,False,0.03612232394516468,36122.32394516468,reported_conditioned_mlp,GOLIAT,,False,0.013813651818782092,0.027397052384912968,0.046604523435235023,0.06825141757726667,0.11130069345235825,0.0,0.0,0.03612232394516468,0.08960760980844495,0.204761065542698,3.4198715686798096,4.512203931808472,5.390448570251465,6.405672693252563,7.532980918884277
2030-06,2030-06-01,global_mlp,2026-03,9.974737000000001,0.038002509623765945,5.338407754898071,False,0.03929654508829117,39296.54508829117,reported_conditioned_mlp,GOLIAT,,False,0.011015097796916966,0.023416803404688834,0.038002509623765945,0.05949290581047533,0.10357718616724014,0.0,0.0,0.03929654508829117,0.08493679463863371,0.1918259501457216,3.3422780990600587,4.464032888412476,5.338407754898071,6.361303281784058,7.505869293212891
2030-07,2030-07-01,global_mlp,2026-03,9.974737000000001,0.036742083728313446,5.320457696914673,False,0.0486095380038023,48609.5380038023,reported_conditioned_mlp,GOLIAT,,False,0.009324110578745612,0.021191760711371896,0.036742083728313446,0.059628525748848894,0.10532292127609255,0.0,0.0,0.0486095380038023,0.10864953845739353,0.2547133117914201,3.2201561450958254,4.401103830337524,5.320457696914673,6.294710206985473,7.484900569915772
2030-08,2030-08-01,global_mlp,2026-03,9.974737000000001,0.044465627521276474,5.243551731109619,False,0.020594281144440174,20594.281144440174,reported_conditioned_mlp,GOLIAT,,False,0.010455459635704756,0.026853723451495164,0.044465627521276474,0.06806790828704833,0.10641070902347566,0.0,0.0,0.020594281144440174,0.06836321055889126,0.19590176045894622,3.1473339319229128,4.342097473144531,5.243551731109619,6.254544973373412,7.43816180229187
2030-09,2030-09-01,global_mlp,2026-03,9.974737000000001,0.0449923612177372,5.200112819671631,False,0.03052300401031971,30523.00401031971,reported_conditioned_mlp,GOLIAT,,False,0.010583012644201518,0.028068396262824535,0.0449923612177372,0.06970333978533744,0.1131077252328396,0.0,0.0,0.03052300401031971,0.08266518339514732,0.20942754447460177,3.077688717842102,4.282980823516846,5.200112819671631,6.1892556667327865,7.394842672348022
2030-10,2030-10-01,global_mlp,2026-03,9.974737000000001,0.04614201374351978,5.166538238525391,False,0.02262353152036667,22623.53152036667,reported_conditioned_mlp,GOLIAT,,False,0.01300862329080701,0.029553887620568275,0.04614201374351978,0.0688480734825134,0.11039943173527718,0.0,0.0,0.02262353152036667,0.08554558455944056,0.19429290294647236,3.0031543016433715,4.252397108078003,5.166538238525391,6.137561511993408,7.376879024505615
2030-11,2030-11-01,global_mlp,2026-03,9.974737000000001,0.05041727051138878,5.113994836807251,False,0.0,0.0,reported_conditioned_mlp,GOLIAT,,False,0.014091926161199808,0.034863439947366716,0.05041727051138878,0.07383033409714698,0.12222284078598024,0.0,0.0,0.0,0.04826294034719464,0.13819172084331544,2.9296764850616457,4.193960428237915,5.113994836807251,6.084049558639525,7.317345714569093
2030-12,2030-12-01,global_mlp,2026-03,9.974737000000001,0.053538164123892784,5.056637525558472,False,0.0,0.0,reported_conditioned_mlp,GOLIAT,,False,0.015487130545079709,0.035830366611480716,0.053538164123892784,0.07168662026524542,0.11714290007948885,0.0,0.0,0.0,0.025304763577878458,0.14450016021728532,2.840872120857239,4.128451108932495,5.056637525558472,6.027505445480345,7.269636964797974
2031-01,2031-01-01,global_mlp,2026-03,9.974737000000001,0.05301183648407459,4.9903178215026855,False,0.0,0.0,reported_conditioned_mlp,GOLIAT,,False,0.014786777924746279,0.03530548736453056,0.05301183648407459,0.07595744580030442,0.11073542535305025,0.0,0.0,0.0,0.02875363342463966,0.12128336355090145,2.69486927986145,4.058457708358764,4.9903178215026855,5.941849851608275,7.208848285675049
2031-02,2031-02-01,global_mlp,2026-03,9.974737000000001,0.04998660646378994,4.934384822845459,False,0.008401556871831417,8401.556871831417,reported_conditioned_mlp,GOLIAT,,False,0.01646326705813408,0.036676024273037906,0.04998660646378994,0.06991228982806202,0.11101274117827417,0.0,0.0,0.008401556871831417,0.06891513913869853,0.21366553157567988,2.644758772850037,3.9975792169570923,4.934384822845459,5.8914643764495835,7.152140283584595
2031-03,2031-03-01,global_mlp,2026-03,9.974737000000001,0.04210076294839382,4.890383243560791,False,0.040607230737805367,40607.23073780537,reported_conditioned_mlp,GOLIAT,,False,0.008507275534793744,0.02514477893710136,0.04210076294839382,0.05955335348844526,0.09769820198416711,0.0,0.0,0.040607230737805367,0.10756629928946487,0.26177466809749605,2.5538547515869143,3.948632907867432,4.890383243560791,5.8438883304595945,7.078075695037842
2031-04,2031-04-01,global_mlp,2026-03,9.974737000000001,0.03237254172563553,4.847907066345215,False,0.1369578167796135,136957.8167796135,reported_conditioned_mlp,GOLIAT,,False,0.007393990410491824,0.019104066863656042,0.03237254172563553,0.05888356938958165,0.09799915999174119,0.0,0.06630648076534269,0.1369578167796135,0.21401682645082468,0.41223333179950716,2.5043285131454467,3.8985461711883542,4.847907066345215,5.776677942276001,7.013858079910278
2031-05,2031-05-01,global_mlp,2026-03,9.974737000000001,0.033391669392585754,4.820189714431763,False,0.026058479212224483,26058.479212224483,reported_conditioned_mlp,GOLIAT,,False,0.010304269846528772,0.022575974091887472,0.033391669392585754,0.05786291062831873,0.09483481124043469,0.0,0.0,0.026058479212224483,0.08186777979135511,0.22814531028270732,2.4752514600753783,3.840339422225952,4.820189714431763,5.7324323654174805,6.962899494171142
2031-06,2031-06-01,global_mlp,2026-03,9.974737000000001,0.030342538841068745,4.799576044082642,False,0.03410832770168781,34108.32770168781,reported_conditioned_mlp,GOLIAT,,False,0.006684136530384424,0.018322074785828583,0.030342538841068745,0.04742876701056957,0.08151267990469933,0.0,0.0,0.03410832770168781,0.08618002161383626,0.18656191676855088,2.441523027420044,3.8005635023117064,4.799576044082642,5.713810586929321,6.936707448959352
2031-07,2031-07-01,global_mlp,2026-03,9.974737000000001,0.028494687750935555,4.768709659576416,False,0.042162710800766945,42162.710800766945,reported_conditioned_mlp,GOLIAT,,False,0.006288712192326788,0.01788846384733915,0.028494687750935555,0.048836174607276905,0.08993991166353227,0.0,0.0,0.042162710800766945,0.10912532731890669,0.21892999410629296,2.3799832344055174,3.7396715402603147,4.768709659576416,5.684924983978271,6.860663747787476
2031-08,2031-08-01,global_mlp,2026-03,9.974737000000001,0.03270861320197582,4.72301173210144,False,0.01617091614753008,16170.916147530079,reported_conditioned_mlp,GOLIAT,,False,0.008958083484321836,0.020601700991392136,0.03270861320197582,0.052424785494804366,0.09410724565386773,0.0,0.0,0.01617091614753008,0.06415377110242841,0.18356363624334338,2.301825070381165,3.6791264295578,4.72301173210144,5.665162467956542,6.819141149520874
2031-09,2031-09-01,global_mlp,2026-03,9.974737000000001,0.0375127587467432,4.676335334777832,False,0.028314901515841484,28314.901515841484,reported_conditioned_mlp,GOLIAT,,False,0.010021996311843397,0.023711194284260273,0.0375127587467432,0.05422926731407642,0.1007728807628155,0.0,0.0,0.028314901515841484,0.07878496944904324,0.19496368467807804,2.1890281200408936,3.643409514427185,4.676335334777832,5.632763576507568,6.763576269149781
2031-10,2031-10-01,global_mlp,2026-03,9.974737000000001,0.03695121221244335,4.634707450866699,False,0.009615409187972546,9615.409187972546,reported_conditioned_mlp,GOLIAT,,False,0.00611985237337649,0.023587080650031567,0.03695121221244335,0.05715804547071456,0.10160415843129159,0.0,0.0,0.009615409187972546,0.07933252230286596,0.19802448600530637,2.1370196104049684,3.59120774269104,4.634707450866699,5.587965774536133,6.718485975265503
2031-11,2031-11-01,global_mlp,2026-03,9.974737000000001,0.04058572091162205,4.604013442993164,False,0.0,0.0,reported_conditioned_mlp,GOLIAT,,False,0.009042386710643774,0.025568272732198236,0.04058572091162205,0.06140969097614285,0.10052393004298212,0.0,0.0,0.0,0.04375970810651772,0.15616622865200044,2.0683522462844848,3.5523998975753783,4.604013442993164,5.551124477386475,6.659976005554199
2031-12,2031-12-01,global_mlp,2026-03,9.974737000000001,0.04268486425280571,4.564959287643433,False,0.0,0.0,reported_conditioned_mlp,GOLIAT,,False,0.011355723813176156,0.02623147517442703,0.04268486425280571,0.0645334981381893,0.0982785612344742,0.0,0.0,0.0,0.02876875903457399,0.146860782802105,2.014000391960144,3.513590431213379,4.564959287643433,5.507587337493896,6.607477140426636
2032-01,2032-01-01,global_mlp,2026-03,9.974737000000001,0.04284575395286083,4.523888826370239,False,0.0,0.0,reported_conditioned_mlp,GOLIAT,,False,0.011328871082514526,0.028117653913795948,0.04284575395286083,0.06744256690144539,0.10356916487216951,0.0,0.0,0.0,0.028106320276856372,0.12523355036973957,1.9400035381317142,3.4937317609786986,4.523888826370239,5.447945928573608,6.5500732421875005
2032-02,2032-02-01,global_mlp,2026-03,9.974737000000001,0.042246969416737556,4.471255540847778,False,0.0019666646257974207,1966.6646257974207,reported_conditioned_mlp,GOLIAT,,False,0.012643619440495971,0.029799507185816764,0.042246969416737556,0.060500111803412415,0.0940621703863144,0.0,0.0,0.0019666646257974207,0.07738470435142514,0.21334601193666466,1.8776857376098637,3.4694286584854126,4.471255540847778,5.399506855010986,6.502465915679932
2032-03,2032-03-01,global_mlp,2026-03,9.974737000000001,0.03215035796165466,4.42636775970459,False,0.025523118674755096,25523.118674755096,reported_conditioned_mlp,GOLIAT,,False,0.002846455969847747,0.02027954217046499,0.03215035796165466,0.04767457805573939,0.08336821496486664,0.0,0.0,0.025523118674755096,0.1074028432369231,0.278955614566803,1.832169830799103,3.447704887390137,4.42636775970459,5.338451099395752,6.462750101089478
2032-04,2032-04-01,global_mlp,2026-03,9.974737000000001,0.026913395151495934,4.3683600425720215,False,0.13281093537807465,132810.93537807465,reported_conditioned_mlp,GOLIAT,,False,0.004747577896341683,0.015429158322513101,0.026913395151495934,0.041391429305076596,0.08030413240194322,0.0,0.027649763040244555,0.13281093537807465,0.20319089442491528,0.36347508132457734,1.8201291084289553,3.4172437906265256,4.3683600425720215,5.270624017715454,6.443570852279663
2032-05,2032-05-01,global_mlp,2026-03,9.974737000000001,0.030541139654815197,4.324098825454712,False,0.012041676323860884,12041.676323860884,reported_conditioned_mlp,GOLIAT,,False,0.005685498751699925,0.020156319439411163,0.030541139654815197,0.04470372684299944,0.0820566810667515,0.0,0.0,0.012041676323860884,0.0784329734742641,0.1736443638801575,1.786688554286957,3.3884238719940187,4.324098825454712,5.226537561416625,6.401553535461426
2032-06,2032-06-01,global_mlp,2026-03,9.974737000000001,0.0264222901314497,4.318002939224243,False,0.012808768544346094,12808.768544346094,reported_conditioned_mlp,GOLIAT,,False,0.004716192325577141,0.015555197279900311,0.0264222901314497,0.037627420946955675,0.06935429275035859,0.0,0.0,0.012808768544346094,0.08114645630121221,0.18850008994340908,1.76092289686203,3.352153396606445,4.318002939224243,5.202098178863525,6.375360441207886
2032-07,2032-07-01,global_mlp,2026-03,9.974737000000001,0.02599149849265814,4.299804210662842,False,0.04079623334109783,40796.23334109783,reported_conditioned_mlp,GOLIAT,,False,0.003086569230072201,0.015023972373455763,0.02599149849265814,0.038187189772725096,0.07627169713377953,0.0,0.0,0.04079623334109783,0.1042920008301735,0.23714831769466407,1.7359329223632813,3.3283459424972532,4.299804210662842,5.165553808212279,6.356055068969726
2032-08,2032-08-01,global_mlp,2026-03,9.974737000000001,0.029086431488394737,4.2458336353302,False,0.0,0.0,reported_conditioned_mlp,GOLIAT,,False,0.004674360761418942,0.017752289026975628,0.029086431488394737,0.042832004651427245,0.07936997190117838,0.0,0.0,0.0,0.06841097250580781,0.18367362618446367,1.6887653470039368,3.304801702499389,4.2458336353302,5.141960668563843,6.312845087051392
2032-09,2032-09-01,global_mlp,2026-03,9.974737000000001,0.03122357465326786,4.180958032608032,False,0.012398327235132456,12398.327235132456,reported_conditioned_mlp,GOLIAT,,False,0.003682194743305448,0.019132948294281957,0.03122357465326786,0.046531407162547084,0.0856138058006764,0.0,0.0,0.012398327235132456,0.0708619147539138,0.1839269876480103,1.6544216990470892,3.2460501432418822,4.180958032608032,5.117467212677001,6.27219672203064
2032-10,2032-10-01,global_mlp,2026-03,9.974737000000001,0.031091579236090183,4.113730192184448,False,0.002310276322532445,2310.276322532445,reported_conditioned_mlp,GOLIAT,,False,0.0051733083091676235,0.020168486796319482,0.031091579236090183,0.046526657044887544,0.08691806197166445,0.0,0.0,0.002310276322532445,0.04961069114506244,0.18351474702358248,1.6272049188613897,3.2285528898239133,4.113730192184448,5.07772250175476,6.239840078353882
2032-11,2032-11-01,global_mlp,2026-03,9.974737000000001,0.03507674112915993,4.068138599395752,False,0.0,0.0,reported_conditioned_mlp,GOLIAT,,False,0.005327937984839084,0.02144973333925008,0.03507674112915993,0.05023404061794281,0.10202777460217477,0.0,0.0,0.0,0.03176496047526588,0.14694561362266542,1.595925855636597,3.1858219385147093,4.068138599395752,5.023287534713744,6.174191570281983
2032-12,2032-12-01,global_mlp,2026-03,9.974737000000001,0.03542905114591122,4.000614285469055,False,0.0,0.0,reported_conditioned_mlp,GOLIAT,,False,0.008021870069205763,0.02551627717912197,0.03542905114591122,0.05453933738172053,0.09750876873731613,0.0,0.0,0.0,0.014198247715830765,0.12282906100153945,1.5530679106712344,3.1301174640655516,4.000614285469055,5.014254283905029,6.1226886272430425
2033-01,2033-01-01,global_mlp,2026-03,9.974737000000001,0.035720037296414375,3.962714910507202,False,0.0,0.0,reported_conditioned_mlp,GOLIAT,,False,0.00699286824092269,0.02554604019969702,0.035720037296414375,0.05347197391092775,0.09403778016567231,0.0,0.0,0.0,0.00741494856774806,0.10975858494639404,1.4593602180480958,3.0680312395095823,3.962714910507202,4.983856582641601,6.089906930923462
2033-02,2033-02-01,global_mlp,2026-03,9.974737000000001,0.03749842196702957,3.9333655834198,False,0.0,0.0,reported_conditioned_mlp,GOLIAT,,False,0.006441126298159361,0.026350670866668223,0.03749842196702957,0.053095851093530655,0.0831659495830536,0.0,0.0,0.0,0.0637734435498714,0.17888654172420507,1.4162109375,3.0475905656814577,3.9333655834198,4.9193090915679925,6.06251130104065
2033-03,2033-03-01,global_mlp,2026-03,9.974737000000001,0.02862696908414364,3.9120818376541138,False,0.005798596888780594,5798.596888780594,reported_conditioned_mlp,GOLIAT,,False,0.0,0.01744074933230877,0.02862696908414364,0.04289009235799306,0.07224729284644127,0.0,0.0,0.005798596888780594,0.09033780843019468,0.22621912211179737,1.3494174718856813,3.027811551094055,3.9120818376541138,4.872641944885252,6.053849601745606
2033-04,2033-04-01,global_mlp,2026-03,9.974737000000001,0.02206542808562517,3.8639261722564697,False,0.13639379292726517,136393.79292726517,reported_conditioned_mlp,GOLIAT,,False,0.0017434292356483653,0.013780597411096093,0.02206542808562517,0.03656464554369449,0.08601928576827049,0.0,0.05933510065078735,0.13639379292726517,0.20475912243127817,0.42979749739170076,1.3293219923973085,2.9935470819473267,3.8639261722564697,4.826208686828613,6.034252452850342
2033-05,2033-05-01,global_mlp,2026-03,9.974737000000001,0.02737733069807291,3.8449556827545166,False,0.01928182691335678,19281.82691335678,reported_conditioned_mlp,GOLIAT,,False,0.006740901758894329,0.018849418126046655,0.02737733069807291,0.04190131649374961,0.08300235942006114,0.0,0.0,0.01928182691335678,0.07808908745646469,0.20547332316637051,1.31579384803772,2.9439314842224116,3.8449556827545166,4.806107378005981,5.978064727783204
2033-06,2033-06-01,global_mlp,2026-03,9.974737000000001,0.022899835370481014,3.8149601221084595,False,0.019793961197137833,19793.961197137833,reported_conditioned_mlp,GOLIAT,,False,0.0020196209428831953,0.013420293107628819,0.022899835370481014,0.03582060076296329,0.06804298311471946,0.0,0.0,0.019793961197137833,0.07879000157117842,0.1900051459670069,1.2424104690551758,2.897006249427795,3.8149601221084595,4.766978216171263,5.962095451354981
2033-07,2033-07-01,global_mlp,2026-03,9.974737000000001,0.02311891410499811,3.7840845584869385,False,0.03914376720786095,39143.76720786095,reported_conditioned_mlp,GOLIAT,,False,0.0018624972901307047,0.012631544377654791,0.02311891410499811,0.0361914150416851,0.07288368269801145,0.0,0.0,0.03914376720786095,0.09685705900192258,0.2283316045999529,1.1819494009017946,2.880539035797119,3.7840845584869385,4.736831998825073,5.9447825908660885
2033-08,2033-08-01,global_mlp,2026-03,9.974737000000001,0.02633107267320156,3.748796582221985,False,0.011275778990238905,11275.778990238905,reported_conditioned_mlp,GOLIAT,,False,0.0026547229383140805,0.015406455565243959,0.02633107267320156,0.04146936535835265,0.0790697105228901,0.0,0.0,0.011275778990238905,0.06812882721424088,0.15453940480947495,1.1466907501220704,2.8595499515533445,3.748796582221985,4.72118763923645,5.916261482238769
2033-09,2033-09-01,global_mlp,2026-03,9.974737000000001,0.028713446110486984,3.720485210418701,False,0.006582244299352169,6582.244299352169,reported_conditioned_mlp,GOLIAT,,False,0.002193737914785743,0.01618342455476522,0.028713446110486984,0.04359810352325439,0.08004489839077,0.0,0.0,0.006582244299352169,0.0778468646109104,0.19423889666795757,1.1239746332168579,2.8028790473937986,3.720485210418701,4.697444343566894,5.8744738578796385
2033-10,2033-10-01,global_mlp,2026-03,9.974737000000001,0.030114430002868176,3.6743401288986206,False,0.012335119768977165,12335.119768977165,reported_conditioned_mlp,GOLIAT,,False,0.003449675301089883,0.018324651569128034,0.030114430002868176,0.0464400965720415,0.08423197641968728,0.0,0.0,0.012335119768977165,0.07329794541001317,0.17131617069244387,1.0985952377319337,2.7518295764923093,3.6743401288986206,4.6480147361755355,5.828199338912964
2033-11,2033-11-01,global_mlp,2026-03,9.974737000000001,0.0330185703933239,3.6120411157608032,False,0.0,0.0,reported_conditioned_mlp,GOLIAT,,False,0.0038868194445967675,0.018804402276873584,0.0330185703933239,0.050952866300940515,0.08268231600522997,0.0,0.0,0.0,0.027826617285609208,0.1259449660778046,1.0756192445755004,2.733311343193054,3.6120411157608032,4.596784543991086,5.801955509185791
2033-12,2033-12-01,global_mlp,2026-03,9.974737000000001,0.03377543017268181,3.5724445581436157,False,0.0,0.0,reported_conditioned_mlp,GOLIAT,,False,0.005406975559890274,0.019544652476906774,0.03377543017268181,0.05086291991174221,0.09042161777615547,0.0,0.0,0.0,0.023590875416994058,0.12695566713809972,1.0646785140037536,2.7213273763656614,3.5724445581436157,4.567520332336426,5.729853582382202
2034-01,2034-01-01,global_mlp,2026-03,9.974737000000001,0.03462882339954376,3.5324264764785767,False,0.0,0.0,reported_conditioned_mlp,GOLIAT,,False,0.006266841804608703,0.019638395309448237,0.03462882339954376,0.05062304250895976,0.08827867805957795,0.0,0.0,0.0,0.013976325746625646,0.1170063801109792,1.03730947971344,2.6856239080429076,3.5324264764785767,4.4850036144256595,5.677933216094972
2034-02,2034-02-01,global_mlp,2026-03,9.974737000000001,0.03474918380379677,3.476479411125183,False,0.0033208379754796624,3320.8379754796624,reported_conditioned_mlp,GOLIAT,,False,0.0030116231413558144,0.021645278111100195,0.03474918380379677,0.050589314848184574,0.08612361028790476,0.0,0.0,0.0033208379754796624,0.06565198302268972,0.2107488319277764,1.0200099587440492,2.6272788763046258,3.476479411125183,4.434546089172363,5.638604784011841
2034-03,2034-03-01,global_mlp,2026-03,9.974737000000001,0.023646993562579155,3.4398019313812256,False,0.013084952253848314,13084.952253848314,reported_conditioned_mlp,GOLIAT,,False,0.0,0.013341552671045065,0.023646993562579155,0.03702764846384524,0.07190019860863688,0.0,0.0,0.013084952253848314,0.08513752669095992,0.20454521030187636,1.0048628926277163,2.551230239868164,3.4398019313812256,4.407067346572876,5.597063446044922
2034-04,2034-04-01,global_mlp,2026-03,9.974737000000001,0.019254335202276707,3.424631953239441,False,0.1288442760705948,128844.27607059479,reported_conditioned_mlp,GOLIAT,,False,0.0,0.010477671306580304,0.019254335202276707,0.029563742130994795,0.06607734113931664,0.0,0.03740749470889567,0.1288442760705948,0.20286140888929363,0.3957916557788851,0.9490787327289582,2.5249406337738036,3.424631953239441,4.389194869995117,5.562981128692628
2034-05,2034-05-01,global_mlp,2026-03,9.974737000000001,0.023009654134511948,3.401278495788574,False,0.02767686452716589,27676.86452716589,reported_conditioned_mlp,GOLIAT,,False,0.005160236242227266,0.015210842154920102,0.023009654134511948,0.03575224615633488,0.06992999911308292,0.0,0.0,0.02767686452716589,0.07981906011700624,0.19348860830068587,0.9234197318553925,2.4995035409927366,3.401278495788574,4.351986646652222,5.5335693359375
2034-06,2034-06-01,global_mlp,2026-03,9.974737000000001,0.01970038190484047,3.3693798780441284,False,0.026484418660402298,26484.418660402298,reported_conditioned_mlp,GOLIAT,,False,0.0007360848772805197,0.013174117356538772,0.01970038190484047,0.03312699012458324,0.058234517648816125,0.0,0.0,0.026484418660402298,0.08243642970919607,0.1713663712143898,0.8980034649372103,2.461727738380432,3.3693798780441284,4.338241243362426,5.495219707489014
2034-07,2034-07-01,global_mlp,2026-03,9.974737000000001,0.019993897527456284,3.3317731618881226,False,0.046570489183068275,46570.489183068275,reported_conditioned_mlp,GOLIAT,,False,0.0,0.011507183779031037,0.019993897527456284,0.03051469586789607,0.06001669093966488,0.0,0.0,0.046570489183068275,0.11615262776613235,0.2311655834317208,0.8371494948863984,2.4462057828903196,3.3317731618881226,4.309116888046264,5.432731485366822
2034-08,2034-08-01,global_mlp,2026-03,9.974737000000001,0.02448274940252304,3.326416254043579,False,0.016351234167814255,16351.234167814255,reported_conditioned_mlp,GOLIAT,,False,0.0015308254980482187,0.014783181343227625,0.02448274940252304,0.03657423630356786,0.06417254507541657,0.0,0.0,0.016351234167814255,0.08069437518715858,0.17109325826168068,0.8174062192440035,2.4219167470932006,3.326416254043579,4.288176345825195,5.366914176940919
2034-09,2034-09-01,global_mlp,2026-03,9.974737000000001,0.026314598508179188,3.2874852418899536,False,0.035410260781645775,35410.260781645775,reported_conditioned_mlp,GOLIAT,,False,0.002576797618530697,0.015193647891283035,0.026314598508179188,0.03952584788203238,0.06859719902276992,0.0,0.0,0.035410260781645775,0.09160135239362716,0.23133206814527554,0.792631858587265,2.4095667362213136,3.2874852418899536,4.239359283447265,5.345276689529419
2034-10,2034-10-01,global_mlp,2026-03,9.974737000000001,0.026214185170829296,3.247897744178772,False,0.013761767651885748,13761.767651885748,reported_conditioned_mlp,GOLIAT,,False,0.001163912273477763,0.015211540646851061,0.026214185170829296,0.03969964683055877,0.07433248162269594,0.0,0.0,0.013761767651885748,0.07005505412816994,0.18263698816299448,0.7664273262023926,2.3644274473190308,3.247897744178772,4.193731212615965,5.293324327468873
2034-11,2034-11-01,global_mlp,2026-03,9.974737000000001,0.029641930013895035,3.2121214866638184,False,0.0,0.0,reported_conditioned_mlp,GOLIAT,,False,0.0009350798500236165,0.016353211738169192,0.029641930013895035,0.04424773007631299,0.07907968536019326,0.0,0.0,0.0,0.04389444850385188,0.18262719660997395,0.7606578350067139,2.314461541175842,3.2121214866638184,4.168081474304199,5.228509759902955
2034-12,2034-12-01,global_mlp,2026-03,9.974737000000001,0.030669945292174816,3.1766622066497803,False,0.0,0.0,reported_conditioned_mlp,GOLIAT,,False,0.0023503915872424845,0.018815229460597035,0.030669945292174816,0.047001750767230975,0.07742415741086009,0.0,0.0,0.0,0.025987418368458748,0.1517051234841347,0.723732715845108,2.2845447301864623,3.1766622066497803,4.125536251068115,5.1834693431854255
2035-01,2035-01-01,global_mlp,2026-03,9.974737000000001,0.031067946925759315,3.1597864627838135,False,0.0,0.0,reported_conditioned_mlp,GOLIAT,,False,0.0,0.01821375675499439,0.031067946925759315,0.04571773521602153,0.07645018324255944,0.0,0.0,0.0,0.017272689752280673,0.13950464129447945,0.6487883329391481,2.2475178956985475,3.1597864627838135,4.080367803573608,5.150009536743164
2035-02,2035-02-01,global_mlp,2026-03,9.974737000000001,0.031014414504170418,3.1150920391082764,False,0.0,0.0,reported_conditioned_mlp,GOLIAT,,False,0.0,0.0187975388020277,0.031014414504170418,0.04474916122853756,0.07142809629440308,0.0,0.0,0.0,0.05949861779808997,0.20140185952186598,0.6135053575038913,2.205498743057251,3.1150920391082764,4.04437460899353,5.115111207962037
2035-03,2035-03-01,global_mlp,2026-03,9.974737000000001,0.02323475480079651,3.0830832719802856,False,0.0051379825454205275,5137.9825454205275,reported_conditioned_mlp,GOLIAT,,False,0.0,0.011752512585371726,0.02323475480079651,0.03418446891009806,0.06178028620779515,0.0,0.0,0.0051379825454205275,0.0895732939243316,0.24492108821868933,0.5904008448123934,2.1464587688446044,3.0830832719802856,4.020239210128784,5.087142848968506
2035-04,2035-04-01,global_mlp,2026-03,9.974737000000001,0.01798675861209631,3.0663034915924072,False,0.11602778732776642,116027.78732776642,reported_conditioned_mlp,GOLIAT,,False,0.0,0.01072724526748061,0.01798675861209631,0.02804303299635648,0.057505146041512495,0.0,0.0,0.11602778732776642,0.18200199902057643,0.4133748114109046,0.5862466931343082,2.1173015594482423,3.0663034915924072,3.997220134735107,5.061486673355103
2035-05,2035-05-01,global_mlp,2026-03,9.974737000000001,0.02202820312231779,3.0378061532974243,False,0.011077303439378738,11077.303439378738,reported_conditioned_mlp,GOLIAT,,False,0.0,0.013187640905380247,0.02202820312231779,0.033819076418876645,0.06376376599073412,0.0,0.0,0.011077303439378738,0.06386454626917835,0.16843859553337098,0.5615259885787968,2.0878740072250364,3.0378061532974243,3.967622089385986,5.037158203125
2035-06,2035-06-01,global_mlp,2026-03,9.974737000000001,0.017687739804387093,3.017606735229492,False,0.015075768809765577,15075.768809765577,reported_conditioned_mlp,GOLIAT,,False,0.0,0.010273712966591117,0.017687739804387093,0.026401406712830044,0.05240776240825655,0.0,0.0,0.015075768809765577,0.0727460503578186,0.18258305042982104,0.5304386138916019,2.068968605995178,3.017606735229492,3.938281893730163,5.006094169616699
2035-07,2035-07-01,global_mlp,2026-03,9.974737000000001,0.01839928049594164,2.996243119239807,False,0.026193090714514256,26193.090714514256,reported_conditioned_mlp,GOLIAT,,False,0.0,0.009829090163111684,0.01839928049594164,0.027732050605118273,0.05030743516981605,0.0,0.0,0.026193090714514256,0.09393207132816309,0.2012423053383828,0.46831812858581556,2.0451980113983153,2.996243119239807,3.8951487064361565,4.995666027069092
2035-08,2035-08-01,global_mlp,2026-03,9.974737000000001,0.020741015672683716,2.9763739109039307,False,0.0,0.0,reported_conditioned_mlp,GOLIAT,,False,0.0,0.01196081982925534,0.020741015672683716,0.03233652524650097,0.05859645418822766,0.0,0.0,0.0,0.05652574077248572,0.1508782342076302,0.44561086893081675,2.019433355331421,2.9763739109039307,3.8698601484298703,4.983918285369873
2035-09,2035-09-01,global_mlp,2026-03,9.974737000000001,0.02193804644048214,2.9386426210403442,False,0.0011303653591312468,1130.3653591312468,reported_conditioned_mlp,GOLIAT,,False,0.0,0.013528405409306287,0.02193804644048214,0.034384175762534136,0.06306462660431868,0.0,0.0,0.0011303653591312468,0.06010148189961907,0.1665397047996522,0.4386786729097368,1.996621036529541,2.9386426210403442,3.835598564147949,4.960685729980469
2035-10,2035-10-01,global_mlp,2026-03,9.974737000000001,0.02303507085889578,2.897181987762451,False,0.004086276516318321,4086.2765163183212,reported_conditioned_mlp,GOLIAT,,False,0.0,0.01291598724201321,0.02303507085889578,0.03434433415532112,0.06754769682884222,0.0,0.0,0.004086276516318321,0.07030252218246455,0.17131972163915637,0.4053149670362473,1.9579683661460876,2.897181987762451,3.8163184881210324,4.934297513961792
2035-11,2035-11-01,global_mlp,2026-03,9.974737000000001,0.027304460294544697,2.8599354028701782,False,0.0,0.0,reported_conditioned_mlp,GOLIAT,,False,0.0,0.013505627401173113,0.027304460294544697,0.038689327985048295,0.07151318788528446,0.0,0.0,0.0,0.033553854748606664,0.1510257557034493,0.3533584505319597,1.9194930672645567,2.8599354028701782,3.759911203384398,4.898446321487428
2035-12,2035-12-01,global_mlp,2026-03,9.974737000000001,0.02795948088169098,2.8098268508911133,False,0.0,0.0,reported_conditioned_mlp,GOLIAT,,False,0.0,0.01432041861116886,0.02795948088169098,0.03981667831540106,0.07048381268978118,0.0,0.0,0.0,0.016857434064149766,0.13684552013874088,0.3109925985336304,1.8790259838104246,2.8098268508911133,3.7090810775756835,4.864378166198731
2036-01,2036-01-01,global_mlp,2026-03,9.974737000000001,0.028372682631015778,2.787519097328186,False,0.0,0.0,reported_conditioned_mlp,GOLIAT,,False,0.0,0.015078632440418004,0.028372682631015778,0.04163560681045055,0.06978592723608024,0.0,0.0,0.0,0.022379592619836318,0.12007296904921547,0.25857217907905594,1.8345393061637878,2.787519097328186,3.665331888198851,4.831619691848755
2036-02,2036-02-01,global_mlp,2026-03,9.974737000000001,0.02925986237823963,2.7558265924453735,False,0.0,0.0,reported_conditioned_mlp,GOLIAT,,False,0.0,0.01635503079742193,0.02925986237823963,0.04151451736688613,0.0729236736893654,0.0,0.0,0.0,0.06054924316704268,0.1917181149125101,0.22596538662910468,1.799429178237915,2.7558265924453735,3.6283791542053203,4.799597644805909
2036-03,2036-03-01,global_mlp,2026-03,9.974737000000001,0.020014800131320953,2.7098225355148315,False,0.0,0.0,reported_conditioned_mlp,GOLIAT,,False,0.0,0.008169355522841214,0.020014800131320953,0.03141215480864048,0.060329799726605425,0.0,0.0,0.0,0.08015486970543861,0.20853666663169862,0.2114859819412232,1.7673402547836303,2.7098225355148315,3.6007616043090813,4.777006816864014
2036-04,2036-04-01,global_mlp,2026-03,9.974737000000001,0.017255636863410473,2.697518467903137,False,0.12130953371524811,121309.53371524811,reported_conditioned_mlp,GOLIAT,,False,0.0,0.008917937148362396,0.017255636863410473,0.028007968887686724,0.05611549727618695,0.0,0.007853650487959376,0.12130953371524811,0.20125262290239335,0.36608014404773714,0.17436470538377766,1.7537422180175781,2.697518467903137,3.5643857717514025,4.748662281036378
2036-05,2036-05-01,global_mlp,2026-03,9.974737000000001,0.020533389411866665,2.690616250038147,False,0.009006298147141933,9006.298147141933,reported_conditioned_mlp,GOLIAT,,False,0.0,0.012818934768438338,0.020533389411866665,0.03197891637682914,0.057627968490123756,0.0,0.0,0.009006298147141933,0.06390570998191832,0.19520747810602188,0.16711266860365895,1.720222294330597,2.690616250038147,3.5392636775970456,4.712754726409913
2036-06,2036-06-01,global_mlp,2026-03,9.974737000000001,0.01823538076132536,2.6583861112594604,False,0.02706649899482727,27066.49899482727,reported_conditioned_mlp,GOLIAT,,False,0.0,0.010921647585928439,0.01823538076132536,0.028651586920022964,0.05140732303261758,0.0,0.0,0.02706649899482727,0.08064986988902087,0.1878571689128876,0.09831185713410392,1.6951072335243222,2.6583861112594604,3.4874361991882314,4.681901788711548
2036-07,2036-07-01,global_mlp,2026-03,9.974737000000001,0.01789394859224558,2.6383962631225586,False,0.045037850737571716,45037.850737571716,reported_conditioned_mlp,GOLIAT,,False,0.0,0.009095011837780475,0.01789394859224558,0.027818077616393565,0.05597149282693863,0.0,0.0,0.045037850737571716,0.11939418092370024,0.25975369811058063,0.0849970642477276,1.672618699073791,2.6383962631225586,3.4637908697128292,4.643411254882813
2036-08,2036-08-01,global_mlp,2026-03,9.974737000000001,0.021224225871264935,2.60476016998291,False,0.003214451717212796,3214.451717212796,reported_conditioned_mlp,GOLIAT,,False,0.0,0.012539384234696626,0.021224225871264935,0.032830345258116705,0.055877120792865755,0.0,0.0,0.003214451717212796,0.05985161624848842,0.15491012334823617,0.06627539806067965,1.6374045014381406,2.60476016998291,3.4541409730911248,4.613816356658936
2036-09,2036-09-01,global_mlp,2026-03,9.974737000000001,0.02249927446246147,2.5708686113357544,False,0.0,0.0,reported_conditioned_mlp,GOLIAT,,False,0.0,0.012113800924271344,0.02249927446246147,0.03666943125426768,0.06187687516212465,0.0,0.0,0.0,0.07313996553421019,0.18891870230436325,0.045716668665409334,1.6047859668731688,2.5708686113357544,3.4281470298767087,4.592320394515991
2036-10,2036-10-01,global_mlp,2026-03,9.974737000000001,0.021173959597945213,2.527336835861206,False,0.007788061397150159,7788.061397150159,reported_conditioned_mlp,GOLIAT,,False,0.0,0.012476057745516298,0.021173959597945213,0.033588957041502,0.060033379495143896,0.0,0.0,0.007788061397150159,0.07256431132555007,0.16253364682197577,0.01429988220334062,1.5591259241104125,2.527336835861206,3.3761687517166132,4.567891025543213
2036-11,2036-11-01,global_mlp,2026-03,9.974737000000001,0.027181049808859825,2.4804853200912476,False,0.0,0.0,reported_conditioned_mlp,GOLIAT,,False,0.0,0.014715161640197039,0.027181049808859825,0.03984076939523219,0.06407558917999269,0.0,0.0,0.0,0.032723553851246825,0.1580198824405671,0.0,1.5330398082733152,2.4804853200912476,3.3606932401657095,4.52814474105835
2036-12,2036-12-01,global_mlp,2026-03,9.974737000000001,0.027791502885520458,2.430299997329712,False,0.0,0.0,reported_conditioned_mlp,GOLIAT,,False,0.0,0.015966028906404972,0.027791502885520458,0.040882861614227294,0.06566859781742101,0.0,0.0,0.0,0.013602958898991312,0.13866465091705343,0.0,1.481945180892944,2.430299997329712,3.3584349632263177,4.4841988563537605
2037-01,2037-01-01,global_mlp,2026-03,9.974737000000001,0.026023542508482933,2.3775131702423096,False,0.0,0.0,reported_conditioned_mlp,GOLIAT,,False,0.0,0.015734836645424365,0.026023542508482933,0.03774151243269443,0.06807754561305049,0.0,0.0,0.0,0.022573469765484324,0.12091807350516333,0.0,1.4405690431594846,2.3775131702423096,3.3268587827682494,4.442977237701417
2037-02,2037-02-01,global_mlp,2026-03,9.974737000000001,0.02843840979039669,2.3410290479660034,False,0.0,0.0,reported_conditioned_mlp,GOLIAT,,False,0.0,0.01609373465180397,0.02843840979039669,0.04049158245325087,0.0662696905434132,0.0,0.0,0.0,0.057024362310767074,0.20849294960498813,0.0,1.387572288513183,2.3410290479660034,3.2569016456604,4.419115829467773
2037-03,2037-03-01,global_mlp,2026-03,9.974737000000001,0.01969231478869915,2.3264899253845215,False,0.0035590698244050145,3559.0698244050145,reported_conditioned_mlp,GOLIAT,,False,0.0,0.00906060440465808,0.01969231478869915,0.03039719574153423,0.0507703021168709,0.0,0.0,0.0035590698244050145,0.08918153718113879,0.26416907012462626,0.0,1.3278183460235595,2.3264899253845215,3.211803174018859,4.38899850845337
2037-04,2037-04-01,global_mlp,2026-03,9.974737000000001,0.01858447026461363,2.305950164794922,False,0.1299625262618065,129962.52626180649,reported_conditioned_mlp,GOLIAT,,False,0.0,0.009649815410375595,0.01858447026461363,0.028231506608426566,0.050894365087151554,0.0,0.008516443101689208,0.1299625262618065,0.2051714703440666,0.4102310538291931,0.0,1.2882378697395322,2.305950164794922,3.166049480438231,4.361172008514405
2037-05,2037-05-01,global_mlp,2026-03,9.974737000000001,0.022204247303307056,2.291978597640991,False,0.015195779036730528,15195.779036730528,reported_conditioned_mlp,GOLIAT,,False,0.0,0.013396480865776536,0.022204247303307056,0.03046473022550344,0.055776334926486024,0.0,0.0,0.015195779036730528,0.07941018193960188,0.23426464200019845,0.0,1.2526586771011352,2.291978597640991,3.1470602273941037,4.313569068908692
2037-06,2037-06-01,global_mlp,2026-03,9.974737000000001,0.018980320543050766,2.2758052349090576,False,0.01846283581107855,18462.83581107855,reported_conditioned_mlp,GOLIAT,,False,0.0,0.010147368907928467,0.018980320543050766,0.02921366710215807,0.04822594188153744,0.0,0.0,0.01846283581107855,0.08162491992115972,0.17481310367584232,0.0,1.198535358905792,2.2758052349090576,3.120192265510559,4.296042346954347
2037-07,2037-07-01,global_mlp,2026-03,9.974737000000001,0.016980751417577267,2.2509080171585083,False,0.04132811166346073,41328.11166346073,reported_conditioned_mlp,GOLIAT,,False,0.0,0.008785117790102956,0.016980751417577267,0.027829580381512637,0.04727921076118946,0.0,0.0,0.04132811166346073,0.0990124337375164,0.23547807633876802,0.0,1.171193742752075,2.2509080171585083,3.0854170083999635,4.292726135253907
2037-08,2037-08-01,global_mlp,2026-03,9.974737000000001,0.02171788178384304,2.2302247285842896,False,0.0,0.0,reported_conditioned_mlp,GOLIAT,,False,0.0,0.011657315958291291,0.02171788178384304,0.03155159279704094,0.0538489442318678,0.0,0.0,0.0,0.05515349879860877,0.17757353484630586,0.0,1.1371736884117125,2.2302247285842896,3.062715268135071,4.2429975986480715
2037-09,2037-09-01,global_mlp,2026-03,9.974737000000001,0.022830641828477383,2.202927350997925,False,0.0045243443455547094,4524.344345554709,reported_conditioned_mlp,GOLIAT,,False,0.0,0.01063043167814612,0.022830641828477383,0.03319737836718559,0.054985575750470174,0.0,0.0,0.0045243443455547094,0.07047121077775953,0.18007503747940073,0.0,1.1107909321784972,2.202927350997925,3.036334252357483,4.236642217636109
2037-10,2037-10-01,global_mlp,2026-03,9.974737000000001,0.02255231887102127,2.148869037628174,False,0.0,0.0,reported_conditioned_mlp,GOLIAT,,False,0.0,0.012708046939224005,0.02255231887102127,0.03277559243142603,0.052119477838277826,0.0,0.0,0.0,0.053818699717521665,0.17199518233537675,0.0,1.0844399094581603,2.148869037628174,2.9830316781997674,4.2256995201110845
2037-11,2037-11-01,global_mlp,2026-03,9.974737000000001,0.02543000690639019,2.113960385322571,False,0.0,0.0,reported_conditioned_mlp,GOLIAT,,False,0.0,0.013538814615458247,0.02543000690639019,0.035394533723592754,0.05839978083968166,0.0,0.0,0.0,0.016785774379968626,0.1159855380654335,0.0,1.0669752597808835,2.113960385322571,2.935748982429503,4.1898133754730225
2037-12,2037-12-01,global_mlp,2026-03,9.974737000000001,0.027473422698676586,2.0641781091690063,False,0.0,0.0,reported_conditioned_mlp,GOLIAT,,False,0.0,0.013864900637418024,0.027473422698676586,0.03678850345313548,0.06263949871063233,0.0,0.0,0.0,0.009896751493215561,0.09435645416378978,0.0,1.054826462268829,2.0641781091690063,2.898405051231383,4.122396707534791
2038-01,2038-01-01,global_mlp,2026-03,9.974737000000001,0.02901416551321745,2.0402857065200806,False,0.0,0.0,reported_conditioned_mlp,GOLIAT,,False,0.0,0.015920848958194254,0.02901416551321745,0.037591758370399464,0.06188401505351067,0.0,0.0,0.0,0.004896606225520359,0.09336143806576729,0.0,1.0325937509536742,2.0402857065200806,2.8630674839019776,4.0902549743652346
2038-02,2038-02-01,global_mlp,2026-03,9.974737000000001,0.026108096353709698,2.013864278793335,False,0.0,0.0,reported_conditioned_mlp,GOLIAT,,False,0.0,0.01602226290851831,0.026108096353709698,0.03856294974684715,0.05925396569073201,0.0,0.0,0.0,0.03832871131598945,0.16881544739007964,0.0,0.9794151306152341,2.013864278793335,2.8320313692092887,4.065288448333741
2038-03,2038-03-01,global_mlp,2026-03,9.974737000000001,0.020087272860109806,1.9681726098060608,False,0.0,0.0,reported_conditioned_mlp,GOLIAT,,False,0.0,0.006610243115574115,0.020087272860109806,0.031112314201891415,0.049244104325771344,0.0,0.0,0.0,0.08805697411298742,0.23116338998079308,0.0,0.9602387249469755,1.9681726098060608,2.7877047538757296,4.0255941390991214
2038-04,2038-04-01,global_mlp,2026-03,9.974737000000001,0.017007971182465553,1.9447776079177856,False,0.11150576546788216,111505.76546788216,reported_conditioned_mlp,GOLIAT,,False,0.0,0.007737223571166394,0.017007971182465553,0.02513402495533227,0.04107227846980095,0.0,0.0,0.11150576546788216,0.17875612676143643,0.31058135926723485,0.0,0.9462328910827634,1.9447776079177856,2.7542646646499604,3.986732888221741
2038-05,2038-05-01,global_mlp,2026-03,9.974737000000001,0.021237939596176147,1.9192224144935608,False,0.005519020603969693,5519.020603969693,reported_conditioned_mlp,GOLIAT,,False,0.0,0.012666830606758593,0.021237939596176147,0.02897020634263753,0.04378716275095944,0.0,0.0,0.005519020603969693,0.06548960506916034,0.16414268463850024,0.0,0.905565309524536,1.9192224144935608,2.738957023620603,3.9470807552337654
2038-06,2038-06-01,global_mlp,2026-03,9.974737000000001,0.01633506268262863,1.8924707770347595,False,0.008411969523876905,8411.969523876905,reported_conditioned_mlp,GOLIAT,,False,0.0,0.00922585520893335,0.01633506268262863,0.02709386628121137,0.043269160762429246,0.0,0.0,0.008411969523876905,0.0714420869946479,0.1919651865959168,0.0,0.8981044113636016,1.8924707770347595,2.726021623611449,3.9114026308059704
2038-07,2038-07-01,global_mlp,2026-03,9.974737000000001,0.015366104897111654,1.87131005525589,False,0.011907530948519707,11907.530948519707,reported_conditioned_mlp,GOLIAT,,False,0.0,0.004746031621471035,0.015366104897111654,0.023880152963101864,0.04066921882331373,0.0,0.0,0.011907530948519707,0.09106983542442322,0.20567457526922267,0.0,0.883835345506668,1.87131005525589,2.7048432350158684,3.899649953842164
2038-08,2038-08-01,global_mlp,2026-03,9.974737000000001,0.018812651745975018,1.8547418117523193,False,0.0,0.0,reported_conditioned_mlp,GOLIAT,,False,0.0,0.007644067145884034,0.018812651745975018,0.03049860671162605,0.048920974135398865,0.0,0.0,0.0,0.05577183775603771,0.1675721839070322,0.0,0.8502648591995237,1.8547418117523193,2.6859725713729845,3.8780296087265027
2038-09,2038-09-01,global_mlp,2026-03,9.974737000000001,0.02126553189009428,1.826658546924591,False,0.0,0.0,reported_conditioned_mlp,GOLIAT,,False,0.0,0.00973442466929555,0.02126553189009428,0.0323219485580921,0.053162754699587825,0.0,0.0,0.0,0.07355287224054335,0.17761394977569583,0.0,0.8262287735939022,1.826658546924591,2.655343794822692,3.8596950292587286
2038-10,2038-10-01,global_mlp,2026-03,9.974737000000001,0.020718715153634548,1.809302270412445,False,0.0,0.0,reported_conditioned_mlp,GOLIAT,,False,0.0,0.007639048527926203,0.020718715153634548,0.03299823403358459,0.05578640028834343,0.0,0.0,0.0,0.053857281059026714,0.16021780073642733,0.0,0.7873130381107328,1.809302270412445,2.6387905359268173,3.848940253257752
2038-11,2038-11-01,global_mlp,2026-03,9.974737000000001,0.022017301060259342,1.7813271284103394,False,0.0,0.0,reported_conditioned_mlp,GOLIAT,,False,0.0,0.0079930969979614,0.022017301060259342,0.03621428199112415,0.05924749150872231,0.0,0.0,0.0,0.016311375238001285,0.11356198340654373,0.0,0.7444818794727324,1.7813271284103394,2.6143795490264887,3.798406219482423
2038-12,2038-12-01,global_mlp,2026-03,9.974737000000001,0.021723655052483082,1.7540271878242493,False,0.0,0.0,reported_conditioned_mlp,GOLIAT,,False,0.0,0.008800547197461128,0.021723655052483082,0.03675393126904964,0.06088373325765136,0.0,0.0,0.0,0.005753940483555115,0.11514032930135736,0.0,0.720601975917816,1.7540271878242493,2.5675534725189206,3.768264293670655
2039-01,2039-01-01,global_mlp,2026-03,9.974737000000001,0.024123786948621273,1.7267417907714844,False,0.0,0.0,reported_conditioned_mlp,GOLIAT,,False,0.0,0.00758702387101948,0.024123786948621273,0.03679334335029125,0.056483446806669245,0.0,0.0,0.0,0.000739200529642291,0.1156275935471058,0.0,0.707712125778198,1.7267417907714844,2.5204582214355464,3.7277577400207527
2039-02,2039-02-01,global_mlp,2026-03,9.974737000000001,0.02574082463979721,1.6946484446525574,False,0.0,0.0,reported_conditioned_mlp,GOLIAT,,False,0.0,0.012019081506878129,0.02574082463979721,0.038860253617167474,0.05610001906752587,0.0,0.0,0.0,0.04763971678912639,0.2022901207208634,0.0,0.6873833239078521,1.6946484446525574,2.490774464607239,3.647897267341615
2039-03,2039-03-01,global_mlp,2026-03,9.974737000000001,0.017330615781247616,1.670809268951416,False,0.0,0.0,reported_conditioned_mlp,GOLIAT,,False,0.0,0.0025796137750148697,0.017330615781247616,0.02833516411483287,0.04722905233502389,0.0,0.0,0.0,0.07465631589293478,0.22272153794765473,0.0,0.6561047434806822,1.670809268951416,2.464455485343933,3.634088826179505
2039-04,2039-04-01,global_mlp,2026-03,9.974737000000001,0.01544946525245905,1.645800530910492,False,0.09116141498088837,91161.41498088837,reported_conditioned_mlp,GOLIAT,,False,0.0,0.005266808113083243,0.01544946525245905,0.02426301576197147,0.043012254312634474,0.0,0.0,0.09116141498088837,0.17834570854902257,0.3310990303754807,0.0,0.6403813064098358,1.645800530910492,2.4468680381774903,3.59031686782837
2039-05,2039-05-01,global_mlp,2026-03,9.974737000000001,0.018247725442051888,1.6304956674575806,False,0.0,0.0,reported_conditioned_mlp,GOLIAT,,False,0.0,0.007568094320595262,0.018247725442051888,0.027374967187643047,0.04754580371081831,0.0,0.0,0.0,0.05516428202390668,0.15160203129053118,0.0,0.6069506883621213,1.6304956674575806,2.4110940694808956,3.575346755981446
2039-06,2039-06-01,global_mlp,2026-03,9.974737000000001,0.015080588404089212,1.6140407919883728,False,0.0,0.0,reported_conditioned_mlp,GOLIAT,,False,0.0,0.00443759192712605,0.015080588404089212,0.02325882501900194,0.04512176513671876,0.0,0.0,0.0,0.05145749822258941,0.16057853400707248,0.0,0.5738184750080108,1.6140407919883728,2.4027031421661373,3.5599766016006473
2039-07,2039-07-01,global_mlp,2026-03,9.974737000000001,0.01437949575483799,1.58828604221344,False,0.013010981492698193,13010.981492698193,reported_conditioned_mlp,GOLIAT,,False,0.0,0.0027465954655781382,0.01437949575483799,0.02295725308358669,0.039926533401012425,0.0,0.0,0.013010981492698193,0.10453906804323194,0.2221953392028809,0.0,0.550198358297348,1.58828604221344,2.3727290868759154,3.5454123973846436
2039-08,2039-08-01,global_mlp,2026-03,9.974737000000001,0.01651925314217806,1.5609757900238037,False,0.0,0.0,reported_conditioned_mlp,GOLIAT,,False,0.0,0.005444368626922369,0.01651925314217806,0.02710687853395938,0.04730603173375132,0.0,0.0,0.0,0.04029584750533103,0.1474038884043694,0.0,0.5359931170940399,1.5609757900238037,2.34582781791687,3.5171699047088625
2039-09,2039-09-01,global_mlp,2026-03,9.974737000000001,0.016886387951672077,1.5396695733070374,False,0.0,0.0,reported_conditioned_mlp,GOLIAT,,False,0.0,0.0024656092515215255,0.016886387951672077,0.027241098321974265,0.04914920106530192,0.0,0.0,0.0,0.05302779711782927,0.16385501176118855,0.0,0.5243000626564026,1.5396695733070374,2.3389333009719846,3.4908881425857543
2039-10,2039-10-01,global_mlp,2026-03,9.974737000000001,0.017560039646923542,1.520090103149414,False,0.0,0.0,reported_conditioned_mlp,GOLIAT,,False,0.0,0.0028832391370087846,0.017560039646923542,0.02828060258179903,0.05464983507990838,0.0,0.0,0.0,0.04063966870307922,0.1408103123307228,0.0,0.49062837064266174,1.520090103149414,2.3183624982833857,3.4471209764480597
2039-11,2039-11-01,global_mlp,2026-03,9.974737000000001,0.019367211498320103,1.4848074913024902,False,0.0,0.0,reported_conditioned_mlp,GOLIAT,,False,0.0,0.0044384466018527685,0.019367211498320103,0.03252874128520488,0.05566464960575105,0.0,0.0,0.0,0.006931669777259218,0.10385435819625856,0.0,0.46160424649715415,1.4848074913024902,2.279865789413452,3.4335227251052856
2039-12,2039-12-01,global_mlp,2026-03,9.974737000000001,0.02287041675299406,1.460305392742157,False,0.0,0.0,reported_conditioned_mlp,GOLIAT,,False,0.0,0.004731738334521647,0.02287041675299406,0.03531957194209098,0.05727526471018792,0.0,0.0,0.0,0.0,0.10515429303050042,0.0,0.42118863463401784,1.460305392742157,2.2428388118743894,3.38446912765503
2040-01,2040-01-01,global_mlp,2026-03,9.974737000000001,0.023391814902424812,1.4391512870788574,False,0.0,0.0,reported_conditioned_mlp,GOLIAT,,False,0.0,0.005085354484617707,0.023391814902424812,0.034435964375734325,0.0544474765658379,0.0,0.0,0.0,0.0,0.0962787844240668,0.0,0.3902602553367611,1.4391512870788574,2.2132919549942014,3.3460824012756354
2040-02,2040-02-01,global_mlp,2026-03,9.974737000000001,0.02301956433802843,1.3887795805931091,False,0.0,0.0,reported_conditioned_mlp,GOLIAT,,False,0.0,0.006336977984756211,0.02301956433802843,0.03560124859213828,0.05754417590796949,0.0,0.0,0.0,0.028382348828017698,0.17764510959386826,0.0,0.3603302806615827,1.3887795805931091,2.166437077522277,3.315949606895448
2040-03,2040-03-01,global_mlp,2026-03,9.974737000000001,0.0174159687012434,1.35946923494339,False,0.0,0.0,reported_conditioned_mlp,GOLIAT,,False,0.0,0.0017138437717221602,0.0174159687012434,0.02668949831277131,0.042709909752011305,0.0,0.0,0.0,0.08866756781935686,0.2211723789572716,0.0,0.3353136390447613,1.35946923494339,2.1392429351806634,3.2952171564102186
2040-04,2040-04-01,global_mlp,2026-03,9.974737000000001,0.015538122970610857,1.3413563966751099,False,0.07755990698933601,77559.90698933601,reported_conditioned_mlp,GOLIAT,,False,0.0,0.0034152450505644054,0.015538122970610857,0.02545044999569654,0.04584059491753578,0.0,0.0,0.07755990698933601,0.1673467576503753,0.3041992843151093,0.0,0.2925106227397917,1.3413563966751099,2.1096261024475096,3.277201628684998
2040-05,2040-05-01,global_mlp,2026-03,9.974737000000001,0.01701254304498434,1.3070856928825378,False,0.0,0.0,reported_conditioned_mlp,GOLIAT,,False,0.0,0.00337651153095066,0.01701254304498434,0.026855422928929326,0.046098349615931525,0.0,0.0,0.0,0.05458377674221989,0.175598679482937,0.0,0.26125562787055967,1.3070856928825378,2.079841065406799,3.2320167541503912
2040-06,2040-06-01,global_mlp,2026-03,9.974737000000001,0.014757132157683372,1.2831934094429016,False,0.0,0.0,reported_conditioned_mlp,GOLIAT,,False,0.0,0.0016844318248331513,0.014757132157683372,0.024532264098525044,0.04248204454779627,0.0,0.0,0.0,0.058859933540225,0.15339115113019952,0.0,0.24579590708017346,1.2831934094429016,2.0442829847335813,3.210121035575867
2040-07,2040-07-01,global_mlp,2026-03,9.974737000000001,0.013975335750728846,1.2616893649101257,False,0.0,0.0,reported_conditioned_mlp,GOLIAT,,False,0.0,0.0,0.013975335750728846,0.024407164566218845,0.04445646777749062,0.0,0.0,0.0,0.07496141865849494,0.18267937600612655,0.0,0.21794478297233583,1.2616893649101257,2.0160961627960203,3.1837225675582888
2040-08,2040-08-01,global_mlp,2026-03,9.974737000000001,0.017048349604010582,1.219516396522522,False,0.0,0.0,reported_conditioned_mlp,GOLIAT,,False,0.0,0.0,0.017048349604010582,0.027020225673913954,0.04567273221910001,0.0,0.0,0.0,0.039354462549090224,0.13873521089553836,0.0,0.21482138484716404,1.219516396522522,1.9766396880149837,3.128126645088196
2040-09,2040-09-01,global_mlp,2026-03,9.974737000000001,0.015852002426981926,1.1964977383613586,False,0.0,0.0,reported_conditioned_mlp,GOLIAT,,False,0.0,0.0,0.015852002426981926,0.02968060579150915,0.0492105357348919,0.0,0.0,0.0,0.04438405223190769,0.1804446756839753,0.0,0.19645392447710036,1.1964977383613586,1.9441045999526971,3.0852798223495492
2040-10,2040-10-01,global_mlp,2026-03,9.974737000000001,0.01691988855600357,1.1663593649864197,False,0.0,0.0,reported_conditioned_mlp,GOLIAT,,False,0.0,0.0,0.01691988855600357,0.02863541711121797,0.05138160064816475,0.0,0.0,0.0,0.024355636537075013,0.12293234542012219,0.0,0.1800258859992027,1.1663593649864197,1.9120778322219845,3.0692028284072883
2040-11,2040-11-01,global_mlp,2026-03,9.974737000000001,0.01880327519029379,1.130915880203247,False,0.0,0.0,reported_conditioned_mlp,GOLIAT,,False,0.0,0.0,0.01880327519029379,0.03173145502805708,0.05669331811368466,0.0,0.0,0.0,0.0006449001390136795,0.104172094911337,0.0,0.13653337210416783,1.130915880203247,1.8818369984626766,3.0656389474868777
2040-12,2040-12-01,global_mlp,2026-03,9.974737000000001,0.01983193587511778,1.1054551601409912,False,0.0,0.0,reported_conditioned_mlp,GOLIAT,,False,0.0,0.0,0.01983193587511778,0.033301524072885516,0.06268714368343355,0.0,0.0,0.0,0.0,0.08725749626755716,0.0,0.09577405825257294,1.1054551601409912,1.8517196297645568,3.028830623626709
2041-01,2041-01-01,global_mlp,2026-03,9.974737000000001,0.01898518856614828,1.0808836221694946,False,0.0,0.0,reported_conditioned_mlp,GOLIAT,,False,0.0,0.0,0.01898518856614828,0.0331976443529129,0.051295414566993755,0.0,0.0,0.0,0.0,0.08106453716754933,0.0,0.061773782223463025,1.0808836221694946,1.8039111256599423,2.9888369798660284
2041-02,2041-02-01,global_mlp,2026-03,9.974737000000001,0.02139754593372345,1.0409979224205017,False,0.0,0.0,reported_conditioned_mlp,GOLIAT,,False,0.0,0.0,0.02139754593372345,0.03341719657182692,0.05755852237343789,0.0,0.0,0.0,0.03969163335859769,0.19814065545797355,0.0,0.03841481674462535,1.0409979224205017,1.7852560400962827,2.9276072025299076
2041-03,2041-03-01,global_mlp,2026-03,9.974737000000001,0.012172020506113768,1.0252889394760132,False,0.0,0.0,reported_conditioned_mlp,GOLIAT,,False,0.0,0.0,0.012172020506113768,0.024865104630589475,0.0475219231098891,0.0,0.0,0.0,0.05407307483255861,0.2063930407166482,0.0,0.03224287107586816,1.0252889394760132,1.7577354073524472,2.879163146018982
2041-04,2041-04-01,global_mlp,2026-03,9.974737000000001,0.013284939806908369,1.005820393562317,False,0.06034179404377937,60341.79404377937,reported_conditioned_mlp,GOLIAT,,False,0.0,0.0,0.013284939806908369,0.021759558469057083,0.04361638948321345,0.0,0.0,0.06034179404377937,0.16020471751689908,0.3040265679359436,0.0,0.0016593865118920534,1.005820393562317,1.730937838554382,2.8470813989639288
2041-05,2041-05-01,global_mlp,2026-03,9.974737000000001,0.016630365513265133,0.9665679931640625,False,0.0,0.0,reported_conditioned_mlp,GOLIAT,,False,0.0,0.0,0.016630365513265133,0.024894513748586176,0.04525739662349225,0.0,0.0,0.0,0.04548080787062641,0.15707753598690033,0.0,0.0,0.9665679931640625,1.7074762463569642,2.8298420429229747
2041-06,2041-06-01,global_mlp,2026-03,9.974737000000001,0.013091740664094687,0.9370484054088593,False,0.0,0.0,reported_conditioned_mlp,GOLIAT,,False,0.0,0.0,0.013091740664094687,0.02281718757003544,0.03816257603466511,0.0,0.0,0.0,0.05733137279748913,0.16128731369972232,0.0,0.0,0.9370484054088593,1.6871171712875366,2.8214441537857056
2041-07,2041-07-01,global_mlp,2026-03,9.974737000000001,0.01151365926489234,0.9148457646369934,False,0.0,0.0,reported_conditioned_mlp,GOLIAT,,False,0.0,0.0,0.01151365926489234,0.02123635169118642,0.038790709897875794,0.0,0.0,0.0,0.06917253509163847,0.19167958348989492,0.0,0.0,0.9148457646369934,1.6659345984458922,2.8069874048233032
2041-08,2041-08-01,global_mlp,2026-03,9.974737000000001,0.016084487549960613,0.8964831233024597,False,0.0,0.0,reported_conditioned_mlp,GOLIAT,,False,0.0,0.0,0.016084487549960613,0.025064913742244243,0.04412048570811749,0.0,0.0,0.0,0.02913007996976375,0.12427243515849119,0.0,0.0,0.8964831233024597,1.6445244789123534,2.8041075468063354
2041-09,2041-09-01,global_mlp,2026-03,9.974737000000001,0.015324200969189405,0.877324789762497,False,0.0,0.0,reported_conditioned_mlp,GOLIAT,,False,0.0,0.0,0.015324200969189405,0.027465686947107305,0.048146670311689385,0.0,0.0,0.0,0.04256342686712735,0.165842604637146,0.0,0.0,0.877324789762497,1.6178476214408872,2.794729542732239
2041-10,2041-10-01,global_mlp,2026-03,9.974737000000001,0.013424082193523645,0.8647145628929138,False,0.0,0.0,reported_conditioned_mlp,GOLIAT,,False,0.0,0.0,0.013424082193523645,0.026108202710747715,0.04431501217186451,0.0,0.0,0.0,0.036851336807012476,0.14371868968009952,0.0,0.0,0.8647145628929138,1.5919269919395442,2.765230464935303
2041-11,2041-11-01,global_mlp,2026-03,9.974737000000001,0.017204039730131626,0.8427620232105255,False,0.0,0.0,reported_conditioned_mlp,GOLIAT,,False,0.0,0.0,0.017204039730131626,0.029964680597186086,0.053441736847162254,0.0,0.0,0.0,0.011321425344794989,0.10750005990266807,0.0,0.0,0.8427620232105255,1.5668427109718324,2.7486209869384766
2041-12,2041-12-01,global_mlp,2026-03,9.974737000000001,0.018186786212027073,0.7837736904621124,False,0.0,0.0,reported_conditioned_mlp,GOLIAT,,False,0.0,0.0,0.018186786212027073,0.03117418438196182,0.057149269804358485,0.0,0.0,0.0,0.0,0.11243976727128042,0.0,0.0,0.7837736904621124,1.5409828782081603,2.7187210083007822
2042-01,2042-01-01,global_mlp,2026-03,9.974737000000001,0.01676858589053154,0.754884660243988,False,0.0,0.0,reported_conditioned_mlp,GOLIAT,,False,0.0,0.0,0.01676858589053154,0.030450960248708723,0.05083249658346177,0.0,0.0,0.0,0.0,0.08136445730924612,0.0,0.0,0.754884660243988,1.4738822460174559,2.710703825950623
2042-02,2042-02-01,global_mlp,2026-03,9.974737000000001,0.017891375347971916,0.7151082754135132,False,0.0,0.0,reported_conditioned_mlp,GOLIAT,,False,0.0,0.0,0.017891375347971916,0.033410265296697585,0.051831398159265546,0.0,0.0,0.0,0.01910640392452477,0.15964563041925434,0.0,0.0,0.7151082754135132,1.4564190983772276,2.708102869987488
2042-03,2042-03-01,global_mlp,2026-03,9.974737000000001,0.007105566561222076,0.6849983334541321,False,0.0,0.0,reported_conditioned_mlp,GOLIAT,,False,0.0,0.0,0.007105566561222076,0.02274641245603561,0.041820258274674414,0.0,0.0,0.0,0.05128856748342506,0.20894720405340206,0.0,0.0,0.6849983334541321,1.4152389168739303,2.681763529777527
2042-04,2042-04-01,global_mlp,2026-03,9.974737000000001,0.0093736476264894,0.6669853925704956,False,0.0034985512029379606,3498.5512029379606,reported_conditioned_mlp,GOLIAT,,False,0.0,0.0,0.0093736476264894,0.02342681009322404,0.04353621266782284,0.0,0.0,0.0034985512029379606,0.1487159013748168,0.35943938791751867,0.0,0.0,0.6669853925704956,1.3968557000160204,2.653867220878601
2042-05,2042-05-01,global_mlp,2026-03,9.974737000000001,0.012489825952798128,0.6485941708087921,False,0.0,0.0,reported_conditioned_mlp,GOLIAT,,False,0.0,0.0,0.012489825952798128,0.0246849812567234,0.0433469645678997,0.0,0.0,0.0,0.04423253200948236,0.1478640317916872,0.0,0.0,0.6485941708087921,1.3739789366722093,2.599806904792786
2042-06,2042-06-01,global_mlp,2026-03,9.974737000000001,0.009001373779028654,0.6168563067913055,False,0.0,0.0,reported_conditioned_mlp,GOLIAT,,False,0.0,0.0,0.009001373779028654,0.022050042077898978,0.03974090218544009,0.0,0.0,0.0,0.05183595307171344,0.16870535612106324,0.0,0.0,0.6168563067913055,1.3633084774017328,2.5656864166259767
2042-07,2042-07-01,global_mlp,2026-03,9.974737000000001,0.007430877303704619,0.5852665305137634,False,0.0,0.0,reported_conditioned_mlp,GOLIAT,,False,0.0,0.0,0.007430877303704619,0.02225720137357711,0.03983465656638146,0.0,0.0,0.0,0.062325553968548726,0.21017991453409202,0.0,0.0,0.5852665305137634,1.3476807475090025,2.5504682779312136
2042-08,2042-08-01,global_mlp,2026-03,9.974737000000001,0.009052914567291737,0.5346337854862213,False,0.0,0.0,reported_conditioned_mlp,GOLIAT,,False,0.0,0.0,0.009052914567291737,0.026411755569279192,0.04555672742426397,0.0,0.0,0.0,0.022227512672543526,0.12388645559549331,0.0,0.0,0.5346337854862213,1.313524544239044,2.520168900489808
2042-09,2042-09-01,global_mlp,2026-03,9.974737000000001,0.009116542525589466,0.5030247718095779,False,0.0,0.0,reported_conditioned_mlp,GOLIAT,,False,0.0,0.0,0.009116542525589466,0.0264953203499317,0.050138863921165476,0.0,0.0,0.0,0.03234122470021247,0.15124044567346576,0.0,0.0,0.5030247718095779,1.2678824186325068,2.502908539772034
2042-10,2042-10-01,global_mlp,2026-03,9.974737000000001,0.008546043653041124,0.4679877609014511,False,0.0,0.0,reported_conditioned_mlp,GOLIAT,,False,0.0,0.0,0.008546043653041124,0.025978584401309488,0.05001338310539723,0.0,0.0,0.0,0.02494617886841296,0.13938544392585764,0.0,0.0,0.4679877609014511,1.239145720005035,2.4445922851562503
2042-11,2042-11-01,global_mlp,2026-03,9.974737000000001,0.00890606315806508,0.44217804074287415,False,0.0,0.0,reported_conditioned_mlp,GOLIAT,,False,0.0,0.0,0.00890606315806508,0.026567160524427886,0.053230517730116854,0.0,0.0,0.0,0.0003121208050287787,0.12706641256809237,0.0,0.0,0.44217804074287415,1.2135016322135923,2.400968861579895
2042-12,2042-12-01,global_mlp,2026-03,9.974737000000001,0.010119953658431768,0.3978298157453537,False,0.0,0.0,reported_conditioned_mlp,GOLIAT,,False,0.0,0.0,0.010119953658431768,0.02969778925180434,0.05384162105619909,0.0,0.0,0.0,0.0,0.09435334950685503,0.0,0.0,0.3978298157453537,1.191317784786223,2.353179049491883
2043-01,2043-01-01,global_mlp,2026-03,9.974737000000001,0.009686533361673355,0.3694721609354019,False,0.0,0.0,reported_conditioned_mlp,GOLIAT,,False,0.0,0.0,0.009686533361673355,0.028980775922536846,0.04866501875221729,0.0,0.0,0.0,0.0,0.08539800569415094,0.0,0.0,0.3694721609354019,1.1515496134757988,2.333684587478638
2043-02,2043-02-01,global_mlp,2026-03,9.974737000000001,0.01156771183013916,0.32647721469402313,False,0.0,0.0,reported_conditioned_mlp,GOLIAT,,False,0.0,0.0,0.01156771183013916,0.028025914169847965,0.05050894133746632,0.0,0.0,0.0,0.0,0.11923705190420165,0.0,0.0,0.32647721469402313,1.109820938110351,2.3165800809860233
2043-03,2043-03-01,global_mlp,2026-03,9.974737000000001,0.0011399250361137092,0.2983645647764206,False,0.0,0.0,reported_conditioned_mlp,GOLIAT,,False,0.0,0.0,0.0011399250361137092,0.021551646664738654,0.036389667540788664,0.0,0.0,0.0,0.04010766595602033,0.19020636230707177,0.0,0.0,0.2983645647764206,1.076710522174835,2.271444821357728
2043-04,2043-04-01,global_mlp,2026-03,9.974737000000001,0.0050333256367594,0.2575348764657974,False,0.0,0.0,reported_conditioned_mlp,GOLIAT,,False,0.0,0.0,0.0050333256367594,0.01934470385313034,0.040364422276616116,0.0,0.0,0.0,0.12043093517422672,0.2703211635351182,0.0,0.0,0.2575348764657974,1.03971152305603,2.2385289192199713
2043-05,2043-05-01,global_mlp,2026-03,9.974737000000001,0.00712181837297976,0.22640882432460785,False,0.0,0.0,reported_conditioned_mlp,GOLIAT,,False,0.0,0.0,0.00712181837297976,0.02208732217550277,0.04269278198480607,0.0,0.0,0.0,0.026932257786393136,0.12568499594926835,0.0,0.0,0.22640882432460785,1.0025086224079127,2.200144863128662
2043-06,2043-06-01,global_mlp,2026-03,9.974737000000001,0.004785028984770179,0.21938417106866837,False,0.0,0.0,reported_conditioned_mlp,GOLIAT,,False,0.0,0.0,0.004785028984770179,0.0181857468560338,0.037666286900639535,0.0,0.0,0.0,0.035572180524468366,0.13276828378438954,0.0,0.0,0.21938417106866837,0.9889966428279876,2.1785235404968266
2043-07,2043-07-01,global_mlp,2026-03,9.974737000000001,0.0034506142837926745,0.2042059376835823,False,0.0,0.0,reported_conditioned_mlp,GOLIAT,,False,0.0,0.0,0.0034506142837926745,0.016089060343801965,0.03830817118287089,0.0,0.0,0.0,0.029347311705350723,0.16096232682466508,0.0,0.0,0.2042059376835823,0.9713593542575834,2.116274118423463
2043-08,2043-08-01,global_mlp,2026-03,9.974737000000001,0.0023741343757137656,0.1664954572916031,False,0.0,0.0,reported_conditioned_mlp,GOLIAT,,False,0.0,0.0,0.0023741343757137656,0.020466816239058973,0.041140748932957646,0.0,0.0,0.0,0.0,0.10323480293154726,0.0,0.0,0.1664954572916031,0.9444587051868432,2.0737552881240853
2043-09,2043-09-01,global_mlp,2026-03,9.974737000000001,0.0001567430081195198,0.12936165183782578,False,0.0,0.0,reported_conditioned_mlp,GOLIAT,,False,0.0,0.0,0.0001567430081195198,0.019804853014647954,0.045065748319029826,0.0,0.0,0.0,0.013983097858726937,0.1168230213224888,0.0,0.0,0.12936165183782578,0.9295337200164792,2.03572542667389
2043-10,2043-10-01,global_mlp,2026-03,9.974737000000001,0.0,0.11070356518030167,False,0.0,0.0,reported_conditioned_mlp,GOLIAT,,False,0.0,0.0,0.0,0.020936624892055975,0.045902191847562814,0.0,0.0,0.0,0.004787484649568751,0.12013614848256123,0.0,0.0,0.11070356518030167,0.8966540813446042,1.9956035137176515
2043-11,2043-11-01,global_mlp,2026-03,9.974737000000001,0.0,0.0799584910273552,False,0.0,0.0,reported_conditioned_mlp,GOLIAT,,False,0.0,0.0,0.0,0.022618667408823966,0.05038625746965409,0.0,0.0,0.0,0.0,0.09139679297804838,0.0,0.0,0.0799584910273552,0.8711633443832396,1.9684433579444889
2043-12,2043-12-01,global_mlp,2026-03,9.974737000000001,0.0,0.05455632880330086,False,0.0,0.0,reported_conditioned_mlp,GOLIAT,,False,0.0,0.0,0.0,0.023199946805834766,0.05008728764951231,0.0,0.0,0.0,0.0,0.05520334988832476,0.0,0.0,0.05455632880330086,0.8454549193382261,1.9442818760871887
2044-01,2044-01-01,global_mlp,2026-03,9.974737000000001,0.0,0.027253910899162292,False,0.0,0.0,reported_conditioned_mlp,GOLIAT,,False,0.0,0.0,0.0,0.024561855942010873,0.05015791170299053,0.0,0.0,0.0,0.0,0.049272118136286784,0.0,0.0,0.027253910899162292,0.818003052473068,1.9058801651000978
2044-02,2044-02-01,global_mlp,2026-03,9.974737000000001,0.0,0.0011317916214466095,False,0.0,0.0,reported_conditioned_mlp,GOLIAT,,False,0.0,0.0,0.0,0.024905980192124838,0.05037523582577707,0.0,0.0,0.0,0.0,0.11142397373914721,0.0,0.0,0.0011317916214466095,0.7746280789375303,1.8831180930137634
2044-03,2044-03-01,global_mlp,2026-03,9.974737000000001,0.0,0.0,False,0.0,0.0,reported_conditioned_mlp,GOLIAT,,False,0.0,0.0,0.0,0.017367737926542746,0.0371237561106682,0.0,0.0,0.0,0.0,0.17497152537107474,0.0,0.0,0.0,0.749233794212341,1.8389019131660471
2044-04,2044-04-01,global_mlp,2026-03,9.974737000000001,0.0,0.0,False,0.0,0.0,reported_conditioned_mlp,GOLIAT,,False,0.0,0.0,0.0,0.015870885364711273,0.040049621835351004,0.0,0.0,0.0,0.0994658179581164,0.26336475908756257,0.0,0.0,0.0,0.718721324205398,1.8202631711959851
2044-05,2044-05-01,global_mlp,2026-03,9.974737000000001,0.0,0.0,False,0.0,0.0,reported_conditioned_mlp,GOLIAT,,False,0.0,0.0,0.0,0.0190538303926587,0.041462215036153806,0.0,0.0,0.0,0.010261353850364552,0.13037639111280444,0.0,0.0,0.0,0.6964269399642941,1.799162459373474
2044-06,2044-06-01,global_mlp,2026-03,9.974737000000001,0.0,0.0,False,0.0,0.0,reported_conditioned_mlp,GOLIAT,,False,0.0,0.0,0.0,0.016877149231731888,0.03533829152584077,0.0,0.0,0.0,0.009693440236151185,0.13846931606531146,0.0,0.0,0.0,0.6699388682842252,1.7826084971427918
2044-07,2044-07-01,global_mlp,2026-03,9.974737000000001,0.0,0.0,False,0.0,0.0,reported_conditioned_mlp,GOLIAT,,False,0.0,0.0,0.0,0.013178077526390544,0.033555933088064226,0.0,0.0,0.0,0.018648786470294,0.15879756063222894,0.0,0.0,0.0,0.6452724277973173,1.7565791010856633
2044-08,2044-08-01,global_mlp,2026-03,9.974737000000001,0.0,0.0,False,0.0,0.0,reported_conditioned_mlp,GOLIAT,,False,0.0,0.0,0.0,0.01836434174329042,0.04046169295907021,0.0,0.0,0.0,0.0,0.08073097765445715,0.0,0.0,0.0,0.615780276060104,1.7280712962150575
2044-09,2044-09-01,global_mlp,2026-03,9.974737000000001,0.0,0.0,False,0.0,0.0,reported_conditioned_mlp,GOLIAT,,False,0.0,0.0,0.0,0.02075182534754276,0.04159040190279485,0.0,0.0,0.0,0.0,0.11096169352531433,0.0,0.0,0.0,0.5928560495376586,1.6965567231178285
2044-10,2044-10-01,global_mlp,2026-03,9.974737000000001,0.0,0.0,False,0.0,0.0,reported_conditioned_mlp,GOLIAT,,False,0.0,0.0,0.0,0.01532047037035218,0.03704198077321054,0.0,0.0,0.0,0.0,0.10721326246857646,0.0,0.0,0.0,0.5719824612140655,1.6646889567375187
2044-11,2044-11-01,global_mlp,2026-03,9.974737000000001,0.0,0.0,False,0.0,0.0,reported_conditioned_mlp,GOLIAT,,False,0.0,0.0,0.0,0.017547013051807836,0.04506544172763825,0.0,0.0,0.0,0.0,0.061939895525574766,0.0,0.0,0.0,0.5503922760486597,1.6518115997314455
2044-12,2044-12-01,global_mlp,2026-03,9.974737000000001,0.0,0.0,False,0.0,0.0,reported_conditioned_mlp,GOLIAT,,False,0.0,0.0,0.0,0.0199881974607706,0.04322419948875907,0.0,0.0,0.0,0.0,0.031355270370841064,0.0,0.0,0.0,0.5124794363975518,1.6330350995063783
2045-01,2045-01-01,global_mlp,2026-03,9.974737000000001,0.0,0.0,False,0.0,0.0,reported_conditioned_mlp,GOLIAT,,False,0.0,0.0,0.0,0.016676278039813034,0.04434599094092846,0.0,0.0,0.0,0.0,0.027477391064167037,0.0,0.0,0.0,0.4813398331403728,1.5870664477348333
2045-02,2045-02-01,global_mlp,2026-03,9.974737000000001,0.0,0.0,False,0.0,0.0,reported_conditioned_mlp,GOLIAT,,False,0.0,0.0,0.0,0.01651980597525834,0.04455455876886845,0.0,0.0,0.0,0.0,0.10590162277221686,0.0,0.0,0.0,0.4524449437856667,1.5488489151000981
2045-03,2045-03-01,global_mlp,2026-03,9.974737000000001,0.0,0.0,False,0.0,0.0,reported_conditioned_mlp,GOLIAT,,False,0.0,0.0,0.0,0.009567253664135907,0.03376223966479303,0.0,0.0,0.0,0.0,0.13492772579193124,0.0,0.0,0.0,0.42034769058227456,1.5104781746864333
2045-04,2045-04-01,global_mlp,2026-03,9.974737000000001,0.0,0.0,False,0.0,0.0,reported_conditioned_mlp,GOLIAT,,False,0.0,0.0,0.0,0.010472547542303782,0.030564747191965582,0.0,0.0,0.0,0.024941661953925845,0.21027996242046357,0.0,0.0,0.0,0.4103698700666422,1.495281219482423
2045-05,2045-05-01,global_mlp,2026-03,9.974737000000001,0.0,0.0,False,0.0,0.0,reported_conditioned_mlp,GOLIAT,,False,0.0,0.0,0.0,0.013643578253686377,0.030533099919557577,0.0,0.0,0.0,0.0,0.1043403878808022,0.0,0.0,0.0,0.3904553532600398,1.4739766597747814
2045-06,2045-06-01,global_mlp,2026-03,9.974737000000001,0.0,0.0,False,0.0,0.0,reported_conditioned_mlp,GOLIAT,,False,0.0,0.0,0.0,0.010884223971515889,0.027584170550107957,0.0,0.0,0.0,0.0,0.12183471247553829,0.0,0.0,0.0,0.36204989552497835,1.4477487444877635
2045-07,2045-07-01,global_mlp,2026-03,9.974737000000001,0.0,0.0,False,0.0,0.0,reported_conditioned_mlp,GOLIAT,,False,0.0,0.0,0.0,0.0102424619719386,0.02717266362160445,0.0,0.0,0.0,0.0,0.10428095832467096,0.0,0.0,0.0,0.32142465114593466,1.419541311264039
2045-08,2045-08-01,global_mlp,2026-03,9.974737000000001,0.0,0.0,False,0.0,0.0,reported_conditioned_mlp,GOLIAT,,False,0.0,0.0,0.0,0.010642038751393553,0.03322247825562956,0.0,0.0,0.0,0.0,0.06274165809154511,0.0,0.0,0.0,0.3044388711452481,1.402861857414246
2045-09,2045-09-01,global_mlp,2026-03,9.974737000000001,0.0,0.0,False,0.0,0.0,reported_conditioned_mlp,GOLIAT,,False,0.0,0.0,0.0,0.014019355084747066,0.036180261895060545,0.0,0.0,0.0,0.0,0.08242489174008372,0.0,0.0,0.0,0.27404274344444246,1.391475605964661
2045-10,2045-10-01,global_mlp,2026-03,9.974737000000001,0.0,0.0,False,0.0,0.0,reported_conditioned_mlp,GOLIAT,,False,0.0,0.0,0.0,0.01111439345404504,0.03665001057088376,0.0,0.0,0.0,0.0,0.06980141699314123,0.0,0.0,0.0,0.23934798836708027,1.3605830907821663
2045-11,2045-11-01,global_mlp,2026-03,9.974737000000001,0.0,0.0,False,0.0,0.0,reported_conditioned_mlp,GOLIAT,,False,0.0,0.0,0.0,0.010991846024990058,0.0403567247092724,0.0,0.0,0.0,0.0,0.02783670201897627,0.0,0.0,0.0,0.20175437033176324,1.3264718294143683
2045-12,2045-12-01,global_mlp,2026-03,9.974737000000001,0.0,0.0,False,0.0,0.0,reported_conditioned_mlp,GOLIAT,,False,0.0,0.0,0.0,0.012931622564792628,0.04137564860284328,0.0,0.0,0.0,0.0,0.04560495540499688,0.0,0.0,0.0,0.18130467236042014,1.3091202139854432
2046-01,2046-01-01,global_mlp,2026-03,9.974737000000001,0.0,0.0,False,0.0,0.0,reported_conditioned_mlp,GOLIAT,,False,0.0,0.0,0.0,0.011017054878175246,0.038297693431377414,0.0,0.0,0.0,0.0,0.019043914787471364,0.0,0.0,0.0,0.16771423220634438,1.2665112257003786
2046-02,2046-02-01,global_mlp,2026-03,9.974737000000001,0.0,0.0,False,0.0,0.0,reported_conditioned_mlp,GOLIAT,,False,0.0,0.0,0.0,0.006340871937572955,0.038166828826069865,0.0,0.0,0.0,0.0,0.0482987690716982,0.0,0.0,0.0,0.12530287951230948,1.2434699177742008
2046-03,2046-03-01,global_mlp,2026-03,9.974737000000001,0.0,0.0,False,0.0,0.0,reported_conditioned_mlp,GOLIAT,,False,0.0,0.0,0.0,0.0,0.027939589694142373,0.0,0.0,0.0,0.0,0.09692443981766702,0.0,0.0,0.0,0.09708962589502323,1.2345580577850344
2046-04,2046-04-01,global_mlp,2026-03,9.974737000000001,0.0,0.0,False,0.0,0.0,reported_conditioned_mlp,GOLIAT,,False,0.0,0.0,0.0,0.0,0.025568992644548417,0.0,0.0,0.0,0.0,0.21425264626741444,0.0,0.0,0.0,0.06633189618587479,1.2181235551834106
2046-05,2046-05-01,global_mlp,2026-03,9.974737000000001,0.0,0.0,False,0.0,0.0,reported_conditioned_mlp,GOLIAT,,False,0.0,0.0,0.0,0.005325285950675583,0.02782890982925892,0.0,0.0,0.0,0.0,0.08891945704817797,0.0,0.0,0.0,0.02823088280856541,1.1890263199806215
2046-06,2046-06-01,global_mlp,2026-03,9.974737000000001,0.0,0.0,False,0.0,0.0,reported_conditioned_mlp,GOLIAT,,False,0.0,0.0,0.0,0.0,0.02225640695542098,0.0,0.0,0.0,0.0,0.07416383549571037,0.0,0.0,0.0,0.0018842618912455564,1.1745452523231508
2046-07,2046-07-01,global_mlp,2026-03,9.974737000000001,0.0,0.0,False,0.0,0.0,reported_conditioned_mlp,GOLIAT,,False,0.0,0.0,0.0,0.0,0.01927034389227629,0.0,0.0,0.0,0.0,0.09461272954940796,0.0,0.0,0.0,0.0,1.1440498948097233
2046-08,2046-08-01,global_mlp,2026-03,9.974737000000001,0.0,0.0,False,0.0,0.0,reported_conditioned_mlp,GOLIAT,,False,0.0,0.0,0.0,0.0,0.025653976388275625,0.0,0.0,0.0,0.0,0.04400261305272579,0.0,0.0,0.0,0.0,1.1172500491142274
2046-09,2046-09-01,global_mlp,2026-03,9.974737000000001,0.0,0.0,False,0.0,0.0,reported_conditioned_mlp,GOLIAT,,False,0.0,0.0,0.0,0.0,0.028000977821648124,0.0,0.0,0.0,0.0,0.06948144882917409,0.0,0.0,0.0,0.0,1.0848316550254826
2046-10,2046-10-01,global_mlp,2026-03,9.974737000000001,0.0,0.0,False,0.0,0.0,reported_conditioned_mlp,GOLIAT,,False,0.0,0.0,0.0,0.0,0.02800048403441907,0.0,0.0,0.0,0.0,0.09118339419364932,0.0,0.0,0.0,0.0,1.0505633234977727
2046-11,2046-11-01,global_mlp,2026-03,9.974737000000001,0.0,0.0,False,0.0,0.0,reported_conditioned_mlp,GOLIAT,,False,0.0,0.0,0.0,0.0,0.029979857802391055,0.0,0.0,0.0,0.0,0.015818601753562825,0.0,0.0,0.0,0.0,1.0277833461761476
2046-12,2046-12-01,global_mlp,2026-03,9.974737000000001,0.0,0.0,False,0.0,0.0,reported_conditioned_mlp,GOLIAT,,False,0.0,0.0,0.0,0.0,0.03247895054519177,0.0,0.0,0.0,0.0,0.006368338968604868,0.0,0.0,0.0,0.0,0.9816619098186498
2047-01,2047-01-01,global_mlp,2026-03,9.974737000000001,0.0,0.0,False,0.0,0.0,reported_conditioned_mlp,GOLIAT,,False,0.0,0.0,0.0,0.0,0.033167946338653574,0.0,0.0,0.0,0.0,0.0,0.0,0.0,0.0,0.0,0.9576362550258638
2047-02,2047-02-01,global_mlp,2026-03,9.974737000000001,0.0,0.0,False,0.0,0.0,reported_conditioned_mlp,GOLIAT,,False,0.0,0.0,0.0,0.0,0.03356013894081116,0.0,0.0,0.0,0.0,0.02970503512769948,0.0,0.0,0.0,0.0,0.9135828733444219
2047-03,2047-03-01,global_mlp,2026-03,9.974737000000001,0.0,0.0,False,0.0,0.0,reported_conditioned_mlp,GOLIAT,,False,0.0,0.0,0.0,0.0,0.022793308645486864,0.0,0.0,0.0,0.0,0.07938998714089396,0.0,0.0,0.0,0.0,0.8944986581802378
2047-04,2047-04-01,global_mlp,2026-03,9.974737000000001,0.0,0.0,False,0.0,0.0,reported_conditioned_mlp,GOLIAT,,False,0.0,0.0,0.0,0.0,0.023065603710711008,0.0,0.0,0.0,0.0,0.17629993706941607,0.0,0.0,0.0,0.0,0.8850159943103798
2047-05,2047-05-01,global_mlp,2026-03,9.974737000000001,0.0,0.0,False,0.0,0.0,reported_conditioned_mlp,GOLIAT,,False,0.0,0.0,0.0,0.0,0.02538807634264231,0.0,0.0,0.0,0.0,0.026850672438740994,0.0,0.0,0.0,0.0,0.8750380754470831
2047-06,2047-06-01,global_mlp,2026-03,9.974737000000001,0.0,0.0,False,0.0,0.0,reported_conditioned_mlp,GOLIAT,,False,0.0,0.0,0.0,0.0,0.020493264682590964,0.0,0.0,0.0,0.0,0.059295647963881586,0.0,0.0,0.0,0.0,0.8416099607944496
2047-07,2047-07-01,global_mlp,2026-03,9.974737000000001,0.0,0.0,False,0.0,0.0,reported_conditioned_mlp,GOLIAT,,False,0.0,0.0,0.0,0.0,0.01844164319336415,0.0,0.0,0.0,0.0,0.06350203454494478,0.0,0.0,0.0,0.0,0.8247607409954075
2047-08,2047-08-01,global_mlp,2026-03,9.974737000000001,0.0,0.0,False,0.0,0.0,reported_conditioned_mlp,GOLIAT,,False,0.0,0.0,0.0,0.0,0.023194308020174505,0.0,0.0,0.0,0.0,0.011653084866702674,0.0,0.0,0.0,0.0,0.8075366199016573
2047-09,2047-09-01,global_mlp,2026-03,9.974737000000001,0.0,0.0,False,0.0,0.0,reported_conditioned_mlp,GOLIAT,,False,0.0,0.0,0.0,0.0,0.024709080718457697,0.0,0.0,0.0,0.0,0.04701808765530596,0.0,0.0,0.0,0.0,0.7820393264293679
2047-10,2047-10-01,global_mlp,2026-03,9.974737000000001,0.0,0.0,False,0.0,0.0,reported_conditioned_mlp,GOLIAT,,False,0.0,0.0,0.0,0.0,0.022623360902071003,0.0,0.0,0.0,0.0,0.0498116899281741,0.0,0.0,0.0,0.0,0.7664582550525666
2047-11,2047-11-01,global_mlp,2026-03,9.974737000000001,0.0,0.0,False,0.0,0.0,reported_conditioned_mlp,GOLIAT,,False,0.0,0.0,0.0,0.0,0.028972826153039942,0.0,0.0,0.0,0.0,3.102018963546266e-05,0.0,0.0,0.0,0.0,0.712177574634552
2047-12,2047-12-01,global_mlp,2026-03,9.974737000000001,0.0,0.0,False,0.0,0.0,reported_conditioned_mlp,GOLIAT,,False,0.0,0.0,0.0,0.0,0.02917892858386041,0.0,0.0,0.0,0.0,0.0,0.0,0.0,0.0,0.0,0.6524002254009252
2048-01,2048-01-01,global_mlp,2026-03,9.974737000000001,0.0,0.0,False,0.0,0.0,reported_conditioned_mlp,GOLIAT,,False,0.0,0.0,0.0,0.0,0.028001662716269513,0.0,0.0,0.0,0.0,0.0,0.0,0.0,0.0,0.0,0.6236794352531436
2048-02,2048-02-01,global_mlp,2026-03,9.974737000000001,0.0,0.0,False,0.0,0.0,reported_conditioned_mlp,GOLIAT,,False,0.0,0.0,0.0,0.0,0.03137585818767548,0.0,0.0,0.0,0.0,0.0001723714405671154,0.0,0.0,0.0,0.0,0.5656364381313327
2048-03,2048-03-01,global_mlp,2026-03,9.974737000000001,0.0,0.0,False,0.0,0.0,reported_conditioned_mlp,GOLIAT,,False,0.0,0.0,0.0,0.0,0.022455442696809776,0.0,0.0,0.0,0.0,0.06164395883679404,0.0,0.0,0.0,0.0,0.5592707395553591
2048-04,2048-04-01,global_mlp,2026-03,9.974737000000001,0.0,0.0,False,0.0,0.0,reported_conditioned_mlp,GOLIAT,,False,0.0,0.0,0.0,0.0,0.020678501762449758,0.0,0.0,0.0,0.0,0.14607301503419878,0.0,0.0,0.0,0.0,0.5372725844383243
2048-05,2048-05-01,global_mlp,2026-03,9.974737000000001,0.0,0.0,False,0.0,0.0,reported_conditioned_mlp,GOLIAT,,False,0.0,0.0,0.0,0.0,0.020412568375468256,0.0,0.0,0.0,0.0,0.03255464509129529,0.0,0.0,0.0,0.0,0.5154332518577579
2048-06,2048-06-01,global_mlp,2026-03,9.974737000000001,0.0,0.0,False,0.0,0.0,reported_conditioned_mlp,GOLIAT,,False,0.0,0.0,0.0,0.0,0.016422639600932598,0.0,0.0,0.0,0.0,0.04026478715240963,0.0,0.0,0.0,0.0,0.4997904241085058
2048-07,2048-07-01,global_mlp,2026-03,9.974737000000001,0.0,0.0,False,0.0,0.0,reported_conditioned_mlp,GOLIAT,,False,0.0,0.0,0.0,0.0,0.014895423222333198,0.0,0.0,0.0,0.0,0.010759490448981593,0.0,0.0,0.0,0.0,0.4729244261980067
2048-08,2048-08-01,global_mlp,2026-03,9.974737000000001,0.0,0.0,False,0.0,0.0,reported_conditioned_mlp,GOLIAT,,False,0.0,0.0,0.0,0.0,0.016619150526821617,0.0,0.0,0.0,0.0,0.0,0.0,0.0,0.0,0.0,0.4558765023946767
2048-09,2048-09-01,global_mlp,2026-03,9.974737000000001,0.0,0.0,False,0.0,0.0,reported_conditioned_mlp,GOLIAT,,False,0.0,0.0,0.0,0.0,0.01826755944639446,0.0,0.0,0.0,0.0,0.0,0.0,0.0,0.0,0.0,0.4309759259223939
2048-10,2048-10-01,global_mlp,2026-03,9.974737000000001,0.0,0.0,False,0.0,0.0,reported_conditioned_mlp,GOLIAT,,False,0.0,0.0,0.0,0.0,0.01750610582530501,0.0,0.0,0.0,0.0,0.002735552377998846,0.0,0.0,0.0,0.0,0.39137005805969327
2048-11,2048-11-01,global_mlp,2026-03,9.974737000000001,0.0,0.0,False,0.0,0.0,reported_conditioned_mlp,GOLIAT,,False,0.0,0.0,0.0,0.0,0.016456943564116977,0.0,0.0,0.0,0.0,0.0,0.0,0.0,0.0,0.0,0.3462779790163049
2048-12,2048-12-01,global_mlp,2026-03,9.974737000000001,0.0,0.0,False,0.0,0.0,reported_conditioned_mlp,GOLIAT,,False,0.0,0.0,0.0,0.0,0.018527013063430794,0.0,0.0,0.0,0.0,0.0,0.0,0.0,0.0,0.0,0.31695382595062327
2049-01,2049-01-01,global_mlp,2026-03,9.974737000000001,0.0,0.0,False,0.0,0.0,reported_conditioned_mlp,GOLIAT,,False,0.0,0.0,0.0,0.0,0.019204954244196416,0.0,0.0,0.0,0.0,0.0,0.0,0.0,0.0,0.0,0.2813294619321829
2049-02,2049-02-01,global_mlp,2026-03,9.974737000000001,0.0,0.0,False,0.0,0.0,reported_conditioned_mlp,GOLIAT,,False,0.0,0.0,0.0,0.0,0.01895039957016707,0.0,0.0,0.0,0.0,0.0,0.0,0.0,0.0,0.0,0.24735924452543262
2049-03,2049-03-01,global_mlp,2026-03,9.974737000000001,0.0,0.0,False,0.0,0.0,reported_conditioned_mlp,GOLIAT,,False,0.0,0.0,0.0,0.0,0.010111655294895267,0.0,0.0,0.0,0.0,0.0,0.0,0.0,0.0,0.0,0.21542038321495097
2049-04,2049-04-01,global_mlp,2026-03,9.974737000000001,0.0,0.0,False,0.0,0.0,reported_conditioned_mlp,GOLIAT,,False,0.0,0.0,0.0,0.0,0.014068745449185394,0.0,0.0,0.0,0.0,0.05511653646826757,0.0,0.0,0.0,0.0,0.17605490386486056
2049-05,2049-05-01,global_mlp,2026-03,9.974737000000001,0.0,0.0,False,0.0,0.0,reported_conditioned_mlp,GOLIAT,,False,0.0,0.0,0.0,0.0,0.014575145393610016,0.0,0.0,0.0,0.0,0.0,0.0,0.0,0.0,0.0,0.1539478555321696
2049-06,2049-06-01,global_mlp,2026-03,9.974737000000001,0.0,0.0,False,0.0,0.0,reported_conditioned_mlp,GOLIAT,,False,0.0,0.0,0.0,0.0,0.013346832245588346,0.0,0.0,0.0,0.0,0.0,0.0,0.0,0.0,0.0,0.13227196484804185
2049-07,2049-07-01,global_mlp,2026-03,9.974737000000001,0.0,0.0,False,0.0,0.0,reported_conditioned_mlp,GOLIAT,,False,0.0,0.0,0.0,0.0,0.009619322512298833,0.0,0.0,0.0,0.0,0.00029190354980534994,0.0,0.0,0.0,0.0,0.10482961758971292
2049-08,2049-08-01,global_mlp,2026-03,9.974737000000001,0.0,0.0,False,0.0,0.0,reported_conditioned_mlp,GOLIAT,,False,0.0,0.0,0.0,0.0,0.00807494893670085,0.0,0.0,0.0,0.0,0.0,0.0,0.0,0.0,0.0,0.08041411787271563
2049-09,2049-09-01,global_mlp,2026-03,9.974737000000001,0.0,0.0,False,0.0,0.0,reported_conditioned_mlp,GOLIAT,,False,0.0,0.0,0.0,0.0,0.009554320853203544,0.0,0.0,0.0,0.0,0.0,0.0,0.0,0.0,0.0,0.06751199215650588
2049-10,2049-10-01,global_mlp,2026-03,9.974737000000001,0.0,0.0,False,0.0,0.0,reported_conditioned_mlp,GOLIAT,,False,0.0,0.0,0.0,0.0,0.000263021746650398,0.0,0.0,0.0,0.0,0.0,0.0,0.0,0.0,0.0,0.044544279947877116
2049-11,2049-11-01,global_mlp,2026-03,9.974737000000001,0.0,0.0,False,0.0,0.0,reported_conditioned_mlp,GOLIAT,,False,0.0,0.0,0.0,0.0,0.001711022155359523,0.0,0.0,0.0,0.0,0.0,0.0,0.0,0.0,0.0,0.012399419024587192
2049-12,2049-12-01,global_mlp,2026-03,9.974737000000001,0.0,0.0,False,0.0,0.0,reported_conditioned_mlp,GOLIAT,,False,0.0,0.0,0.0,0.0,0.0,0.0,0.0,0.0,0.0,0.0,0.0,0.0,0.0,0.0,0.0
2050-01,2050-01-01,global_mlp,2026-03,9.974737000000001,0.0,0.0,False,0.0,0.0,reported_conditioned_mlp,GOLIAT,,False,0.0,0.0,0.0,0.0,0.0,0.0,0.0,0.0,0.0,0.0,0.0,0.0,0.0,0.0,0.0
2050-02,2050-02-01,global_mlp,2026-03,9.974737000000001,0.0,0.0,False,0.0,0.0,reported_conditioned_mlp,GOLIAT,,False,0.0,0.0,0.0,0.0,0.0,0.0,0.0,0.0,0.0,0.0,0.0,0.0,0.0,0.0,0.0
2050-03,2050-03-01,global_mlp,2026-03,9.974737000000001,0.0,0.0,False,0.0,0.0,reported_conditioned_mlp,GOLIAT,,False,0.0,0.0,0.0,0.0,0.0,0.0,0.0,0.0,0.0,0.0,0.0,0.0,0.0,0.0,0.0
2050-04,2050-04-01,global_mlp,2026-03,9.974737000000001,0.0,0.0,False,0.0,0.0,reported_conditioned_mlp,GOLIAT,,False,0.0,0.0,0.0,0.0,0.0,0.0,0.0,0.0,0.0,0.0,0.0,0.0,0.0,0.0,0.0
2050-05,2050-05-01,global_mlp,2026-03,9.974737000000001,0.0,0.0,False,0.0,0.0,reported_conditioned_mlp,GOLIAT,,False,0.0,0.0,0.0,0.0,0.0,0.0,0.0,0.0,0.0,0.0,0.0,0.0,0.0,0.0,0.0
2050-06,2050-06-01,global_mlp,2026-03,9.974737000000001,0.0,0.0,False,0.0,0.0,reported_conditioned_mlp,GOLIAT,,False,0.0,0.0,0.0,0.0,0.0,0.0,0.0,0.0,0.0,0.0,0.0,0.0,0.0,0.0,0.0
2050-07,2050-07-01,global_mlp,2026-03,9.974737000000001,0.0,0.0,False,0.0,0.0,reported_conditioned_mlp,GOLIAT,,False,0.0,0.0,0.0,0.0,0.0,0.0,0.0,0.0,0.0,0.0,0.0,0.0,0.0,0.0,0.0
2050-08,2050-08-01,global_mlp,2026-03,9.974737000000001,0.0,0.0,False,0.0,0.0,reported_conditioned_mlp,GOLIAT,,False,0.0,0.0,0.0,0.0,0.0,0.0,0.0,0.0,0.0,0.0,0.0,0.0,0.0,0.0,0.0
2050-09,2050-09-01,global_mlp,2026-03,9.974737000000001,0.0,0.0,False,0.0,0.0,reported_conditioned_mlp,GOLIAT,,False,0.0,0.0,0.0,0.0,0.0,0.0,0.0,0.0,0.0,0.0,0.0,0.0,0.0,0.0,0.0
2050-10,2050-10-01,global_mlp,2026-03,9.974737000000001,0.0,0.0,False,0.0,0.0,reported_conditioned_mlp,GOLIAT,,False,0.0,0.0,0.0,0.0,0.0,0.0,0.0,0.0,0.0,0.0,0.0,0.0,0.0,0.0,0.0
2050-11,2050-11-01,global_mlp,2026-03,9.974737000000001,0.0,0.0,False,0.0,0.0,reported_conditioned_mlp,GOLIAT,,False,0.0,0.0,0.0,0.0,0.0,0.0,0.0,0.0,0.0,0.0,0.0,0.0,0.0,0.0,0.0
2050-12,2050-12-01,global_mlp,2026-03,9.974737000000001,0.0,0.0,False,0.0,0.0,reported_conditioned_mlp,GOLIAT,,False,0.0,0.0,0.0,0.0,0.0,0.0,0.0,0.0,0.0,0.0,0.0,0.0,0.0,0.0,0.0
2051-01,2051-01-01,global_mlp,2026-03,9.974737000000001,0.0,0.0,False,0.0,0.0,reported_conditioned_mlp,GOLIAT,,False,0.0,0.0,0.0,0.0,0.0,0.0,0.0,0.0,0.0,0.0,0.0,0.0,0.0,0.0,0.0
2051-02,2051-02-01,global_mlp,2026-03,9.974737000000001,0.0,0.0,False,0.0,0.0,reported_conditioned_mlp,GOLIAT,,False,0.0,0.0,0.0,0.0,0.0,0.0,0.0,0.0,0.0,0.0,0.0,0.0,0.0,0.0,0.0
2051-03,2051-03-01,global_mlp,2026-03,9.974737000000001,0.0,0.0,False,0.0,0.0,reported_conditioned_mlp,GOLIAT,,False,0.0,0.0,0.0,0.0,0.0,0.0,0.0,0.0,0.0,0.0,0.0,0.0,0.0,0.0,0.0
