month,date,variant,cutoff_month,remaining_reserves_start_msm3oe,production_forecast_msm3oe,remaining_reserves_end_msm3oe,production_was_clipped,fuel_gas_forecast_msm3,fuel_gas_forecast_sm3,fuel_forecast_method,fuel_source_field,fuel_zero_from_month,fuel_zero_override_applied,production_forecast_msm3oe_q10,production_forecast_msm3oe_q30,production_forecast_msm3oe_q50,production_forecast_msm3oe_q70,production_forecast_msm3oe_q90,fuel_gas_forecast_msm3_q10,fuel_gas_forecast_msm3_q30,fuel_gas_forecast_msm3_q50,fuel_gas_forecast_msm3_q70,fuel_gas_forecast_msm3_q90,remaining_reserves_end_msm3oe_q10,remaining_reserves_end_msm3oe_q30,remaining_reserves_end_msm3oe_q50,remaining_reserves_end_msm3oe_q70,remaining_reserves_end_msm3oe_q90
2026-04,2026-04-01,global_mlp,2026-03,32.912333000000004,0.34827569127082825,32.56405830383301,False,1.2796782851219177,1279678.2851219177,reported_conditioned_mlp,BALDER,,False,0.24104027599096298,0.31170864403247833,0.34827569127082825,0.39451411068439474,0.4887653231620789,0.33915269076824195,0.8943590998649597,1.2796782851219177,1.853775584697723,2.829252576828003,32.42356986999512,32.51781997680664,32.56405830383301,32.60062599182129,32.671294403076175
2026-05,2026-05-01,global_mlp,2026-03,32.912333000000004,0.32739508152008057,32.24229049682617,False,1.1270731687545776,1127073.1687545776,reported_conditioned_mlp,BALDER,,False,0.22055282741785048,0.286766642332077,0.32739508152008057,0.3679021209478378,0.45766700208187105,0.23475389182567602,0.7059574306011198,1.1270731687545776,1.5949972987174987,2.467583823204041,31.995265579223634,32.15925331115723,32.24229049682617,32.31049575805664,32.407501220703125
2026-06,2026-06-01,global_mlp,2026-03,32.912333000000004,0.31987611949443817,31.93130588531494,False,1.0499155521392822,1049915.5521392822,reported_conditioned_mlp,BALDER,,False,0.22230446487665176,0.283272522687912,0.31987611949443817,0.36769433319568634,0.4380103796720505,0.21882006973028184,0.7300562798976898,1.0499155521392822,1.506337022781372,2.3675597667694093,31.585978507995605,31.81519718170166,31.93130588531494,32.015607070922854,32.159257125854495
2026-07,2026-07-01,global_mlp,2026-03,32.912333000000004,0.32282064855098724,31.609143257141113,False,1.2492334246635437,1249233.4246635437,reported_conditioned_mlp,BALDER,,False,0.22330007553100586,0.2866236239671707,0.32282064855098724,0.3611029475927352,0.4341327011585236,0.29213526844978344,0.8328126907348633,1.2492334246635437,1.7023131251335142,2.7305172443389893,31.15724048614502,31.472851181030272,31.609143257141113,31.7254545211792,31.919075775146485
2026-08,2026-08-01,global_mlp,2026-03,32.912333000000004,0.32927416265010834,31.288846015930176,False,1.09160977602005,1091609.77602005,reported_conditioned_mlp,BALDER,,False,0.22174463272094727,0.27984392642974854,0.32927416265010834,0.37547318637371063,0.44959821701049807,0.2061105042696001,0.6719225704669952,1.09160977602005,1.634265542030333,2.4388750791549683,30.717627716064452,31.118176460266113,31.288846015930176,31.438595962524413,31.663833618164062
2026-09,2026-09-01,global_mlp,2026-03,32.912333000000004,0.34414422512054443,30.94552993774414,False,1.01243257522583,1012432.5752258301,reported_conditioned_mlp,BALDER,,False,0.23070353865623475,0.29406241476535794,0.34414422512054443,0.3979996025562286,0.4986585557460785,0.10656224414706232,0.5570788145065307,1.01243257522583,1.4977204918861389,2.324489378929138,30.23481101989746,30.73383312225342,30.94552993774414,31.141207695007324,31.399981880187987
2026-10,2026-10-01,global_mlp,2026-03,32.912333000000004,0.34039783477783203,30.610434532165527,False,1.1686476469039917,1168647.6469039917,reported_conditioned_mlp,BALDER,,False,0.22525523602962494,0.2893961578607559,0.34039783477783203,0.39651612043380735,0.495968845486641,0.2119588971138002,0.7611861765384673,1.1686476469039917,1.595182168483734,2.5478593826293956,29.744457626342772,30.329460525512694,30.610434532165527,30.822029304504394,31.13165340423584
2026-11,2026-11-01,global_mlp,2026-03,32.912333000000004,0.34810954332351685,30.254897117614746,False,1.2950093746185303,1295009.3746185303,reported_conditioned_mlp,BALDER,,False,0.229942387342453,0.2975133925676346,0.34810954332351685,0.40642397403717034,0.5492775619029999,0.15225076526403428,0.9059124529361725,1.2950093746185303,1.7129286646842956,2.496023797988892,29.277108573913573,29.917008018493654,30.254897117614746,30.501983833312988,30.87870845794678
2026-12,2026-12-01,global_mlp,2026-03,32.912333000000004,0.35251767933368683,29.876442909240723,False,1.0837867259979248,1083786.7259979248,reported_conditioned_mlp,BALDER,,False,0.22752361744642258,0.3014735102653503,0.35251767933368683,0.42620803713798505,0.5764855325222017,0.1671899884939194,0.6861716330051421,1.0837867259979248,1.4465486407279968,2.087095046043397,28.66248550415039,29.506770515441893,29.876442909240723,30.206757926940917,30.650363731384278
2027-01,2027-01-01,global_mlp,2026-03,32.912333000000004,0.33320584893226624,29.548945426940918,False,1.0668344497680664,1066834.4497680664,reported_conditioned_mlp,BALDER,,False,0.2172769322991371,0.29063414335250853,0.33320584893226624,0.4080344319343567,0.5995431005954743,0.12977913171052935,0.6657530844211578,1.0668344497680664,1.465254831314087,2.1655339479446414,28.121642684936525,29.097592735290526,29.548945426940918,29.885048484802244,30.396061134338378
2027-02,2027-02-01,global_mlp,2026-03,32.912333000000004,0.34214767813682556,29.170557022094727,False,1.0776453018188477,1077645.3018188477,reported_conditioned_mlp,BALDER,,False,0.20047681182622915,0.2859241932630539,0.34214767813682556,0.4141732424497604,0.6381271898746491,0.17121115624904631,0.690831834077835,1.0776453018188477,1.4093835473060605,2.108251452445984,27.457699012756347,28.632834815979002,29.170557022094727,29.628844451904296,30.204014587402344
2027-03,2027-03-01,global_mlp,2026-03,32.912333000000004,0.32332493364810944,28.846911430358887,False,1.0522752404212952,1052275.2404212952,reported_conditioned_mlp,BALDER,,False,0.18786480277776718,0.2762854337692261,0.32332493364810944,0.39877167046070067,0.6726204812526703,0.13283483088016523,0.6571812391281128,1.0522752404212952,1.3508235931396482,1.9084129214286805,26.78417854309082,28.155765724182128,28.846911430358887,29.342675018310548,29.97018337249756
2027-04,2027-04-01,global_mlp,2026-03,32.912333000000004,0.28631214797496796,28.565049171447754,False,1.1306750178337097,1130675.0178337097,reported_conditioned_mlp,BALDER,,False,0.14810354262590408,0.2161475583910942,0.28631214797496796,0.3854802221059798,0.5953120887279512,0.3648124307394028,0.813943839073181,1.1306750178337097,1.6294516801834098,2.815654420852663,26.1667121887207,27.741617012023926,28.565049171447754,29.111791229248045,29.74028491973877
2027-05,2027-05-01,global_mlp,2026-03,32.912333000000004,0.2653401345014572,28.303603172302246,False,1.0207610130310059,1020761.0130310059,reported_conditioned_mlp,BALDER,,False,0.15007718205451964,0.21485862135887146,0.2653401345014572,0.3479824215173721,0.5295507192611696,0.22672849595546735,0.6910001456737518,1.0207610130310059,1.3336090326309202,2.361483788490296,25.61310806274414,27.42946605682373,28.303603172302246,28.913900947570802,29.544571113586425
2027-06,2027-06-01,global_mlp,2026-03,32.912333000000004,0.26994602382183075,28.027324676513672,False,0.9635289311408997,963528.9311408997,reported_conditioned_mlp,BALDER,,False,0.15029855668544773,0.2199476107954979,0.26994602382183075,0.3504581570625304,0.5232811033725739,0.27231585383415224,0.6784281730651854,0.9635289311408997,1.4018074631690978,2.1771828413009646,24.976004600524902,27.10112133026123,28.027324676513672,28.675642585754396,29.36498279571533
2027-07,2027-07-01,global_mlp,2026-03,32.912333000000004,0.2682695686817169,27.746261596679688,False,1.0509986281394958,1050998.6281394958,reported_conditioned_mlp,BALDER,,False,0.1543873205780983,0.21908180713653563,0.2682695686817169,0.3459691911935806,0.5116491794586182,0.2494497910141945,0.6817620515823364,1.0509986281394958,1.3964114785194395,2.293212866783143,24.654697227478028,26.766867065429686,27.746261596679688,28.460961914062498,29.18181037902832
2027-08,2027-08-01,global_mlp,2026-03,32.912333000000004,0.27012312412261963,27.506823539733887,False,0.8655242621898651,865524.2621898651,reported_conditioned_mlp,BALDER,,False,0.1425112307071686,0.2167483851313591,0.27012312412261963,0.34785957336425777,0.5115540802478792,0.15700367540121085,0.5616949081420898,0.8655242621898651,1.2422600626945492,2.344394683837891,24.105845642089843,26.458648300170896,27.506823539733887,28.262405586242675,29.00053939819336
2027-09,2027-09-01,global_mlp,2026-03,32.912333000000004,0.28333674371242523,27.19550609588623,False,0.870136559009552,870136.559009552,reported_conditioned_mlp,BALDER,,False,0.15853310525417327,0.2265079513192177,0.28333674371242523,0.3604059547185897,0.5860506057739258,0.12466235682368286,0.5501518905162811,0.870136559009552,1.2848861694335934,2.079540133476258,23.70659294128418,26.131449127197264,27.19550609588623,27.988122367858885,28.82231922149658
2027-10,2027-10-01,global_mlp,2026-03,32.912333000000004,0.28605109453201294,26.873701095581055,False,0.9423670470714569,942367.0470714569,reported_conditioned_mlp,BALDER,,False,0.14346361607313157,0.2190566897392273,0.28605109453201294,0.3724380433559416,0.5984678387641907,0.1781399860978127,0.6284791231155394,0.9423670470714569,1.316452372074127,2.1022777080535895,23.02643814086914,25.722793960571288,26.873701095581055,27.765116691589355,28.61857204437256
2027-11,2027-11-01,global_mlp,2026-03,32.912333000000004,0.31038011610507965,26.536839485168457,False,1.0722262859344482,1072226.2859344482,reported_conditioned_mlp,BALDER,,False,0.1709495484828949,0.24602262526750562,0.31038011610507965,0.39030951261520386,0.6491099774837497,0.20818034708499916,0.7321586370468139,1.0722262859344482,1.4699524641036985,2.1837980747222905,22.31550827026367,25.332133865356443,26.536839485168457,27.535236167907712,28.371176528930665
2027-12,2027-12-01,global_mlp,2026-03,32.912333000000004,0.3071412444114685,26.233980178833008,False,0.9301954805850983,930195.4805850983,reported_conditioned_mlp,BALDER,,False,0.16055266708135604,0.24307273775339128,0.3071412444114685,0.40357103049755083,0.6470036685466767,0.10997974500060088,0.5972663819789886,0.9301954805850983,1.253202450275421,1.9906596660614015,21.73842582702637,24.909945678710937,26.233980178833008,27.270024299621582,28.212477684020996
2028-01,2028-01-01,global_mlp,2026-03,32.912333000000004,0.3097812086343765,25.919471740722656,False,0.8513867855072021,851386.7855072021,reported_conditioned_mlp,BALDER,,False,0.17417021840810776,0.2475241720676422,0.3097812086343765,0.39820446372032164,0.6355513989925385,0.07939858734607701,0.5198596954345703,0.8513867855072021,1.2046828031539916,1.7815983653068543,20.93013801574707,24.529991340637206,25.919471740722656,27.015263557434082,28.014167022705077
2028-02,2028-02-01,global_mlp,2026-03,32.912333000000004,0.30750614404678345,25.526862144470215,False,0.9097548425197601,909754.8425197601,reported_conditioned_mlp,BALDER,,False,0.16828279495239257,0.24127404838800431,0.30750614404678345,0.39742805957794186,0.6344085395336152,0.07160079963505278,0.5919666349887847,0.9097548425197601,1.297340404987335,2.0268617391586305,20.40317440032959,24.170905113220215,25.526862144470215,26.770457839965818,27.819893074035644
2028-03,2028-03-01,global_mlp,2026-03,32.912333000000004,0.3010336756706238,25.2202091217041,False,0.8720801472663879,872080.1472663879,reported_conditioned_mlp,BALDER,,False,0.15237005650997165,0.22322678864002227,0.3010336756706238,0.3838459521532059,0.6722007811069494,0.013106048107147283,0.5225095748901367,0.8720801472663879,1.2646146297454834,2.066107344627381,19.62305393218994,23.728255653381346,25.2202091217041,26.52190074920654,27.650175476074217
2028-04,2028-04-01,global_mlp,2026-03,32.912333000000004,0.2526196986436844,24.983925819396973,False,1.0518237352371216,1051823.7352371216,reported_conditioned_mlp,BALDER,,False,0.12180362343788147,0.18571576327085496,0.2526196986436844,0.34962572157382943,0.5892148137092593,0.25440634638071064,0.6845268964767456,1.0518237352371216,1.3862023353576651,2.8555380344390873,19.156154823303222,23.41671657562256,24.983925819396973,26.33338737487793,27.495640182495116
2028-05,2028-05-01,global_mlp,2026-03,32.912333000000004,0.2390187755227089,24.807454109191895,False,0.9591939449310303,959193.9449310303,reported_conditioned_mlp,BALDER,,False,0.11654512435197832,0.18570125699043274,0.2390187755227089,0.32156521081924433,0.5428280472755435,0.18390427678823476,0.6250424861907958,0.9591939449310303,1.3529407143592833,2.500741529464722,18.558279418945315,23.116512870788576,24.807454109191895,26.17873973846435,27.30713481903076
2028-06,2028-06-01,global_mlp,2026-03,32.912333000000004,0.23600095510482788,24.57082176208496,False,0.9198367297649384,919836.7297649384,reported_conditioned_mlp,BALDER,,False,0.1143388606607914,0.18503418415784834,0.23600095510482788,0.32042982876300785,0.5372905969619752,0.09391996413469317,0.5946279406547547,0.9198367297649384,1.4005336165428155,2.271340560913086,18.056983757019044,22.78432502746582,24.57082176208496,25.93124771118164,27.143541526794433
2028-07,2028-07-01,global_mlp,2026-03,32.912333000000004,0.2283034771680832,24.347904205322266,False,0.9747053980827332,974705.3980827332,reported_conditioned_mlp,BALDER,,False,0.12046264484524727,0.17973521202802656,0.2283034771680832,0.30307881534099573,0.5119333863258363,0.10084632113575936,0.5971899390220642,0.9747053980827332,1.3438464283943174,2.642049288749695,17.802576446533205,22.514226150512695,24.347904205322266,25.71450595855713,26.988248443603517
2028-08,2028-08-01,global_mlp,2026-03,32.912333000000004,0.22903569787740707,24.101665496826172,False,0.7986104190349579,798610.4190349579,reported_conditioned_mlp,BALDER,,False,0.10247440710663798,0.1667970448732376,0.22903569787740707,0.31268754601478577,0.5249537467956545,0.0384519971907139,0.4919906109571457,0.7986104190349579,1.205417656898498,2.5264911651611333,17.403287315368654,22.212016105651855,24.101665496826172,25.529821014404295,26.817191314697265
2028-09,2028-09-01,global_mlp,2026-03,32.912333000000004,0.24595682322978973,23.85949420928955,False,0.8094246089458466,809424.6089458466,reported_conditioned_mlp,BALDER,,False,0.10657021030783655,0.1856854483485222,0.24595682322978973,0.33493071198463437,0.5867932200431825,0.016930166073143512,0.41536483764648435,0.8094246089458466,1.1943629860877987,2.3289802312850965,16.756848716735842,21.90841407775879,23.85949420928955,25.34705924987793,26.713219833374023
2028-10,2028-10-01,global_mlp,2026-03,32.912333000000004,0.2452344223856926,23.489054679870605,False,0.8690300285816193,869030.0285816193,reported_conditioned_mlp,BALDER,,False,0.11665754839777946,0.18718478679656983,0.2452344223856926,0.34345487356185905,0.5707477867603302,0.10646864250302315,0.5874737679958343,0.8690300285816193,1.27046799659729,2.4183722734451294,16.191198348999023,21.53453025817871,23.489054679870605,25.108447456359862,26.552236557006836
2028-11,2028-11-01,global_mlp,2026-03,32.912333000000004,0.2694585621356964,23.257366180419922,False,0.9944356679916382,994435.6679916382,reported_conditioned_mlp,BALDER,,False,0.1285730987787247,0.1950310349464416,0.2694585621356964,0.36270556151866906,0.6318570852279667,0.04504913613200189,0.6643231809139252,0.9944356679916382,1.4165217518806452,2.381702780723572,15.748534393310548,21.098707389831542,23.257366180419922,24.882507133483887,26.39418125152588
2028-12,2028-12-01,global_mlp,2026-03,32.912333000000004,0.26069052517414093,23.041133880615234,False,0.8472446799278259,847244.6799278259,reported_conditioned_mlp,BALDER,,False,0.11923672556877137,0.19206001311540602,0.26069052517414093,0.3464743912220001,0.6246319055557252,0.03151569738984115,0.5340539157390594,0.8472446799278259,1.170083856582641,2.150748753547669,15.076406288146973,20.66037063598633,23.041133880615234,24.648321723937986,26.217866134643554
2029-01,2029-01-01,global_mlp,2026-03,32.912333000000004,0.2689855843782425,22.750394821166992,False,0.7621946930885315,762194.6930885315,reported_conditioned_mlp,BALDER,,False,0.12577422484755518,0.20072461366653443,0.2689855843782425,0.36979403793811794,0.6449907660484314,0.0,0.44824265539646146,0.7621946930885315,1.0743295192718505,1.8290802121162426,14.58639726638794,20.39545097351074,22.750394821166992,24.377862739562985,26.05422706604004
2029-02,2029-02-01,global_mlp,2026-03,32.912333000000004,0.25912341475486755,22.503762245178223,False,0.8395211398601532,839521.1398601532,reported_conditioned_mlp,BALDER,,False,0.11795023232698441,0.1861372500658035,0.25912341475486755,0.38437305092811574,0.6953157067298892,0.0,0.49069132506847374,0.8395211398601532,1.1687704801559444,2.0376764297485357,13.915610694885254,20.110499000549314,22.503762245178223,24.119426345825193,25.897993469238283
2029-03,2029-03-01,global_mlp,2026-03,32.912333000000004,0.2505531907081604,22.148938179016113,False,0.7841430604457855,784143.0604457855,reported_conditioned_mlp,BALDER,,False,0.10051920115947724,0.17881180346012113,0.2505531907081604,0.37606645524501797,0.6802779853343964,0.0,0.3877463430166243,0.7841430604457855,1.124787425994873,2.0275524377822878,13.353427410125734,19.75515670776367,22.148938179016113,23.883131980895996,25.756568717956544
2029-04,2029-04-01,global_mlp,2026-03,32.912333000000004,0.20701763778924942,21.975666999816895,False,1.069345772266388,1069345.772266388,reported_conditioned_mlp,BALDER,,False,0.08758846819400788,0.14212816208600998,0.20701763778924942,0.307111784815788,0.5120987057685854,0.2530519515275957,0.7692009449005127,1.069345772266388,1.4564381957054138,2.7390858411788956,12.478789329528809,19.479259300231934,21.975666999816895,23.719243431091307,25.691073989868165
2029-05,2029-05-01,global_mlp,2026-03,32.912333000000004,0.206948921084404,21.66325569152832,False,0.9753413498401642,975341.3498401642,reported_conditioned_mlp,BALDER,,False,0.07877627238631249,0.14358338713645932,0.206948921084404,0.29346257150173183,0.48238221406936643,0.1645513147115708,0.6654984831809998,0.9753413498401642,1.3046869039535522,2.4504092454910285,12.027234649658203,19.17083511352539,21.66325569152832,23.55069923400879,25.55387935638428
2029-06,2029-06-01,global_mlp,2026-03,32.912333000000004,0.2005438134074211,21.401498794555664,False,0.8816070854663849,881607.0854663849,reported_conditioned_mlp,BALDER,,False,0.07512165904045105,0.14073491841554642,0.2005438134074211,0.29724720120429976,0.47427083551883703,0.17602924853563315,0.5602568805217742,0.8816070854663849,1.1768967628479003,2.2528135538101197,11.605990791320801,18.90315761566162,21.401498794555664,23.459116744995118,25.390632057189944
2029-07,2029-07-01,global_mlp,2026-03,32.912333000000004,0.20485149323940277,21.19492530822754,False,0.9375579059123993,937557.9059123993,reported_conditioned_mlp,BALDER,,False,0.07455612421035768,0.1373285636305809,0.20485149323940277,0.29506502747535696,0.45183343887329114,0.14908738583326342,0.5679071724414825,0.9375579059123993,1.3077464699745178,2.4181888818740847,11.210495281219483,18.656317329406736,21.19492530822754,23.340960693359374,25.273197364807128
2029-08,2029-08-01,global_mlp,2026-03,32.912333000000004,0.19386126846075058,20.966654777526855,False,0.7688027024269104,768802.7024269104,reported_conditioned_mlp,BALDER,,False,0.07346364706754685,0.1335420072078705,0.19386126846075058,0.2801812171936034,0.43241096735000617,0.07669585123658183,0.5018603682518006,0.7688027024269104,1.1242992639541622,2.1339581727981574,10.977503299713135,18.421154403686522,20.966654777526855,23.154361915588378,25.12953224182129
2029-09,2029-09-01,global_mlp,2026-03,32.912333000000004,0.20413797348737717,20.745827674865723,False,0.7731038928031921,773103.8928031921,reported_conditioned_mlp,BALDER,,False,0.08313707634806633,0.13868577033281326,0.20413797348737717,0.29706894159317015,0.4676947861909867,0.02999229636043313,0.4731125980615616,0.7731038928031921,1.17380598783493,2.0799783229827886,10.649148654937745,18.12522029876709,20.745827674865723,22.953704261779784,24.992001342773438
2029-10,2029-10-01,global_mlp,2026-03,32.912333000000004,0.2134007140994072,20.54465675354004,False,0.8222889006137848,822288.9006137848,reported_conditioned_mlp,BALDER,,False,0.07171559780836105,0.1403137847781181,0.2134007140994072,0.30309082269668575,0.495261898636818,0.11626731082797052,0.5684848666191101,0.8222889006137848,1.1907484531402586,2.1796624660491943,10.000922107696534,17.812456130981445,20.54465675354004,22.79786911010742,24.859461784362797
2029-11,2029-11-01,global_mlp,2026-03,32.912333000000004,0.2224024385213852,20.299394607543945,False,0.9323112964630127,932311.2964630127,reported_conditioned_mlp,BALDER,,False,0.08024035692214966,0.14815975576639176,0.2224024385213852,0.3179269522428512,0.5074466705322266,0.04136363882571475,0.589375913143158,0.9323112964630127,1.2989635705947875,1.9935008883476262,9.552627468109131,17.478310203552248,20.299394607543945,22.635242080688474,24.769348907470704
2029-12,2029-12-01,global_mlp,2026-03,32.912333000000004,0.22272873669862747,20.080533027648926,False,0.7667292058467865,766729.2058467865,reported_conditioned_mlp,BALDER,,False,0.07312187477946282,0.14623296111822126,0.22272873669862747,0.32748194038867945,0.5124120712280276,0.0,0.4356499552726745,0.7667292058467865,1.1216831445693969,1.745177555084229,9.051612091064454,17.065149307250977,20.080533027648926,22.39802532196045,24.655793952941895
2030-01,2030-01-01,global_mlp,2026-03,32.912333000000004,0.23433825373649597,19.83803081512451,False,0.7333159148693085,733315.9148693085,reported_conditioned_mlp,BALDER,,False,0.07657724916934969,0.15226534754037857,0.23433825373649597,0.3256076872348785,0.507460141181946,0.0,0.3478324919939041,0.7333159148693085,1.0671060919761657,1.728202748298645,8.600799560546875,16.72827396392822,19.83803081512451,22.151204299926757,24.551900291442873
2030-02,2030-02-01,global_mlp,2026-03,32.912333000000004,0.2312476485967636,19.54744243621826,False,0.7411228120326996,741122.8120326996,reported_conditioned_mlp,BALDER,,False,0.07057444453239445,0.1415059432387352,0.2312476485967636,0.329250743985176,0.520066112279892,0.0,0.38458650708198544,0.7411228120326996,1.0865828990936275,1.5989602327346815,8.081851148605349,16.37946472167969,19.54744243621826,21.99608154296875,24.478920364379885
2030-03,2030-03-01,global_mlp,2026-03,32.912333000000004,0.22567444294691086,19.25580883026123,False,0.7066948115825653,706694.8115825653,reported_conditioned_mlp,BALDER,,False,0.06956750229001045,0.1418664902448654,0.22567444294691086,0.33085475265979764,0.529120796918869,0.0,0.35650171637535094,0.7066948115825653,1.0847298979759215,1.6168163061141971,7.736229848861695,16.02082691192627,19.25580883026123,21.820649528503417,24.410695457458495
2030-04,2030-04-01,global_mlp,2026-03,32.912333000000004,0.17042267322540283,18.996891021728516,False,0.9956060647964478,995606.0647964478,reported_conditioned_mlp,BALDER,,False,0.053697280585765846,0.11314195990562438,0.17042267322540283,0.24896328449249266,0.43241617083549505,0.20273255258798606,0.6950093507766724,0.9956060647964478,1.333270728588104,2.498430323600769,7.334703969955445,15.71205539703369,18.996891021728516,21.638068008422852,24.26238307952881
2030-05,2030-05-01,global_mlp,2026-03,32.912333000000004,0.16679569333791733,18.85696792602539,False,0.870351254940033,870351.254940033,reported_conditioned_mlp,BALDER,,False,0.04944993294775488,0.1178893558681011,0.16679569333791733,0.24487540125846863,0.3798903942108156,0.2047348976135254,0.5951704204082486,0.870351254940033,1.2891307473182665,2.07394781112671,6.89911699295044,15.377581214904785,18.85696792602539,21.4469856262207,24.151467323303223
2030-06,2030-06-01,global_mlp,2026-03,32.912333000000004,0.1739494800567627,18.71160316467285,False,0.8488633632659912,848863.3632659912,reported_conditioned_mlp,BALDER,,False,0.047435452416539195,0.11692818999290466,0.1739494800567627,0.24322610646486278,0.3751027673482897,0.035898381844163045,0.5744757175445556,0.8488633632659912,1.1993572831153867,2.1140111684799203,6.628327894210816,15.129096221923827,18.71160316467285,21.26060371398926,24.052776908874513
2030-07,2030-07-01,global_mlp,2026-03,32.912333000000004,0.1726050227880478,18.51212215423584,False,0.9284960031509399,928496.0031509399,reported_conditioned_mlp,BALDER,,False,0.05795354060828686,0.11354655995965002,0.1726050227880478,0.2440556362271308,0.37503920197486884,0.08065706118941308,0.641268080472946,0.9284960031509399,1.3199980735778807,2.310634016990662,6.242944765090943,14.799996185302733,18.51212215423584,21.102651405334473,23.95557727813721
2030-08,2030-08-01,global_mlp,2026-03,32.912333000000004,0.1700696423649788,18.38821315765381,False,0.776787281036377,776787.281036377,reported_conditioned_mlp,BALDER,,False,0.04158474355936051,0.10828604847192763,0.1700696423649788,0.2326764062047004,0.3772195756435395,0.0,0.4776535928249359,0.776787281036377,1.1320765376091002,2.1266384601593016,5.893895387649537,14.643713855743407,18.38821315765381,21.011335945129396,23.848599815368654
2030-09,2030-09-01,global_mlp,2026-03,32.912333000000004,0.16581150889396667,18.262858390808105,False,0.74837726354599,748377.26354599,reported_conditioned_mlp,BALDER,,False,0.0496801357716322,0.10508716106414794,0.16581150889396667,0.2562614619731902,0.40631264448165894,0.0,0.42902821302413935,0.74837726354599,1.1272740244865416,2.004652452468874,5.433856344223025,14.292619800567627,18.262858390808105,20.857082748413085,23.731105041503906
2030-10,2030-10-01,global_mlp,2026-03,32.912333000000004,0.17927246540784836,18.07666778564453,False,0.8077671825885773,807767.1825885773,reported_conditioned_mlp,BALDER,,False,0.04908234775066377,0.12017373815178871,0.17927246540784836,0.26683318018913266,0.44256395101547247,0.020445065200328936,0.5423590004444122,0.8077671825885773,1.1766280412673946,2.159293103218079,5.1410865306854285,13.986062240600585,18.07666778564453,20.661824798583986,23.596463203430176
2030-11,2030-11-01,global_mlp,2026-03,32.912333000000004,0.18899375200271606,17.72938823699951,False,0.9202463626861572,920246.3626861572,reported_conditioned_mlp,BALDER,,False,0.05189123786985877,0.1265237346291542,0.18899375200271606,0.2731899976730346,0.45927245616912843,0.0,0.6144059777259826,0.9202463626861572,1.19498051404953,2.0097504615783706,4.745188045501714,13.655063915252684,17.72938823699951,20.50046863555908,23.46219825744629
2030-12,2030-12-01,global_mlp,2026-03,32.912333000000004,0.18019681423902512,17.49030876159668,False,0.822164386510849,822164.386510849,reported_conditioned_mlp,BALDER,,False,0.047128434479236606,0.11581856310367583,0.18019681423902512,0.26768776476383205,0.4463732481002809,0.0,0.5157842218875885,0.822164386510849,1.1185072422027587,1.7874722599983217,4.203455471992498,13.31686143875122,17.49030876159668,20.276004981994628,23.278048706054687
2031-01,2031-01-01,global_mlp,2026-03,32.912333000000004,0.18870065361261368,17.23172664642334,False,0.7394436895847321,739443.689584732,reported_conditioned_mlp,BALDER,,False,0.050470998510718346,0.1222497448325157,0.18870065361261368,0.2806045085191726,0.46076492667198193,0.0,0.38998647630214683,0.7394436895847321,1.088683807849884,1.7001852393150334,3.631187057495121,12.773382759094238,17.23172664642334,20.082490730285645,23.032271194458012
2031-02,2031-02-01,global_mlp,2026-03,32.912333000000004,0.17258961498737335,17.01747226715088,False,0.7105466425418854,710546.6425418854,reported_conditioned_mlp,BALDER,,False,0.02714725118130446,0.12006287574768067,0.17258961498737335,0.2669624656438827,0.4500416159629822,0.0,0.35278723835945125,0.7105466425418854,1.0689792871475219,1.7400213956832888,3.071257758140565,12.403241729736326,17.01747226715088,19.93893547058105,22.930651855468753
2031-03,2031-03-01,global_mlp,2026-03,32.912333000000004,0.172260619699955,16.77362632751465,False,0.7665490806102753,766549.0806102753,reported_conditioned_mlp,BALDER,,False,0.028161255642771735,0.11298611387610435,0.172260619699955,0.2654052287340162,0.4882343322038652,0.0,0.3016725361347197,0.7665490806102753,1.056508445739746,1.670408582687379,2.5807565212249757,12.074451446533203,16.77362632751465,19.749914932250974,22.835182571411135
2031-04,2031-04-01,global_mlp,2026-03,32.912333000000004,0.13117103278636932,16.59241771697998,False,0.9350257217884064,935025.7217884064,reported_conditioned_mlp,BALDER,,False,0.022104984708130382,0.09108658581972122,0.13117103278636932,0.19421467036008833,0.394417816400528,0.007101973332464702,0.5919103920459746,0.9350257217884064,1.3383208751678466,2.174987459182739,2.426252388954163,11.780691146850584,16.59241771697998,19.629038619995118,22.796394729614256
2031-05,2031-05-01,global_mlp,2026-03,32.912333000000004,0.13066058605909348,16.47694683074951,False,0.8834087550640106,883408.7550640106,reported_conditioned_mlp,BALDER,,False,0.009817210305482155,0.08250777199864387,0.13066058605909348,0.19428469687700256,0.37736697793006907,0.0,0.48485976457595825,0.8834087550640106,1.2280425667762755,2.1537244319915776,2.269181561470033,11.404568481445313,16.47694683074951,19.467636299133297,22.731231880187988
2031-06,2031-06-01,global_mlp,2026-03,32.912333000000004,0.1296301856637001,16.360490798950195,False,0.8376529514789581,837652.9514789581,reported_conditioned_mlp,BALDER,,False,0.019827211461961272,0.08037416785955427,0.1296301856637001,0.19525914192199698,0.36516423523426056,0.0,0.5220405340194701,0.8376529514789581,1.1228823423385612,1.7642319917678835,1.9789101600646983,11.171347618103026,16.360490798950195,19.346127700805663,22.591655731201172
2031-07,2031-07-01,global_mlp,2026-03,32.912333000000004,0.13431750237941742,16.206355094909668,False,0.8793858587741852,879385.8587741852,reported_conditioned_mlp,BALDER,,False,0.016333648283034585,0.08655175268650055,0.13431750237941742,0.1964213594794272,0.3462533354759217,0.0,0.5759439170360565,0.8793858587741852,1.2003680944442747,1.7927050471305852,1.547314417362214,11.040256690979003,16.206355094909668,19.263491249084474,22.43155097961426
2031-08,2031-08-01,global_mlp,2026-03,32.912333000000004,0.12064201757311821,16.01142454147339,False,0.7171041667461395,717104.1667461395,reported_conditioned_mlp,BALDER,,False,0.004594617057591693,0.07767243757843971,0.12064201757311821,0.18669999986886976,0.3715557426214219,0.0,0.38503265082836136,0.7171041667461395,1.0290403246879578,1.6608326315879824,1.3484622240066544,10.732806110382079,16.01142454147339,19.073674201965325,22.295373916625977
2031-09,2031-09-01,global_mlp,2026-03,32.912333000000004,0.13989344239234924,15.730369091033936,False,0.7555699050426483,755569.9050426483,reported_conditioned_mlp,BALDER,,False,0.005546663794666537,0.0823945939540863,0.13989344239234924,0.2034214079380035,0.3919112235307694,0.0,0.3679592579603194,0.7555699050426483,1.0818327426910397,1.7537435770034795,1.0997096896171572,10.360907077789307,15.730369091033936,18.980858802795407,22.240306091308593
2031-10,2031-10-01,global_mlp,2026-03,32.912333000000004,0.13412706553936005,15.552226543426514,False,0.7685069441795349,768506.9441795349,reported_conditioned_mlp,BALDER,,False,0.0,0.08308585211634635,0.13412706553936005,0.20087425708770726,0.3877824902534485,0.0,0.4346196770668029,0.7685069441795349,1.1230878233909607,1.9696100354194646,0.7096931159496328,10.124462413787839,15.552226543426514,18.889633178710938,22.22068519592285
2031-11,2031-11-01,global_mlp,2026-03,32.912333000000004,0.14398784190416336,15.210899353027344,False,0.8639469742774963,863946.9742774963,reported_conditioned_mlp,BALDER,,False,0.012673837970942292,0.09476151540875435,0.14398784190416336,0.22475606650114044,0.3964218080043794,0.0,0.47890977561473846,0.8639469742774963,1.2420767068862915,1.9500589013099678,0.24291605353355497,9.652852630615234,15.210899353027344,18.831568908691406,22.13273048400879
2031-12,2031-12-01,global_mlp,2026-03,32.912333000000004,0.14319121837615967,15.042867183685303,False,0.7647690773010254,764769.0773010254,reported_conditioned_mlp,BALDER,,False,0.0,0.08762347176671026,0.14319121837615967,0.22303932905197132,0.39083125889301307,0.0,0.36485464274883267,0.7647690773010254,1.1490788340568543,1.781587564945221,0.0,9.4097149848938,15.042867183685303,18.701031684875485,22.02005786895752
2032-01,2032-01-01,global_mlp,2026-03,32.912333000000004,0.14801669120788574,14.747824668884277,False,0.696181446313858,696181.446313858,reported_conditioned_mlp,BALDER,,False,0.0,0.09133038967847823,0.14801669120788574,0.235950930416584,0.3998659014701844,0.0,0.2921732753515242,0.696181446313858,1.0220459103584287,1.5968600153923038,0.0,9.088286685943604,14.747824668884277,18.492971801757808,21.913029289245607
2032-02,2032-02-01,global_mlp,2026-03,32.912333000000004,0.14195503294467926,14.55808687210083,False,0.7138694226741791,713869.4226741791,reported_conditioned_mlp,BALDER,,False,0.0,0.08840809315443039,0.14195503294467926,0.21765524148941034,0.3763297110795975,0.0,0.25703835189342494,0.7138694226741791,1.0924951553344726,1.79396710395813,0.0,8.773381519317626,14.55808687210083,18.38026027679443,21.865515899658202
2032-03,2032-03-01,global_mlp,2026-03,32.912333000000004,0.13788557052612305,14.320022106170654,False,0.6545020341873169,654502.0341873169,reported_conditioned_mlp,BALDER,,False,0.0,0.08111577481031418,0.13788557052612305,0.22492706775665283,0.3810368806123734,0.0,0.21898653507232665,0.6545020341873169,1.0568439722061156,1.64653012752533,0.0,8.454513263702392,14.320022106170654,18.251554870605467,21.762936019897463
2032-04,2032-04-01,global_mlp,2026-03,32.912333000000004,0.11000208929181099,14.132325172424316,False,0.888331413269043,888331.413269043,reported_conditioned_mlp,BALDER,,False,0.0,0.061307108402252196,0.11000208929181099,0.17570927590131757,0.3272516638040544,0.0,0.4944793522357939,0.888331413269043,1.3188549757003782,2.753823804855348,0.0,8.23904218673706,14.132325172424316,18.104444885253905,21.68011360168457
2032-05,2032-05-01,global_mlp,2026-03,32.912333000000004,0.1122969500720501,14.01585340499878,False,0.7935356497764587,793535.6497764587,reported_conditioned_mlp,BALDER,,False,0.0,0.06586961820721626,0.1122969500720501,0.1605395182967186,0.3067631125450135,0.0,0.41327957510948177,0.7935356497764587,1.165785443782806,2.1839008569717406,0.0,8.012460803985595,14.01585340499878,17.90662746429443,21.5718225479126
2032-06,2032-06-01,global_mlp,2026-03,32.912333000000004,0.10707994550466537,13.885233879089355,False,0.784246176481247,784246.176481247,reported_conditioned_mlp,BALDER,,False,0.0,0.06850424334406853,0.10707994550466537,0.16508339792490004,0.2898364365100861,0.0,0.4025969624519348,0.784246176481247,1.1315351605415342,2.1642812967300418,0.0,7.810013341903686,13.885233879089355,17.71732883453368,21.538858222961426
2032-07,2032-07-01,global_mlp,2026-03,32.912333000000004,0.11357535794377327,13.663878917694092,False,0.8026618361473083,802661.8361473083,reported_conditioned_mlp,BALDER,,False,0.0,0.06614165902137756,0.11357535794377327,0.1662652641534805,0.29002485871315026,0.0,0.40652422308921815,0.8026618361473083,1.1588332176208493,2.1067146539688113,0.0,7.599719858169555,13.663878917694092,17.533070945739734,21.4699499130249
2032-08,2032-08-01,global_mlp,2026-03,32.912333000000004,0.10661705955862999,13.548367023468018,False,0.6651694774627686,665169.4774627686,reported_conditioned_mlp,BALDER,,False,0.0,0.05881474949419498,0.10661705955862999,0.1628905713558197,0.28799827992916127,0.0,0.32139314413070674,0.6651694774627686,1.000691503286361,1.964730095863343,0.0,7.355027151107788,13.548367023468018,17.448316192626944,21.300097274780274
2032-09,2032-09-01,global_mlp,2026-03,32.912333000000004,0.11176744848489761,13.49631404876709,False,0.6700877845287323,670087.7845287323,reported_conditioned_mlp,BALDER,,False,0.0,0.06006199829280376,0.11176744848489761,0.1797260656952858,0.2951818317174912,0.0,0.2977485209703445,0.6700877845287323,1.0656214594841003,1.9162389993667603,0.0,6.982338142395019,13.49631404876709,17.341829872131346,21.165045738220215
2032-10,2032-10-01,global_mlp,2026-03,32.912333000000004,0.11310363933444023,13.3914475440979,False,0.8002399802207947,800239.9802207947,reported_conditioned_mlp,BALDER,,False,0.0,0.06519238427281379,0.11310363933444023,0.1810838699340819,0.31090963482856754,0.0,0.4103876590728759,0.8002399802207947,1.1713159084320068,2.1590023279190067,0.0,6.686827182769775,13.3914475440979,17.246715164184568,21.094161605834962
2032-11,2032-11-01,global_mlp,2026-03,32.912333000000004,0.12896456569433212,13.25000524520874,False,0.7662309110164642,766230.9110164642,reported_conditioned_mlp,BALDER,,False,0.0,0.07916379645466803,0.12896456569433212,0.2022546678781509,0.3376852244138718,0.0,0.2705756574869156,0.7662309110164642,1.1368154287338252,1.9125957369804383,0.0,6.250641679763794,13.25000524520874,16.985163116455077,20.992569923400882
2032-12,2032-12-01,global_mlp,2026-03,32.912333000000004,0.11881044134497643,13.08385419845581,False,0.6316977441310883,631697.7441310883,reported_conditioned_mlp,BALDER,,False,0.0,0.07001501843333244,0.11881044134497643,0.20055344700813288,0.33093322813510895,0.0,0.18618391752243021,0.6316977441310883,1.0265774369239802,1.6837632894516,0.0,6.016636657714844,13.08385419845581,16.872423744201658,20.87956943511963
2033-01,2033-01-01,global_mlp,2026-03,32.912333000000004,0.12834975868463516,12.927067279815674,False,0.5855958163738251,585595.8163738251,reported_conditioned_mlp,BALDER,,False,0.0,0.06847313791513442,0.12834975868463516,0.20859226435422895,0.3522850364446641,0.0,0.09851842820644374,0.5855958163738251,0.9298982799053191,1.5044819116592412,0.0,5.701537752151488,12.927067279815674,16.740542030334474,20.782785797119143
2033-02,2033-02-01,global_mlp,2026-03,32.912333000000004,0.12767130881547928,12.725780010223389,False,0.5797943770885468,579794.3770885468,reported_conditioned_mlp,BALDER,,False,0.0,0.07356246113777158,0.12767130881547928,0.1950943082571029,0.3437429875135422,0.0,0.1612356767058371,0.5797943770885468,0.9473861575126646,1.7406058669090283,0.0,5.25001893043518,12.725780010223389,16.512954330444334,20.7079912185669
2033-03,2033-03-01,global_mlp,2026-03,32.912333000000004,0.11821236088871956,12.632725238800049,False,0.6226264238357544,622626.4238357544,reported_conditioned_mlp,BALDER,,False,0.0,0.05775509290397167,0.11821236088871956,0.1911092981696128,0.3412241905927658,0.0,0.07448036447167376,0.6226264238357544,0.9711848199367521,1.6100064039230362,0.0,4.877704763412474,12.632725238800049,16.380724906921383,20.564091682434086
2033-04,2033-04-01,global_mlp,2026-03,32.912333000000004,0.10055870562791824,12.487219333648682,False,0.9161344468593597,916134.4468593597,reported_conditioned_mlp,BALDER,,False,0.0,0.049663547798991195,0.10055870562791824,0.14035213887691494,0.2626076608896256,0.0,0.4594039916992187,0.9161344468593597,1.2745216012001035,2.6279639244079602,0.0,4.663820695877074,12.487219333648682,16.272769546508783,20.47283058166504
2033-05,2033-05-01,global_mlp,2026-03,32.912333000000004,0.0947321467101574,12.243319034576416,False,0.7870729863643646,787072.9863643646,reported_conditioned_mlp,BALDER,,False,0.0,0.050070193409919736,0.0947321467101574,0.14786060899496076,0.27111056149005897,0.0,0.3855828344821928,0.7870729863643646,1.1410380005836485,2.1636143445968643,0.0,4.5266457080841045,12.243319034576416,16.11589488983154,20.368235206604005
2033-06,2033-06-01,global_mlp,2026-03,32.912333000000004,0.09693711623549461,12.104501247406006,False,0.7616895735263824,761689.5735263824,reported_conditioned_mlp,BALDER,,False,0.0,0.044992716610431666,0.09693711623549461,0.14402728229761122,0.2614017277956009,0.0,0.3755526304244995,0.7616895735263824,1.119005811214447,2.1871167421340947,0.0,4.255045604705809,12.104501247406006,16.050193786621094,20.244447135925295
2033-07,2033-07-01,global_mlp,2026-03,32.912333000000004,0.09386110678315163,11.979238033294678,False,0.8221740126609802,822174.0126609802,reported_conditioned_mlp,BALDER,,False,0.0,0.049571140110492705,0.09386110678315163,0.14944649785757064,0.25731139183044444,0.0,0.36872010827064505,0.8221740126609802,1.152977931499481,2.2613307476043705,0.0,4.077081871032714,11.979238033294678,15.975785636901854,20.17524681091309
2033-08,2033-08-01,global_mlp,2026-03,32.912333000000004,0.08760864660143852,11.846024513244629,False,0.7050963044166565,705096.3044166565,reported_conditioned_mlp,BALDER,,False,0.0,0.04300934672355652,0.08760864660143852,0.13343239426612855,0.24716415852308274,0.0,0.3068239659070968,0.7050963044166565,1.0190437078475951,2.043374252319336,0.0,3.898658943176268,11.846024513244629,15.878062057495116,20.13233432769776
2033-09,2033-09-01,global_mlp,2026-03,32.912333000000004,0.09215519949793816,11.659367084503174,False,0.6631075143814087,663107.5143814087,reported_conditioned_mlp,BALDER,,False,0.0,0.044853591546416244,0.09215519949793816,0.1475874587893486,0.2613134264945985,0.0,0.2405550986528395,0.6631075143814087,1.0705262303352354,2.1536239624023445,0.0,3.734304094314573,11.659367084503174,15.788017559051513,20.06663360595703
2033-10,2033-10-01,global_mlp,2026-03,32.912333000000004,0.08732405677437782,11.451611518859863,False,0.7365550696849823,736555.0696849823,reported_conditioned_mlp,BALDER,,False,0.0,0.042048088833689684,0.08732405677437782,0.14258893877267834,0.27441441118717197,0.0,0.19107800424098967,0.7365550696849823,1.1387419939041128,2.0086697101593023,0.0,3.59130046367645,11.451611518859863,15.704332447052,20.051140785217285
2033-11,2033-11-01,global_mlp,2026-03,32.912333000000004,0.1002417504787445,11.176114559173584,False,0.7580896019935608,758089.6019935608,reported_conditioned_mlp,BALDER,,False,0.0,0.050662083178758616,0.1002417504787445,0.1577653869986534,0.29740321934223174,0.0,0.18375156819820404,0.7580896019935608,1.1436649918556212,1.9720055103302006,0.0,3.379641222953796,11.176114559173584,15.517563247680663,19.9125150680542
2033-12,2033-12-01,global_mlp,2026-03,32.912333000000004,0.09779658541083336,10.91169786453247,False,0.6350580453872681,635058.0453872681,reported_conditioned_mlp,BALDER,,False,0.0,0.04765433333814141,0.09779658541083336,0.14898721426725386,0.29034407734870915,0.0,0.09540742337703684,0.6350580453872681,1.03824006319046,1.7506230235099802,0.0,3.282958459854124,10.91169786453247,15.345506191253662,19.755114746093753
2034-01,2034-01-01,global_mlp,2026-03,32.912333000000004,0.09713052585721016,10.674901962280273,False,0.7050828039646149,705082.8039646149,reported_conditioned_mlp,BALDER,,False,0.0,0.04428427442908286,0.09713052585721016,0.15906347334384913,0.3051416337490082,0.0,0.12779988050460794,0.7050828039646149,1.036004054546356,1.6243402838706982,0.0,3.1929455041885357,10.674901962280273,15.223558044433592,19.62235717773438
2034-02,2034-02-01,global_mlp,2026-03,32.912333000000004,0.08854778856039047,10.501922130584717,False,0.5958846211433411,595884.6211433411,reported_conditioned_mlp,BALDER,,False,0.0,0.03787625804543493,0.08854778856039047,0.1539190649986267,0.2853324085474016,0.0,0.07242469042539572,0.5958846211433411,0.9630152046680448,1.8159048199653625,0.0,3.0683618545532223,10.501922130584717,15.088104534149167,19.558762931823733
2034-03,2034-03-01,global_mlp,2026-03,32.912333000000004,0.08364180848002434,10.288682460784912,False,0.5088434517383575,508843.45173835754,reported_conditioned_mlp,BALDER,,False,0.0,0.026070493087172478,0.08364180848002434,0.1406493946909904,0.27503218948841096,0.0,0.006150010321289287,0.5088434517383575,0.9687191307544706,1.4818615794181824,0.0,2.9538908004760738,10.288682460784912,15.01114273071289,19.469300079345704
2034-04,2034-04-01,global_mlp,2026-03,32.912333000000004,0.06702807918190956,10.166720390319824,False,0.8501138985157013,850113.8985157013,reported_conditioned_mlp,BALDER,,False,0.0,0.02049348596483469,0.06702807918190956,0.11380034014582634,0.19280819594860085,0.0,0.3900602489709853,0.8501138985157013,1.210578393936157,2.3287512779235855,0.0,2.822374892234802,10.166720390319824,14.943503856658936,19.35402030944824
2034-05,2034-05-01,global_mlp,2026-03,32.912333000000004,0.06784222647547722,10.025421619415283,False,0.7775997817516327,777599.7817516327,reported_conditioned_mlp,BALDER,,False,0.0,0.019814590550959108,0.06784222647547722,0.11779705509543413,0.1975411340594294,0.0,0.3004399687051773,0.7775997817516327,1.0951250076293944,1.9361563801765442,0.0,2.762876820564269,10.025421619415283,14.830972003936767,19.209272766113283
2034-06,2034-06-01,global_mlp,2026-03,32.912333000000004,0.06682101637125015,9.778682231903076,False,0.7774393260478973,777439.3260478973,reported_conditioned_mlp,BALDER,,False,0.0,0.023777991533279384,0.06682101637125015,0.12030116468667984,0.21732934713363655,0.0,0.2929850369691849,0.7774393260478973,1.0857895255088805,1.8800143122673036,0.0,2.6698755025863647,9.778682231903076,14.687421798706053,19.06860389709473
2034-07,2034-07-01,global_mlp,2026-03,32.912333000000004,0.0651201605796814,9.640499114990234,False,0.8121360540390015,812136.0540390015,reported_conditioned_mlp,BALDER,,False,0.0,0.025373065285384654,0.0651201605796814,0.12087863981723783,0.20888654738664628,0.0,0.29941137433052056,0.8121360540390015,1.0960785388946532,1.9929090023040776,0.0,2.618050622940063,9.640499114990234,14.553968906402588,18.99984817504883
2034-08,2034-08-01,global_mlp,2026-03,32.912333000000004,0.059850165620446205,9.536334991455078,False,0.727298229932785,727298.229932785,reported_conditioned_mlp,BALDER,,False,0.0,0.019233842566609365,0.059850165620446205,0.11248100399970995,0.1873758748173714,0.0,0.14986380487680434,0.727298229932785,1.0303603291511532,1.8086724877357483,0.0,2.548962306976318,9.536334991455078,14.409993362426757,18.942420196533202
2034-09,2034-09-01,global_mlp,2026-03,32.912333000000004,0.06522822380065918,9.439874172210693,False,0.7441575527191162,744157.5527191162,reported_conditioned_mlp,BALDER,,False,0.0,0.018930918537080284,0.06522822380065918,0.10938411355018611,0.20967702120542533,0.0,0.22760700285434718,0.7441575527191162,1.0881271243095396,1.926102316379548,0.0,2.4243806838989257,9.439874172210693,14.234990310668943,18.8925500869751
2034-10,2034-10-01,global_mlp,2026-03,32.912333000000004,0.06697003543376923,9.367341041564941,False,0.731978178024292,731978.178024292,reported_conditioned_mlp,BALDER,,False,0.0,0.01598126348108053,0.06697003543376923,0.11156061887741081,0.2121108055114748,0.0,0.21269959658384308,0.731978178024292,1.1078265666961669,1.8260228753089907,0.0,2.292956352233885,9.367341041564941,14.080307483673092,18.83310203552246
2034-11,2034-11-01,global_mlp,2026-03,32.912333000000004,0.07431651279330254,9.247749328613281,False,0.7513203918933868,751320.3918933868,reported_conditioned_mlp,BALDER,,False,0.0,0.018789923191070527,0.07431651279330254,0.13000237643718715,0.23101514577865606,0.0,0.18851376175880427,0.7513203918933868,1.1445579290390013,1.7825030803680422,0.0,2.085236978530883,9.247749328613281,13.875929355621333,18.71812152862549
2034-12,2034-12-01,global_mlp,2026-03,32.912333000000004,0.07149246707558632,8.9942946434021,False,0.6287143230438232,628714.3230438232,reported_conditioned_mlp,BALDER,,False,0.0,0.017536228150129306,0.07149246707558632,0.1136855415999889,0.2207993641495705,0.0,0.1267088159918785,0.6287143230438232,0.9996136069297791,1.526374769210816,0.0,1.9566159605979907,8.9942946434021,13.717605304718013,18.623736572265624
2035-01,2035-01-01,global_mlp,2026-03,32.912333000000004,0.07285979762673378,8.824079513549805,False,0.6206886768341064,620688.6768341064,reported_conditioned_mlp,BALDER,,False,0.0,0.013928101770579812,0.07285979762673378,0.12686244100332256,0.22743944972753524,0.0,0.0364176008850334,0.6206886768341064,0.957309979200363,1.5112049579620361,0.0,1.8042237997055044,8.824079513549805,13.606468772888183,18.498047637939457
2035-02,2035-02-01,global_mlp,2026-03,32.912333000000004,0.0739237628877163,8.709868431091309,False,0.5804514288902283,580451.4288902283,reported_conditioned_mlp,BALDER,,False,0.0,0.014788628555834293,0.0739237628877163,0.13088840544223784,0.2290710508823395,0.0,0.0,0.5804514288902283,0.916646659374237,1.6197425007820132,0.0,1.6198853850364685,8.709868431091309,13.4643741607666,18.458358573913575
2035-03,2035-03-01,global_mlp,2026-03,32.912333000000004,0.06972599774599075,8.591904640197754,False,0.5971857309341431,597185.7309341431,reported_conditioned_mlp,BALDER,,False,0.0,0.009814968705177304,0.06972599774599075,0.12237852290272712,0.24199650287628185,0.0,0.0,0.5971857309341431,0.9429687440395349,1.5422985672950758,0.0,1.5003274321556086,8.591904640197754,13.36676206588745,18.44075908660889
2035-04,2035-04-01,global_mlp,2026-03,32.912333000000004,0.054856324568390846,8.42804765701294,False,0.8511791527271271,851179.1527271271,reported_conditioned_mlp,BALDER,,False,0.0,0.010609892755746838,0.054856324568390846,0.09758210629224776,0.18674312829971315,0.0,0.26982425451278685,0.8511791527271271,1.2160937786102293,2.5261752843856815,0.0,1.414102184772491,8.42804765701294,13.255796909332274,18.402078437805176
2035-05,2035-05-01,global_mlp,2026-03,32.912333000000004,0.05747327581048012,8.311838626861572,False,0.6697334051132202,669733.4051132202,reported_conditioned_mlp,BALDER,,False,0.0,0.013011895678937428,0.05747327581048012,0.09628140479326243,0.17767524123191847,0.0,0.1000666320323944,0.6697334051132202,1.1273263812065124,1.848373067378998,0.0,1.3395102143287654,8.311838626861572,13.19574394226074,18.336420631408693
2035-06,2035-06-01,global_mlp,2026-03,32.912333000000004,0.056641168892383575,8.15851640701294,False,0.6695319414138794,669531.9414138794,reported_conditioned_mlp,BALDER,,False,0.0,0.01160776987671852,0.056641168892383575,0.09895891323685645,0.16894697844982162,0.0,0.08625262454152095,0.6695319414138794,1.0408990979194641,1.7955228924751292,0.0,1.2793661832809446,8.15851640701294,13.129268646240234,18.10238933563233
2035-07,2035-07-01,global_mlp,2026-03,32.912333000000004,0.05716552026569843,8.033720970153809,False,0.7189675569534302,718967.5569534302,reported_conditioned_mlp,BALDER,,False,0.0,0.016175825241953122,0.05716552026569843,0.10365292802453041,0.17040937691926977,0.0,0.09973734021186823,0.7189675569534302,1.0619855403900145,1.7582448601722722,0.0,1.167337155342101,8.033720970153809,13.055397987365723,18.05053787231446
2035-08,2035-08-01,global_mlp,2026-03,32.912333000000004,0.056097038090229034,7.923659086227417,False,0.685886561870575,685886.561870575,reported_conditioned_mlp,BALDER,,False,0.0,0.011890562251210211,0.056097038090229034,0.0976884320378303,0.1850254714488984,0.0,0.055771769210696126,0.685886561870575,0.9515209197998042,1.5830728530883798,0.0,0.9408304333686817,7.923659086227417,12.994347476959227,18.029267692565924
2035-09,2035-09-01,global_mlp,2026-03,32.912333000000004,0.062024183571338654,7.869845628738403,False,0.5308241248130798,530824.1248130798,reported_conditioned_mlp,BALDER,,False,0.0,0.0057579161133617,0.062024183571338654,0.10128453597426415,0.19584680199623125,0.0,0.0,0.5308241248130798,0.963285100460052,1.8504948616027834,0.0,0.8962790191173537,7.869845628738403,12.954478549957274,17.95156116485596
2035-10,2035-10-01,global_mlp,2026-03,32.912333000000004,0.05493422970175743,7.768800735473633,False,0.6275751292705536,627575.1292705536,reported_conditioned_mlp,BALDER,,False,0.0,0.002680352190509395,0.05493422970175743,0.10072558373212812,0.19545969963073737,0.0,0.0,0.6275751292705536,1.0580722928047177,1.8622132539749148,0.0,0.8049649178981773,7.768800735473633,12.87716236114502,17.872606468200686
2035-11,2035-11-01,global_mlp,2026-03,32.912333000000004,0.06564067676663399,7.649573802947998,False,0.6058792471885681,605879.2471885681,reported_conditioned_mlp,BALDER,,False,0.0,0.009032163769006726,0.06564067676663399,0.11418540477752684,0.1986551269888878,0.0,0.0,0.6058792471885681,1.0542635321617122,1.7666293382644656,0.0,0.7125153899192795,7.649573802947998,12.773110580444335,17.7457088470459
2035-12,2035-12-01,global_mlp,2026-03,32.912333000000004,0.06445558741688728,7.392888784408569,False,0.4246412664651871,424641.2664651871,reported_conditioned_mlp,BALDER,,False,0.0,0.0,0.06445558741688728,0.12067919671535486,0.22428124696016313,0.0,0.0,0.4246412664651871,0.8925311625003807,1.4210183143615727,0.0,0.628740936517713,7.392888784408569,12.622820758819579,17.712466430664065
2036-01,2036-01-01,global_mlp,2026-03,32.912333000000004,0.06668700650334358,7.2633140087127686,False,0.44799983501434326,447999.83501434326,reported_conditioned_mlp,BALDER,,False,0.0,0.003140562144108115,0.06668700650334358,0.11767971739172933,0.24009147733449943,0.0,0.0,0.44799983501434326,0.9059063315391537,1.5549826741218566,0.0,0.43829890787601467,7.2633140087127686,12.36985740661621,17.587850570678714
2036-02,2036-02-01,global_mlp,2026-03,32.912333000000004,0.05669805593788624,7.146576642990112,False,0.3841014951467514,384101.4951467514,reported_conditioned_mlp,BALDER,,False,0.0,0.0,0.05669805593788624,0.12175579369068146,0.25425809621810924,0.0,0.0,0.3841014951467514,0.8636449038982391,1.4763737797737135,0.0,0.3199457883834838,7.146576642990112,12.266305828094481,17.435114479064943
2036-03,2036-03-01,global_mlp,2026-03,32.912333000000004,0.053241413086652756,7.02460503578186,False,0.3180809020996094,318080.9020996094,reported_conditioned_mlp,BALDER,,False,0.0,0.0,0.053241413086652756,0.11073216423392294,0.23954973071813598,0.0,0.0,0.3180809020996094,0.8813231766223907,1.3747331500053406,0.0,0.23452208340167954,7.02460503578186,12.171092319488524,17.33052444458008
2036-04,2036-04-01,global_mlp,2026-03,32.912333000000004,0.04378121718764305,6.959975242614746,False,0.7376735806465149,737673.5806465149,reported_conditioned_mlp,BALDER,,False,0.0,0.0,0.04378121718764305,0.08687860742211341,0.17216285616159444,0.0,0.060102087259292336,0.7376735806465149,1.153417193889617,1.885273408889771,0.0,0.08276400864124195,6.959975242614746,12.060514545440672,17.23925704956055
2036-05,2036-05-01,global_mlp,2026-03,32.912333000000004,0.044973623007535934,6.883998394012451,False,0.6974573731422424,697457.3731422424,reported_conditioned_mlp,BALDER,,False,0.0,0.0,0.044973623007535934,0.09006860405206678,0.17120471596717837,0.0,0.0,0.6974573731422424,1.0496899604797358,1.7847930550575257,0.0,0.0,6.883998394012451,11.986561679840086,17.180450439453125
2036-06,2036-06-01,global_mlp,2026-03,32.912333000000004,0.04634035564959049,6.647657155990601,False,0.6359947025775909,635994.702577591,reported_conditioned_mlp,BALDER,,False,0.0,0.0,0.04634035564959049,0.09618203938007351,0.17814002931118011,0.0,0.0,0.6359947025775909,0.9460263669490813,1.5846581220626839,0.0,0.0,6.647657155990601,11.912480258941649,17.112596702575683
2036-07,2036-07-01,global_mlp,2026-03,32.912333000000004,0.04205550067126751,6.534506797790527,False,0.6579594016075134,657959.4016075134,reported_conditioned_mlp,BALDER,,False,0.0,0.0,0.04205550067126751,0.09313563406467436,0.18556830883026132,0.0,0.0,0.6579594016075134,1.0655711770057676,1.7472806930541993,0.0,0.0,6.534506797790527,11.81234312057495,17.047348022460938
2036-08,2036-08-01,global_mlp,2026-03,32.912333000000004,0.04411042109131813,6.316006660461426,False,0.535965234041214,535965.234041214,reported_conditioned_mlp,BALDER,,False,0.0,0.0,0.04411042109131813,0.08890595808625218,0.17117365747690208,0.0,0.0,0.535965234041214,0.8584714233875272,1.4862148404121418,0.0,0.0,6.316006660461426,11.712320327758786,17.009391021728515
2036-09,2036-09-01,global_mlp,2026-03,32.912333000000004,0.04737162962555885,6.163506031036377,False,0.5005122423171997,500512.2423171997,reported_conditioned_mlp,BALDER,,False,0.0,0.0,0.04737162962555885,0.09529115334153172,0.19427900314331056,0.0,0.0,0.5005122423171997,0.9296396911144255,1.5584422230720525,0.0,0.0,6.163506031036377,11.608881282806397,16.852411079406743
2036-10,2036-10-01,global_mlp,2026-03,32.912333000000004,0.044775839895009995,6.095338582992554,False,0.5421499013900757,542149.9013900757,reported_conditioned_mlp,BALDER,,False,0.0,0.0,0.044775839895009995,0.09709692373871802,0.20029233098030097,0.0,0.0,0.5421499013900757,0.9166187226772304,1.6891579866409303,0.0,0.0,6.095338582992554,11.477519130706787,16.789231872558595
2036-11,2036-11-01,global_mlp,2026-03,32.912333000000004,0.05411074496805668,5.957562685012817,False,0.6609982252120972,660998.2252120972,reported_conditioned_mlp,BALDER,,False,0.0,0.0,0.05411074496805668,0.10905060097575187,0.20913124978542336,0.0,0.0,0.6609982252120972,1.0300290346145629,1.6957423686981203,0.0,0.0,5.957562685012817,11.403134727478028,16.703549575805667
2036-12,2036-12-01,global_mlp,2026-03,32.912333000000004,0.052293796092271805,5.803542375564575,False,0.4801305681467056,480130.5681467056,reported_conditioned_mlp,BALDER,,False,0.0,0.0,0.052293796092271805,0.10720455572009083,0.20965852290391923,0.0,0.0,0.4801305681467056,0.9158149540424343,1.5020435094833375,0.0,0.0,5.803542375564575,11.22849407196045,16.48575057983399
2037-01,2037-01-01,global_mlp,2026-03,32.912333000000004,0.048902347683906555,5.7384257316589355,False,0.4761746674776077,476174.6674776077,reported_conditioned_mlp,BALDER,,False,0.0,0.0,0.048902347683906555,0.11270256936550137,0.20749392509460454,0.0,0.0,0.4761746674776077,0.9127955913543698,1.4107649683952332,0.0,0.0,5.7384257316589355,10.972104644775385,16.328688621521003
2037-02,2037-02-01,global_mlp,2026-03,32.912333000000004,0.0540397297590971,5.675360441207886,False,0.45980404317379,459804.04317379,reported_conditioned_mlp,BALDER,,False,0.0,0.0,0.0540397297590971,0.11526950150728225,0.21401035189628606,0.0,0.0,0.45980404317379,0.8655538141727447,1.4167924046516422,0.0,0.0,5.675360441207886,10.765690326690674,16.243332290649416
2037-03,2037-03-01,global_mlp,2026-03,32.912333000000004,0.04564264416694641,5.519520282745361,False,0.3755965083837509,375596.5083837509,reported_conditioned_mlp,BALDER,,False,0.0,0.0,0.04564264416694641,0.10534016042947768,0.1997396230697632,0.0,0.0,0.3755965083837509,0.8687038898468015,1.4308024764060974,0.0,0.0,5.519520282745361,10.68222150802612,16.111967086791992
2037-04,2037-04-01,global_mlp,2026-03,32.912333000000004,0.044271208345890045,5.398894309997559,False,0.7150580585002899,715058.0585002899,reported_conditioned_mlp,BALDER,,False,0.0,0.0,0.044271208345890045,0.09006628692150109,0.16193974763154984,0.0,0.0,0.7150580585002899,1.1826247572898865,1.9044397592544569,0.0,0.0,5.398894309997559,10.64285345077514,15.98160676956177
2037-05,2037-05-01,global_mlp,2026-03,32.912333000000004,0.04447762668132782,5.2980570793151855,False,0.6577725112438202,657772.5112438202,reported_conditioned_mlp,BALDER,,False,0.0,0.0,0.04447762668132782,0.083131682872772,0.1615806788206101,0.0,0.0,0.6577725112438202,1.0442195534706116,1.7914988517761232,0.0,0.0,5.2980570793151855,10.576692676544184,15.900920486450199
2037-06,2037-06-01,global_mlp,2026-03,32.912333000000004,0.03969833254814148,5.222368240356445,False,0.5859566628932953,585956.6628932953,reported_conditioned_mlp,BALDER,,False,0.0,0.0,0.03969833254814148,0.08344153463840483,0.16738227158784874,0.0,0.0,0.5859566628932953,0.989415180683135,1.740544855594635,0.0,0.0,5.222368240356445,10.50276069641113,15.834246444702151
2037-07,2037-07-01,global_mlp,2026-03,32.912333000000004,0.041435955092310905,5.15892767906189,False,0.5956863760948181,595686.3760948181,reported_conditioned_mlp,BALDER,,False,0.0,0.0,0.041435955092310905,0.08752115219831462,0.15925855934619904,0.0,0.0,0.5956863760948181,1.0406476616859435,1.7716000556945801,0.0,0.0,5.15892767906189,10.406243419647215,15.76366815567017
2037-08,2037-08-01,global_mlp,2026-03,32.912333000000004,0.03882649354636669,5.097149848937988,False,0.48225854337215424,482258.54337215424,reported_conditioned_mlp,BALDER,,False,0.0,0.0,0.03882649354636669,0.0783817708492279,0.15394031852483753,0.0,0.0,0.48225854337215424,0.9320804417133323,1.5144469976425172,0.0,0.0,5.097149848937988,10.270378494262689,15.69848031997681
2037-09,2037-09-01,global_mlp,2026-03,32.912333000000004,0.04636306315660477,4.931667327880859,False,0.5552428662776947,555242.8662776947,reported_conditioned_mlp,BALDER,,False,0.0,0.0,0.04636306315660477,0.08370467126369477,0.161175337433815,0.0,0.0,0.5552428662776947,1.080874907970428,1.737379670143128,0.0,0.0,4.931667327880859,10.196463394165031,15.600961017608643
2037-10,2037-10-01,global_mlp,2026-03,32.912333000000004,0.04267004318535328,4.748683214187622,False,0.6219937801361084,621993.7801361084,reported_conditioned_mlp,BALDER,,False,0.0,0.0,0.04267004318535328,0.08586447462439536,0.1635249614715577,0.0,0.0,0.6219937801361084,1.0450174570083617,1.8461352229118349,0.0,0.0,4.748683214187622,10.137090492248527,15.39632377624512
2037-11,2037-11-01,global_mlp,2026-03,32.912333000000004,0.04556989297270775,4.655982494354248,False,0.5643324851989746,564332.4851989746,reported_conditioned_mlp,BALDER,,False,0.0,0.0,0.04556989297270775,0.09800617843866344,0.18619693070650112,0.0,0.0,0.5643324851989746,0.994352525472641,1.4851925849914551,0.0,0.0,4.655982494354248,9.94771347045898,15.222196483612063
2037-12,2037-12-01,global_mlp,2026-03,32.912333000000004,0.04637960344552994,4.48865008354187,False,0.4765300154685974,476530.0154685974,reported_conditioned_mlp,BALDER,,False,0.0,0.0,0.04637960344552994,0.09809497594833354,0.19107493609189993,0.0,0.0,0.4765300154685974,0.8828632831573486,1.388750195503235,0.0,0.0,4.48865008354187,9.836545181274408,15.002435684204105
2038-01,2038-01-01,global_mlp,2026-03,32.912333000000004,0.05010991357266903,4.357537508010864,False,0.46454690396785736,464546.90396785736,reported_conditioned_mlp,BALDER,,False,0.0,0.0,0.05010991357266903,0.10294046401977536,0.1884025022387505,0.0,0.0,0.46454690396785736,0.8777206420898437,1.4024831295013434,0.0,0.0,4.357537508010864,9.754182434082024,14.90518779754639
2038-02,2038-02-01,global_mlp,2026-03,32.912333000000004,0.04395825229585171,4.194640159606934,False,0.4053083807229996,405308.3807229996,reported_conditioned_mlp,BALDER,,False,0.0,0.0,0.04395825229585171,0.09691963046789169,0.18498816639184953,0.0,0.0,0.4053083807229996,0.834731221199035,1.3350366115570076,0.0,0.0,4.194640159606934,9.624532032012937,14.840260314941407
2038-03,2038-03-01,global_mlp,2026-03,32.912333000000004,0.040598314255476,4.119563817977905,False,0.3246835172176361,324683.5172176361,reported_conditioned_mlp,BALDER,,False,0.0,0.0,0.040598314255476,0.09400117546319958,0.1777765899896623,0.0,0.0,0.3246835172176361,0.8597999513149256,1.3991238117218026,0.0,0.0,4.119563817977905,9.462304592132567,14.663951396942144
2038-04,2038-04-01,global_mlp,2026-03,32.912333000000004,0.037539463490247726,3.9464274644851685,False,0.750837653875351,750837.653875351,reported_conditioned_mlp,BALDER,,False,0.0,0.0,0.037539463490247726,0.07555135041475296,0.15424679517745973,0.0,0.0,0.750837653875351,1.111194205284118,2.000685739517213,0.0,0.0,3.9464274644851685,9.340808677673339,14.528385448455817
2038-05,2038-05-01,global_mlp,2026-03,32.912333000000004,0.03797225467860699,3.8240926265716553,False,0.7296333611011505,729633.3611011505,reported_conditioned_mlp,BALDER,,False,0.0,0.0,0.03797225467860699,0.07440297082066535,0.14405912011861802,0.0,0.0,0.7296333611011505,1.056663954257965,1.7667664170265203,0.0,0.0,3.8240926265716553,9.274289894104003,14.477885532379151
2038-06,2038-06-01,global_mlp,2026-03,32.912333000000004,0.03630867972970009,3.7316291332244873,False,0.6656343042850494,665634.3042850494,reported_conditioned_mlp,BALDER,,False,0.0,0.0,0.03630867972970009,0.07635211721062646,0.15694723129272461,0.0,0.0,0.6656343042850494,1.0021815359592432,1.6867486834526064,0.0,0.0,3.7316291332244873,9.24316339492798,14.358163452148439
2038-07,2038-07-01,global_mlp,2026-03,32.912333000000004,0.03572133369743824,3.590834856033325,False,0.6219472289085388,621947.2289085388,reported_conditioned_mlp,BALDER,,False,0.0,0.0,0.03572133369743824,0.07506273686885831,0.14753278344869616,0.0,0.0,0.6219472289085388,1.0379192709922789,1.7084194779396058,0.0,0.0,3.590834856033325,9.129908752441404,14.321666526794436
2038-08,2038-08-01,global_mlp,2026-03,32.912333000000004,0.03381873108446598,3.527605891227722,False,0.4407011717557907,440701.1717557907,reported_conditioned_mlp,BALDER,,False,0.0,0.0,0.03381873108446598,0.07206120491027829,0.1410442277789116,0.0,0.0,0.4407011717557907,0.9055550098419187,1.5098140954971315,0.0,0.0,3.527605891227722,9.026715755462646,14.234777641296388
2038-09,2038-09-01,global_mlp,2026-03,32.912333000000004,0.034616246819496155,3.4154670238494873,False,0.48632214963436127,486322.14963436127,reported_conditioned_mlp,BALDER,,False,0.0,0.0,0.034616246819496155,0.07695990279316901,0.15731358975172044,0.0,0.0,0.48632214963436127,0.972492104768753,1.5955481290817262,0.0,0.0,3.4154670238494873,8.948770999908447,14.09362134933472
2038-10,2038-10-01,global_mlp,2026-03,32.912333000000004,0.03404196910560131,3.2793885469436646,False,0.5957756340503693,595775.6340503693,reported_conditioned_mlp,BALDER,,False,0.0,0.0,0.03404196910560131,0.07531034648418422,0.15339983552694328,0.0,0.0,0.5957756340503693,0.9720091104507443,1.6936561822891243,0.0,0.0,3.2793885469436646,8.853993701934813,14.01532554626465
2038-11,2038-11-01,global_mlp,2026-03,32.912333000000004,0.040327947586774826,3.2420624494552612,False,0.4121587425470352,412158.7425470352,reported_conditioned_mlp,BALDER,,False,0.0,0.0,0.040327947586774826,0.08535028398036956,0.16762664169073108,0.0,0.0,0.4121587425470352,0.9301619470119477,1.689451706409455,0.0,0.0,3.2420624494552612,8.738665676116943,13.9228910446167
2038-12,2038-12-01,global_mlp,2026-03,32.912333000000004,0.034195881336927414,3.195883870124817,False,0.37641796469688416,376417.96469688416,reported_conditioned_mlp,BALDER,,False,0.0,0.0,0.034195881336927414,0.08659406304359436,0.17017706334590918,0.0,0.0,0.37641796469688416,0.9037247061729431,1.3786608695983888,0.0,0.0,3.195883870124817,8.630487823486328,13.826693248748779
2039-01,2039-01-01,global_mlp,2026-03,32.912333000000004,0.04174954444169998,3.0727877616882324,False,0.314745768904686,314745.768904686,reported_conditioned_mlp,BALDER,,False,0.0,0.0,0.04174954444169998,0.09014365449547766,0.18419460207223895,0.0,0.0,0.314745768904686,0.8709731400012967,1.3994044065475468,0.0,0.0,3.0727877616882324,8.53679847717285,13.679393386840822
2039-02,2039-02-01,global_mlp,2026-03,32.912333000000004,0.0391860269010067,2.999503016471863,False,0.3178568184375763,317856.8184375763,reported_conditioned_mlp,BALDER,,False,0.0,0.0,0.0391860269010067,0.09087055921554563,0.19227665513753892,0.0,0.0,0.3178568184375763,0.9069558024406433,1.4834694623947144,0.0,0.0,2.999503016471863,8.455099582672117,13.558552074432374
2039-03,2039-03-01,global_mlp,2026-03,32.912333000000004,0.031004512682557106,2.9518672227859497,False,0.14233984053134918,142339.84053134918,reported_conditioned_mlp,BALDER,,False,0.0,0.0,0.031004512682557106,0.08393623605370519,0.18658477216959002,0.0,0.0,0.14233984053134918,0.8489028513431548,1.380542552471161,0.0,0.0,2.9518672227859497,8.355260944366453,13.48890314102173
2039-04,2039-04-01,global_mlp,2026-03,32.912333000000004,0.026789390482008457,2.8489338159561157,False,0.5654926300048828,565492.6300048828,reported_conditioned_mlp,BALDER,,False,0.0,0.0,0.026789390482008457,0.0689565360546112,0.14183080345392227,0.0,0.0,0.5654926300048828,1.0924091458320617,2.00971212387085,0.0,0.0,2.8489338159561157,8.15364713668823,13.418834495544436
2039-05,2039-05-01,global_mlp,2026-03,32.912333000000004,0.029077130369842052,2.788527488708496,False,0.4768967032432556,476896.7032432556,reported_conditioned_mlp,BALDER,,False,0.0,0.0,0.029077130369842052,0.07382612526416774,0.1435577601194382,0.0,0.0,0.4768967032432556,1.0041453719139097,1.6627558350563054,0.0,0.0,2.788527488708496,8.080802726745604,13.344261455535893
2039-06,2039-06-01,global_mlp,2026-03,32.912333000000004,0.02926618978381157,2.7266265153884888,False,0.4206044524908066,420604.4524908066,reported_conditioned_mlp,BALDER,,False,0.0,0.0,0.02926618978381157,0.07301220893859858,0.13520303815603257,0.0,0.0,0.4206044524908066,0.9228689074516296,1.5849843621253976,0.0,0.0,2.7266265153884888,7.9392503738403315,13.280739116668707
2039-07,2039-07-01,global_mlp,2026-03,32.912333000000004,0.029744152911007404,2.627928376197815,False,0.3396042734384537,339604.2734384537,reported_conditioned_mlp,BALDER,,False,0.0,0.0,0.029744152911007404,0.06819452419877037,0.1343525305390358,0.0,0.0,0.3396042734384537,0.9295090913772581,1.5945572733879096,0.0,0.0,2.627928376197815,7.827799701690673,13.269215774536137
2039-08,2039-08-01,global_mlp,2026-03,32.912333000000004,0.023297320120036602,2.4921748638153076,False,0.2707774043083191,270777.4043083191,reported_conditioned_mlp,BALDER,,False,0.0,0.0,0.023297320120036602,0.06059237048029893,0.13532925546169292,0.0,0.0,0.2707774043083191,0.8476272702217097,1.4255126953125001,0.0,0.0,2.4921748638153076,7.748618030548094,13.260638141632084
2039-09,2039-09-01,global_mlp,2026-03,32.912333000000004,0.02023769821971655,2.3886783123016357,False,0.12301339209079742,123013.39209079742,reported_conditioned_mlp,BALDER,,False,0.0,0.0,0.02023769821971655,0.07039639428257939,0.15164816230535508,0.0,0.0,0.12301339209079742,0.8375405132770535,1.4696790218353273,0.0,0.0,2.3886783123016357,7.63856291770935,13.23886947631836
2039-10,2039-10-01,global_mlp,2026-03,32.912333000000004,0.025646193884313107,2.261400580406189,False,0.2275737076997757,227573.7076997757,reported_conditioned_mlp,BALDER,,False,0.0,0.0,0.025646193884313107,0.06893561482429504,0.1565944701433182,0.0,0.0,0.2275737076997757,0.9102059185504912,1.582518982887268,0.0,0.0,2.261400580406189,7.516857862472533,13.092955589294435
2039-11,2039-11-01,global_mlp,2026-03,32.912333000000004,0.023096216842532158,2.1805245876312256,False,0.3526299446821213,352629.9446821213,reported_conditioned_mlp,BALDER,,False,0.0,0.0,0.023096216842532158,0.07983832582831381,0.16171853095293046,0.0,0.0,0.3526299446821213,0.933528125286102,1.499486589431763,0.0,0.0,2.1805245876312256,7.369024467468258,12.82217655181885
2039-12,2039-12-01,global_mlp,2026-03,32.912333000000004,0.024334612302482128,2.1157225370407104,False,0.23396415263414383,233964.15263414383,reported_conditioned_mlp,BALDER,,False,0.0,0.0,0.024334612302482128,0.07591043859720226,0.17718377858400344,0.0,0.0,0.23396415263414383,0.8652865469455718,1.4503742456436164,0.0,0.0,2.1157225370407104,7.245791006088251,12.811108112335209
2040-01,2040-01-01,global_mlp,2026-03,32.912333000000004,0.027189504355192184,1.9477000832557678,False,0.16149213910102844,161492.13910102844,reported_conditioned_mlp,BALDER,,False,0.0,0.0,0.027189504355192184,0.08233869299292557,0.17700257152318957,0.0,0.0,0.16149213910102844,0.788825100660324,1.393224334716797,0.0,0.0,1.9477000832557678,7.183503913879393,12.626053524017337
2040-02,2040-02-01,global_mlp,2026-03,32.912333000000004,0.02866712585091591,1.76766699552536,False,0.032518391497433186,32518.391497433186,reported_conditioned_mlp,BALDER,,False,0.0,0.0,0.02866712585091591,0.0805387645959854,0.17886478751897827,0.0,0.0,0.032518391497433186,0.7346752882003782,1.3223409056663518,0.0,0.0,1.76766699552536,7.114291524887085,12.339120864868171
2040-03,2040-03-01,global_mlp,2026-03,32.912333000000004,0.017530101351439953,1.675545573234558,False,0.0,0.0,reported_conditioned_mlp,BALDER,,False,0.0,0.0,0.017530101351439953,0.07167029604315754,0.16944158673286439,0.0,0.0,0.0,0.7390296995639799,1.24425585269928,0.0,0.0,1.675545573234558,6.998597431182859,12.235761356353768
2040-04,2040-04-01,global_mlp,2026-03,32.912333000000004,0.02250432688742876,1.6350741982460022,False,0.42115503549575806,421155.03549575806,reported_conditioned_mlp,BALDER,,False,0.0,0.0,0.02250432688742876,0.061846320331096646,0.1327642753720285,0.0,0.0,0.42115503549575806,1.0373517513275146,1.6859118819236756,0.0,0.0,1.6350741982460022,6.8813559532165485,12.155159950256357
2040-05,2040-05-01,global_mlp,2026-03,32.912333000000004,0.018311609514057636,1.5617571473121643,False,0.24851848185062408,248518.48185062408,reported_conditioned_mlp,BALDER,,False,0.0,0.0,0.018311609514057636,0.06512509882450102,0.13174566328525544,0.0,0.0,0.24851848185062408,0.9021667063236234,1.6237606406211855,0.0,0.0,1.5617571473121643,6.7727390289306575,12.148060226440435
2040-06,2040-06-01,global_mlp,2026-03,32.912333000000004,0.015555564779788256,1.4937102794647217,False,0.3303655534982681,330365.5534982681,reported_conditioned_mlp,BALDER,,False,0.0,0.0,0.015555564779788256,0.06888496652245521,0.1312821939587594,0.0,0.0,0.3303655534982681,0.8689361810684203,1.6408739447593694,0.0,0.0,1.4937102794647217,6.682325315475459,12.14135360717774
2040-07,2040-07-01,global_mlp,2026-03,32.912333000000004,0.013885705266147852,1.4674099683761597,False,0.20796552300453186,207965.52300453186,reported_conditioned_mlp,BALDER,,False,0.0,0.0,0.013885705266147852,0.06493622660636901,0.13038087487220765,0.0,0.0,0.20796552300453186,0.9251650750637054,1.5781358599662785,0.0,0.0,1.4674099683761597,6.591382980346676,12.133925151824954
2040-08,2040-08-01,global_mlp,2026-03,32.912333000000004,0.012703303713351488,1.4193128943443298,False,0.12897919863462448,128979.19863462448,reported_conditioned_mlp,BALDER,,False,0.0,0.0,0.012703303713351488,0.06039517745375632,0.1314892932772637,0.0,0.0,0.12897919863462448,0.8071454584598541,1.4652070879936219,0.0,0.0,1.4193128943443298,6.543587303161619,12.123281955718994
2040-09,2040-09-01,global_mlp,2026-03,32.912333000000004,0.010835330467671156,1.370425820350647,False,0.12420704215765,124207.04215765,reported_conditioned_mlp,BALDER,,False,0.0,0.0,0.010835330467671156,0.0644274152815342,0.1350175842642785,0.0,0.0,0.12420704215765,0.8569929242134093,1.5825981378555303,0.0,0.0,1.370425820350647,6.404261159896846,12.0507287979126
2040-10,2040-10-01,global_mlp,2026-03,32.912333000000004,0.013550382107496262,1.3143869042396545,False,0.07941260933876038,79412.60933876038,reported_conditioned_mlp,BALDER,,False,0.0,0.0,0.013550382107496262,0.06215970627963542,0.13848935067653667,0.0,0.0,0.07941260933876038,0.8751740038394927,1.5367545366287236,0.0,0.0,1.3143869042396545,6.327069616317744,11.911992931365967
2040-11,2040-11-01,global_mlp,2026-03,32.912333000000004,0.011508977971971035,1.2796873450279236,False,0.031105239875614643,31105.239875614643,reported_conditioned_mlp,BALDER,,False,0.0,0.0,0.011508977971971035,0.07325249761342997,0.15875926464796067,0.0,0.0,0.031105239875614643,0.9787654042243956,1.5503083705902105,0.0,0.0,1.2796873450279236,6.20957107543945,11.716394615173341
2040-12,2040-12-01,global_mlp,2026-03,32.912333000000004,0.012537161819636822,1.1343404650688171,False,0.0,0.0,reported_conditioned_mlp,BALDER,,False,0.0,0.0,0.012537161819636822,0.06801447644829747,0.14703310579061515,0.0,0.0,0.0,0.8356099486351013,1.2782296180725101,0.0,0.0,1.1343404650688171,6.084851646423338,11.57756500244141
2041-01,2041-01-01,global_mlp,2026-03,32.912333000000004,0.012828054837882519,0.9889214634895325,False,0.0,0.0,reported_conditioned_mlp,BALDER,,False,0.0,0.0,0.012828054837882519,0.07161236405372617,0.15647910684347155,0.0,0.0,0.0,0.8043466210365293,1.2853141665458683,0.0,0.0,0.9889214634895325,6.00709352493286,11.54900302886963
2041-02,2041-02-01,global_mlp,2026-03,32.912333000000004,8.634831829112954e-06,0.849394291639328,False,0.0,0.0,reported_conditioned_mlp,BALDER,,False,0.0,0.0,8.634831829112954e-06,0.06860487684607502,0.1553236857056621,0.0,0.0,0.0,0.7822954475879667,1.355249845981598,0.0,0.0,0.849394291639328,5.906688594818113,11.293564033508304
2041-03,2041-03-01,global_mlp,2026-03,32.912333000000004,0.0,0.7375659346580505,False,0.0,0.0,reported_conditioned_mlp,BALDER,,False,0.0,0.0,0.0,0.05821104310452935,0.16577106118202214,0.0,0.0,0.0,0.7164069294929504,1.2313527107238775,0.0,0.0,0.7375659346580505,5.797069931030273,11.2457670211792
2041-04,2041-04-01,global_mlp,2026-03,32.912333000000004,0.006583543960005045,0.6704709529876709,False,0.29375843703746796,293758.43703746796,reported_conditioned_mlp,BALDER,,False,0.0,0.0,0.006583543960005045,0.059813310578465305,0.13645893037319187,0.0,0.0,0.29375843703746796,1.0155375242233275,1.9002353191375738,0.0,0.0,0.6704709529876709,5.683371591567991,11.181096267700195
2041-05,2041-05-01,global_mlp,2026-03,32.912333000000004,0.00019467464881017804,0.5626028478145599,False,0.16341298073530197,163412.98073530197,reported_conditioned_mlp,BALDER,,False,0.0,0.0,0.00019467464881017804,0.06186476983129975,0.13915196061134344,0.0,0.0,0.16341298073530197,0.893781691789627,1.5107127904891975,0.0,0.0,0.5626028478145599,5.592703962326048,11.100037288665773
2041-06,2041-06-01,global_mlp,2026-03,32.912333000000004,0.005529414862394333,0.48243263363838196,False,0.24902617186307907,249026.17186307907,reported_conditioned_mlp,BALDER,,False,0.0,0.0,0.005529414862394333,0.05908250957727432,0.1362782567739488,0.0,0.0,0.24902617186307907,0.8652256727218625,1.4967238664627085,0.0,0.0,0.48243263363838196,5.546742343902586,10.982006740570068
2041-07,2041-07-01,global_mlp,2026-03,32.912333000000004,0.0016377572319470346,0.4133196324110031,False,0.21014658361673355,210146.58361673355,reported_conditioned_mlp,BALDER,,False,0.0,0.0,0.0016377572319470346,0.05943600945174683,0.1353643447160721,0.0,0.0,0.21014658361673355,0.9358839154243465,1.6186545372009278,0.0,0.0,0.4133196324110031,5.54201350212097,10.837152099609376
2041-08,2041-08-01,global_mlp,2026-03,32.912333000000004,0.0,0.286216177046299,False,0.007661113049834967,7661.113049834967,reported_conditioned_mlp,BALDER,,False,0.0,0.0,0.0,0.05718112178146834,0.12345594242215162,0.0,0.0,0.007661113049834967,0.806300926208496,1.376169764995575,0.0,0.0,0.286216177046299,5.387092542648315,10.691464614868165
2041-09,2041-09-01,global_mlp,2026-03,32.912333000000004,0.0,0.18571537733078003,False,0.025089893490076065,25089.893490076065,reported_conditioned_mlp,BALDER,,False,0.0,0.0,0.0,0.05503405071794986,0.12414015233516693,0.0,0.0,0.025089893490076065,0.7573625683784485,1.5120831131935126,0.0,0.0,0.18571537733078003,5.192165803909298,10.501793766021732
2041-10,2041-10-01,global_mlp,2026-03,32.912333000000004,0.0,0.02552119642496109,False,0.0,0.0,reported_conditioned_mlp,BALDER,,False,0.0,0.0,0.0,0.05762823671102524,0.13203687518835072,0.0,0.0,0.0,0.8428726434707641,1.5343927264213564,0.0,0.0,0.02552119642496109,5.07518334388732,10.384645366668707
2041-11,2041-11-01,global_mlp,2026-03,32.912333000000004,0.0,0.0,False,0.0,0.0,reported_conditioned_mlp,BALDER,,False,0.0,0.0,0.0,0.07371126785874366,0.1577315852046013,0.0,0.0,0.0,0.8675908565521239,1.5106148719787598,0.0,0.0,0.0,4.962374496459954,10.33341341018677
2041-12,2041-12-01,global_mlp,2026-03,32.912333000000004,0.0,0.0,False,0.0,0.0,reported_conditioned_mlp,BALDER,,False,0.0,0.0,0.0,0.06424535810947411,0.13991628736257555,0.0,0.0,0.0,0.7383106291294093,1.382836985588074,0.0,0.0,0.0,4.759211444854736,10.274518299102784
2042-01,2042-01-01,global_mlp,2026-03,32.912333000000004,0.0,0.0,False,0.0,0.0,reported_conditioned_mlp,BALDER,,False,0.0,0.0,0.0,0.06768075004220006,0.14818989932537094,0.0,0.0,0.0,0.5381298184394836,1.309046268463135,0.0,0.0,0.0,4.617663192749021,10.165559959411622
2042-02,2042-02-01,global_mlp,2026-03,32.912333000000004,0.0,0.0,False,0.0,0.0,reported_conditioned_mlp,BALDER,,False,0.0,0.0,0.0,0.06789613068103786,0.16019236892461777,0.0,0.0,0.0,0.6897252142429343,1.2444963455200198,0.0,0.0,0.0,4.54641551971435,10.052635955810548
2042-03,2042-03-01,global_mlp,2026-03,32.912333000000004,0.0,0.0,False,0.0,0.0,reported_conditioned_mlp,BALDER,,False,0.0,0.0,0.0,0.058895238116383544,0.14376309812068944,0.0,0.0,0.0,0.5000020921230315,1.1923643827438362,0.0,0.0,0.0,4.46851468086242,9.919985866546634
2042-04,2042-04-01,global_mlp,2026-03,32.912333000000004,0.0,0.0,False,0.0,0.0,reported_conditioned_mlp,BALDER,,False,0.0,0.0,0.0,0.05120839886367314,0.11032690405845645,0.0,0.0,0.0,0.9314506351947783,1.8383854508399964,0.0,0.0,0.0,4.361762714385984,9.818774509429934
2042-05,2042-05-01,global_mlp,2026-03,32.912333000000004,0.0,0.0,False,0.0,0.0,reported_conditioned_mlp,BALDER,,False,0.0,0.0,0.0,0.04941356554627414,0.11564155817031861,0.0,0.0,0.0,0.8464058518409728,1.7574451327323917,0.0,0.0,0.0,4.255075740814203,9.709472656250002
2042-06,2042-06-01,global_mlp,2026-03,32.912333000000004,0.0,0.0,False,0.0,0.0,reported_conditioned_mlp,BALDER,,False,0.0,0.0,0.0,0.050319532677531226,0.11563966646790508,0.0,0.0,0.0,0.8527643859386442,1.7408667445182802,0.0,0.0,0.0,4.234877967834468,9.600044536590579
2042-07,2042-07-01,global_mlp,2026-03,32.912333000000004,0.0,0.0,False,0.0,0.0,reported_conditioned_mlp,BALDER,,False,0.0,0.0,0.0,0.05245024040341377,0.12372369170188925,0.0,0.0,0.0,0.8355185329914091,1.5756754398345951,0.0,0.0,0.0,4.195205450057983,9.425828742980961
2042-08,2042-08-01,global_mlp,2026-03,32.912333000000004,0.0,0.0,False,0.0,0.0,reported_conditioned_mlp,BALDER,,False,0.0,0.0,0.0,0.04819075874984264,0.11753923147916795,0.0,0.0,0.0,0.6923490166664116,1.4744119644165041,0.0,0.0,0.0,4.083324909210204,9.37913284301758
2042-09,2042-09-01,global_mlp,2026-03,32.912333000000004,0.0,0.0,False,0.0,0.0,reported_conditioned_mlp,BALDER,,False,0.0,0.0,0.0,0.05072665140032764,0.1268601253628731,0.0,0.0,0.0,0.7286822021007536,1.4090530276298523,0.0,0.0,0.0,3.984139537811278,9.157418346405034
2042-10,2042-10-01,global_mlp,2026-03,32.912333000000004,0.0,0.0,False,0.0,0.0,reported_conditioned_mlp,BALDER,,False,0.0,0.0,0.0,0.051915126293897614,0.1260378956794739,0.0,0.0,0.0,0.7462149024009701,1.7168042182922376,0.0,0.0,0.0,3.9242416620254503,9.002938556671152
2042-11,2042-11-01,global_mlp,2026-03,32.912333000000004,0.0,0.0,False,0.0,0.0,reported_conditioned_mlp,BALDER,,False,0.0,0.0,0.0,0.06333313286304473,0.1539328530430794,0.0,0.0,0.0,0.8454571604728699,1.523965382575989,0.0,0.0,0.0,3.8248207092285145,8.984020233154306
2042-12,2042-12-01,global_mlp,2026-03,32.912333000000004,0.0,0.0,False,0.0,0.0,reported_conditioned_mlp,BALDER,,False,0.0,0.0,0.0,0.059989399462938305,0.13918610662221914,0.0,0.0,0.0,0.6081945300102233,1.327785670757294,0.0,0.0,0.0,3.65554511547088,8.96103048324586
2043-01,2043-01-01,global_mlp,2026-03,32.912333000000004,0.0,0.0,False,0.0,0.0,reported_conditioned_mlp,BALDER,,False,0.0,0.0,0.0,0.059084024652838706,0.14046420902013784,0.0,0.0,0.0,0.6603199243545529,1.3268421411514284,0.0,0.0,0.0,3.5443632602691557,8.915904998779308
2043-02,2043-02-01,global_mlp,2026-03,32.912333000000004,0.0,0.0,False,0.0,0.0,reported_conditioned_mlp,BALDER,,False,0.0,0.0,0.0,0.05557534135878083,0.13315385431051258,0.0,0.0,0.0,0.5059641033411001,1.3629436731338505,0.0,0.0,0.0,3.4289364576339603,8.875946521759046
2043-03,2043-03-01,global_mlp,2026-03,32.912333000000004,0.0,0.0,False,0.0,0.0,reported_conditioned_mlp,BALDER,,False,0.0,0.0,0.0,0.04955215342342852,0.13128300756216055,0.0,0.0,0.0,0.5078465223312376,1.3370352387428286,0.0,0.0,0.0,3.3454775094985862,8.85174484252931
2043-04,2043-04-01,global_mlp,2026-03,32.912333000000004,0.0,0.0,False,0.0,0.0,reported_conditioned_mlp,BALDER,,False,0.0,0.0,0.0,0.05048153735697268,0.11276291310787208,0.0,0.0,0.0,0.864120221138,1.5713430881500245,0.0,0.0,0.0,3.253126502037038,8.78703193664552
2043-05,2043-05-01,global_mlp,2026-03,32.912333000000004,0.0,0.0,False,0.0,0.0,reported_conditioned_mlp,BALDER,,False,0.0,0.0,0.0,0.04628560990095137,0.10983232930302625,0.0,0.0,0.0,0.7700060486793514,1.3964982271194473,0.0,0.0,0.0,3.2076680898666288,8.72678804397584
2043-06,2043-06-01,global_mlp,2026-03,32.912333000000004,0.0,0.0,False,0.0,0.0,reported_conditioned_mlp,BALDER,,False,0.0,0.0,0.0,0.04410470761358733,0.11090886443853382,0.0,0.0,0.0,0.6593792319297771,1.3227773785591128,0.0,0.0,0.0,3.107840561866757,8.635278511047368
2043-07,2043-07-01,global_mlp,2026-03,32.912333000000004,0.0,0.0,False,0.0,0.0,reported_conditioned_mlp,BALDER,,False,0.0,0.0,0.0,0.051784040778875294,0.12112052291631703,0.0,0.0,0.0,0.7263639152050017,1.3732697010040282,0.0,0.0,0.0,2.9698935985565145,8.597574710845947
2043-08,2043-08-01,global_mlp,2026-03,32.912333000000004,0.0,0.0,False,0.0,0.0,reported_conditioned_mlp,BALDER,,False,0.0,0.0,0.0,0.045965322852134616,0.12244812026619911,0.0,0.0,0.0,0.6287166655063627,1.376446807384491,0.0,0.0,0.0,2.8490935802459645,8.495982933044436
2043-09,2043-09-01,global_mlp,2026-03,32.912333000000004,0.0,0.0,False,0.0,0.0,reported_conditioned_mlp,BALDER,,False,0.0,0.0,0.0,0.04663886167109004,0.11838504076004029,0.0,0.0,0.0,0.561166900396346,1.2482793211936953,0.0,0.0,0.0,2.8028862476348815,8.399845314025882
2043-10,2043-10-01,global_mlp,2026-03,32.912333000000004,0.0,0.0,False,0.0,0.0,reported_conditioned_mlp,BALDER,,False,0.0,0.0,0.0,0.04116344451904291,0.12324622720479969,0.0,0.0,0.0,0.6046691715717313,1.412531638145447,0.0,0.0,0.0,2.6545764684677113,8.233581924438479
2043-11,2043-11-01,global_mlp,2026-03,32.912333000000004,0.0,0.0,False,0.0,0.0,reported_conditioned_mlp,BALDER,,False,0.0,0.0,0.0,0.055575634166598255,0.13565054535865786,0.0,0.0,0.0,0.5461980104446402,1.40476393699646,0.0,0.0,0.0,2.5011611700057967,8.071937274932864
2043-12,2043-12-01,global_mlp,2026-03,32.912333000000004,0.0,0.0,False,0.0,0.0,reported_conditioned_mlp,BALDER,,False,0.0,0.0,0.0,0.04591468460857863,0.12255140915513042,0.0,0.0,0.0,0.49692589044570895,1.16172411441803,0.0,0.0,0.0,2.4103124141693106,7.977925825119022
2044-01,2044-01-01,global_mlp,2026-03,32.912333000000004,0.0,0.0,False,0.0,0.0,reported_conditioned_mlp,BALDER,,False,0.0,0.0,0.0,0.05443043485283851,0.14571683853864678,0.0,0.0,0.0,0.42231825292110425,1.127374851703644,0.0,0.0,0.0,2.3475575923919667,7.934662103652957
2044-02,2044-02-01,global_mlp,2026-03,32.912333000000004,0.0,0.0,False,0.0,0.0,reported_conditioned_mlp,BALDER,,False,0.0,0.0,0.0,0.04923012480139722,0.1430022194981575,0.0,0.0,0.0,0.49032780826091626,1.1870237231254583,0.0,0.0,0.0,2.2874662637710563,7.739570331573487
2044-03,2044-03-01,global_mlp,2026-03,32.912333000000004,0.0,0.0,False,0.0,0.0,reported_conditioned_mlp,BALDER,,False,0.0,0.0,0.0,0.04006924554705614,0.13717773556709295,0.0,0.0,0.0,0.3451356917619696,1.1604902505874637,0.0,0.0,0.0,2.2109790802001927,7.609855127334596
2044-04,2044-04-01,global_mlp,2026-03,32.912333000000004,0.0,0.0,False,0.0,0.0,reported_conditioned_mlp,BALDER,,False,0.0,0.0,0.0,0.04216228090226648,0.11087069064378743,0.0,0.0,0.0,0.6767500579357146,1.4693135380744935,0.0,0.0,0.0,2.1541705608367883,7.550794315338135
2044-05,2044-05-01,global_mlp,2026-03,32.912333000000004,0.0,0.0,False,0.0,0.0,reported_conditioned_mlp,BALDER,,False,0.0,0.0,0.0,0.04191489256918429,0.11161921024322513,0.0,0.0,0.0,0.6142497539520262,1.3188919901847842,0.0,0.0,0.0,2.0461125135421736,7.44835948944092
2044-06,2044-06-01,global_mlp,2026-03,32.912333000000004,0.0,0.0,False,0.0,0.0,reported_conditioned_mlp,BALDER,,False,0.0,0.0,0.0,0.041720377653837126,0.10268206596374514,0.0,0.0,0.0,0.5262257158756254,1.1166157364845277,0.0,0.0,0.0,1.9843972444534284,7.34902701377869
2044-07,2044-07-01,global_mlp,2026-03,32.912333000000004,0.0,0.0,False,0.0,0.0,reported_conditioned_mlp,BALDER,,False,0.0,0.0,0.0,0.04032112918794152,0.1019690051674844,0.0,0.0,0.0,0.591515332460402,1.3572381615638742,0.0,0.0,0.0,1.8810475468635546,7.254394054412845
2044-08,2044-08-01,global_mlp,2026-03,32.912333000000004,0.0,0.0,False,0.0,0.0,reported_conditioned_mlp,BALDER,,False,0.0,0.0,0.0,0.03548675365746021,0.10227878615260128,0.0,0.0,0.0,0.43554895818233363,1.1236736655235295,0.0,0.0,0.0,1.8217061281204214,7.181812047958377
2044-09,2044-09-01,global_mlp,2026-03,32.912333000000004,0.0,0.0,False,0.0,0.0,reported_conditioned_mlp,BALDER,,False,0.0,0.0,0.0,0.03682081848382948,0.10647413730621338,0.0,0.0,0.0,0.4333787828683852,1.2142595291137697,0.0,0.0,0.0,1.752491271495819,7.1200243949890165
2044-10,2044-10-01,global_mlp,2026-03,32.912333000000004,0.0,0.0,False,0.0,0.0,reported_conditioned_mlp,BALDER,,False,0.0,0.0,0.0,0.03772986643016335,0.11699116230010989,0.0,0.0,0.0,0.48636396229267087,1.3216788768768315,0.0,0.0,0.0,1.6435407161712623,7.063381958007815
2044-11,2044-11-01,global_mlp,2026-03,32.912333000000004,0.0,0.0,False,0.0,0.0,reported_conditioned_mlp,BALDER,,False,0.0,0.0,0.0,0.04240382127463817,0.1194297373294831,0.0,0.0,0.0,0.39611994326114386,1.3618527889251713,0.0,0.0,0.0,1.511953568458555,6.9802882194519045
2044-12,2044-12-01,global_mlp,2026-03,32.912333000000004,0.0,0.0,False,0.0,0.0,reported_conditioned_mlp,BALDER,,False,0.0,0.0,0.0,0.04288224950432775,0.105159530043602,0.0,0.0,0.0,0.2933298438787445,1.1838205218315125,0.0,0.0,0.0,1.4126677274703947,6.921416425704956
2045-01,2045-01-01,global_mlp,2026-03,32.912333000000004,0.0,0.0,False,0.0,0.0,reported_conditioned_mlp,BALDER,,False,0.0,0.0,0.0,0.04012953490018843,0.12028777748346331,0.0,0.0,0.0,0.24480175375938368,1.1004202961921696,0.0,0.0,0.0,1.307492268085472,6.85641679763794
2045-02,2045-02-01,global_mlp,2026-03,32.912333000000004,0.0,0.0,False,0.0,0.0,reported_conditioned_mlp,BALDER,,False,0.0,0.0,0.0,0.036660451442003174,0.13824408799409868,0.0,0.0,0.0,0.3191604316234588,1.0719909548759465,0.0,0.0,0.0,1.2056209802627456,6.804771375656128
2045-03,2045-03-01,global_mlp,2026-03,32.912333000000004,0.0,0.0,False,0.0,0.0,reported_conditioned_mlp,BALDER,,False,0.0,0.0,0.0,0.024519020877778464,0.11320955753326416,0.0,0.0,0.0,0.12185474932193739,1.0639873147010808,0.0,0.0,0.0,1.1205205440521144,6.743389368057252
2045-04,2045-04-01,global_mlp,2026-03,32.912333000000004,0.0,0.0,False,0.0,0.0,reported_conditioned_mlp,BALDER,,False,0.0,0.0,0.0,0.025609299167990672,0.09742664247751236,0.0,0.0,0.0,0.5031566381454459,1.3931911468505862,0.0,0.0,0.0,1.031858563423147,6.661734151840211
2045-05,2045-05-01,global_mlp,2026-03,32.912333000000004,0.0,0.0,False,0.0,0.0,reported_conditioned_mlp,BALDER,,False,0.0,0.0,0.0,0.02841525170952081,0.09192826673388482,0.0,0.0,0.0,0.3102004885673516,1.2168807268142707,0.0,0.0,0.0,0.9720298886299047,6.575463914871217
2045-06,2045-06-01,global_mlp,2026-03,32.912333000000004,0.0,0.0,False,0.0,0.0,reported_conditioned_mlp,BALDER,,False,0.0,0.0,0.0,0.021968366391956755,0.08918715715408326,0.0,0.0,0.0,0.37300730049610126,1.165583395957947,0.0,0.0,0.0,0.8833847463130857,6.502754878997804
2045-07,2045-07-01,global_mlp,2026-03,32.912333000000004,0.0,0.0,False,0.0,0.0,reported_conditioned_mlp,BALDER,,False,0.0,0.0,0.0,0.019849799200892398,0.09226441755890855,0.0,0.0,0.0,0.295532813668251,1.2718347907066345,0.0,0.0,0.0,0.8514124989509524,6.439989519119263
2045-08,2045-08-01,global_mlp,2026-03,32.912333000000004,0.0,0.0,False,0.0,0.0,reported_conditioned_mlp,BALDER,,False,0.0,0.0,0.0,0.016936909407377194,0.0991012565791607,0.0,0.0,0.0,0.0046706061344590315,1.011961829662323,0.0,0.0,0.0,0.8295182168483708,6.3463500499725365
2045-09,2045-09-01,global_mlp,2026-03,32.912333000000004,0.0,0.0,False,0.0,0.0,reported_conditioned_mlp,BALDER,,False,0.0,0.0,0.0,0.0097907330840825,0.09040458276867869,0.0,0.0,0.0,0.0,1.1595860123634338,0.0,0.0,0.0,0.8042975604534147,6.28241105079651
2045-10,2045-10-01,global_mlp,2026-03,32.912333000000004,0.0,0.0,False,0.0,0.0,reported_conditioned_mlp,BALDER,,False,0.0,0.0,0.0,0.001161276060156394,0.08941907361149791,0.0,0.0,0.0,0.0,1.0994430541992188,0.0,0.0,0.0,0.7356815695762626,6.203113174438477
2045-11,2045-11-01,global_mlp,2026-03,32.912333000000004,0.0,0.0,False,0.0,0.0,reported_conditioned_mlp,BALDER,,False,0.0,0.0,0.0,0.009933598525822027,0.10766185224056248,0.0,0.0,0.0,0.037029309198258704,1.1418039798736572,0.0,0.0,0.0,0.6273147761821722,6.111515522003174
2045-12,2045-12-01,global_mlp,2026-03,32.912333000000004,0.0,0.0,False,0.0,0.0,reported_conditioned_mlp,BALDER,,False,0.0,0.0,0.0,0.006412750296294667,0.10175472050905232,0.0,0.0,0.0,0.0,1.0912973165512088,0.0,0.0,0.0,0.5089851617813055,6.00787229537964
2046-01,2046-01-01,global_mlp,2026-03,32.912333000000004,0.0,0.0,False,0.0,0.0,reported_conditioned_mlp,BALDER,,False,0.0,0.0,0.0,0.004674519132822735,0.11037911176681527,0.0,0.0,0.0,0.0,1.0524594426155096,0.0,0.0,0.0,0.3890585869550612,5.9434816360473635
2046-02,2046-02-01,global_mlp,2026-03,32.912333000000004,0.0,0.0,False,0.0,0.0,reported_conditioned_mlp,BALDER,,False,0.0,0.0,0.0,0.0,0.10777537897229197,0.0,0.0,0.0,0.0,0.9556790292263035,0.0,0.0,0.0,0.33442592024802437,5.792710494995118
2046-03,2046-03-01,global_mlp,2026-03,32.912333000000004,0.0,0.0,False,0.0,0.0,reported_conditioned_mlp,BALDER,,False,0.0,0.0,0.0,0.0,0.09286152645945567,0.0,0.0,0.0,0.0,0.8868579089641572,0.0,0.0,0.0,0.2957434982061334,5.6445388317108165
2046-04,2046-04-01,global_mlp,2026-03,32.912333000000004,0.0,0.0,False,0.0,0.0,reported_conditioned_mlp,BALDER,,False,0.0,0.0,0.0,0.0,0.08588119819760325,0.0,0.0,0.0,0.0,1.2939350247383121,0.0,0.0,0.0,0.2693639829754789,5.558146429061891
2046-05,2046-05-01,global_mlp,2026-03,32.912333000000004,0.0,0.0,False,0.0,0.0,reported_conditioned_mlp,BALDER,,False,0.0,0.0,0.0,0.0,0.08673418983817101,0.0,0.0,0.0,0.0,1.2363144755363469,0.0,0.0,0.0,0.2562433034181568,5.481649827957154
2046-06,2046-06-01,global_mlp,2026-03,32.912333000000004,0.0,0.0,False,0.0,0.0,reported_conditioned_mlp,BALDER,,False,0.0,0.0,0.0,0.0005893758265300692,0.09287660494446755,0.0,0.0,0.0,0.0,1.2406211972236636,0.0,0.0,0.0,0.13805594742297517,5.357669353485109
2046-07,2046-07-01,global_mlp,2026-03,32.912333000000004,0.0,0.0,False,0.0,0.0,reported_conditioned_mlp,BALDER,,False,0.0,0.0,0.0,3.3739467471600055e-05,0.08610418662428856,0.0,0.0,0.0,0.0,1.2128653883934022,0.0,0.0,0.0,0.025245559215541828,5.2224950313568135
2046-08,2046-08-01,global_mlp,2026-03,32.912333000000004,0.0,0.0,False,0.0,0.0,reported_conditioned_mlp,BALDER,,False,0.0,0.0,0.0,0.0,0.08289469256997112,0.0,0.0,0.0,0.0,1.0880345344543458,0.0,0.0,0.0,0.0,5.1384809017181405
2046-09,2046-09-01,global_mlp,2026-03,32.912333000000004,0.0,0.0,False,0.0,0.0,reported_conditioned_mlp,BALDER,,False,0.0,0.0,0.0,0.0,0.09038938954472543,0.0,0.0,0.0,0.0,1.1290584921836855,0.0,0.0,0.0,0.0,5.045612859725953
2046-10,2046-10-01,global_mlp,2026-03,32.912333000000004,0.0,0.0,False,0.0,0.0,reported_conditioned_mlp,BALDER,,False,0.0,0.0,0.0,0.0,0.09301773831248294,0.0,0.0,0.0,0.0,1.1753400802612306,0.0,0.0,0.0,0.0,4.951828575134278
2046-11,2046-11-01,global_mlp,2026-03,32.912333000000004,0.0,0.0,False,0.0,0.0,reported_conditioned_mlp,BALDER,,False,0.0,0.0,0.0,0.0,0.10461591258645059,0.0,0.0,0.0,0.0,1.1119793415069585,0.0,0.0,0.0,0.0,4.8599816322326665
2046-12,2046-12-01,global_mlp,2026-03,32.912333000000004,0.0,0.0,False,0.0,0.0,reported_conditioned_mlp,BALDER,,False,0.0,0.0,0.0,0.0,0.09973796084523204,0.0,0.0,0.0,0.0,1.0691894173622134,0.0,0.0,0.0,0.0,4.805166244506837
2047-01,2047-01-01,global_mlp,2026-03,32.912333000000004,0.0,0.0,False,0.0,0.0,reported_conditioned_mlp,BALDER,,False,0.0,0.0,0.0,0.0,0.10546889379620553,0.0,0.0,0.0,0.0,0.984323137998581,0.0,0.0,0.0,0.0,4.698532581329348
2047-02,2047-02-01,global_mlp,2026-03,32.912333000000004,0.0,0.0,False,0.0,0.0,reported_conditioned_mlp,BALDER,,False,0.0,0.0,0.0,0.0,0.10234727635979657,0.0,0.0,0.0,0.0,1.051388454437256,0.0,0.0,0.0,0.0,4.628327512741092
2047-03,2047-03-01,global_mlp,2026-03,32.912333000000004,0.0,0.0,False,0.0,0.0,reported_conditioned_mlp,BALDER,,False,0.0,0.0,0.0,0.0,0.08458222672343256,0.0,0.0,0.0,0.0,0.9899980604648595,0.0,0.0,0.0,0.0,4.5460868358612085
2047-04,2047-04-01,global_mlp,2026-03,32.912333000000004,0.0,0.0,False,0.0,0.0,reported_conditioned_mlp,BALDER,,False,0.0,0.0,0.0,0.0,0.08434812054038048,0.0,0.0,0.0,0.0,1.2797169446945191,0.0,0.0,0.0,0.0,4.473416709899905
2047-05,2047-05-01,global_mlp,2026-03,32.912333000000004,0.0,0.0,False,0.0,0.0,reported_conditioned_mlp,BALDER,,False,0.0,0.0,0.0,0.0,0.0803069569170475,0.0,0.0,0.0,0.0,1.1348011016845707,0.0,0.0,0.0,0.0,4.391905546188357
2047-06,2047-06-01,global_mlp,2026-03,32.912333000000004,0.0,0.0,False,0.0,0.0,reported_conditioned_mlp,BALDER,,False,0.0,0.0,0.0,0.0,0.07866886630654339,0.0,0.0,0.0,0.0,0.9514124095439911,0.0,0.0,0.0,0.0,4.298197650909424
2047-07,2047-07-01,global_mlp,2026-03,32.912333000000004,0.0,0.0,False,0.0,0.0,reported_conditioned_mlp,BALDER,,False,0.0,0.0,0.0,0.0,0.07762682959437371,0.0,0.0,0.0,0.0,1.0934943437576305,0.0,0.0,0.0,0.0,4.155296516418459
2047-08,2047-08-01,global_mlp,2026-03,32.912333000000004,0.0,0.0,False,0.0,0.0,reported_conditioned_mlp,BALDER,,False,0.0,0.0,0.0,0.0,0.07161324694752695,0.0,0.0,0.0,0.0,0.9497266888618473,0.0,0.0,0.0,0.0,4.097036170959474
2047-09,2047-09-01,global_mlp,2026-03,32.912333000000004,0.0,0.0,False,0.0,0.0,reported_conditioned_mlp,BALDER,,False,0.0,0.0,0.0,0.0,0.07824543118476873,0.0,0.0,0.0,0.0,0.8686106145381932,0.0,0.0,0.0,0.0,4.007265710830691
2047-10,2047-10-01,global_mlp,2026-03,32.912333000000004,0.0,0.0,False,0.0,0.0,reported_conditioned_mlp,BALDER,,False,0.0,0.0,0.0,0.0,0.07805472165346149,0.0,0.0,0.0,0.0,0.9855070352554322,0.0,0.0,0.0,0.0,3.927936649322512
2047-11,2047-11-01,global_mlp,2026-03,32.912333000000004,0.0,0.0,False,0.0,0.0,reported_conditioned_mlp,BALDER,,False,0.0,0.0,0.0,0.0,0.09527832716703417,0.0,0.0,0.0,0.0,1.0881970405578614,0.0,0.0,0.0,0.0,3.8144217491149908
2047-12,2047-12-01,global_mlp,2026-03,32.912333000000004,0.0,0.0,False,0.0,0.0,reported_conditioned_mlp,BALDER,,False,0.0,0.0,0.0,0.0,0.09079708978533753,0.0,0.0,0.0,0.0,0.8369886040687562,0.0,0.0,0.0,0.0,3.5727168560028124
2048-01,2048-01-01,global_mlp,2026-03,32.912333000000004,0.0,0.0,False,0.0,0.0,reported_conditioned_mlp,BALDER,,False,0.0,0.0,0.0,0.0,0.09724477455019966,0.0,0.0,0.0,0.0,0.960727435350418,0.0,0.0,0.0,0.0,3.2924891471862874
2048-02,2048-02-01,global_mlp,2026-03,32.912333000000004,0.0,0.0,False,0.0,0.0,reported_conditioned_mlp,BALDER,,False,0.0,0.0,0.0,0.0,0.08886728882789616,0.0,0.0,0.0,0.0,0.7438645899295813,0.0,0.0,0.0,0.0,3.197044157981879
2048-03,2048-03-01,global_mlp,2026-03,32.912333000000004,0.0,0.0,False,0.0,0.0,reported_conditioned_mlp,BALDER,,False,0.0,0.0,0.0,0.0,0.0759160324931146,0.0,0.0,0.0,0.0,0.9058745563030244,0.0,0.0,0.0,0.0,3.0242834329605177
2048-04,2048-04-01,global_mlp,2026-03,32.912333000000004,0.0,0.0,False,0.0,0.0,reported_conditioned_mlp,BALDER,,False,0.0,0.0,0.0,0.0,0.07531111463904384,0.0,0.0,0.0,0.0,1.0526752710342415,0.0,0.0,0.0,0.0,2.9803847312927303
2048-05,2048-05-01,global_mlp,2026-03,32.912333000000004,0.0,0.0,False,0.0,0.0,reported_conditioned_mlp,BALDER,,False,0.0,0.0,0.0,0.0,0.07540622800588612,0.0,0.0,0.0,0.0,1.0212918281555177,0.0,0.0,0.0,0.0,2.9318791389465373
2048-06,2048-06-01,global_mlp,2026-03,32.912333000000004,0.0,0.0,False,0.0,0.0,reported_conditioned_mlp,BALDER,,False,0.0,0.0,0.0,0.0,0.07000671029090885,0.0,0.0,0.0,0.0,0.9593149483203889,0.0,0.0,0.0,0.0,2.8885448932647724
2048-07,2048-07-01,global_mlp,2026-03,32.912333000000004,0.0,0.0,False,0.0,0.0,reported_conditioned_mlp,BALDER,,False,0.0,0.0,0.0,0.0,0.07493257820606232,0.0,0.0,0.0,0.0,0.9832285940647133,0.0,0.0,0.0,0.0,2.8419546127319335
2048-08,2048-08-01,global_mlp,2026-03,32.912333000000004,0.0,0.0,False,0.0,0.0,reported_conditioned_mlp,BALDER,,False,0.0,0.0,0.0,0.0,0.06463624984025956,0.0,0.0,0.0,0.0,0.7685263752937325,0.0,0.0,0.0,0.0,2.7440947771072404
2048-09,2048-09-01,global_mlp,2026-03,32.912333000000004,0.0,0.0,False,0.0,0.0,reported_conditioned_mlp,BALDER,,False,0.0,0.0,0.0,0.0,0.06743477433919907,0.0,0.0,0.0,0.0,0.8248026788234712,0.0,0.0,0.0,0.0,2.6735658645629896
2048-10,2048-10-01,global_mlp,2026-03,32.912333000000004,0.0,0.0,False,0.0,0.0,reported_conditioned_mlp,BALDER,,False,0.0,0.0,0.0,0.0,0.07788018211722374,0.0,0.0,0.0,0.0,0.8793338119983677,0.0,0.0,0.0,0.0,2.6561761617660524
2048-11,2048-11-01,global_mlp,2026-03,32.912333000000004,0.0,0.0,False,0.0,0.0,reported_conditioned_mlp,BALDER,,False,0.0,0.0,0.0,0.0,0.0804070755839348,0.0,0.0,0.0,0.0,1.0133985042572025,0.0,0.0,0.0,0.0,2.5816550016403204
2048-12,2048-12-01,global_mlp,2026-03,32.912333000000004,0.0,0.0,False,0.0,0.0,reported_conditioned_mlp,BALDER,,False,0.0,0.0,0.0,0.0,0.07442700043320657,0.0,0.0,0.0,0.0,0.982032585144043,0.0,0.0,0.0,0.0,2.469134664535524
2049-01,2049-01-01,global_mlp,2026-03,32.912333000000004,0.0,0.0,False,0.0,0.0,reported_conditioned_mlp,BALDER,,False,0.0,0.0,0.0,0.0,0.08788270428776745,0.0,0.0,0.0,0.0,0.7471176564693456,0.0,0.0,0.0,0.0,2.2400029659271303
2049-02,2049-02-01,global_mlp,2026-03,32.912333000000004,0.0,0.0,False,0.0,0.0,reported_conditioned_mlp,BALDER,,False,0.0,0.0,0.0,0.0,0.08199961930513384,0.0,0.0,0.0,0.0,0.7319820761680607,0.0,0.0,0.0,0.0,2.1273442268371667
2049-03,2049-03-01,global_mlp,2026-03,32.912333000000004,0.0,0.0,False,0.0,0.0,reported_conditioned_mlp,BALDER,,False,0.0,0.0,0.0,0.0,0.07908640578389171,0.0,0.0,0.0,0.0,0.6703487157821667,0.0,0.0,0.0,0.0,1.9998463153839179
2049-04,2049-04-01,global_mlp,2026-03,32.912333000000004,0.0,0.0,False,0.0,0.0,reported_conditioned_mlp,BALDER,,False,0.0,0.0,0.0,0.0,0.06453338861465456,0.0,0.0,0.0,0.0,0.9694817066192629,0.0,0.0,0.0,0.0,1.9051694869995148
2049-05,2049-05-01,global_mlp,2026-03,32.912333000000004,0.0,0.0,False,0.0,0.0,reported_conditioned_mlp,BALDER,,False,0.0,0.0,0.0,0.0,0.06511983796954156,0.0,0.0,0.0,0.0,1.0348675131797795,0.0,0.0,0.0,0.0,1.8282193541526797
2049-06,2049-06-01,global_mlp,2026-03,32.912333000000004,0.0,0.0,False,0.0,0.0,reported_conditioned_mlp,BALDER,,False,0.0,0.0,0.0,0.0,0.06905532330274586,0.0,0.0,0.0,0.0,0.9358969926834106,0.0,0.0,0.0,0.0,1.8238086938858034
2049-07,2049-07-01,global_mlp,2026-03,32.912333000000004,0.0,0.0,False,0.0,0.0,reported_conditioned_mlp,BALDER,,False,0.0,0.0,0.0,0.0,0.06484996378421784,0.0,0.0,0.0,0.0,0.9068729698657998,0.0,0.0,0.0,0.0,1.7407427310943622
2049-08,2049-08-01,global_mlp,2026-03,32.912333000000004,0.0,0.0,False,0.0,0.0,reported_conditioned_mlp,BALDER,,False,0.0,0.0,0.0,0.0,0.06359531432390214,0.0,0.0,0.0,0.0,0.7213168323040012,0.0,0.0,0.0,0.0,1.6565336704254185
2049-09,2049-09-01,global_mlp,2026-03,32.912333000000004,0.0,0.0,False,0.0,0.0,reported_conditioned_mlp,BALDER,,False,0.0,0.0,0.0,0.0,0.059469162672758126,0.0,0.0,0.0,0.0,0.7588151812553413,0.0,0.0,0.0,0.0,1.5803508877754264
2049-10,2049-10-01,global_mlp,2026-03,32.912333000000004,0.0,0.0,False,0.0,0.0,reported_conditioned_mlp,BALDER,,False,0.0,0.0,0.0,0.0,0.059713647142052684,0.0,0.0,0.0,0.0,0.7714581012725832,0.0,0.0,0.0,0.0,1.5460102319717446
2049-11,2049-11-01,global_mlp,2026-03,32.912333000000004,0.0,0.0,False,0.0,0.0,reported_conditioned_mlp,BALDER,,False,0.0,0.0,0.0,0.0,0.06464040428400047,0.0,0.0,0.0,0.0,0.8603075325489048,0.0,0.0,0.0,0.0,1.3928347945213355
2049-12,2049-12-01,global_mlp,2026-03,32.912333000000004,0.0,0.0,False,0.0,0.0,reported_conditioned_mlp,BALDER,,False,0.0,0.0,0.0,0.0,0.05448345392942432,0.0,0.0,0.0,0.0,0.7339546978473669,0.0,0.0,0.0,0.0,1.2748332381248477
2050-01,2050-01-01,global_mlp,2026-03,32.912333000000004,0.0,0.0,False,0.0,0.0,reported_conditioned_mlp,BALDER,,False,0.0,0.0,0.0,0.0,0.057609438523650205,0.0,0.0,0.0,0.0,0.6346120655536659,0.0,0.0,0.0,0.0,1.0622549414634725
2050-02,2050-02-01,global_mlp,2026-03,32.912333000000004,0.0,0.0,False,0.0,0.0,reported_conditioned_mlp,BALDER,,False,0.0,0.0,0.0,0.0,0.052895912155509026,0.0,0.0,0.0,0.0,0.4619947969913494,0.0,0.0,0.0,0.0,0.9049394667148604
2050-03,2050-03-01,global_mlp,2026-03,32.912333000000004,0.0,0.0,False,0.0,0.0,reported_conditioned_mlp,BALDER,,False,0.0,0.0,0.0,0.0,0.043453879654407536,0.0,0.0,0.0,0.0,0.5404277205467239,0.0,0.0,0.0,0.0,0.8559966027736665
2050-04,2050-04-01,global_mlp,2026-03,32.912333000000004,0.0,0.0,False,0.0,0.0,reported_conditioned_mlp,BALDER,,False,0.0,0.0,0.0,0.0,0.051180740818381386,0.0,0.0,0.0,0.0,0.933384829759598,0.0,0.0,0.0,0.0,0.7738704979419723
2050-05,2050-05-01,global_mlp,2026-03,32.912333000000004,0.0,0.0,False,0.0,0.0,reported_conditioned_mlp,BALDER,,False,0.0,0.0,0.0,0.0,0.05313745774328709,0.0,0.0,0.0,0.0,0.7505913376808178,0.0,0.0,0.0,0.0,0.7182709455490122
2050-06,2050-06-01,global_mlp,2026-03,32.912333000000004,0.0,0.0,False,0.0,0.0,reported_conditioned_mlp,BALDER,,False,0.0,0.0,0.0,0.0,0.0507222168147565,0.0,0.0,0.0,0.0,0.8060180544853214,0.0,0.0,0.0,0.0,0.672021991014481
2050-07,2050-07-01,global_mlp,2026-03,32.912333000000004,0.0,0.0,False,0.0,0.0,reported_conditioned_mlp,BALDER,,False,0.0,0.0,0.0,0.0,0.04980390146374704,0.0,0.0,0.0,0.0,0.6704770386219029,0.0,0.0,0.0,0.0,0.6268615067005158
2050-08,2050-08-01,global_mlp,2026-03,32.912333000000004,0.0,0.0,False,0.0,0.0,reported_conditioned_mlp,BALDER,,False,0.0,0.0,0.0,0.0,0.0366160448640585,0.0,0.0,0.0,0.0,0.4982307672500614,0.0,0.0,0.0,0.0,0.5313802480697642
2050-09,2050-09-01,global_mlp,2026-03,32.912333000000004,0.0,0.0,False,0.0,0.0,reported_conditioned_mlp,BALDER,,False,0.0,0.0,0.0,0.0,0.050417700409889264,0.0,0.0,0.0,0.0,0.4106490164995199,0.0,0.0,0.0,0.0,0.38638307750225326
2050-10,2050-10-01,global_mlp,2026-03,32.912333000000004,0.0,0.0,False,0.0,0.0,reported_conditioned_mlp,BALDER,,False,0.0,0.0,0.0,0.0,0.04204828217625618,0.0,0.0,0.0,0.0,0.19431489408016225,0.0,0.0,0.0,0.0,0.30477822124958126
2050-11,2050-11-01,global_mlp,2026-03,32.912333000000004,0.0,0.0,False,0.0,0.0,reported_conditioned_mlp,BALDER,,False,0.0,0.0,0.0,0.0,0.032006734982132995,0.0,0.0,0.0,0.0,0.38124936819076555,0.0,0.0,0.0,0.0,0.2910633981227884
2050-12,2050-12-01,global_mlp,2026-03,32.912333000000004,0.0,0.0,False,0.0,0.0,reported_conditioned_mlp,BALDER,,False,0.0,0.0,0.0,0.0,0.017603847570717344,0.0,0.0,0.0,0.0,0.05124041065573709,0.0,0.0,0.0,0.0,0.2528273284435274
2051-01,2051-01-01,global_mlp,2026-03,32.912333000000004,0.0,0.0,False,0.0,0.0,reported_conditioned_mlp,BALDER,,False,0.0,0.0,0.0,0.0,0.019869880937039976,0.0,0.0,0.0,0.0,0.0,0.0,0.0,0.0,0.0,0.09892314225435397
2051-02,2051-02-01,global_mlp,2026-03,32.912333000000004,0.0,0.0,False,0.0,0.0,reported_conditioned_mlp,BALDER,,False,0.0,0.0,0.0,0.0,0.01102914121001967,0.0,0.0,0.0,0.0,0.0,0.0,0.0,0.0,0.0,0.051431297138333484
2051-03,2051-03-01,global_mlp,2026-03,32.912333000000004,0.0,0.0,False,0.0,0.0,reported_conditioned_mlp,BALDER,,False,0.0,0.0,0.0,0.0,0.0030294278636576696,0.0,0.0,0.0,0.0,0.0,0.0,0.0,0.0,0.0,0.0008061029016973421
