month,date,variant,cutoff_month,remaining_reserves_start_msm3oe,production_forecast_msm3oe,remaining_reserves_end_msm3oe,production_was_clipped,fuel_gas_forecast_msm3,fuel_gas_forecast_sm3,fuel_forecast_method,fuel_source_field,fuel_zero_from_month,fuel_zero_override_applied,production_forecast_msm3oe_q10,production_forecast_msm3oe_q30,production_forecast_msm3oe_q50,production_forecast_msm3oe_q70,production_forecast_msm3oe_q90,fuel_gas_forecast_msm3_q10,fuel_gas_forecast_msm3_q30,fuel_gas_forecast_msm3_q50,fuel_gas_forecast_msm3_q70,fuel_gas_forecast_msm3_q90,remaining_reserves_end_msm3oe_q10,remaining_reserves_end_msm3oe_q30,remaining_reserves_end_msm3oe_q50,remaining_reserves_end_msm3oe_q70,remaining_reserves_end_msm3oe_q90
2026-04,2026-04-01,global_mlp,2026-03,16.447297,0.22273197770118713,16.224563598632812,False,0.35748155415058136,357481.55415058136,reported_conditioned_mlp,MARTIN LINGE,,False,0.15902823209762573,0.20054841935634612,0.22273197770118713,0.2550815522670746,0.3035242259502411,0.1840915158390999,0.3022363692522049,0.35748155415058136,0.4243160516023636,0.6006547152996063,16.14377212524414,16.192214965820312,16.224563598632812,16.246747779846192,16.28826847076416
2026-05,2026-05-01,global_mlp,2026-03,16.447297,0.2183494120836258,16.004708290100098,False,0.34816204011440277,348162.0401144028,reported_conditioned_mlp,MARTIN LINGE,,False,0.16450437307357788,0.1965809389948845,0.2183494120836258,0.2440438091754913,0.2919633716344834,0.15232902616262436,0.2778624713420868,0.34816204011440277,0.4190526127815246,0.5189148187637329,15.860072135925293,15.953097534179687,16.004708290100098,16.04445037841797,16.119701957702638
2026-06,2026-06-01,global_mlp,2026-03,16.447297,0.21095675230026245,15.791509628295898,False,0.3163251578807831,316325.1578807831,reported_conditioned_mlp,MARTIN LINGE,,False,0.16060320287942886,0.18703310638666154,0.21095675230026245,0.23956766575574873,0.2844232738018036,0.14683442115783693,0.26869378089904783,0.3163251578807831,0.39316807687282557,0.47182540595531464,15.59538402557373,15.721953678131104,15.791509628295898,15.845207500457764,15.951675128936767
2026-07,2026-07-01,global_mlp,2026-03,16.447297,0.20710492879152298,15.584814548492432,False,0.3279535472393036,327953.5472393036,reported_conditioned_mlp,MARTIN LINGE,,False,0.15076290369033815,0.17934606820344923,0.20710492879152298,0.23244188427925108,0.28649395108222964,0.13911100327968598,0.2624401837587357,0.3279535472393036,0.3929440438747406,0.48347583413124084,15.323797702789307,15.500644111633301,15.584814548492432,15.660191059112549,15.7870041847229
2026-08,2026-08-01,global_mlp,2026-03,16.447297,0.20518489927053452,15.37196159362793,False,0.3196874260902405,319687.4260902405,reported_conditioned_mlp,MARTIN LINGE,,False,0.1480714797973633,0.1852134183049202,0.20518489927053452,0.2334731101989746,0.27719112634658816,0.13909916430711747,0.2700002878904343,0.3196874260902405,0.378982052206993,0.4754959821701051,15.05312738418579,15.279749011993408,15.37196159362793,15.464945888519287,15.625254726409912
2026-09,2026-09-01,global_mlp,2026-03,16.447297,0.20626763999462128,15.171380043029785,False,0.34873567521572113,348735.67521572113,reported_conditioned_mlp,MARTIN LINGE,,False,0.14519949406385424,0.18053096085786818,0.20626763999462128,0.23929808437824246,0.29001669585704803,0.13264397531747818,0.291726753115654,0.34873567521572113,0.4218294560909271,0.5376683831214906,14.791513156890868,15.054303932189942,15.171380043029785,15.276985168457031,15.460521697998047
2026-10,2026-10-01,global_mlp,2026-03,16.447297,0.21676647663116455,14.961373805999756,False,0.3316141813993454,331614.1813993454,reported_conditioned_mlp,MARTIN LINGE,,False,0.14534001350402834,0.18935296833515167,0.21676647663116455,0.25381302535533906,0.3023934215307236,0.12272433042526246,0.26684014201164247,0.3316141813993454,0.4030328959226608,0.5182030379772187,14.525150489807128,14.819435214996338,14.961373805999756,15.08141565322876,15.290867900848388
2026-11,2026-11-01,global_mlp,2026-03,16.447297,0.22133349627256393,14.748177528381348,False,0.3159084767103195,315908.4767103195,reported_conditioned_mlp,MARTIN LINGE,,False,0.14667414575815202,0.18560324907302855,0.22133349627256393,0.2507446438074112,0.30776316225528716,0.11159757971763612,0.2412295415997505,0.3159084767103195,0.37937647998332974,0.49157526791095735,14.221279525756836,14.562699890136718,14.748177528381348,14.884594917297363,15.125485229492188
2026-12,2026-12-01,global_mlp,2026-03,16.447297,0.22533998638391495,14.519681453704834,False,0.30177661776542664,301776.61776542664,reported_conditioned_mlp,MARTIN LINGE,,False,0.15181599259376527,0.19563695788383484,0.22533998638391495,0.25467443168163295,0.30834866464138033,0.090464223921299,0.24806011319160462,0.30177661776542664,0.3630382686853408,0.44043175280094155,13.923697090148925,14.306773853302001,14.519681453704834,14.673799228668212,14.922168922424317
2027-01,2027-01-01,global_mlp,2026-03,16.447297,0.22422679513692856,14.293757915496826,False,0.3506876975297928,350687.6975297928,reported_conditioned_mlp,MARTIN LINGE,,False,0.14085400104522705,0.19106410443782806,0.22422679513692856,0.2606757014989853,0.3147416263818741,0.0894151769578457,0.2776232957839966,0.3506876975297928,0.41001581847667695,0.5300798118114471,13.58103313446045,14.059640884399414,14.293757915496826,14.486549758911133,14.768651962280273
2027-02,2027-02-01,global_mlp,2026-03,16.447297,0.22195959836244583,14.073495388031006,False,0.3456192910671234,345619.2910671234,reported_conditioned_mlp,MARTIN LINGE,,False,0.14383024573326111,0.19459877908229828,0.22195959836244583,0.2513378858566284,0.30016359686851507,0.09765063077211382,0.25303749144077303,0.3456192910671234,0.40951276719570157,0.5331365764141083,13.278391456604004,13.81245288848877,14.073495388031006,14.280629539489746,14.598620986938476
2027-03,2027-03-01,global_mlp,2026-03,16.447297,0.2033931240439415,13.857985973358154,False,0.32314854860305786,323148.54860305786,reported_conditioned_mlp,MARTIN LINGE,,False,0.11918618828058243,0.17666394412517547,0.2033931240439415,0.23560134023427962,0.29935745000839237,0.0721402354538441,0.25120176672935485,0.32314854860305786,0.3860732287168503,0.5108181595802309,12.98614568710327,13.588032531738282,13.857985973358154,14.091586208343506,14.449490261077882
2027-04,2027-04-01,global_mlp,2026-03,16.447297,0.20135250687599182,13.644018173217773,False,0.43019329011440277,430193.2901144028,reported_conditioned_mlp,MARTIN LINGE,,False,0.10673873052001001,0.1617032542824745,0.20135250687599182,0.24470959454774854,0.3171302825212479,0.18202326595783236,0.31426767706871034,0.43019329011440277,0.5811814725399015,0.7522026300430298,12.69906826019287,13.331075191497803,13.644018173217773,13.91486005783081,14.317838287353515
2027-05,2027-05-01,global_mlp,2026-03,16.447297,0.195284403860569,13.454810619354248,False,0.4185902774333954,418590.2774333954,reported_conditioned_mlp,MARTIN LINGE,,False,0.1076780676841736,0.1580917626619339,0.195284403860569,0.23374192267656324,0.3086421817541123,0.15723083019256598,0.31673499345779416,0.4185902774333954,0.5826818406581877,0.7522026300430298,12.430643463134766,13.1019793510437,13.454810619354248,13.760562324523926,14.167569446563721
2027-06,2027-06-01,global_mlp,2026-03,16.447297,0.18888316303491592,13.253173351287842,False,0.4295327067375183,429532.7067375183,reported_conditioned_mlp,MARTIN LINGE,,False,0.11133707463741303,0.15399118065834044,0.18888316303491592,0.22745128124952313,0.2994990527629852,0.16064016520977023,0.3165619492530823,0.4295327067375183,0.5920713305473327,0.7522026300430298,12.160775852203368,12.882595443725586,13.253173351287842,13.597616004943847,14.058885288238526
2027-07,2027-07-01,global_mlp,2026-03,16.447297,0.19094819575548172,13.058323383331299,False,0.45180270075798035,451802.70075798035,reported_conditioned_mlp,MARTIN LINGE,,False,0.11063093096017838,0.15834079086780548,0.19094819575548172,0.2264154255390167,0.3047100573778153,0.16054597198963166,0.3380567729473114,0.45180270075798035,0.663778358697891,0.7522026300430298,11.850225257873536,12.652905368804932,13.058323383331299,13.433008575439453,13.954625129699707
2027-08,2027-08-01,global_mlp,2026-03,16.447297,0.18817495554685593,12.845245361328125,False,0.43947793543338776,439477.93543338776,reported_conditioned_mlp,MARTIN LINGE,,False,0.10418416187167168,0.15213825702667236,0.18817495554685593,0.22441043704748154,0.29669389426708226,0.1627135992050171,0.29917563199996944,0.43947793543338776,0.6277706086635589,0.7522026300430298,11.502658081054687,12.418490982055664,12.845245361328125,13.281184864044189,13.846625137329102
2027-09,2027-09-01,global_mlp,2026-03,16.447297,0.18978864699602127,12.65703821182251,False,0.48291097581386566,482910.97581386566,reported_conditioned_mlp,MARTIN LINGE,,False,0.10642414093017578,0.15865575671195983,0.18978864699602127,0.2370426520705223,0.30395224392414094,0.20394065976142883,0.35736507177352905,0.48291097581386566,0.7389087140560149,0.7522026300430298,11.208137130737304,12.181485366821288,12.65703821182251,13.119409942626953,13.719336032867432
2027-10,2027-10-01,global_mlp,2026-03,16.447297,0.19215793907642365,12.465946674346924,False,0.48113343119621277,481133.43119621277,reported_conditioned_mlp,MARTIN LINGE,,False,0.10341484174132348,0.1518683910369873,0.19215793907642365,0.23323485404253005,0.30734356045722966,0.19955248832702638,0.3366903692483902,0.48113343119621277,0.7233253955841062,0.7522026300430298,10.936073303222656,11.949767017364502,12.465946674346924,12.946721458435059,13.573483943939209
2027-11,2027-11-01,global_mlp,2026-03,16.447297,0.19243525713682175,12.244159698486328,False,0.47493913769721985,474939.13769721985,reported_conditioned_mlp,MARTIN LINGE,,False,0.1120129607617855,0.15816824436187743,0.19243525713682175,0.24111155271530146,0.31515766978263854,0.1537463143467903,0.34556973576545713,0.47493913769721985,0.7522026300430298,0.7522026300430298,10.649325180053712,11.698951244354248,12.244159698486328,12.769854545593262,13.43447208404541
2027-12,2027-12-01,global_mlp,2026-03,16.447297,0.19997452199459076,12.0276780128479,False,0.4495800882577896,449580.0882577896,reported_conditioned_mlp,MARTIN LINGE,,False,0.1056961201131344,0.16076133996248246,0.19997452199459076,0.24490519911050795,0.3206224828958512,0.1542901411652565,0.3311990618705749,0.4495800882577896,0.7488240480422972,0.7522026300430298,10.400932121276856,11.44870023727417,12.0276780128479,12.59135398864746,13.334548377990723
2028-01,2028-01-01,global_mlp,2026-03,16.447297,0.1987239345908165,11.839423656463623,False,0.512595921754837,512595.92175483704,reported_conditioned_mlp,MARTIN LINGE,,False,0.11323140710592271,0.15709799528121948,0.1987239345908165,0.23907936364412308,0.3337738126516343,0.16413293927907943,0.3526374012231826,0.512595921754837,0.7522026300430298,0.7522026300430298,10.102423191070557,11.187782573699952,11.839423656463623,12.422304058074952,13.216808032989503
2028-02,2028-02-01,global_mlp,2026-03,16.447297,0.19143164157867432,11.64363718032837,False,0.49254845082759857,492548.4508275986,reported_conditioned_mlp,MARTIN LINGE,,False,0.10043165013194084,0.15329785794019699,0.19143164157867432,0.24849478155374524,0.31317929923534404,0.13032563477754594,0.3463509947061539,0.49254845082759857,0.7522026300430298,0.7522026300430298,9.778818321228028,11.003870582580566,11.64363718032837,12.246499824523926,13.09668025970459
2028-03,2028-03-01,global_mlp,2026-03,16.447297,0.18170326948165894,11.432554244995117,False,0.47448092699050903,474480.92699050903,reported_conditioned_mlp,MARTIN LINGE,,False,0.09098455160856248,0.14609808772802352,0.18170326948165894,0.22443295121192933,0.3042789220809937,0.1273656517267227,0.3092419952154159,0.47448092699050903,0.7522026300430298,0.7522026300430298,9.470437812805176,10.798094749450684,11.432554244995117,12.119178199768067,12.986390686035156
2028-04,2028-04-01,global_mlp,2026-03,16.447297,0.17195039242506027,11.258632183074951,False,0.47203660011291504,472036.60011291504,reported_conditioned_mlp,MARTIN LINGE,,False,0.07259471416473388,0.12813363075256345,0.17195039242506027,0.23222216516733157,0.3218481719493867,0.1847246080636978,0.3692066192626953,0.47203660011291504,0.5883738934993744,0.7522026300430298,9.149224662780762,10.577543926239013,11.258632183074951,11.974973964691163,12.886293888092041
2028-05,2028-05-01,global_mlp,2026-03,16.447297,0.1699148491024971,11.081926822662354,False,0.47194431722164154,471944.31722164154,reported_conditioned_mlp,MARTIN LINGE,,False,0.07870692908763886,0.12377229109406471,0.1699148491024971,0.2235236123204231,0.3179852098226548,0.15627285391092302,0.3378474712371826,0.47194431722164154,0.5905584216117858,0.7522026300430298,8.906982612609864,10.363332843780517,11.081926822662354,11.83189058303833,12.792958545684815
2028-06,2028-06-01,global_mlp,2026-03,16.447297,0.16405309736728668,10.88993787765503,False,0.44066424667835236,440664.24667835236,reported_conditioned_mlp,MARTIN LINGE,,False,0.07525654733181,0.12442774847149848,0.16405309736728668,0.2220201715826988,0.2980559885501862,0.1391956850886345,0.3254898577928543,0.44066424667835236,0.5781232774257659,0.7522026300430298,8.61927375793457,10.1647554397583,10.88993787765503,11.683980083465576,12.67388563156128
2028-07,2028-07-01,global_mlp,2026-03,16.447297,0.1621776893734932,10.706655502319336,False,0.4571399688720703,457139.9688720703,reported_conditioned_mlp,MARTIN LINGE,,False,0.07586320415139201,0.12341946512460708,0.1621776893734932,0.2175780445337295,0.28886245191097265,0.1615215376019478,0.34205484986305235,0.4571399688720703,0.5862780690193176,0.7522026300430298,8.367094230651855,9.883501243591308,10.706655502319336,11.559054565429687,12.58071632385254
2028-08,2028-08-01,global_mlp,2026-03,16.447297,0.16394846886396408,10.538249015808105,False,0.46121303737163544,461213.03737163544,reported_conditioned_mlp,MARTIN LINGE,,False,0.07505676075816155,0.12062013745307923,0.16394846886396408,0.21456495821475982,0.3018725395202637,0.13007831722497942,0.3390603333711624,0.46121303737163544,0.5755868673324585,0.7522026300430298,8.171917057037353,9.63873062133789,10.538249015808105,11.416823577880859,12.48294553756714
2028-09,2028-09-01,global_mlp,2026-03,16.447297,0.16922376304864883,10.349652290344238,False,0.4983797073364258,498379.7073364258,reported_conditioned_mlp,MARTIN LINGE,,False,0.07981983795762063,0.12360085025429725,0.16922376304864883,0.21623017638921732,0.291723307967186,0.14840331375598909,0.3478146940469741,0.4983797073364258,0.6488556444644926,0.7522026300430298,7.926698303222657,9.414848327636719,10.349652290344238,11.24564208984375,12.371406555175781
2028-10,2028-10-01,global_mlp,2026-03,16.447297,0.16607870906591415,10.176213264465332,False,0.48423653841018677,484236.53841018677,reported_conditioned_mlp,MARTIN LINGE,,False,0.07320097759366036,0.12589857429265974,0.16607870906591415,0.21853931546211242,0.2957865059375763,0.10941912159323695,0.3393263787031173,0.48423653841018677,0.6233351707458494,0.7522026300430298,7.705508947372437,9.181413745880127,10.176213264465332,11.09311122894287,12.282993125915528
2028-11,2028-11-01,global_mlp,2026-03,16.447297,0.17059389501810074,10.02212142944336,False,0.4664764255285263,466476.4255285263,reported_conditioned_mlp,MARTIN LINGE,,False,0.07875932455062867,0.1325099915266037,0.17059389501810074,0.22170736342668534,0.2958599090576173,0.10243555009365084,0.31960361003875726,0.4664764255285263,0.6174435198307036,0.7522026300430298,7.394810581207276,8.978060531616212,10.02212142944336,10.953890705108643,12.187792491912841
2028-12,2028-12-01,global_mlp,2026-03,16.447297,0.17479588836431503,9.848808765411377,False,0.46169091761112213,461690.91761112213,reported_conditioned_mlp,MARTIN LINGE,,False,0.07850875556468964,0.12525439783930775,0.17479588836431503,0.22009156048297882,0.30959882438182834,0.1010183647274971,0.31367270946502684,0.46169091761112213,0.5877671897411344,0.7522026300430298,7.1345264434814455,8.734805011749268,9.848808765411377,10.807546806335449,12.082713413238526
2029-01,2029-01-01,global_mlp,2026-03,16.447297,0.17086488008499146,9.67767333984375,False,0.4794742614030838,479474.2614030838,reported_conditioned_mlp,MARTIN LINGE,,False,0.0766185536980629,0.1292724147439003,0.17086488008499146,0.2169934138655662,0.3082550466060639,0.0956232212483883,0.35338741838932036,0.4794742614030838,0.6323800861835477,0.7522026300430298,6.89481143951416,8.533928871154785,9.67767333984375,10.674451065063476,11.978036689758301
2029-02,2029-02-01,global_mlp,2026-03,16.447297,0.161393940448761,9.499556064605713,False,0.49897950887680054,498979.50887680054,reported_conditioned_mlp,MARTIN LINGE,,False,0.07489833161234856,0.12158833965659141,0.161393940448761,0.21452138870954512,0.31032503247261056,0.08007072135806084,0.3351952642202377,0.49897950887680054,0.6168793261051176,0.7522026300430298,6.643662691116333,8.298796367645263,9.499556064605713,10.542791652679442,11.882877349853516
2029-03,2029-03-01,global_mlp,2026-03,16.447297,0.15311307460069656,9.356348991394043,False,0.4419402778148651,441940.2778148651,reported_conditioned_mlp,MARTIN LINGE,,False,0.06434228718280792,0.11665053367614744,0.15311307460069656,0.19794758558273315,0.30797553360462193,0.08884875848889351,0.2982987284660339,0.4419402778148651,0.6154225587844847,0.7522026300430298,6.358416795730591,8.08634157180786,9.356348991394043,10.451069736480711,11.779866027832032
2029-04,2029-04-01,global_mlp,2026-03,16.447297,0.13205526024103165,9.211370468139648,False,0.44713908433914185,447139.08433914185,reported_conditioned_mlp,MARTIN LINGE,,False,0.056862910464406016,0.09568042010068893,0.13205526024103165,0.19574200361967078,0.2910698115825653,0.1315129026770592,0.3149267822504043,0.44713908433914185,0.5575268924236297,0.7522026300430298,6.150155639648438,7.867467594146728,9.211370468139648,10.29525442123413,11.697516155242921
2029-05,2029-05-01,global_mlp,2026-03,16.447297,0.13475514948368073,9.123360633850098,False,0.4101228564977646,410122.8564977646,reported_conditioned_mlp,MARTIN LINGE,,False,0.051860693469643594,0.09741440564393997,0.13475514948368073,0.18783251196146006,0.2830200105905534,0.09505820125341416,0.29556303620338437,0.4101228564977646,0.5522529661655424,0.7522026300430298,5.9027831077575685,7.606787395477295,9.123360633850098,10.174694633483886,11.61497220993042
2029-06,2029-06-01,global_mlp,2026-03,16.447297,0.12704065442085266,9.013147354125977,False,0.40377970039844513,403779.70039844513,reported_conditioned_mlp,MARTIN LINGE,,False,0.04208428859710694,0.0948676750063896,0.12704065442085266,0.18840161859989166,0.26256680190563203,0.09096657633781434,0.27269119024276733,0.40377970039844513,0.5280434012413023,0.7522026300430298,5.659859132766724,7.430167007446289,9.013147354125977,10.071910190582276,11.561969566345216
2029-07,2029-07-01,global_mlp,2026-03,16.447297,0.1319640800356865,8.879781246185303,False,0.4482162892818451,448216.2892818451,reported_conditioned_mlp,MARTIN LINGE,,False,0.05254535786807537,0.09446126520633696,0.1319640800356865,0.17473132610321043,0.25258198380470276,0.10300515070557595,0.31678975522518155,0.4482162892818451,0.571493476629257,0.7522026300430298,5.424401617050171,7.232412099838257,8.879781246185303,9.920661258697509,11.50411491394043
2029-08,2029-08-01,global_mlp,2026-03,16.447297,0.12772540003061295,8.755953311920166,False,0.41304929554462433,413049.2955446243,reported_conditioned_mlp,MARTIN LINGE,,False,0.05295884460210801,0.09402126967906951,0.12772540003061295,0.17403530329465863,0.2567278534173966,0.08337305709719658,0.2796037286520004,0.41304929554462433,0.5473810017108917,0.7522026300430298,5.215877485275269,7.012686920166015,8.755953311920166,9.845932579040527,11.428419208526611
2029-09,2029-09-01,global_mlp,2026-03,16.447297,0.1263304278254509,8.594494819641113,False,0.4599900245666504,459990.0245666504,reported_conditioned_mlp,MARTIN LINGE,,False,0.05606871359050275,0.09698752239346504,0.1263304278254509,0.17764526903629302,0.2528319299221039,0.0943441651761532,0.31339033246040343,0.4599900245666504,0.5988448858261108,0.7522026300430298,5.0098228931427,6.8124738216400145,8.594494819641113,9.739169311523437,11.360143947601319
2029-10,2029-10-01,global_mlp,2026-03,16.447297,0.12968486547470093,8.47217321395874,False,0.4629797339439392,462979.7339439392,reported_conditioned_mlp,MARTIN LINGE,,False,0.050428765267133725,0.0938122421503067,0.12968486547470093,0.17754583954811096,0.26572013795375826,0.10073228776454927,0.3243859082460403,0.4629797339439392,0.591405266523361,0.7522026300430298,4.729553699493408,6.633491182327271,8.47217321395874,9.647939491271973,11.275365924835206
2029-11,2029-11-01,global_mlp,2026-03,16.447297,0.1318625658750534,8.313020706176758,False,0.42468705773353577,424687.05773353577,reported_conditioned_mlp,MARTIN LINGE,,False,0.05679022371768951,0.09352164044976234,0.1318625658750534,0.17200343310832977,0.2511483699083329,0.06386875361204149,0.2718310534954071,0.42468705773353577,0.5670992136001586,0.7522026300430298,4.468086194992066,6.4636008739471436,8.313020706176758,9.53403673171997,11.202914905548097
2029-12,2029-12-01,global_mlp,2026-03,16.447297,0.13469112664461136,8.142879009246826,False,0.3765936940908432,376593.6940908432,reported_conditioned_mlp,MARTIN LINGE,,False,0.050817500427365304,0.09609498307108878,0.13469112664461136,0.1787446334958076,0.2619820386171342,0.03566723428666592,0.24617133140563965,0.3765936940908432,0.5410099804401395,0.7522026300430298,4.205587434768677,6.297420024871826,8.142879009246826,9.431623649597167,11.123429107666016
2030-01,2030-01-01,global_mlp,2026-03,16.447297,0.12741823494434357,8.010303020477295,False,0.4232676178216934,423267.6178216934,reported_conditioned_mlp,MARTIN LINGE,,False,0.038356227055192,0.08916727602481841,0.12741823494434357,0.17442076802253723,0.26112880706787117,0.05080076567828658,0.2915202558040618,0.4232676178216934,0.5887841999530792,0.7522026300430298,3.953662157058716,6.144658422470092,8.010303020477295,9.321512603759764,11.044030570983887
2030-02,2030-02-01,global_mlp,2026-03,16.447297,0.12232941016554832,7.927633047103882,False,0.40537114441394806,405371.14441394806,reported_conditioned_mlp,MARTIN LINGE,,False,0.039505067095160495,0.08775993958115577,0.12232941016554832,0.16801711171865463,0.2484165504574777,0.04216598384082317,0.28240568935871124,0.40537114441394806,0.565804487466812,0.7522026300430298,3.6355448722839356,5.9996116161346436,7.927633047103882,9.217689418792725,10.928573513031008
2030-03,2030-03-01,global_mlp,2026-03,16.447297,0.11857617273926735,7.790562868118286,False,0.3922404497861862,392240.4497861862,reported_conditioned_mlp,MARTIN LINGE,,False,0.035529258847236636,0.08256602212786675,0.11857617273926735,0.1564620018005371,0.2547165840864182,0.044852362945675864,0.2531174719333648,0.3922404497861862,0.582649677991867,0.7522026300430298,3.3853624820709234,5.8520331382751465,7.790562868118286,9.07491054534912,10.849539947509768
2030-04,2030-04-01,global_mlp,2026-03,16.447297,0.10238191857933998,7.66481876373291,False,0.4156501144170761,415650.1144170761,reported_conditioned_mlp,MARTIN LINGE,,False,0.027207093685865408,0.06923295110464095,0.10238191857933998,0.1541822701692581,0.23661133646965035,0.04958102665841581,0.29243008196353915,0.4156501144170761,0.5348992347717284,0.7522026300430298,3.1354491472244264,5.619907426834106,7.66481876373291,8.967931556701659,10.84158229827881
2030-05,2030-05-01,global_mlp,2026-03,16.447297,0.09793199598789215,7.543859958648682,False,0.3848659545183182,384865.9545183182,reported_conditioned_mlp,MARTIN LINGE,,False,0.029410187713801876,0.0655992604792118,0.09793199598789215,0.1393493682146072,0.21647329628467563,0.04105037078261376,0.26482106149196627,0.3848659545183182,0.5373544156551361,0.7522026300430298,2.9402699708938598,5.465818214416504,7.543859958648682,8.867534542083739,10.8150447845459
2030-06,2030-06-01,global_mlp,2026-03,16.447297,0.09885233268141747,7.390668630599976,False,0.3941536098718643,394153.6098718643,reported_conditioned_mlp,MARTIN LINGE,,False,0.032084091752767566,0.06625492200255394,0.09885233268141747,0.14098666161298748,0.21764696389436725,0.061371652409434325,0.2586353152990341,0.3941536098718643,0.5186564326286316,0.7522026300430298,2.763825035095215,5.305589056015014,7.390668630599976,8.80325584411621,10.782760238647462
2030-07,2030-07-01,global_mlp,2026-03,16.447297,0.10299712046980858,7.294074773788452,False,0.41488969326019287,414889.6932601929,reported_conditioned_mlp,MARTIN LINGE,,False,0.028528436087071896,0.06858290433883667,0.10299712046980858,0.14294687807559966,0.21127640902996067,0.0573728196322918,0.28323580920696256,0.41488969326019287,0.5527951836585997,0.7522026300430298,2.5604076862335203,5.130801868438721,7.294074773788452,8.707901191711423,10.755175971984864
2030-08,2030-08-01,global_mlp,2026-03,16.447297,0.09738391265273094,7.146308660507202,False,0.40044811367988586,400448.11367988586,reported_conditioned_mlp,MARTIN LINGE,,False,0.0287477569654584,0.06642321795225144,0.09738391265273094,0.14117531031370162,0.21555929332971574,0.05584619119763375,0.29529320895671846,0.40044811367988586,0.5214118421077728,0.7522026300430298,2.392287349700928,4.912583923339843,7.146308660507202,8.671379661560058,10.704779720306396
2030-09,2030-09-01,global_mlp,2026-03,16.447297,0.09677217900753021,7.04447078704834,False,0.43738891184329987,437388.91184329987,reported_conditioned_mlp,MARTIN LINGE,,False,0.02714470960199833,0.06237512305378913,0.09677217900753021,0.1373641863465309,0.20928498059511189,0.05432622134685517,0.29450236856937406,0.43738891184329987,0.5645187079906463,0.7522026300430298,2.192126226425171,4.803234672546386,7.04447078704834,8.589124870300292,10.667885875701904
2030-10,2030-10-01,global_mlp,2026-03,16.447297,0.09762617200613022,6.9631593227386475,False,0.42090150713920593,420901.50713920593,reported_conditioned_mlp,MARTIN LINGE,,False,0.02622987814247608,0.06396241635084152,0.09762617200613022,0.13738328814506529,0.22025994956493378,0.05008695460855962,0.29091491997241975,0.42090150713920593,0.5563464045524597,0.7522026300430298,1.996165430545807,4.637114477157593,6.9631593227386475,8.54574794769287,10.616480350494385
2030-11,2030-11-01,global_mlp,2026-03,16.447297,0.09993937239050865,6.8437724113464355,False,0.3749355971813202,374935.5971813202,reported_conditioned_mlp,MARTIN LINGE,,False,0.029187427088618278,0.06753985509276389,0.09993937239050865,0.14113857448101033,0.22636318653821952,0.03047211226075889,0.2543319523334503,0.3749355971813202,0.5263357460498808,0.7522026300430298,1.7832299947738655,4.495622968673706,6.8437724113464355,8.494413757324219,10.554109573364258
2030-12,2030-12-01,global_mlp,2026-03,16.447297,0.09975076839327812,6.745800971984863,False,0.3827609568834305,382760.9568834305,reported_conditioned_mlp,MARTIN LINGE,,False,0.02965099010616541,0.06771425530314445,0.09975076839327812,0.14048700630664826,0.21957701891660691,0.028577663749456413,0.23065371811389918,0.3827609568834305,0.5298077046871185,0.7522026300430298,1.5158605098724367,4.330110120773315,6.745800971984863,8.419425582885742,10.500290679931641
2031-01,2031-01-01,global_mlp,2026-03,16.447297,0.09584295004606247,6.644512176513672,False,0.38996222615242004,389962.22615242004,reported_conditioned_mlp,MARTIN LINGE,,False,0.02671057041734457,0.0625981282442808,0.09584295004606247,0.14495963752269742,0.2193636402487755,0.04169631861150265,0.25361236929893494,0.38996222615242004,0.5514360964298247,0.7522026300430298,1.4068102598190315,4.169706535339356,6.644512176513672,8.329114627838134,10.476873588562013
2031-02,2031-02-01,global_mlp,2026-03,16.447297,0.0907026156783104,6.530302286148071,False,0.39168664813041687,391686.64813041687,reported_conditioned_mlp,MARTIN LINGE,,False,0.025677713192999364,0.06502255797386168,0.0907026156783104,0.13697618842124934,0.21687441766262056,0.019029559567570686,0.2497967973351478,0.39168664813041687,0.5725314795970913,0.7522026300430298,1.1331279039382935,4.020666694641113,6.530302286148071,8.275126838684082,10.43345537185669
2031-03,2031-03-01,global_mlp,2026-03,16.447297,0.08725644648075104,6.4019458293914795,False,0.3964696228504181,396469.6228504181,reported_conditioned_mlp,MARTIN LINGE,,False,0.02197474800050259,0.0579620849341154,0.08725644648075104,0.1241280749440193,0.19850049316883095,0.003645877307280903,0.2393125101923942,0.3964696228504181,0.5609244942665099,0.7522026300430298,0.9385757684707646,3.8715465307235712,6.4019458293914795,8.202585220336914,10.36766586303711
2031-04,2031-04-01,global_mlp,2026-03,16.447297,0.07929865270853043,6.307786703109741,False,0.37054602801799774,370546.02801799774,reported_conditioned_mlp,MARTIN LINGE,,False,0.013472732249647392,0.053489786386489865,0.07929865270853043,0.11077592447400088,0.1783601835370064,0.008421839587390475,0.21838953197002403,0.37054602801799774,0.4851710587739944,0.7522026300430298,0.7291385054588319,3.6858672857284547,6.307786703109741,8.117803287506101,10.332798576354982
2031-05,2031-05-01,global_mlp,2026-03,16.447297,0.0712721161544323,6.25429892539978,False,0.33845721185207367,338457.21185207367,reported_conditioned_mlp,MARTIN LINGE,,False,0.012602422945201414,0.04927063919603824,0.0712721161544323,0.10198501348495483,0.15807739198207862,0.012237602006644014,0.19518329501152037,0.33845721185207367,0.47644249200820904,0.7461412131786347,0.5672051548957827,3.5769330024719235,6.25429892539978,8.035712909698484,10.28973264694214
2031-06,2031-06-01,global_mlp,2026-03,16.447297,0.07046324759721756,6.1851630210876465,False,0.34379738569259644,343797.38569259644,reported_conditioned_mlp,MARTIN LINGE,,False,0.005780615564435757,0.048405226692557334,0.07046324759721756,0.10496870204806327,0.15980800241231918,0.0,0.1973045691847801,0.34379738569259644,0.46352784335613234,0.7191136062145234,0.42989904284477265,3.4539501905441283,6.1851630210876465,7.957903242111204,10.223979377746582
2031-07,2031-07-01,global_mlp,2026-03,16.447297,0.07281778007745743,6.076860666275024,False,0.3653107136487961,365310.7136487961,reported_conditioned_mlp,MARTIN LINGE,,False,0.012725695408880714,0.05164873562753201,0.07281778007745743,0.10461610555648804,0.154323710501194,0.0,0.22069344967603682,0.3653107136487961,0.4890730440616607,0.7522026300430298,0.32337969839572916,3.370683455467223,6.076860666275024,7.879883813858031,10.152633571624756
2031-08,2031-08-01,global_mlp,2026-03,16.447297,0.071541678160429,6.013288974761963,False,0.3446178585290909,344617.8585290909,reported_conditioned_mlp,MARTIN LINGE,,False,0.0,0.04645643197000026,0.071541678160429,0.09971649348735805,0.16555189341306686,0.0,0.18223906010389326,0.3446178585290909,0.4839228898286819,0.7522026300430298,0.21326281428337113,3.263064360618591,6.013288974761963,7.822828340530394,10.093367290496827
2031-09,2031-09-01,global_mlp,2026-03,16.447297,0.07211601361632347,5.905908823013306,False,0.3494405299425125,349440.5299425125,reported_conditioned_mlp,MARTIN LINGE,,False,0.0,0.047024851292371744,0.07211601361632347,0.10139952749013897,0.1637509346008301,0.0,0.20646920949220654,0.3494405299425125,0.5022116899490354,0.7522026300430298,0.13335617631673854,3.1120725393295285,5.905908823013306,7.791002511978149,10.032398891448976
2031-10,2031-10-01,global_mlp,2026-03,16.447297,0.06775207072496414,5.806968688964844,False,0.34404559433460236,344045.59433460236,reported_conditioned_mlp,MARTIN LINGE,,False,0.0,0.04202191792428493,0.06775207072496414,0.10310301035642623,0.16380767673254013,0.0,0.18354355394840238,0.34404559433460236,0.4870090037584304,0.7522026300430298,0.013794547319412319,3.0216274023056027,5.806968688964844,7.721904277801514,9.996982955932618
2031-11,2031-11-01,global_mlp,2026-03,16.447297,0.07276080548763275,5.735748052597046,False,0.29061345756053925,290613.45756053925,reported_conditioned_mlp,MARTIN LINGE,,False,0.0,0.04678119607269764,0.07276080548763275,0.0983491256833076,0.1597139433026314,0.0,0.1445754766464233,0.29061345756053925,0.43112439215183257,0.7522026300430298,0.0,2.8939124822616575,5.735748052597046,7.592596673965452,9.945379734039307
2031-12,2031-12-01,global_mlp,2026-03,16.447297,0.06924779340624809,5.6378045082092285,False,0.27056068181991577,270560.6818199158,reported_conditioned_mlp,MARTIN LINGE,,False,0.0,0.04296027347445488,0.06924779340624809,0.09616539925336835,0.1540210694074631,0.0,0.115792267024517,0.27056068181991577,0.42855112850666044,0.7522026300430298,0.0,2.733633303642273,5.6378045082092285,7.536502504348754,9.88483352661133
2032-01,2032-01-01,global_mlp,2026-03,16.447297,0.06428883969783783,5.5806169509887695,False,0.3262684792280197,326268.4792280197,reported_conditioned_mlp,MARTIN LINGE,,False,0.0,0.0419930588454008,0.06428883969783783,0.09564436525106425,0.14647442251443865,0.0,0.1535689041018486,0.3262684792280197,0.4699331372976302,0.7522026300430298,0.0,2.6333109140396114,5.5806169509887695,7.424361228942869,9.828429698944092
2032-02,2032-02-01,global_mlp,2026-03,16.447297,0.06255795806646347,5.480547189712524,False,0.3148888200521469,314888.8200521469,reported_conditioned_mlp,MARTIN LINGE,,False,0.0,0.03597891293466091,0.06255795806646347,0.09116604328155516,0.14213810265064242,0.0,0.11855798289179802,0.3148888200521469,0.45865684747695923,0.7522026300430298,0.0,2.4770044565200804,5.480547189712524,7.313073158264158,9.754574012756349
2032-03,2032-03-01,global_mlp,2026-03,16.447297,0.06160961650311947,5.3941192626953125,False,0.28664563596248627,286645.63596248627,reported_conditioned_mlp,MARTIN LINGE,,False,0.0,0.034310060739517215,0.06160961650311947,0.08621656149625778,0.13896601796150207,0.0,0.08706439584493635,0.28664563596248627,0.46784946322441096,0.7522026300430298,0.0,2.4051539659500123,5.3941192626953125,7.260602712631226,9.690646171569824
2032-04,2032-04-01,global_mlp,2026-03,16.447297,0.049749139696359634,5.308558702468872,False,0.31101325154304504,311013.25154304504,reported_conditioned_mlp,MARTIN LINGE,,False,0.0,0.02503844685852527,0.049749139696359634,0.07851720228791235,0.12096233814954761,0.0,0.12209195420145987,0.31101325154304504,0.4575306534767149,0.7397535860538483,0.0,2.308269119262695,5.308558702468872,7.2345991134643555,9.627984428405762
2032-05,2032-05-01,global_mlp,2026-03,16.447297,0.04923774115741253,5.272333383560181,False,0.26424725353717804,264247.25353717804,reported_conditioned_mlp,MARTIN LINGE,,False,0.0,0.025590511225163926,0.04923774115741253,0.07212953269481655,0.11589173749089242,0.0,0.09786060079932213,0.26424725353717804,0.41627964973449705,0.6728159427642822,0.0,2.2286402225494375,5.272333383560181,7.177657413482666,9.56590461730957
2032-06,2032-06-01,global_mlp,2026-03,16.447297,0.04991837777197361,5.23212456703186,False,0.27756302058696747,277563.02058696747,reported_conditioned_mlp,MARTIN LINGE,,False,0.0,0.026516627147793768,0.04991837777197361,0.0722363531589508,0.11117516830563554,0.0,0.10697386413812636,0.27756302058696747,0.4339013516902921,0.6966427624225618,0.0,2.152917838096618,5.23212456703186,7.101372909545899,9.500673580169678
2032-07,2032-07-01,global_mlp,2026-03,16.447297,0.04926146753132343,5.1645097732543945,False,0.3047437220811844,304743.7220811844,reported_conditioned_mlp,MARTIN LINGE,,False,0.0,0.024526944942772383,0.04926146753132343,0.07445001676678657,0.11027302891016007,0.0,0.13127213865518567,0.3047437220811844,0.43863473534584035,0.7522026300430298,0.0,2.0724010586738575,5.1645097732543945,7.051790237426758,9.451996326446533
2032-08,2032-08-01,global_mlp,2026-03,16.447297,0.046644920483231544,5.09391188621521,False,0.2949260026216507,294926.0026216507,reported_conditioned_mlp,MARTIN LINGE,,False,0.0,0.025861595384776594,0.046644920483231544,0.07007913589477535,0.11059600561857226,0.0,0.09411061480641364,0.2949260026216507,0.45060524344444275,0.7522026300430298,0.0,2.0204489707946762,5.09391188621521,6.986473798751831,9.422967529296876
2032-09,2032-09-01,global_mlp,2026-03,16.447297,0.05070769228041172,5.037696838378906,False,0.27943332493305206,279433.32493305206,reported_conditioned_mlp,MARTIN LINGE,,False,0.0,0.027039657533168785,0.05070769228041172,0.07131024077534676,0.11280126124620438,0.0,0.09135157316923141,0.27943332493305206,0.4649354219436645,0.7522026300430298,0.0,1.94174711704254,5.037696838378906,6.902322244644164,9.39785089492798
2032-10,2032-10-01,global_mlp,2026-03,16.447297,0.04923115111887455,5.010023593902588,False,0.30239108204841614,302391.08204841614,reported_conditioned_mlp,MARTIN LINGE,,False,0.0,0.022752548195421694,0.04923115111887455,0.07080310061573981,0.10952696576714516,0.0,0.09465343281626694,0.30239108204841614,0.4575672894716261,0.7522026300430298,0.0,1.8723213434219355,5.010023593902588,6.844643688201903,9.367943286895754
2032-11,2032-11-01,global_mlp,2026-03,16.447297,0.049054766073822975,4.98499321937561,False,0.23431595414876938,234315.95414876938,reported_conditioned_mlp,MARTIN LINGE,,False,0.0,0.023961429856717585,0.049054766073822975,0.07089990153908729,0.10395710095763211,0.0,0.05516861528158187,0.23431595414876938,0.4131558895111084,0.7522026300430298,0.0,1.7779032945632929,4.98499321937561,6.7686978340148904,9.327649593353271
2032-12,2032-12-01,global_mlp,2026-03,16.447297,0.04859337396919727,4.945318222045898,False,0.191017284989357,191017.284989357,reported_conditioned_mlp,MARTIN LINGE,,False,0.0,0.024333423748612394,0.04859337396919727,0.06991436183452605,0.10711326077580455,0.0,0.028005442582070824,0.191017284989357,0.3902313232421875,0.7522026300430298,0.0,1.6946416020393371,4.945318222045898,6.722640419006347,9.28757028579712
2033-01,2033-01-01,global_mlp,2026-03,16.447297,0.047339873388409615,4.876433849334717,False,0.2503912001848221,250391.20018482208,reported_conditioned_mlp,MARTIN LINGE,,False,0.0,0.018285045772790907,0.047339873388409615,0.0701981484889984,0.10799976885318757,0.0,0.04088048674166199,0.2503912001848221,0.45045116245746597,0.7522026300430298,0.0,1.6303779840469355,4.876433849334717,6.689892721176147,9.221114158630373
2033-02,2033-02-01,global_mlp,2026-03,16.447297,0.04705680347979069,4.791705131530762,False,0.23811112344264984,238111.12344264984,reported_conditioned_mlp,MARTIN LINGE,,False,0.0,0.017904293723404408,0.04705680347979069,0.06748052015900612,0.101910849660635,0.0,0.0320460446178913,0.23811112344264984,0.4369397222995758,0.7522026300430298,0.0,1.5413394212722773,4.791705131530762,6.625000190734861,9.168439865112306
2033-03,2033-03-01,global_mlp,2026-03,16.447297,0.04382849298417568,4.748045921325684,False,0.21569287776947021,215692.87776947021,reported_conditioned_mlp,MARTIN LINGE,,False,0.0,0.017322423122823238,0.04382849298417568,0.06754247248172758,0.09903949871659279,0.0,0.03763735592365265,0.21569287776947021,0.4239948391914366,0.7522026300430298,0.0,1.4926560521125791,4.748045921325684,6.567661809921262,9.123316955566407
2033-04,2033-04-01,global_mlp,2026-03,16.447297,0.036798181012272835,4.651526689529419,False,0.24298041313886642,242980.41313886642,reported_conditioned_mlp,MARTIN LINGE,,False,0.0,0.011610296461731189,0.036798181012272835,0.05836774297058581,0.09555629715323449,0.0,0.051112885400652876,0.24298041313886642,0.3979185700416562,0.7013030588626862,0.0,1.4172423481941219,4.651526689529419,6.503758192062377,9.092272472381593
2033-05,2033-05-01,global_mlp,2026-03,16.447297,0.03265809826552868,4.578920125961304,False,0.22351863980293274,223518.63980293274,reported_conditioned_mlp,MARTIN LINGE,,False,0.0,0.014880532491952177,0.03265809826552868,0.05702601112425326,0.08834203481674195,0.0,0.055009432882070525,0.22351863980293274,0.37778248488903043,0.6290272593498231,0.0,1.323286485671997,4.578920125961304,6.419415283203123,9.059647274017335
2033-06,2033-06-01,global_mlp,2026-03,16.447297,0.03165777958929539,4.511112451553345,False,0.2493937686085701,249393.7686085701,reported_conditioned_mlp,MARTIN LINGE,,False,0.0,0.014775932766497135,0.03165777958929539,0.0553894143551588,0.09207086116075518,0.0,0.07373937740921965,0.2493937686085701,0.37986025512218474,0.6925205707550052,0.0,1.2693068146705626,4.511112451553345,6.375199842453002,9.033728218078615
2033-07,2033-07-01,global_mlp,2026-03,16.447297,0.032899023965001106,4.458109378814697,False,0.29151342809200287,291513.42809200287,reported_conditioned_mlp,MARTIN LINGE,,False,0.0,0.014865871146321296,0.032899023965001106,0.05390878319740294,0.084855954349041,0.0,0.07687483355402942,0.29151342809200287,0.44778756201267195,0.7522026300430298,0.0,1.233434224128723,4.458109378814697,6.33176965713501,9.003366470336914
2033-08,2033-08-01,global_mlp,2026-03,16.447297,0.03429615870118141,4.410321235656738,False,0.25654949247837067,256549.49247837067,reported_conditioned_mlp,MARTIN LINGE,,False,0.0,0.013648410793393842,0.03429615870118141,0.05476180016994474,0.08503622561693194,0.0,0.03276039995253084,0.25654949247837067,0.42516165673732753,0.7522026300430298,0.0,1.189112889766693,4.410321235656738,6.300946474075317,8.956781482696535
2033-09,2033-09-01,global_mlp,2026-03,16.447297,0.03291736915707588,4.359409332275391,False,0.24889788031578064,248897.88031578064,reported_conditioned_mlp,MARTIN LINGE,,False,0.0,0.012208117172121993,0.03291736915707588,0.0522839829325676,0.08826195672154427,0.0,0.047660369053483,0.24889788031578064,0.45976780951023094,0.7522026300430298,0.0,1.1554454684257502,4.359409332275391,6.2251482009887695,8.906364059448244
2033-10,2033-10-01,global_mlp,2026-03,16.447297,0.031089133583009243,4.296453952789307,False,0.2657640427350998,265764.0427350998,reported_conditioned_mlp,MARTIN LINGE,,False,0.0,0.01138957487419246,0.031089133583009243,0.05648739188909529,0.09044021293520933,0.0,0.03866545446217059,0.2657640427350998,0.47303100824356076,0.7522026300430298,0.0,1.125164425373077,4.296453952789307,6.178900241851804,8.860850906372074
2033-11,2033-11-01,global_mlp,2026-03,16.447297,0.03136712871491909,4.213355541229248,False,0.22290250658988953,222902.50658988953,reported_conditioned_mlp,MARTIN LINGE,,False,0.0,0.01087377779185772,0.03136712871491909,0.05548831149935722,0.09058435186743742,0.0,0.03314752392470833,0.22290250658988953,0.42814406752586354,0.7522026300430298,0.0,1.0905356168746947,4.213355541229248,6.140446186065672,8.808781147003177
2033-12,2033-12-01,global_mlp,2026-03,16.447297,0.031005417928099632,4.13180136680603,False,0.1768137812614441,176813.7812614441,reported_conditioned_mlp,MARTIN LINGE,,False,0.0,0.010111542977392664,0.031005417928099632,0.053964823484420776,0.08677481338381768,0.0,0.0,0.1768137812614441,0.387187722325325,0.7522026300430298,0.0,1.0487719416618344,4.13180136680603,6.114133930206298,8.760761451721194
2034-01,2034-01-01,global_mlp,2026-03,16.447297,0.029892957769334316,4.064231634140015,False,0.2061428427696228,206142.8427696228,reported_conditioned_mlp,MARTIN LINGE,,False,0.0,0.0068929317407310006,0.029892957769334316,0.053557309508323665,0.0902266211807728,0.0,0.0,0.2061428427696228,0.47471589446067786,0.7522026300430298,0.0,1.0135244131088248,4.064231634140015,6.050599861145019,8.718045711517338
2034-02,2034-02-01,global_mlp,2026-03,16.447297,0.031017789617180824,3.976349353790283,False,0.22518013417720795,225180.13417720795,reported_conditioned_mlp,MARTIN LINGE,,False,0.0,0.011448623146861788,0.031017789617180824,0.05203191563487053,0.08670074343681337,0.0,0.0,0.22518013417720795,0.46894625127315454,0.7522026300430298,0.0,0.9773352921009056,3.976349353790283,6.0072607517242425,8.692049694061284
2034-03,2034-03-01,global_mlp,2026-03,16.447297,0.029333380050957203,3.925343632698059,False,0.1907477229833603,190747.7229833603,reported_conditioned_mlp,MARTIN LINGE,,False,0.0,0.004522059625014663,0.029333380050957203,0.05049120523035526,0.08256238475441934,0.0,0.0,0.1907477229833603,0.4178045630455017,0.7522026300430298,0.0,0.9202213585376737,3.925343632698059,5.932400512695312,8.661165237426763
2034-04,2034-04-01,global_mlp,2026-03,16.447297,0.020382603630423546,3.873655915260315,False,0.18531018495559692,185310.18495559692,reported_conditioned_mlp,MARTIN LINGE,,False,0.0,0.003301032679155467,0.020382603630423546,0.0397612370550632,0.07404744178056717,0.0,0.0,0.18531018495559692,0.38175377547740935,0.6405066967010498,0.0,0.8890403032302854,3.873655915260315,5.8475548267364506,8.643340587615972
2034-05,2034-05-01,global_mlp,2026-03,16.447297,0.021005012094974518,3.8091256618499756,False,0.17416775226593018,174167.75226593018,reported_conditioned_mlp,MARTIN LINGE,,False,0.0,0.005443895980715747,0.021005012094974518,0.03905089348554609,0.07320204824209214,0.0,0.0,0.17416775226593018,0.3542597502470015,0.6426758468151097,0.0,0.845838737487792,3.8091256618499756,5.79743914604187,8.630286979675297
2034-06,2034-06-01,global_mlp,2026-03,16.447297,0.022670546546578407,3.732080101966858,False,0.20639340579509735,206393.40579509735,reported_conditioned_mlp,MARTIN LINGE,,False,0.0,0.00579680982045829,0.022670546546578407,0.03922882340848446,0.07670694217085838,0.0,0.0,0.20639340579509735,0.3825639873743056,0.6199242651462555,0.0,0.7979465425014476,3.732080101966858,5.733332872390746,8.620405673980716
2034-07,2034-07-01,global_mlp,2026-03,16.447297,0.022623064927756786,3.6406712532043457,False,0.22637522965669632,226375.22965669632,reported_conditioned_mlp,MARTIN LINGE,,False,0.0,0.004849103093147274,0.022623064927756786,0.03965256735682487,0.07249547690153123,0.0,0.0,0.22637522965669632,0.4200574785470961,0.688412743806839,0.0,0.7456235408782931,3.6406712532043457,5.685014677047729,8.541612148284917
2034-08,2034-08-01,global_mlp,2026-03,16.447297,0.021549396216869354,3.5589317083358765,False,0.223854660987854,223854.660987854,reported_conditioned_mlp,MARTIN LINGE,,False,0.0,0.003197411540895698,0.021549396216869354,0.03816497512161731,0.07184978798031808,0.0,0.0,0.223854660987854,0.3943972527980803,0.6858595848083499,0.0,0.6183299303054798,3.5589317083358765,5.645575714111327,8.524178695678717
2034-09,2034-09-01,global_mlp,2026-03,16.447297,0.022224524058401585,3.493660092353821,False,0.2217523381114006,221752.3381114006,reported_conditioned_mlp,MARTIN LINGE,,False,0.0,0.0022975034778937686,0.022224524058401585,0.041594448685646046,0.07797808274626732,0.0,0.0,0.2217523381114006,0.44266403317451475,0.7522026300430298,0.0,0.5216820448637001,3.493660092353821,5.604225492477417,8.515111064910895
2034-10,2034-10-01,global_mlp,2026-03,16.447297,0.019957887940108776,3.459197163581848,False,0.21498047560453415,214980.47560453415,reported_conditioned_mlp,MARTIN LINGE,,False,0.0,0.0,0.019957887940108776,0.03937078751623629,0.07317995801568035,0.0,0.0,0.21498047560453415,0.4323655396699905,0.7506826758384705,0.0,0.5046635210514058,3.459197163581848,5.567003440856933,8.510646247863775
2034-11,2034-11-01,global_mlp,2026-03,16.447297,0.020971037447452545,3.408449411392212,False,0.1425335854291916,142533.5854291916,reported_conditioned_mlp,MARTIN LINGE,,False,0.0,0.0,0.020971037447452545,0.04019117914140224,0.07588896006345755,0.0,0.0,0.1425335854291916,0.3740325093269346,0.7437962114810945,0.0,0.41673077344894394,3.408449411392212,5.52692127227783,8.503146648406986
2034-12,2034-12-01,global_mlp,2026-03,16.447297,0.020794600248336792,3.3352713584899902,False,0.16026079654693604,160260.79654693604,reported_conditioned_mlp,MARTIN LINGE,,False,0.0,0.0011416326917242192,0.020794600248336792,0.03789313212037086,0.07506236433982849,0.0,0.0,0.16026079654693604,0.3655634105205536,0.7522026300430298,0.0,0.4027444660663602,3.3352713584899902,5.500656461715697,8.48636455535889
2035-01,2035-01-01,global_mlp,2026-03,16.447297,0.0195564990863204,3.2873538732528687,False,0.1898454949259758,189845.4949259758,reported_conditioned_mlp,MARTIN LINGE,,False,0.0,0.0006469486514106389,0.0195564990863204,0.03707884065806863,0.07975837513804436,0.0,0.0,0.1898454949259758,0.4534715145826338,0.7522026300430298,0.0,0.3917994737625119,3.2873538732528687,5.466728496551513,8.469334793090823
2035-02,2035-02-01,global_mlp,2026-03,16.447297,0.021384727209806442,3.2417409420013428,False,0.1309368908405304,130936.8908405304,reported_conditioned_mlp,MARTIN LINGE,,False,0.0,0.0,0.021384727209806442,0.03576088584959507,0.0722584940493107,0.0,0.0,0.1309368908405304,0.45145883560180655,0.7522026300430298,0.0,0.384684547781944,3.2417409420013428,5.449417686462402,8.448202037811281
2035-03,2035-03-01,global_mlp,2026-03,16.447297,0.01804403029382229,3.1516376733779907,False,0.13518687337636948,135186.87337636948,reported_conditioned_mlp,MARTIN LINGE,,False,0.0,0.0,0.01804403029382229,0.0331351477652788,0.06912238895893101,0.0,0.0,0.13518687337636948,0.40932440459728214,0.7522026300430298,0.0,0.3751802593469617,3.1516376733779907,5.411774015426635,8.418201732635499
2035-04,2035-04-01,global_mlp,2026-03,16.447297,0.013077666983008385,3.05151629447937,False,0.10349741578102112,103497.41578102112,reported_conditioned_mlp,MARTIN LINGE,,False,0.0,0.0,0.013077666983008385,0.029780840314924707,0.06790347173810014,0.0,0.0,0.10349741578102112,0.3472631990909576,0.649004477262497,0.0,0.3751802593469617,3.05151629447937,5.391994476318359,8.37475814819336
2035-05,2035-05-01,global_mlp,2026-03,16.447297,0.015316229779273272,2.998354911804199,False,0.09550927206873894,95509.27206873894,reported_conditioned_mlp,MARTIN LINGE,,False,0.0,0.0,0.015316229779273272,0.030759229883551543,0.06492140814661981,0.0,0.0,0.09550927206873894,0.33275768458843213,0.5795226037502292,0.0,0.37384799420833564,2.998354911804199,5.371164751052856,8.339737892150879
2035-06,2035-06-01,global_mlp,2026-03,16.447297,0.014674025122076273,2.9379457235336304,False,0.11973552778363228,119735.52778363228,reported_conditioned_mlp,MARTIN LINGE,,False,0.0,0.0,0.014674025122076273,0.03119235541671514,0.06309801042079927,0.0,0.0,0.11973552778363228,0.34621908664703366,0.5690921008586884,0.0,0.3486790806055065,2.9379457235336304,5.3465372085571286,8.289190483093263
2035-07,2035-07-01,global_mlp,2026-03,16.447297,0.016649708151817322,2.916254162788391,False,0.18152058869600296,181520.58869600296,reported_conditioned_mlp,MARTIN LINGE,,False,0.0,0.0,0.016649708151817322,0.030252809263765806,0.05968051888048649,0.0,0.0,0.18152058869600296,0.3963246017694473,0.690660297870636,0.0,0.3486790806055065,2.916254162788391,5.281025838851926,8.234488105773925
2035-08,2035-08-01,global_mlp,2026-03,16.447297,0.014964301139116287,2.891252636909485,False,0.16933337599039078,169333.37599039078,reported_conditioned_mlp,MARTIN LINGE,,False,0.0,0.0,0.014964301139116287,0.02797729671001434,0.06288422420620919,0.0,0.0,0.16933337599039078,0.38512209951877574,0.6856283009052282,0.0,0.3486790806055065,2.891252636909485,5.242899942398071,8.222609519958496
2035-09,2035-09-01,global_mlp,2026-03,16.447297,0.014256458263844252,2.833976626396179,False,0.14498329907655716,144983.29907655716,reported_conditioned_mlp,MARTIN LINGE,,False,0.0,0.0,0.014256458263844252,0.02935676574707029,0.06681060194969178,0.0,0.0,0.14498329907655716,0.39353346526622773,0.7522026300430298,0.0,0.29710382521152484,2.833976626396179,5.195706939697265,8.202259922027588
2035-10,2035-10-01,global_mlp,2026-03,16.447297,0.014090868178755045,2.773414731025696,False,0.13503215461969376,135032.15461969376,reported_conditioned_mlp,MARTIN LINGE,,False,0.0,0.0,0.014090868178755045,0.029507238417863846,0.062306055426597604,0.0,0.0,0.13503215461969376,0.40205729007720936,0.7522026300430298,0.0,0.28174580633640256,2.773414731025696,5.152901935577392,8.160395336151124
2035-11,2035-11-01,global_mlp,2026-03,16.447297,0.015570850111544132,2.701139450073242,False,0.07745776697993279,77457.76697993279,reported_conditioned_mlp,MARTIN LINGE,,False,0.0,0.0,0.015570850111544132,0.03241089917719364,0.06613361462950708,0.0,0.0,0.07745776697993279,0.30821663737297056,0.7522026300430298,0.0,0.24909860789775815,2.701139450073242,5.0952783584594705,8.12215394973755
2035-12,2035-12-01,global_mlp,2026-03,16.447297,0.01298633823171258,2.5751125812530518,False,0.06985663250088692,69856.63250088692,reported_conditioned_mlp,MARTIN LINGE,,False,0.0,0.0,0.01298633823171258,0.029984571039676652,0.06740628555417062,0.0,0.0,0.06985663250088692,0.2824150681495666,0.7522026300430298,0.0,0.19769545644521705,2.5751125812530518,5.052211761474608,8.12110939025879
2036-01,2036-01-01,global_mlp,2026-03,16.447297,0.014679948333650827,2.5355910062789917,False,0.09765039384365082,97650.39384365082,reported_conditioned_mlp,MARTIN LINGE,,False,0.0,0.0,0.014679948333650827,0.030361852608621117,0.06564374938607218,0.0,0.0,0.09765039384365082,0.37794792056083676,0.7522026300430298,0.0,0.15719395279884274,2.5355910062789917,4.990457677841182,8.120179843902589
2036-02,2036-02-01,global_mlp,2026-03,16.447297,0.014472448732703924,2.4859066009521484,False,0.07088125497102737,70881.25497102737,reported_conditioned_mlp,MARTIN LINGE,,False,0.0,0.0,0.014472448732703924,0.02878061253577469,0.06308167651295667,0.0,0.0,0.07088125497102737,0.3635437488555906,0.7522026300430298,0.0,0.12679677009582463,2.4859066009521484,4.966264677047725,8.118336200714111
2036-03,2036-03-01,global_mlp,2026-03,16.447297,0.011601893231272697,2.4150999784469604,False,0.06911253929138184,69112.53929138184,reported_conditioned_mlp,MARTIN LINGE,,False,0.0,0.0,0.011601893231272697,0.027232296764850596,0.06038202196359634,0.0,0.0,0.06911253929138184,0.36168762445449826,0.7522026300430298,0.0,0.0992905855178828,2.4150999784469604,4.935665321350093,8.118336200714111
2036-04,2036-04-01,global_mlp,2026-03,16.447297,0.011558160185813904,2.3667616844177246,False,0.09617031738162041,96170.3173816204,reported_conditioned_mlp,MARTIN LINGE,,False,0.0,0.0,0.011558160185813904,0.024716226197779148,0.04772838354110723,0.0,0.0,0.09617031738162041,0.3062017291784286,0.6096443057060242,0.0,0.07986539043486064,2.3667616844177246,4.925522994995114,8.107076930999757
2036-05,2036-05-01,global_mlp,2026-03,16.447297,0.010516651440411806,2.316162586212158,False,0.09095146879553795,90951.46879553795,reported_conditioned_mlp,MARTIN LINGE,,False,0.0,0.0,0.010516651440411806,0.02402669247239827,0.05117583572864533,0.0,0.0,0.09095146879553795,0.2840643763542175,0.5447526037693028,0.0,0.061560834944247474,2.316162586212158,4.910436487197874,8.10027313232422
2036-06,2036-06-01,global_mlp,2026-03,16.447297,0.01364213228225708,2.2760305404663086,False,0.11193361133337021,111933.61133337021,reported_conditioned_mlp,MARTIN LINGE,,False,0.0,0.0,0.01364213228225708,0.025623200833797426,0.052353827282786376,0.0,0.0,0.11193361133337021,0.3272381961345671,0.5748236596584321,0.0,0.04174371659755639,2.2760305404663086,4.899257946014403,8.087716960906983
2036-07,2036-07-01,global_mlp,2026-03,16.447297,0.0136119918897748,2.228334665298462,False,0.1404636949300766,140463.6949300766,reported_conditioned_mlp,MARTIN LINGE,,False,0.0,0.0,0.0136119918897748,0.02769872471690174,0.05497202016413214,0.0,0.0,0.1404636949300766,0.3739323794841766,0.7498729169368744,0.0,0.006536713987588776,2.228334665298462,4.859249782562254,8.047351837158205
2036-08,2036-08-01,global_mlp,2026-03,16.447297,0.011445528827607632,2.2045527696609497,False,0.08873610198497772,88736.10198497772,reported_conditioned_mlp,MARTIN LINGE,,False,0.0,0.0,0.011445528827607632,0.025210279040038586,0.04881900846958166,0.0,0.0,0.08873610198497772,0.3726287901401517,0.7288896381855011,0.0,0.0,2.2045527696609497,4.8338321208953845,8.040575695037843
2036-09,2036-09-01,global_mlp,2026-03,16.447297,0.01243097335100174,2.1664845943450928,False,0.12248682975769043,122486.82975769043,reported_conditioned_mlp,MARTIN LINGE,,False,0.0,0.0,0.01243097335100174,0.026880755461752413,0.05425941348075867,0.0,0.0,0.12248682975769043,0.37736578285694083,0.6815936028957367,0.0,0.0,2.1664845943450928,4.82285304069519,8.013090419769288
2036-10,2036-10-01,global_mlp,2026-03,16.447297,0.010573081206530333,2.1323065757751465,False,0.07705145701766014,77051.45701766014,reported_conditioned_mlp,MARTIN LINGE,,False,0.0,0.0,0.010573081206530333,0.02332464065402746,0.05073965415358545,0.0,0.0,0.07705145701766014,0.37553730607032765,0.7522026300430298,0.0,0.0,2.1323065757751465,4.794114303588867,7.9666108131408695
2036-11,2036-11-01,global_mlp,2026-03,16.447297,0.01233061496168375,2.102326512336731,False,0.04974951967597008,49749.51967597008,reported_conditioned_mlp,MARTIN LINGE,,False,0.0,0.0,0.01233061496168375,0.027795418538153167,0.05056203007698059,0.0,0.0,0.04974951967597008,0.268711170554161,0.7397542774677277,0.0,0.0,2.102326512336731,4.770724725723267,7.92198371887207
2036-12,2036-12-01,global_mlp,2026-03,16.447297,0.011180074885487556,2.047398090362549,False,0.04414070025086403,44140.70025086403,reported_conditioned_mlp,MARTIN LINGE,,False,0.0,0.0,0.011180074885487556,0.024260168522596357,0.050818770378828086,0.0,0.0,0.04414070025086403,0.24938811659812926,0.6661125183105471,0.0,0.0,2.047398090362549,4.733426094055175,7.884719944000245
2037-01,2037-01-01,global_mlp,2026-03,16.447297,0.009045638609677553,2.0024150013923645,False,0.030876426957547665,30876.426957547665,reported_conditioned_mlp,MARTIN LINGE,,False,0.0,0.0,0.009045638609677553,0.02655358184128999,0.05175413675606259,0.0,0.0,0.030876426957547665,0.32972537577152244,0.7522026300430298,0.0,0.0,2.0024150013923645,4.684914588928222,7.8591120719909675
2037-02,2037-02-01,global_mlp,2026-03,16.447297,0.010294434148818254,1.96244215965271,False,0.0473348181694746,47334.8181694746,reported_conditioned_mlp,MARTIN LINGE,,False,0.0,0.0,0.010294434148818254,0.026556421816349027,0.05518132448196411,0.0,0.0,0.0473348181694746,0.33351643979549356,0.7522026300430298,0.0,0.0,1.96244215965271,4.643286657333374,7.814108610153199
2037-03,2037-03-01,global_mlp,2026-03,16.447297,0.007106452248990536,1.922891616821289,False,0.02415395062416792,24153.95062416792,reported_conditioned_mlp,MARTIN LINGE,,False,0.0,0.0,0.007106452248990536,0.02376197446137665,0.04954081475734711,0.0,0.0,0.02415395062416792,0.26325461566448183,0.7522026300430298,0.0,0.0,1.922891616821289,4.584571266174316,7.769270896911623
2037-04,2037-04-01,global_mlp,2026-03,16.447297,0.009260809049010277,1.8738260865211487,False,0.064391003921628,64391.003921628,reported_conditioned_mlp,MARTIN LINGE,,False,0.0,0.0,0.009260809049010277,0.020931063592433925,0.04046761803328992,0.0,0.0,0.064391003921628,0.23315903246402725,0.5211547374725343,0.0,0.0,1.8738260865211487,4.546776056289672,7.739787244796754
2037-05,2037-05-01,global_mlp,2026-03,16.447297,0.010400981642305851,1.8443444967269897,False,0.06459906697273254,64599.066972732544,reported_conditioned_mlp,MARTIN LINGE,,False,0.0,0.0,0.010400981642305851,0.0218369275331497,0.04068821221590043,0.0,0.0,0.06459906697273254,0.22632072269916534,0.480375024676323,0.0,0.0,1.8443444967269897,4.515778017044065,7.71451373100281
2037-06,2037-06-01,global_mlp,2026-03,16.447297,0.011571595910936594,1.8227609395980835,False,0.0671682320535183,67168.2320535183,reported_conditioned_mlp,MARTIN LINGE,,False,0.0,0.0,0.011571595910936594,0.024612251296639426,0.04413888417184354,0.0,0.0,0.0671682320535183,0.24080150127410876,0.516526472568512,0.0,0.0,1.8227609395980835,4.487159776687619,7.68460741043091
2037-07,2037-07-01,global_mlp,2026-03,16.447297,0.009479765314608812,1.7923442125320435,False,0.06475414708256721,64754.147082567215,reported_conditioned_mlp,MARTIN LINGE,,False,0.0,0.0,0.009479765314608812,0.02405202817171812,0.04424324929714203,0.0,0.0,0.06475414708256721,0.29137488007545465,0.6106760442256928,0.0,0.0,1.7923442125320435,4.466252565383908,7.68196258544922
2037-08,2037-08-01,global_mlp,2026-03,16.447297,0.007855468895286322,1.7546517252922058,False,0.02820165641605854,28201.65641605854,reported_conditioned_mlp,MARTIN LINGE,,False,0.0,0.0,0.007855468895286322,0.02273895144462584,0.04146010987460614,0.0,0.0,0.02820165641605854,0.27067958414554594,0.5561730921268464,0.0,0.0,1.7546517252922058,4.46009278297424,7.6797551155090344
2037-09,2037-09-01,global_mlp,2026-03,16.447297,0.007027699379250407,1.7268750667572021,False,0.01315925968810916,13159.25968810916,reported_conditioned_mlp,MARTIN LINGE,,False,0.0,0.0,0.007027699379250407,0.02329342272132635,0.04428215064108372,0.0,0.0,0.01315925968810916,0.2927625358104703,0.6438912689685822,0.0,0.0,1.7268750667572021,4.4443089008331285,7.674842023849488
2037-10,2037-10-01,global_mlp,2026-03,16.447297,0.007355129811912775,1.708792805671692,False,0.056287193670868874,56287.19367086887,reported_conditioned_mlp,MARTIN LINGE,,False,0.0,0.0,0.007355129811912775,0.02281321231275796,0.04446537718176842,0.0,0.0,0.056287193670868874,0.2871601670980453,0.6913789451122285,0.0,0.0,1.708792805671692,4.431327390670776,7.6397784709930425
2037-11,2037-11-01,global_mlp,2026-03,16.447297,0.00779917323961854,1.7045562267303467,False,0.011845736764371395,11845.736764371395,reported_conditioned_mlp,MARTIN LINGE,,False,0.0,0.0,0.00779917323961854,0.024175408296287042,0.04812639132142067,0.0,0.0,0.011845736764371395,0.2261842206120489,0.7522026300430298,0.0,0.0,1.7045562267303467,4.390765523910522,7.5941933631896985
2037-12,2037-12-01,global_mlp,2026-03,16.447297,0.00940210185945034,1.6549819111824036,False,0.00895344465970993,8953.44465970993,reported_conditioned_mlp,MARTIN LINGE,,False,0.0,0.0,0.00940210185945034,0.022591583244502538,0.045948436483740814,0.0,0.0,0.00895344465970993,0.21256439685821527,0.6305956304073336,0.0,0.0,1.6549819111824036,4.373080444335938,7.546070575714113
2038-01,2038-01-01,global_mlp,2026-03,16.447297,0.008994604926556349,1.6168649792671204,False,0.029203122481703758,29203.12248170376,reported_conditioned_mlp,MARTIN LINGE,,False,0.0,0.0,0.008994604926556349,0.022917742468416685,0.04963091872632506,0.0,0.0,0.029203122481703758,0.2791547149419784,0.7522026300430298,0.0,0.0,1.6168649792671204,4.362167978286743,7.52020893096924
2038-02,2038-02-01,global_mlp,2026-03,16.447297,0.008464190177619457,1.5732305645942688,False,0.020435895770788193,20435.895770788193,reported_conditioned_mlp,MARTIN LINGE,,False,0.0,0.0,0.008464190177619457,0.021409262903034684,0.049609054252505315,0.0,0.0,0.020435895770788193,0.26022904813289627,0.7522026300430298,0.0,0.0,1.5732305645942688,4.346019268035888,7.492036247253418
2038-03,2038-03-01,global_mlp,2026-03,16.447297,0.005548887420445681,1.5518303513526917,False,0.0,0.0,reported_conditioned_mlp,MARTIN LINGE,,False,0.0,0.0,0.005548887420445681,0.01976958382874727,0.0419711470603943,0.0,0.0,0.0,0.2417914062738416,0.7522026300430298,0.0,0.0,1.5518303513526917,4.331310272216797,7.462851238250733
2038-04,2038-04-01,global_mlp,2026-03,16.447297,0.005147341405972838,1.5368879437446594,False,0.0,0.0,reported_conditioned_mlp,MARTIN LINGE,,False,0.0,0.0,0.005147341405972838,0.017708907090127433,0.036504023149609564,0.0,0.0,0.0,0.1904191523790357,0.47033319771289833,0.0,0.0,1.5368879437446594,4.319984579086303,7.412031507492066
2038-05,2038-05-01,global_mlp,2026-03,16.447297,0.007269999710842967,1.527890682220459,False,0.016336251981556416,16336.251981556416,reported_conditioned_mlp,MARTIN LINGE,,False,0.0,0.0,0.007269999710842967,0.018534740991890425,0.03938169553875924,0.0,0.0,0.016336251981556416,0.22741176635026913,0.44317258000373844,0.0,0.0,1.527890682220459,4.274413824081419,7.408472871780396
2038-06,2038-06-01,global_mlp,2026-03,16.447297,0.008418147452175617,1.5132067203521729,False,0.035331521183252335,35331.521183252335,reported_conditioned_mlp,MARTIN LINGE,,False,0.0,0.0,0.008418147452175617,0.02073379270732402,0.03998244702816012,0.0,0.0,0.035331521183252335,0.26284259557723993,0.4829001873731613,0.0,0.0,1.5132067203521729,4.241577672958374,7.342179775238039
2038-07,2038-07-01,global_mlp,2026-03,16.447297,0.006654739612713456,1.5068022012710571,False,0.04248131439089775,42481.31439089775,reported_conditioned_mlp,MARTIN LINGE,,False,0.0,0.0,0.006654739612713456,0.019284037500619886,0.039222574979066865,0.0,0.0,0.04248131439089775,0.2780249416828155,0.6229188859462743,0.0,0.0,1.5068022012710571,4.221947240829468,7.331859540939331
2038-08,2038-08-01,global_mlp,2026-03,16.447297,0.0071841159369796515,1.488213837146759,False,0.016976655926555395,16976.655926555395,reported_conditioned_mlp,MARTIN LINGE,,False,0.0,0.0,0.0071841159369796515,0.018493387848138795,0.04184919148683549,0.0,0.0,0.016976655926555395,0.28971958160400374,0.6350460708141328,0.0,0.0,1.488213837146759,4.1976044178009015,7.312987756729126
2038-09,2038-09-01,global_mlp,2026-03,16.447297,0.007169011980295181,1.4688478112220764,False,0.03611385636031628,36113.85636031628,reported_conditioned_mlp,MARTIN LINGE,,False,0.0,0.0,0.007169011980295181,0.020024036802351465,0.03924054577946664,0.0,0.0,0.03611385636031628,0.2919682919979093,0.7522026300430298,0.0,0.0,1.4688478112220764,4.17748131752014,7.2691514015197765
2038-10,2038-10-01,global_mlp,2026-03,16.447297,0.004422882106155157,1.445690631866455,False,0.0,0.0,reported_conditioned_mlp,MARTIN LINGE,,False,0.0,0.0,0.004422882106155157,0.017187023907899845,0.03923533447086811,0.0,0.0,0.0,0.2921376645565031,0.7522026300430298,0.0,0.0,1.445690631866455,4.1613253116607645,7.266768312454224
2038-11,2038-11-01,global_mlp,2026-03,16.447297,0.006691268179565668,1.426928997039795,False,0.01951364241540432,19513.64241540432,reported_conditioned_mlp,MARTIN LINGE,,False,0.0,0.0,0.006691268179565668,0.02046498171985149,0.04111635610461236,0.0,0.0,0.01951364241540432,0.25912274122238155,0.7522026300430298,0.0,0.0,1.426928997039795,4.139303398132322,7.201886701583864
2038-12,2038-12-01,global_mlp,2026-03,16.447297,0.006051933858543634,1.42232745885849,False,0.005890392232686281,5890.392232686281,reported_conditioned_mlp,MARTIN LINGE,,False,0.0,0.0,0.006051933858543634,0.01883442346006631,0.03817545548081401,0.0,0.0,0.005890392232686281,0.24643842428922622,0.696574634313584,0.0,0.0,1.42232745885849,4.116605710983274,7.158180856704714
2039-01,2039-01-01,global_mlp,2026-03,16.447297,0.005257026758044958,1.3948269486427307,False,0.0,0.0,reported_conditioned_mlp,MARTIN LINGE,,False,0.0,0.0,0.005257026758044958,0.019859725981950755,0.04066063947975636,0.0,0.0,0.0,0.27580062747001627,0.7522026300430298,0.0,0.0,1.3948269486427307,4.097334098815916,7.126241588592531
2039-02,2039-02-01,global_mlp,2026-03,16.447297,0.007763049332424998,1.375756859779358,False,0.006386950612068176,6386.950612068176,reported_conditioned_mlp,MARTIN LINGE,,False,0.0,0.0,0.007763049332424998,0.020330810919404026,0.03944673910737038,0.0,0.0,0.006386950612068176,0.23829302936792338,0.7522026300430298,0.0,0.0,1.375756859779358,4.061306095123291,7.1024999141693135
2039-03,2039-03-01,global_mlp,2026-03,16.447297,0.0027500854339450598,1.3618717193603516,False,0.0,0.0,reported_conditioned_mlp,MARTIN LINGE,,False,0.0,0.0,0.0027500854339450598,0.017491867020726193,0.03948930315673352,0.0,0.0,0.0,0.2035655900835984,0.7522026300430298,0.0,0.0,1.3618717193603516,4.011698102951048,7.075550651550294
2039-04,2039-04-01,global_mlp,2026-03,16.447297,0.005318044917657971,1.3475687503814697,False,0.0,0.0,reported_conditioned_mlp,MARTIN LINGE,,False,0.0,0.0,0.005318044917657971,0.016169020161032673,0.03208688274025918,0.0,0.0,0.0,0.18913030624389635,0.5593029558658601,0.0,0.0,1.3475687503814697,3.9857065200805626,7.056999397277832
2039-05,2039-05-01,global_mlp,2026-03,16.447297,0.0050928168930113316,1.3153648376464844,False,0.0,0.0,reported_conditioned_mlp,MARTIN LINGE,,False,0.0,0.0,0.0050928168930113316,0.015315701533108949,0.03237317204475403,0.0,0.0,0.0,0.16423289328813537,0.4489540159702301,0.0,0.0,1.3153648376464844,3.97472124099731,7.0291886806488035
2039-06,2039-06-01,global_mlp,2026-03,16.447297,0.0052384138107299805,1.2951053380966187,False,0.0,0.0,reported_conditioned_mlp,MARTIN LINGE,,False,0.0,0.0,0.0052384138107299805,0.01683137509971857,0.034122701734304435,0.0,0.0,0.0,0.22950429916381831,0.5146783947944642,0.0,0.0,1.2951053380966187,3.97472124099731,7.012588834762573
2039-07,2039-07-01,global_mlp,2026-03,16.447297,0.005337259965017438,1.2612252235412598,False,0.005534551106393337,5534.551106393337,reported_conditioned_mlp,MARTIN LINGE,,False,0.0,0.0,0.005337259965017438,0.015755989961326093,0.03240920379757881,0.0,0.0,0.005534551106393337,0.2307362124323842,0.5690012693405152,0.0,0.0,1.2612252235412598,3.9737147331237748,6.9698120117187505
2039-08,2039-08-01,global_mlp,2026-03,16.447297,0.006130798254162073,1.2316424250602722,False,0.0,0.0,reported_conditioned_mlp,MARTIN LINGE,,False,0.0,0.0,0.006130798254162073,0.015480377618223427,0.03252497129142285,0.0,0.0,0.0,0.23541422486305236,0.5433560013771057,0.0,0.0,1.2316424250602722,3.9611177921295138,6.923108339309692
2039-09,2039-09-01,global_mlp,2026-03,16.447297,0.0038821882335469127,1.219967544078827,False,0.0,0.0,reported_conditioned_mlp,MARTIN LINGE,,False,0.0,0.0,0.0038821882335469127,0.016592668741941447,0.03728105425834656,0.0,0.0,0.0,0.21198071241378783,0.5757415711879731,0.0,0.0,1.219967544078827,3.9272008895874015,6.8852783203125005
2039-10,2039-10-01,global_mlp,2026-03,16.447297,0.0022068254183977842,1.2148820757865906,False,0.0,0.0,reported_conditioned_mlp,MARTIN LINGE,,False,0.0,0.0,0.0022068254183977842,0.016291253268718716,0.03372774310410023,0.0,0.0,0.0,0.22172138094902027,0.5842131555080414,0.0,0.0,1.2148820757865906,3.8824951648712123,6.864127683639527
2039-11,2039-11-01,global_mlp,2026-03,16.447297,0.0030217334860935807,1.2119745016098022,False,0.0,0.0,reported_conditioned_mlp,MARTIN LINGE,,False,0.0,0.0,0.0030217334860935807,0.018158454075455646,0.036461217701435095,0.0,0.0,0.0,0.16906492412090277,0.5047604560852054,0.0,0.0,1.2119745016098022,3.8622493743896436,6.848768663406373
2039-12,2039-12-01,global_mlp,2026-03,16.447297,0.004972921218723059,1.2043907046318054,False,0.0,0.0,reported_conditioned_mlp,MARTIN LINGE,,False,0.0,0.0,0.004972921218723059,0.01635855287313461,0.037551842257380494,0.0,0.0,0.0,0.1399959415197372,0.5057480573654176,0.0,0.0,1.2043907046318054,3.8499746322631787,6.836497974395753
2040-01,2040-01-01,global_mlp,2026-03,16.447297,0.0031310742488130927,1.188955008983612,False,0.0,0.0,reported_conditioned_mlp,MARTIN LINGE,,False,0.0,0.0,0.0031310742488130927,0.01675129663199186,0.03617336116731167,0.0,0.0,0.0,0.1917594581842419,0.5586713552474979,0.0,0.0,1.188955008983612,3.84352896213531,6.82280411720276
2040-02,2040-02-01,global_mlp,2026-03,16.447297,0.0034056466538459063,1.1760817170143127,False,0.0,0.0,reported_conditioned_mlp,MARTIN LINGE,,False,0.0,0.0,0.0034056466538459063,0.01727027129381894,0.03741874024271965,0.0,0.0,0.0,0.18964741826057419,0.5655226051807407,0.0,0.0,1.1760817170143127,3.8200789213180517,6.806133699417116
2040-03,2040-03-01,global_mlp,2026-03,16.447297,0.0017932364717125893,1.1634830236434937,False,0.0,0.0,reported_conditioned_mlp,MARTIN LINGE,,False,0.0,0.0,0.0017932364717125893,0.01496684830635785,0.034880431741476065,0.0,0.0,0.0,0.16987581998109796,0.6039768040180209,0.0,0.0,1.1634830236434937,3.792797088623047,6.793951320648195
2040-04,2040-04-01,global_mlp,2026-03,16.447297,0.004039380932226777,1.150710940361023,False,0.0,0.0,reported_conditioned_mlp,MARTIN LINGE,,False,0.0,0.0,0.004039380932226777,0.014259871840476989,0.03462313227355481,0.0,0.0,0.0,0.1490289896726606,0.5084159553050996,0.0,0.0,1.150710940361023,3.780376267433166,6.774621629714968
2040-05,2040-05-01,global_mlp,2026-03,16.447297,0.003317242721095681,1.142062783241272,False,0.0,0.0,reported_conditioned_mlp,MARTIN LINGE,,False,0.0,0.0,0.003317242721095681,0.015810775384306898,0.030828569084405903,0.0,0.0,0.0,0.1239559471607207,0.41792884767055527,0.0,0.0,1.142062783241272,3.7717504739761343,6.762042045593264
2040-06,2040-06-01,global_mlp,2026-03,16.447297,0.0053819022141397,1.1228948831558228,False,0.0,0.0,reported_conditioned_mlp,MARTIN LINGE,,False,0.0,0.0,0.0053819022141397,0.016184677742421622,0.03357616588473321,0.0,0.0,0.0,0.1408952549099921,0.47162415683269515,0.0,0.0,1.1228948831558228,3.736945772171019,6.760428428649904
2040-07,2040-07-01,global_mlp,2026-03,16.447297,0.0029195001116022468,1.1049855947494507,False,0.0,0.0,reported_conditioned_mlp,MARTIN LINGE,,False,0.0,0.0,0.0029195001116022468,0.013428771216422318,0.03422074802219869,0.0,0.0,0.0,0.17953418344259212,0.5237317144870766,0.0,0.0,1.1049855947494507,3.694251203536983,6.746787357330324
2040-08,2040-08-01,global_mlp,2026-03,16.447297,0.0025487636448815465,1.0905020833015442,False,0.0,0.0,reported_conditioned_mlp,MARTIN LINGE,,False,0.0,0.0,0.0025487636448815465,0.014621224347501993,0.03324880748987199,0.0,0.0,0.0,0.16831185519695252,0.5438552796840669,0.0,0.0,1.0905020833015442,3.6756027460098215,6.721575450897218
2040-09,2040-09-01,global_mlp,2026-03,16.447297,0.0012276665365789086,1.0711017847061157,False,0.0,0.0,reported_conditioned_mlp,MARTIN LINGE,,False,0.0,0.0,0.0012276665365789086,0.016204704158008097,0.037392799556255345,0.0,0.0,0.0,0.16105728298425662,0.6015490591526031,0.0,0.0,1.0711017847061157,3.6523757696151695,6.699993991851808
2040-10,2040-10-01,global_mlp,2026-03,16.447297,0.0006514902925118804,1.0490189790725708,False,0.0,0.0,reported_conditioned_mlp,MARTIN LINGE,,False,0.0,0.0,0.0006514902925118804,0.014154472947120666,0.03613351844251158,0.0,0.0,0.0,0.1884612292051314,0.6066878557205202,0.0,0.0,1.0490189790725708,3.636922597885129,6.64764461517334
2040-11,2040-11-01,global_mlp,2026-03,16.447297,0.0013732490479014814,1.02036714553833,False,0.0,0.0,reported_conditioned_mlp,MARTIN LINGE,,False,0.0,0.0,0.0013732490479014814,0.013925959728658186,0.03893737085163595,0.0,0.0,0.0,0.1444995924830436,0.6022409439086915,0.0,0.0,1.02036714553833,3.618886232376097,6.574364328384401
2040-12,2040-12-01,global_mlp,2026-03,16.447297,0.0007017371826805174,1.0080032050609589,False,0.0,0.0,reported_conditioned_mlp,MARTIN LINGE,,False,0.0,0.0,0.0007017371826805174,0.015892801992595178,0.03750068731606007,0.0,0.0,0.0,0.0990695387125015,0.4699303656816491,0.0,0.0,1.0080032050609589,3.5991130352020257,6.559839010238648
2041-01,2041-01-01,global_mlp,2026-03,16.447297,0.0012952887918800116,0.9876144826412201,False,0.0,0.0,reported_conditioned_mlp,MARTIN LINGE,,False,0.0,0.0,0.0012952887918800116,0.01569258291274307,0.04211062379181386,0.0,0.0,0.0,0.17229810357093803,0.5713528037071232,0.0,0.0,0.9876144826412201,3.5734869956970203,6.547928476333619
2041-02,2041-02-01,global_mlp,2026-03,16.447297,0.00028732440841849893,0.9596042931079865,False,0.0,0.0,reported_conditioned_mlp,MARTIN LINGE,,False,0.0,0.0,0.00028732440841849893,0.015592595655471077,0.04078187681734564,0.0,0.0,0.0,0.16050256341695765,0.6041315197944641,0.0,0.0,0.9596042931079865,3.56485059261322,6.530166006088257
2041-03,2041-03-01,global_mlp,2026-03,16.447297,0.0,0.9524368345737457,False,0.0,0.0,reported_conditioned_mlp,MARTIN LINGE,,False,0.0,0.0,0.0,0.0129011265002191,0.03666849397122863,0.0,0.0,0.0,0.1581225067377087,0.6208629012107852,0.0,0.0,0.9524368345737457,3.5158078908920265,6.51682415008545
2041-04,2041-04-01,global_mlp,2026-03,16.447297,0.003186850226484239,0.9297731518745422,False,0.0,0.0,reported_conditioned_mlp,MARTIN LINGE,,False,0.0,0.0,0.003186850226484239,0.01367957182228562,0.03175234124064447,0.0,0.0,0.0,0.15695873945951452,0.4381119221448901,0.0,0.0,0.9297731518745422,3.5102753400802587,6.502650737762451
2041-05,2041-05-01,global_mlp,2026-03,16.447297,0.0022965697571635246,0.9227083325386047,False,0.0,0.0,reported_conditioned_mlp,MARTIN LINGE,,False,0.0,0.0,0.0022965697571635246,0.01251498125493524,0.03330966085195542,0.0,0.0,0.0,0.13398917764425275,0.43013839423656475,0.0,0.0,0.9227083325386047,3.503225469589231,6.490243911743164
2041-06,2041-06-01,global_mlp,2026-03,16.447297,0.001248103624675423,0.9130713939666748,False,0.0,0.0,reported_conditioned_mlp,MARTIN LINGE,,False,0.0,0.0,0.001248103624675423,0.013773716427385799,0.03230325877666474,0.0,0.0,0.0,0.1475632727146148,0.44004203677177434,0.0,0.0,0.9130713939666748,3.489958000183104,6.467215967178346
2041-07,2041-07-01,global_mlp,2026-03,16.447297,0.0006646542751695961,0.9071875512599945,False,0.0,0.0,reported_conditioned_mlp,MARTIN LINGE,,False,0.0,0.0,0.0006646542751695961,0.014285078272223467,0.03206495977938176,0.0,0.0,0.0,0.21110828667879095,0.496747395396233,0.0,0.0,0.9071875512599945,3.4833037614822384,6.458448123931886
2041-08,2041-08-01,global_mlp,2026-03,16.447297,0.0008237069705501199,0.8975396454334259,False,0.0,0.0,reported_conditioned_mlp,MARTIN LINGE,,False,0.0,0.0,0.0008237069705501199,0.014022399019449938,0.03122831452637911,0.0,0.0,0.0,0.20596242100000367,0.5616818547248841,0.0,0.0,0.8975396454334259,3.4709414243698116,6.446708154678345
2041-09,2041-09-01,global_mlp,2026-03,16.447297,9.496495476923883e-05,0.89658123254776,False,0.0,0.0,reported_conditioned_mlp,MARTIN LINGE,,False,0.0,0.0,9.496495476923883e-05,0.013823979999870057,0.033993884548544885,0.0,0.0,0.0,0.1576168671250343,0.5961807847023012,0.0,0.0,0.89658123254776,3.449396872520445,6.408319950103761
2041-10,2041-10-01,global_mlp,2026-03,16.447297,0.0,0.8736234605312347,False,0.0,0.0,reported_conditioned_mlp,MARTIN LINGE,,False,0.0,0.0,0.0,0.01214884407818316,0.03297575153410437,0.0,0.0,0.0,0.1618802353739737,0.5942926943302157,0.0,0.0,0.8736234605312347,3.4385076522827136,6.383191108703615
2041-11,2041-11-01,global_mlp,2026-03,16.447297,0.0,0.8702035546302795,False,0.0,0.0,reported_conditioned_mlp,MARTIN LINGE,,False,0.0,0.0,0.0,0.013690715283155408,0.03639042600989343,0.0,0.0,0.0,0.142385596036911,0.5664772510528565,0.0,0.0,0.8702035546302795,3.405341649055481,6.3684425354003915
2041-12,2041-12-01,global_mlp,2026-03,16.447297,0.0,0.8688790202140808,False,0.0,0.0,reported_conditioned_mlp,MARTIN LINGE,,False,0.0,0.0,0.0,0.012314508762210602,0.032973680645227446,0.0,0.0,0.0,0.08662896752357482,0.5907605171203615,0.0,0.0,0.8688790202140808,3.3830202341079705,6.354538249969484
2042-01,2042-01-01,global_mlp,2026-03,16.447297,0.00025096029276028275,0.8615395426750183,False,0.0,0.0,reported_conditioned_mlp,MARTIN LINGE,,False,0.0,0.0,0.00025096029276028275,0.013713788427412499,0.03849275335669518,0.0,0.0,0.0,0.13768360018730164,0.6779250383377082,0.0,0.0,0.8615395426750183,3.3650547266006465,6.33773880004883
2042-02,2042-02-01,global_mlp,2026-03,16.447297,0.0,0.8615395426750183,False,0.0,0.0,reported_conditioned_mlp,MARTIN LINGE,,False,0.0,0.0,0.0,0.014035780075937506,0.03839776180684567,0.0,0.0,0.0,0.14961247891187648,0.6022373855113989,0.0,0.0,0.8615395426750183,3.3432286977767944,6.314362812042239
2042-03,2042-03-01,global_mlp,2026-03,16.447297,0.0,0.8554385006427765,False,0.0,0.0,reported_conditioned_mlp,MARTIN LINGE,,False,0.0,0.0,0.0,0.012594933807849847,0.03519985973834992,0.0,0.0,0.0,0.11015592291951158,0.7156562328338625,0.0,0.0,0.8554385006427765,3.3066000223159784,6.3099132061004655
2042-04,2042-04-01,global_mlp,2026-03,16.447297,0.0012697407510131598,0.8376627266407013,False,0.0,0.0,reported_conditioned_mlp,MARTIN LINGE,,False,0.0,0.0,0.0012697407510131598,0.013809891976416109,0.03209837563335896,0.0,0.0,0.0,0.10938135683536528,0.5087614119052889,0.0,0.0,0.8376627266407013,3.288518214225769,6.291634511947632
2042-05,2042-05-01,global_mlp,2026-03,16.447297,0.001952963531948626,0.8164274394512177,False,0.0,0.0,reported_conditioned_mlp,MARTIN LINGE,,False,0.0,0.0,0.001952963531948626,0.015616807527840127,0.03313039727509024,0.0,0.0,0.0,0.12495755329728121,0.4119665414094925,0.0,0.0,0.8164274394512177,3.264640450477599,6.206083297729494
2042-06,2042-06-01,global_mlp,2026-03,16.447297,0.0004644403961719945,0.8042646050453186,False,0.0,0.0,reported_conditioned_mlp,MARTIN LINGE,,False,0.0,0.0,0.0004644403961719945,0.015174594707787021,0.03318574093282223,0.0,0.0,0.0,0.10915046110749242,0.4307388484477997,0.0,0.0,0.8042646050453186,3.2528118371963495,6.204350709915163
2042-07,2042-07-01,global_mlp,2026-03,16.447297,0.0021630540722981095,0.7963353395462036,False,0.0,0.0,reported_conditioned_mlp,MARTIN LINGE,,False,0.0,0.0,0.0021630540722981095,0.015325225610285993,0.032012382149696365,0.0,0.0,0.0,0.14978130757808683,0.4856235504150397,0.0,0.0,0.7963353395462036,3.2502222537994383,6.169464540481569
2042-08,2042-08-01,global_mlp,2026-03,16.447297,0.0,0.7777750790119171,False,0.0,0.0,reported_conditioned_mlp,MARTIN LINGE,,False,0.0,0.0,0.0,0.013681095466017723,0.03301938250660896,0.0,0.0,0.0,0.1272245198488235,0.4801398128271106,0.0,0.0,0.7777750790119171,3.2482982158660887,6.088035917282107
2042-09,2042-09-01,global_mlp,2026-03,16.447297,0.0,0.7588359415531158,False,0.0,0.0,reported_conditioned_mlp,MARTIN LINGE,,False,0.0,0.0,0.0,0.01420885697007176,0.03227580972015858,0.0,0.0,0.0,0.13432976901531204,0.5321217179298404,0.0,0.0,0.7588359415531158,3.233476996421814,6.039155912399294
2042-10,2042-10-01,global_mlp,2026-03,16.447297,0.0,0.7566538155078888,False,0.0,0.0,reported_conditioned_mlp,MARTIN LINGE,,False,0.0,0.0,0.0,0.014013368170708411,0.03192478120326996,0.0,0.0,0.0,0.14542671591043432,0.5421502590179446,0.0,0.0,0.7566538155078888,3.188816308975219,6.0324652194976816
2042-11,2042-11-01,global_mlp,2026-03,16.447297,0.0,0.7366455793380737,False,0.0,0.0,reported_conditioned_mlp,MARTIN LINGE,,False,0.0,0.0,0.0,0.013786948472261421,0.033100627735257154,0.0,0.0,0.0,0.1218880325555795,0.47838078439235704,0.0,0.0,0.7366455793380737,3.1366904258728026,6.0247291088104244
2042-12,2042-12-01,global_mlp,2026-03,16.447297,0.0,0.7155562937259674,False,0.0,0.0,reported_conditioned_mlp,MARTIN LINGE,,False,0.0,0.0,0.0,0.014868466649204493,0.03225263282656672,0.0,0.0,0.0,0.09571294710040082,0.5187046825885773,0.0,0.0,0.7155562937259674,3.121048355102538,5.995597076416016
2043-01,2043-01-01,global_mlp,2026-03,16.447297,0.0,0.6882130205631256,False,0.0,0.0,reported_conditioned_mlp,MARTIN LINGE,,False,0.0,0.0,0.0,0.01453992202877997,0.03255796954035759,0.0,0.0,0.0,0.13712345659732816,0.580856364965439,0.0,0.0,0.6882130205631256,3.1182772636413563,5.994910097122193
2043-02,2043-02-01,global_mlp,2026-03,16.447297,0.0,0.6682899296283722,False,0.0,0.0,reported_conditioned_mlp,MARTIN LINGE,,False,0.0,0.0,0.0,0.0138242379762232,0.03313055261969567,0.0,0.0,0.0,0.12868613302707663,0.5298594474792483,0.0,0.0,0.6682899296283722,3.1132317066192616,5.994494771957398
2043-03,2043-03-01,global_mlp,2026-03,16.447297,0.0,0.6626086235046387,False,0.0,0.0,reported_conditioned_mlp,MARTIN LINGE,,False,0.0,0.0,0.0,0.010220852401107549,0.030566189996898183,0.0,0.0,0.0,0.09164090007543554,0.5852508127689362,0.0,0.0,0.6626086235046387,3.1008052587509156,5.972952890396119
2043-04,2043-04-01,global_mlp,2026-03,16.447297,0.0011605311301536858,0.657752513885498,False,0.0,0.0,reported_conditioned_mlp,MARTIN LINGE,,False,0.0,0.0,0.0011605311301536858,0.012999788671731948,0.0333445206284523,0.0,0.0,0.0,0.07736199423670767,0.4510537236928942,0.0,0.0,0.657752513885498,3.069872307777403,5.941271162033082
2043-05,2043-05-01,global_mlp,2026-03,16.447297,0.0018526581698097289,0.6547860205173492,False,0.0,0.0,reported_conditioned_mlp,MARTIN LINGE,,False,0.0,0.0,0.0018526581698097289,0.014153422228991982,0.03139054924249649,0.0,0.0,0.0,0.11217843815684315,0.3882240325212479,0.0,0.0,0.6547860205173492,3.0584902048110933,5.909707403182984
2043-06,2043-06-01,global_mlp,2026-03,16.447297,0.0034742183052003384,0.6273543834686279,False,0.0,0.0,reported_conditioned_mlp,MARTIN LINGE,,False,0.0,0.0,0.0034742183052003384,0.015365112200379342,0.028489803895354278,0.0,0.0,0.0,0.11581785678863518,0.4210112303495407,0.0,0.0,0.6273543834686279,3.0544998407363866,5.871895933151246
2043-07,2043-07-01,global_mlp,2026-03,16.447297,0.0004531267040874809,0.5994312167167664,False,0.0,0.0,reported_conditioned_mlp,MARTIN LINGE,,False,0.0,0.0,0.0004531267040874809,0.012856289744377124,0.02960107401013375,0.0,0.0,0.0,0.14871252775192256,0.4556172400712968,0.0,0.0,0.5994312167167664,3.0395650148391695,5.846556282043458
2043-08,2043-08-01,global_mlp,2026-03,16.447297,0.0,0.583791583776474,False,0.0,0.0,reported_conditioned_mlp,MARTIN LINGE,,False,0.0,0.0,0.0,0.012952188588678828,0.029814919829368597,0.0,0.0,0.0,0.09480280578136416,0.4611988037824631,0.0,0.0,0.583791583776474,3.0236962318420386,5.81650013923645
2043-09,2043-09-01,global_mlp,2026-03,16.447297,0.0,0.5702691376209259,False,0.0,0.0,reported_conditioned_mlp,MARTIN LINGE,,False,0.0,0.0,0.0,0.01361662643030284,0.030736363306641583,0.0,0.0,0.0,0.10893219187855717,0.5047977328300478,0.0,0.0,0.5702691376209259,3.0129575967788673,5.804989433288575
2043-10,2043-10-01,global_mlp,2026-03,16.447297,0.0,0.5568720698356628,False,0.0,0.0,reported_conditioned_mlp,MARTIN LINGE,,False,0.0,0.0,0.0,0.01186861339956522,0.028404755704104924,0.0,0.0,0.0,0.10821409747004503,0.46933043599128743,0.0,0.0,0.5568720698356628,2.9952335834503154,5.7869863986969
2043-11,2043-11-01,global_mlp,2026-03,16.447297,0.0,0.5272937119007111,False,0.0,0.0,reported_conditioned_mlp,MARTIN LINGE,,False,0.0,0.0,0.0,0.01460951194167137,0.029911639168858552,0.0,0.0,0.0,0.10119081586599318,0.40346399843692876,0.0,0.0,0.5272937119007111,2.9664760351181028,5.739098691940309
2043-12,2043-12-01,global_mlp,2026-03,16.447297,0.0,0.5161949992179871,False,0.0,0.0,reported_conditioned_mlp,MARTIN LINGE,,False,0.0,0.0,0.0,0.013363608159124848,0.03275134935975075,0.0,0.0,0.0,0.06157497502863389,0.3565725684165955,0.0,0.0,0.5161949992179871,2.9301872014999386,5.7197741031646725
2044-01,2044-01-01,global_mlp,2026-03,16.447297,0.0,0.5100818872451782,False,0.0,0.0,reported_conditioned_mlp,MARTIN LINGE,,False,0.0,0.0,0.0,0.013535437546670435,0.032983951643109334,0.0,0.0,0.0,0.10577555075287813,0.5436922252178195,0.0,0.0,0.5100818872451782,2.911909651756286,5.660964250564576
2044-02,2044-02-01,global_mlp,2026-03,16.447297,0.0,0.49510687589645386,False,0.0,0.0,reported_conditioned_mlp,MARTIN LINGE,,False,0.0,0.0,0.0,0.014147603139281262,0.03301471173763277,0.0,0.0,0.0,0.12277386039495466,0.5236295878887177,0.0,0.0,0.49510687589645386,2.8929866552352883,5.607728528976442
2044-03,2044-03-01,global_mlp,2026-03,16.447297,0.0,0.48548197746276855,False,0.0,0.0,reported_conditioned_mlp,MARTIN LINGE,,False,0.0,0.0,0.0,0.012536821700632559,0.03178080394864082,0.0,0.0,0.0,0.09037044495344153,0.48302350044250497,0.0,0.0,0.48548197746276855,2.874561142921445,5.568601512908938
2044-04,2044-04-01,global_mlp,2026-03,16.447297,0.0,0.4732235223054886,False,0.0,0.0,reported_conditioned_mlp,MARTIN LINGE,,False,0.0,0.0,0.0,0.012855555862188337,0.0290316665545106,0.0,0.0,0.0,0.07387051209807388,0.42472437024116555,0.0,0.0,0.4732235223054886,2.857316827774046,5.568601512908938
2044-05,2044-05-01,global_mlp,2026-03,16.447297,0.000589258925174363,0.4541279524564743,False,0.0,0.0,reported_conditioned_mlp,MARTIN LINGE,,False,0.0,0.0,0.000589258925174363,0.011922587547451253,0.030373298190534116,0.0,0.0,0.0,0.09703995287418357,0.3504431366920472,0.0,0.0,0.4541279524564743,2.8412885427474963,5.547277259826662
2044-06,2044-06-01,global_mlp,2026-03,16.447297,0.0,0.4429245889186859,False,0.0,0.0,reported_conditioned_mlp,MARTIN LINGE,,False,0.0,0.0,0.0,0.012770751956850283,0.029364440590143207,0.0,0.0,0.0,0.08481247872114181,0.36172419488430024,0.0,0.0,0.4429245889186859,2.825797605514526,5.529378032684327
2044-07,2044-07-01,global_mlp,2026-03,16.447297,0.0007870563131291419,0.43845967948436737,False,0.0,0.0,reported_conditioned_mlp,MARTIN LINGE,,False,0.0,0.0,0.0007870563131291419,0.01203627586364746,0.028068837150931367,0.0,0.0,0.0,0.1221094377338885,0.4720654696226121,0.0,0.0,0.43845967948436737,2.76364104747772,5.460591459274293
2044-08,2044-08-01,global_mlp,2026-03,16.447297,0.0,0.4276787042617798,False,0.0,0.0,reported_conditioned_mlp,MARTIN LINGE,,False,0.0,0.0,0.0,0.012711212504655112,0.028884518332779417,0.0,0.0,0.0,0.07997926920652389,0.4090640664100649,0.0,0.0,0.4276787042617798,2.7525422096252425,5.433045148849489
2044-09,2044-09-01,global_mlp,2026-03,16.447297,0.0,0.41823430359363556,False,0.0,0.0,reported_conditioned_mlp,MARTIN LINGE,,False,0.0,0.0,0.0,0.013555201608687633,0.03180298060178757,0.0,0.0,0.0,0.08213255628943422,0.44529447555542007,0.0,0.0,0.41823430359363556,2.7449223756790158,5.425437498092654
2044-10,2044-10-01,global_mlp,2026-03,16.447297,0.0,0.4059463441371918,False,0.0,0.0,reported_conditioned_mlp,MARTIN LINGE,,False,0.0,0.0,0.0,0.012035132478922603,0.027624152973294264,0.0,0.0,0.0,0.1161278158426283,0.45443434119224546,0.0,0.0,0.4059463441371918,2.7329467773437495,5.404339790344239
2044-11,2044-11-01,global_mlp,2026-03,16.447297,0.0,0.40120159089565277,False,0.0,0.0,reported_conditioned_mlp,MARTIN LINGE,,False,0.0,0.0,0.0,0.012573961354792116,0.030374991148710256,0.0,0.0,0.0,0.0771045647561549,0.3792117178440094,0.0,0.0,0.40120159089565277,2.7192506313323968,5.35051350593567
2044-12,2044-12-01,global_mlp,2026-03,16.447297,0.0,0.38868069648742676,False,0.0,0.0,reported_conditioned_mlp,MARTIN LINGE,,False,0.0,0.0,0.0,0.01218299278989434,0.030481106787920015,0.0,0.0,0.0,0.06550006419420241,0.34923983812332166,0.0,0.0,0.38868069648742676,2.7023308992385853,5.264583587646487
2045-01,2045-01-01,global_mlp,2026-03,16.447297,0.0,0.37672917544841766,False,0.0,0.0,reported_conditioned_mlp,MARTIN LINGE,,False,0.0,0.0,0.0,0.012075223028659814,0.029387038014829163,0.0,0.0,0.0,0.09929178059101089,0.45667773187160515,0.0,0.0,0.37672917544841766,2.6824537038803085,5.229219627380375
2045-02,2045-02-01,global_mlp,2026-03,16.447297,0.0,0.36547327041625977,False,0.0,0.0,reported_conditioned_mlp,MARTIN LINGE,,False,0.0,0.0,0.0,0.012259279564023014,0.03137096464633942,0.0,0.0,0.0,0.08480506613850576,0.4630024909973146,0.0,0.0,0.36547327041625977,2.6695930957794176,5.228221082687381
2045-03,2045-03-01,global_mlp,2026-03,16.447297,0.0,0.36186160147190094,False,0.0,0.0,reported_conditioned_mlp,MARTIN LINGE,,False,0.0,0.0,0.0,0.01224941490218043,0.02975687384605412,0.0,0.0,0.0,0.07418436184525486,0.4702886432409288,0.0,0.0,0.36186160147190094,2.6421837806701642,5.224347639083865
2045-04,2045-04-01,global_mlp,2026-03,16.447297,0.0,0.3502878397703171,False,0.0,0.0,reported_conditioned_mlp,MARTIN LINGE,,False,0.0,0.0,0.0,0.01243526823818683,0.02881957497447729,0.0,0.0,0.0,0.08217842504382131,0.3936293810606003,0.0,0.0,0.3502878397703171,2.6347658872604356,5.207192611694338
2045-05,2045-05-01,global_mlp,2026-03,16.447297,0.0,0.33308200538158417,False,0.0,0.0,reported_conditioned_mlp,MARTIN LINGE,,False,0.0,0.0,0.0,0.011224851943552484,0.028753200918436063,0.0,0.0,0.0,0.06959662139415738,0.34535861015319835,0.0,0.0,0.33308200538158417,2.6168748378753657,5.191443538665774
2045-06,2045-06-01,global_mlp,2026-03,16.447297,0.0,0.31931236386299133,False,0.0,0.0,reported_conditioned_mlp,MARTIN LINGE,,False,0.0,0.0,0.0,0.012450656387954945,0.03114983253180981,0.0,0.0,0.0,0.10297778174281115,0.3774092853069306,0.0,0.0,0.31931236386299133,2.58746531009674,5.178836393356325
2045-07,2045-07-01,global_mlp,2026-03,16.447297,0.0,0.300459161400795,False,0.0,0.0,reported_conditioned_mlp,MARTIN LINGE,,False,0.0,0.0,0.0,0.010884989611804457,0.029657309502363217,0.0,0.0,0.0,0.0881366595625877,0.38662444949150093,0.0,0.0,0.300459161400795,2.5534944534301753,5.170383882522584
2045-08,2045-08-01,global_mlp,2026-03,16.447297,0.0,0.2839573919773102,False,0.0,0.0,reported_conditioned_mlp,MARTIN LINGE,,False,0.0,0.0,0.0,0.01132143856957554,0.03134810961782934,0.0,0.0,0.0,0.05108266957104202,0.4204647749662401,0.0,0.0,0.2839573919773102,2.503211379051207,5.143204641342163
2045-09,2045-09-01,global_mlp,2026-03,16.447297,0.0,0.2683837413787842,False,0.0,0.0,reported_conditioned_mlp,MARTIN LINGE,,False,0.0,0.0,0.0,0.011957825347781179,0.03183205723762514,0.0,0.0,0.0,0.05143641941249361,0.4770845502614975,0.0,0.0,0.2683837413787842,2.474438428878784,5.1262518882751476
2045-10,2045-10-01,global_mlp,2026-03,16.447297,0.0,0.24447917193174362,False,0.0,0.0,reported_conditioned_mlp,MARTIN LINGE,,False,0.0,0.0,0.0,0.011127282958477733,0.028273056820034986,0.0,0.0,0.0,0.06663309186697006,0.4495529711246492,0.0,0.0,0.24447917193174362,2.4546661138534533,5.121782684326173
2045-11,2045-11-01,global_mlp,2026-03,16.447297,0.0,0.2301858738064766,False,0.0,0.0,reported_conditioned_mlp,MARTIN LINGE,,False,0.0,0.0,0.0,0.012596969678997993,0.03026803750544787,0.0,0.0,0.0,0.059297034516930386,0.3629412531852724,0.0,0.0,0.2301858738064766,2.446849513053892,5.113558530807496
2045-12,2045-12-01,global_mlp,2026-03,16.447297,0.0,0.21792548149824142,False,0.0,0.0,reported_conditioned_mlp,MARTIN LINGE,,False,0.0,0.0,0.0,0.012679385207593423,0.034326509758830115,0.0,0.0,0.0,0.04590302892029278,0.35617770552635253,0.0,0.0,0.21792548149824142,2.4403024673461893,5.100967454910279
2046-01,2046-01-01,global_mlp,2026-03,16.447297,0.0,0.20584402233362198,False,0.0,0.0,reported_conditioned_mlp,MARTIN LINGE,,False,0.0,0.0,0.0,0.013354930747300377,0.0362148329615593,0.0,0.0,0.0,0.07535902410745587,0.48202326595783246,0.0,0.0,0.20584402233362198,2.429883766174314,5.0783772468566895
2046-02,2046-02-01,global_mlp,2026-03,16.447297,0.0,0.1888546496629715,False,0.0,0.0,reported_conditioned_mlp,MARTIN LINGE,,False,0.0,0.0,0.0,0.011233671847730872,0.030223164334893235,0.0,0.0,0.0,0.07578631490468972,0.47953459918499003,0.0,0.0,0.1888546496629715,2.4200702667236302,5.0597583770751955
2046-03,2046-03-01,global_mlp,2026-03,16.447297,0.0,0.15132144838571548,False,0.0,0.0,reported_conditioned_mlp,MARTIN LINGE,,False,0.0,0.0,0.0,0.010440278798341744,0.03164402022957803,0.0,0.0,0.0,0.0631817199289798,0.4527325868606569,0.0,0.0,0.15132144838571548,2.4112449645996072,5.035343885421753
2046-04,2046-04-01,global_mlp,2026-03,16.447297,0.0,0.14086583256721497,False,0.0,0.0,reported_conditioned_mlp,MARTIN LINGE,,False,0.0,0.0,0.0,0.009979084599763148,0.024510091729462148,0.0,0.0,0.0,0.06360413208603853,0.3879482924938202,0.0,0.0,0.14086583256721497,2.3955248594284027,5.020961952209473
2046-05,2046-05-01,global_mlp,2026-03,16.447297,0.0,0.13792625069618225,False,0.0,0.0,reported_conditioned_mlp,MARTIN LINGE,,False,0.0,0.0,0.0,0.010392734687775367,0.029801707714796066,0.0,0.0,0.0,0.07963535711169238,0.3645420640707018,0.0,0.0,0.13792625069618225,2.390327143669125,5.008631086349488
2046-06,2046-06-01,global_mlp,2026-03,16.447297,0.0,0.1309879943728447,False,0.0,0.0,reported_conditioned_mlp,MARTIN LINGE,,False,0.0,0.0,0.0,0.010043724160641431,0.030862231366336347,0.0,0.0,0.0,0.07047341540455815,0.35336349010467527,0.0,0.0,0.1309879943728447,2.38060846328735,4.990852022171021
2046-07,2046-07-01,global_mlp,2026-03,16.447297,0.0,0.12279824167490005,False,0.0,0.0,reported_conditioned_mlp,MARTIN LINGE,,False,0.0,0.0,0.0,0.010350109264254555,0.027373563498258594,0.0,0.0,0.0,0.08069185689091678,0.3784533828496935,0.0,0.0,0.12279824167490005,2.3762482643127414,4.98872504234314
2046-08,2046-08-01,global_mlp,2026-03,16.447297,0.0,0.11946803703904152,False,0.0,0.0,reported_conditioned_mlp,MARTIN LINGE,,False,0.0,0.0,0.0,0.009941263031214467,0.028629339300096035,0.0,0.0,0.0,0.054749450460076225,0.380718731880188,0.0,0.0,0.11946803703904152,2.3739159584045386,4.973265504837037
2046-09,2046-09-01,global_mlp,2026-03,16.447297,0.0,0.11525293439626694,False,0.0,0.0,reported_conditioned_mlp,MARTIN LINGE,,False,0.0,0.0,0.0,0.012289977073669424,0.031920323520898825,0.0,0.0,0.0,0.04982487000524993,0.40311116874218006,0.0,0.0,0.11525293439626694,2.360859966278076,4.9548406124115
2046-10,2046-10-01,global_mlp,2026-03,16.447297,0.0,0.10494842007756233,False,0.0,0.0,reported_conditioned_mlp,MARTIN LINGE,,False,0.0,0.0,0.0,0.009914378542453037,0.030769745819270625,0.0,0.0,0.0,0.0667632527649402,0.40211324691772465,0.0,0.0,0.10494842007756233,2.32302451133728,4.940817832946778
2046-11,2046-11-01,global_mlp,2026-03,16.447297,0.0,0.10233194753527641,False,0.0,0.0,reported_conditioned_mlp,MARTIN LINGE,,False,0.0,0.0,0.0,0.00940413642674683,0.030406014621257783,0.0,0.0,0.0,0.04967612139880653,0.316929015517235,0.0,0.0,0.10233194753527641,2.2972675561904903,4.931365251541139
2046-12,2046-12-01,global_mlp,2026-03,16.447297,0.0,0.09049317240715027,False,0.0,0.0,reported_conditioned_mlp,MARTIN LINGE,,False,0.0,0.0,0.0,0.009993021190166457,0.030201517604291447,0.0,0.0,0.0,0.03373881466686725,0.28594315648078933,0.0,0.0,0.09049317240715027,2.2814823150634758,4.92508511543274
2047-01,2047-01-01,global_mlp,2026-03,16.447297,0.0,0.0797700546681881,False,0.0,0.0,reported_conditioned_mlp,MARTIN LINGE,,False,0.0,0.0,0.0,0.00958043122664092,0.03119682706892491,0.0,0.0,0.0,0.05475106760859489,0.3477614492177965,0.0,0.0,0.0797700546681881,2.2664484024047846,4.918798732757569
2047-02,2047-02-01,global_mlp,2026-03,16.447297,0.0,0.04957622103393078,False,0.0,0.0,reported_conditioned_mlp,MARTIN LINGE,,False,0.0,0.0,0.0,0.010516002122312759,0.033395404368639005,0.0,0.0,0.0,0.05523083731532094,0.35647141635417956,0.0,0.0,0.04957622103393078,2.2154600858688314,4.917641925811768
2047-03,2047-03-01,global_mlp,2026-03,16.447297,0.0,0.04457455314695835,False,0.0,0.0,reported_conditioned_mlp,MARTIN LINGE,,False,0.0,0.0,0.0,0.008673634845763438,0.027653927914798263,0.0,0.0,0.0,0.042160345613956436,0.3764495253562931,0.0,0.0,0.04457455314695835,2.176085352897638,4.899261617660524
2047-04,2047-04-01,global_mlp,2026-03,16.447297,0.0,0.03075452707707882,False,0.0,0.0,reported_conditioned_mlp,MARTIN LINGE,,False,0.0,0.0,0.0,0.008278013020753846,0.024814061634242535,0.0,0.0,0.0,0.05701053701341145,0.33590365648269666,0.0,0.0,0.03075452707707882,2.172938585281366,4.895788764953614
2047-05,2047-05-01,global_mlp,2026-03,16.447297,0.0,0.01569281704723835,False,0.0,0.0,reported_conditioned_mlp,MARTIN LINGE,,False,0.0,0.0,0.0,0.009619134105741976,0.02542583663016558,0.0,0.0,0.0,0.0691599458456039,0.2501429915428166,0.0,0.0,0.01569281704723835,2.1575112342834406,4.886878442764282
2047-06,2047-06-01,global_mlp,2026-03,16.447297,0.0,0.004470309242606163,False,0.0,0.0,reported_conditioned_mlp,MARTIN LINGE,,False,0.0,0.0,0.0,0.010183472093194717,0.02709340509027243,0.0,0.0,0.0,0.057801578193902706,0.25521859228611,0.0,0.0,0.004470309242606163,2.1478793382644588,4.877678442001343
2047-07,2047-07-01,global_mlp,2026-03,16.447297,0.0,0.0,False,0.0,0.0,reported_conditioned_mlp,MARTIN LINGE,,False,0.0,0.0,0.0,0.008485449291765665,0.027843993902206432,0.0,0.0,0.0,0.05313782878220064,0.27105093598365787,0.0,0.0,0.0,2.138050127029412,4.85853066444397
2047-08,2047-08-01,global_mlp,2026-03,16.447297,0.0,0.0,False,0.0,0.0,reported_conditioned_mlp,MARTIN LINGE,,False,0.0,0.0,0.0,0.00919378707185387,0.025225004926323895,0.0,0.0,0.0,0.048526512831449466,0.2626729726791383,0.0,0.0,0.0,2.1282672882080016,4.853251981735229
2047-09,2047-09-01,global_mlp,2026-03,16.447297,0.0,0.0,False,0.0,0.0,reported_conditioned_mlp,MARTIN LINGE,,False,0.0,0.0,0.0,0.011139117833226913,0.025292360223829757,0.0,0.0,0.0,0.04105282574892041,0.26358701288700104,0.0,0.0,0.0,2.113058590888971,4.837465238571167
2047-10,2047-10-01,global_mlp,2026-03,16.447297,0.0,0.0,False,0.0,0.0,reported_conditioned_mlp,MARTIN LINGE,,False,0.0,0.0,0.0,0.007697472767904398,0.027836436964571477,0.0,0.0,0.0,0.028647477738559145,0.26434384286403667,0.0,0.0,0.0,2.0960872888565008,4.822215843200684
2047-11,2047-11-01,global_mlp,2026-03,16.447297,0.0,0.0,False,0.0,0.0,reported_conditioned_mlp,MARTIN LINGE,,False,0.0,0.0,0.0,0.009070558659732306,0.02868449036031962,0.0,0.0,0.0,0.03482751026749575,0.21740820556879045,0.0,0.0,0.0,2.075988149642939,4.817736530303955
2047-12,2047-12-01,global_mlp,2026-03,16.447297,0.0,0.0,False,0.0,0.0,reported_conditioned_mlp,MARTIN LINGE,,False,0.0,0.0,0.0,0.010608552489429704,0.02989345677196981,0.0,0.0,0.0,0.03089984115213155,0.18395645171403902,0.0,0.0,0.0,2.055654525756831,4.805937290191651
2048-01,2048-01-01,global_mlp,2026-03,16.447297,0.0,0.0,False,0.0,0.0,reported_conditioned_mlp,MARTIN LINGE,,False,0.0,0.0,0.0,0.010452694352716205,0.028996580280363577,0.0,0.0,0.0,0.03604682721197597,0.2136276364326478,0.0,0.0,0.0,2.045858502387995,4.793114471435548
2048-02,2048-02-01,global_mlp,2026-03,16.447297,0.0,0.0,False,0.0,0.0,reported_conditioned_mlp,MARTIN LINGE,,False,0.0,0.0,0.0,0.00975185716524719,0.02709453441202641,0.0,0.0,0.0,0.05432637184858311,0.23721830844879166,0.0,0.0,0.0,2.031141901016232,4.775180864334107
2048-03,2048-03-01,global_mlp,2026-03,16.447297,0.0,0.0,False,0.0,0.0,reported_conditioned_mlp,MARTIN LINGE,,False,0.0,0.0,0.0,0.007311089942231774,0.024445144273340706,0.0,0.0,0.0,0.03791061416268324,0.24060636758804335,0.0,0.0,0.0,2.024205493927,4.745493268966675
2048-04,2048-04-01,global_mlp,2026-03,16.447297,0.0,0.0,False,0.0,0.0,reported_conditioned_mlp,MARTIN LINGE,,False,0.0,0.0,0.0,0.010556659568101161,0.02502065747976303,0.0,0.0,0.0,0.060816163942217824,0.2006184652447701,0.0,0.0,0.0,1.9968113541603074,4.732997179031373
2048-05,2048-05-01,global_mlp,2026-03,16.447297,0.0,0.0,False,0.0,0.0,reported_conditioned_mlp,MARTIN LINGE,,False,0.0,0.0,0.0,0.010964649356901644,0.026122696511447437,0.0,0.0,0.0,0.06548380777239794,0.18541730344295504,0.0,0.0,0.0,1.944137692451476,4.718691539764405
2048-06,2048-06-01,global_mlp,2026-03,16.447297,0.0,0.0,False,0.0,0.0,reported_conditioned_mlp,MARTIN LINGE,,False,0.0,0.0,0.0,0.010422300174832333,0.025618648715317285,0.0,0.0,0.0,0.0608981698751448,0.17900014072656653,0.0,0.0,0.0,1.9337366700172407,4.701364374160767
2048-07,2048-07-01,global_mlp,2026-03,16.447297,0.0,0.0,False,0.0,0.0,reported_conditioned_mlp,MARTIN LINGE,,False,0.0,0.0,0.0,0.010103367175906883,0.02880628108978272,0.0,0.0,0.0,0.07571071386337277,0.20522426664829263,0.0,0.0,0.0,1.9240724086761454,4.673532342910767
2048-08,2048-08-01,global_mlp,2026-03,16.447297,0.0,0.0,False,0.0,0.0,reported_conditioned_mlp,MARTIN LINGE,,False,0.0,0.0,0.0,0.009552213456481683,0.027097892574965983,0.0,0.0,0.0,0.051599317416548676,0.18642731457948708,0.0,0.0,0.0,1.9103304982185345,4.653447103500366
2048-09,2048-09-01,global_mlp,2026-03,16.447297,0.0,0.0,False,0.0,0.0,reported_conditioned_mlp,MARTIN LINGE,,False,0.0,0.0,0.0,0.013120096083730447,0.02677833121269942,0.0,0.0,0.0,0.05021589621901507,0.22231364399194722,0.0,0.0,0.0,1.9028164148330668,4.633100318908692
2048-10,2048-10-01,global_mlp,2026-03,16.447297,0.0,0.0,False,0.0,0.0,reported_conditioned_mlp,MARTIN LINGE,,False,0.0,0.0,0.0,0.009386444278061373,0.026840928569436075,0.0,0.0,0.0,0.04786981157958497,0.26157183945178997,0.0,0.0,0.0,1.8903269648551924,4.60942726135254
2048-11,2048-11-01,global_mlp,2026-03,16.447297,0.0,0.0,False,0.0,0.0,reported_conditioned_mlp,MARTIN LINGE,,False,0.0,0.0,0.0,0.010604006238281727,0.02846161425113679,0.0,0.0,0.0,0.03834777511656268,0.21527787595987324,0.0,0.0,0.0,1.8700797557830802,4.596556377410889
2048-12,2048-12-01,global_mlp,2026-03,16.447297,0.0,0.0,False,0.0,0.0,reported_conditioned_mlp,MARTIN LINGE,,False,0.0,0.0,0.0,0.010145656950771801,0.02798343077301981,0.0,0.0,0.0,0.03352446071803567,0.17381702810525926,0.0,0.0,0.0,1.8578680396080014,4.557753229141236
2049-01,2049-01-01,global_mlp,2026-03,16.447297,0.0,0.0,False,0.0,0.0,reported_conditioned_mlp,MARTIN LINGE,,False,0.0,0.0,0.0,0.009202274214476343,0.029832026734948183,0.0,0.0,0.0,0.03448554910719392,0.17710083425045015,0.0,0.0,0.0,1.8322252273559554,4.510346794128419
2049-02,2049-02-01,global_mlp,2026-03,16.447297,0.0,0.0,False,0.0,0.0,reported_conditioned_mlp,MARTIN LINGE,,False,0.0,0.0,0.0,0.0094877348281443,0.02811339274048807,0.0,0.0,0.0,0.0414797332137821,0.2462451681494713,0.0,0.0,0.0,1.8107692837715128,4.465665435791017
2049-03,2049-03-01,global_mlp,2026-03,16.447297,0.0,0.0,False,0.0,0.0,reported_conditioned_mlp,MARTIN LINGE,,False,0.0,0.0,0.0,0.008352915011346322,0.027377808839082717,0.0,0.0,0.0,0.015169963799417015,0.22431459575891502,0.0,0.0,0.0,1.787818253040311,4.461168622970582
2049-04,2049-04-01,global_mlp,2026-03,16.447297,0.0,0.0,False,0.0,0.0,reported_conditioned_mlp,MARTIN LINGE,,False,0.0,0.0,0.0,0.008388834353536356,0.02290853206068279,0.0,0.0,0.0,0.04347524158656584,0.1849901691079142,0.0,0.0,0.0,1.7751186609268164,4.434419584274292
2049-05,2049-05-01,global_mlp,2026-03,16.447297,0.0,0.0,False,0.0,0.0,reported_conditioned_mlp,MARTIN LINGE,,False,0.0,0.0,0.0,0.009692880697548388,0.02470816336572172,0.0,0.0,0.0,0.05070305466651906,0.21298970282077798,0.0,0.0,0.0,1.7637694120407093,4.395488548278809
2049-06,2049-06-01,global_mlp,2026-03,16.447297,0.0,0.0,False,0.0,0.0,reported_conditioned_mlp,MARTIN LINGE,,False,0.0,0.0,0.0,0.008895937819033861,0.026409675367176536,0.0,0.0,0.0,0.0470335021615028,0.1883866906166078,0.0,0.0,0.0,1.763268446922301,4.356635332107545
2049-07,2049-07-01,global_mlp,2026-03,16.447297,0.0,0.0,False,0.0,0.0,reported_conditioned_mlp,MARTIN LINGE,,False,0.0,0.0,0.0,0.007809455739334198,0.025629721954464918,0.0,0.0,0.0,0.05356305465102183,0.2083087339997292,0.0,0.0,0.0,1.7600777268409722,4.311597967147828
2049-08,2049-08-01,global_mlp,2026-03,16.447297,0.0,0.0,False,0.0,0.0,reported_conditioned_mlp,MARTIN LINGE,,False,0.0,0.0,0.0,0.00633839578367768,0.024147515371441844,0.0,0.0,0.0,0.022424341551959503,0.2064370900392539,0.0,0.0,0.0,1.7566514015197752,4.280439567565919
2049-09,2049-09-01,global_mlp,2026-03,16.447297,0.0,0.0,False,0.0,0.0,reported_conditioned_mlp,MARTIN LINGE,,False,0.0,0.0,0.0,0.006095792166888708,0.0267075737938285,0.0,0.0,0.0,0.00024303866084661376,0.22322531640529636,0.0,0.0,0.0,1.7183057188987716,4.257188844680787
2049-10,2049-10-01,global_mlp,2026-03,16.447297,0.0,0.0,False,0.0,0.0,reported_conditioned_mlp,MARTIN LINGE,,False,0.0,0.0,0.0,0.006144839571788906,0.027305710129439834,0.0,0.0,0.0,0.0,0.19247189909219747,0.0,0.0,0.0,1.7064357399940489,4.207238197326661
2049-11,2049-11-01,global_mlp,2026-03,16.447297,0.0,0.0,False,0.0,0.0,reported_conditioned_mlp,MARTIN LINGE,,False,0.0,0.0,0.0,0.006470266496762618,0.02837131246924401,0.0,0.0,0.0,0.0,0.19405950605869307,0.0,0.0,0.0,1.6855118751525868,4.162619352340699
2049-12,2049-12-01,global_mlp,2026-03,16.447297,0.0,0.0,False,0.0,0.0,reported_conditioned_mlp,MARTIN LINGE,,False,0.0,0.0,0.0,0.008076489344239227,0.031758839264512076,0.0,0.0,0.0,0.0,0.14277081638574604,0.0,0.0,0.0,1.681664764881133,4.1273382186889656
2050-01,2050-01-01,global_mlp,2026-03,16.447297,0.0,0.0,False,0.0,0.0,reported_conditioned_mlp,MARTIN LINGE,,False,0.0,0.0,0.0,0.007240147562697517,0.03190700747072697,0.0,0.0,0.0,0.0,0.1796130940318108,0.0,0.0,0.0,1.6713370323181143,4.1208155155181885
2050-02,2050-02-01,global_mlp,2026-03,16.447297,0.0,0.0,False,0.0,0.0,reported_conditioned_mlp,MARTIN LINGE,,False,0.0,0.0,0.0,0.007773804571479555,0.02953004240989686,0.0,0.0,0.0,0.005547589669004049,0.22893425226211553,0.0,0.0,0.0,1.6599087476730343,4.107193374633789
2050-03,2050-03-01,global_mlp,2026-03,16.447297,0.0,0.0,False,0.0,0.0,reported_conditioned_mlp,MARTIN LINGE,,False,0.0,0.0,0.0,0.005156941246241331,0.02841320037841797,0.0,0.0,0.0,0.0,0.18816155791282654,0.0,0.0,0.0,1.6498165011405943,4.086556243896485
2050-04,2050-04-01,global_mlp,2026-03,16.447297,0.0,0.0,False,0.0,0.0,reported_conditioned_mlp,MARTIN LINGE,,False,0.0,0.0,0.0,0.0076608154457062415,0.024478928931057454,0.0,0.0,0.0,0.044053804129362016,0.2043467000126839,0.0,0.0,0.0,1.6282569050788878,4.0742047309875495
2050-05,2050-05-01,global_mlp,2026-03,16.447297,0.0,0.0,False,0.0,0.0,reported_conditioned_mlp,MARTIN LINGE,,False,0.0,0.0,0.0,0.008905012346804131,0.026123647764325148,0.0,0.0,0.0,0.05259616635739798,0.173388309776783,0.0,0.0,0.0,1.6111210346221922,4.058725833892822
2050-06,2050-06-01,global_mlp,2026-03,16.447297,0.0,0.0,False,0.0,0.0,reported_conditioned_mlp,MARTIN LINGE,,False,0.0,0.0,0.0,0.007789091113954767,0.024812925793230543,0.0,0.0,0.0,0.012368068750947538,0.16288027316331874,0.0,0.0,0.0,1.5997451186180114,4.034194231033325
2050-07,2050-07-01,global_mlp,2026-03,16.447297,0.0,0.0,False,0.0,0.0,reported_conditioned_mlp,MARTIN LINGE,,False,0.0,0.0,0.0,0.006791565846651783,0.023934061080217364,0.0,0.0,0.0,0.04012939967215033,0.16489687711000448,0.0,0.0,0.0,1.5926021337509153,3.973904848098756
2050-08,2050-08-01,global_mlp,2026-03,16.447297,0.0,0.0,False,0.0,0.0,reported_conditioned_mlp,MARTIN LINGE,,False,0.0,0.0,0.0,0.007944936631247377,0.023510806448757655,0.0,0.0,0.0,0.025278729200363143,0.15848210453987133,0.0,0.0,0.0,1.5760040283203125,3.950781941413881
2050-09,2050-09-01,global_mlp,2026-03,16.447297,0.0,0.0,False,0.0,0.0,reported_conditioned_mlp,MARTIN LINGE,,False,0.0,0.0,0.0,0.00787690272554755,0.029451647959649566,0.0,0.0,0.0,0.017040062136948076,0.16136583536863328,0.0,0.0,0.0,1.5469470500946043,3.9480233192443857
2050-10,2050-10-01,global_mlp,2026-03,16.447297,0.0,0.0,False,0.0,0.0,reported_conditioned_mlp,MARTIN LINGE,,False,0.0,0.0,0.0,0.007496267138048993,0.028299788013100638,0.0,0.0,0.0,0.0,0.15461284965276723,0.0,0.0,0.0,1.5258059501647943,3.91847894191742
2050-11,2050-11-01,global_mlp,2026-03,16.447297,0.0,0.0,False,0.0,0.0,reported_conditioned_mlp,MARTIN LINGE,,False,0.0,0.0,0.0,0.009237710293382396,0.030922198668122302,0.0,0.0,0.0,0.004332197550684204,0.14397440999746328,0.0,0.0,0.0,1.5088709950447075,3.8953606605529796
2050-12,2050-12-01,global_mlp,2026-03,16.447297,0.0,0.0,False,0.0,0.0,reported_conditioned_mlp,MARTIN LINGE,,False,0.0,0.0,0.0,0.009524783212691536,0.029633017443120507,0.0,0.0,0.0,0.01629990469664325,0.13060642629861832,0.0,0.0,0.0,1.4766867041587817,3.886654543876649
2051-01,2051-01-01,global_mlp,2026-03,16.447297,0.0,0.0,False,0.0,0.0,reported_conditioned_mlp,MARTIN LINGE,,False,0.0,0.0,0.0,0.008867316879332057,0.03146804310381413,0.0,0.0,0.0,0.028720855340361562,0.1659289911389352,0.0,0.0,0.0,1.4433190703392005,3.880415010452271
2051-02,2051-02-01,global_mlp,2026-03,16.447297,0.0,0.0,False,0.0,0.0,reported_conditioned_mlp,MARTIN LINGE,,False,0.0,0.0,0.0,0.008333123195916399,0.02605587895959622,0.0,0.0,0.0,0.0004369736881925993,0.17787736803293233,0.0,0.0,0.0,1.4242889523506141,3.8735017538070684
2051-03,2051-03-01,global_mlp,2026-03,16.447297,0.0,0.0,False,0.0,0.0,reported_conditioned_mlp,MARTIN LINGE,,False,0.0,0.0,0.0,0.007652981858700504,0.023718853853642943,0.0,0.0,0.0,0.001931604137643879,0.1877626940608026,0.0,0.0,0.0,1.4047142267227144,3.8725131511688233
