month,date,variant,cutoff_month,remaining_reserves_start_msm3oe,production_forecast_msm3oe,remaining_reserves_end_msm3oe,production_was_clipped,fuel_gas_forecast_msm3,fuel_gas_forecast_sm3,fuel_forecast_method,fuel_source_field,fuel_zero_from_month,fuel_zero_override_applied,production_forecast_msm3oe_q10,production_forecast_msm3oe_q30,production_forecast_msm3oe_q50,production_forecast_msm3oe_q70,production_forecast_msm3oe_q90,fuel_gas_forecast_msm3_q10,fuel_gas_forecast_msm3_q30,fuel_gas_forecast_msm3_q50,fuel_gas_forecast_msm3_q70,fuel_gas_forecast_msm3_q90,remaining_reserves_end_msm3oe_q10,remaining_reserves_end_msm3oe_q30,remaining_reserves_end_msm3oe_q50,remaining_reserves_end_msm3oe_q70,remaining_reserves_end_msm3oe_q90
2026-04,2026-04-01,global_mlp,2026-03,564.550424,3.6783604621887207,560.8720397949219,False,12.153873920440674,12153873.920440674,reported_conditioned_mlp,TROLL,,False,2.6844712495803833,3.2858046531677245,3.6783604621887207,4.023191499710082,4.494499301910401,5.909601449966431,9.678742694854737,12.153873920440674,14.432429409027097,18.8968900680542,560.0559265136719,560.5272277832031,560.8720397949219,561.2646240234375,561.8659301757813
2026-05,2026-05-01,global_mlp,2026-03,564.550424,3.555039167404175,557.3438415527344,False,10.91019344329834,10910193.44329834,reported_conditioned_mlp,TROLL,,False,2.4911060571670536,3.1298666477203367,3.555039167404175,3.916149187088012,4.421736812591553,4.591914558410645,8.605298900604247,10.91019344329834,13.46879243850708,17.140435409545898,555.8691955566406,556.7885803222656,557.3438415527344,557.9846008300781,559.4826293945313
2026-06,2026-06-01,global_mlp,2026-03,564.550424,3.409284830093384,554.0010375976562,False,10.407357692718506,10407357.692718506,reported_conditioned_mlp,TROLL,,False,2.445559906959534,3.059424304962158,3.409284830093384,3.7534000873565674,4.266137933731079,4.64529013633728,8.322567176818847,10.407357692718506,12.461754322052002,15.576191425323486,551.9017517089844,553.1655090332031,554.0010375976562,554.882568359375,556.7066284179688
2026-07,2026-07-01,global_mlp,2026-03,564.550424,3.4866185188293457,550.6841125488281,False,10.541689395904541,10541689.395904541,reported_conditioned_mlp,TROLL,,False,2.2738255977630617,3.0789976119995117,3.4866185188293457,3.8124085426330567,4.29548020362854,5.090987396240235,8.265478324890136,10.541689395904541,12.782220745086669,16.90967426300049,547.7606323242187,549.5689453125,550.6841125488281,551.8043273925781,553.7607971191406
2026-08,2026-08-01,global_mlp,2026-03,564.550424,3.414323568344116,547.25048828125,False,10.433579921722412,10433579.921722412,reported_conditioned_mlp,TROLL,,False,2.2783124923706053,3.0615975618362428,3.414323568344116,3.8030231952667233,4.263851213455201,4.71239652633667,7.824572277069092,10.433579921722412,12.752707481384276,16.847665214538576,543.8560241699219,545.9172180175781,547.25048828125,548.7255920410156,551.0047668457031
2026-09,2026-09-01,global_mlp,2026-03,564.550424,3.6189069747924805,543.7927551269531,False,8.978131771087646,8978131.771087646,reported_conditioned_mlp,TROLL,,False,2.373708963394165,3.121817398071289,3.6189069747924805,3.9530014753341676,4.526446533203126,3.5193816423416138,6.688794851303101,8.978131771087646,11.138814926147461,14.595145225524906,539.5538452148437,542.1746459960938,543.7927551269531,545.5281799316406,548.2813293457032
2026-10,2026-10-01,global_mlp,2026-03,564.550424,3.521393895149231,540.3551635742188,False,9.631900310516357,9631900.310516357,reported_conditioned_mlp,TROLL,,False,2.30557496547699,3.150330924987793,3.521393895149231,3.902398872375488,4.348966360092163,3.887475919723511,7.674650907516479,9.631900310516357,11.911820411682129,15.990515995025635,535.3629638671875,538.53837890625,540.3551635742188,542.1651916503906,545.4813049316406
2026-11,2026-11-01,global_mlp,2026-03,564.550424,3.559833526611328,536.7144165039062,False,10.366594314575195,10366594.314575195,reported_conditioned_mlp,TROLL,,False,2.4327028036117557,3.149903917312622,3.559833526611328,4.019361925125122,4.5369874954223635,4.370273017883302,7.822479629516601,10.366594314575195,12.579881763458252,17.287394142150884,531.2210754394531,534.6679870605469,536.7144165039062,538.8320922851562,542.5438049316406
2026-12,2026-12-01,global_mlp,2026-03,564.550424,3.6141339540481567,533.3684692382812,False,9.842927932739258,9842927.932739258,reported_conditioned_mlp,TROLL,,False,2.3932297229766846,3.0732698678970336,3.6141339540481567,4.0538133621215815,4.573749017715455,3.854986143112183,7.617030763626098,9.842927932739258,11.877657890319824,15.118037414550784,526.5534240722657,530.7598327636719,533.3684692382812,535.65693359375,539.5438415527344
2027-01,2027-01-01,global_mlp,2026-03,564.550424,3.6516038179397583,529.6864624023438,False,9.574465274810791,9574465.274810791,reported_conditioned_mlp,TROLL,,False,2.409674286842346,3.2757437467575072,3.6516038179397583,4.196677398681641,4.738877010345459,3.6815092086791994,7.605355644226075,9.574465274810791,12.121776199340818,16.09704265594483,522.0265014648437,526.9485656738282,529.6864624023438,532.3594787597656,536.6431945800781
2027-02,2027-02-01,global_mlp,2026-03,564.550424,3.757465958595276,525.8994750976562,False,9.878882884979248,9878882.884979248,reported_conditioned_mlp,TROLL,,False,2.4001673460006714,3.32125780582428,3.757465958595276,4.226163053512573,4.827990436553955,3.661662006378174,7.7214569568634035,9.878882884979248,12.63084831237793,17.083006668090825,517.5713928222656,522.8545043945312,525.8994750976562,528.7876159667969,534.1110900878906
2027-03,2027-03-01,global_mlp,2026-03,564.550424,3.7779455184936523,522.0776977539062,False,9.188990116119385,9188990.116119385,reported_conditioned_mlp,TROLL,,False,2.2122995615005494,3.2638444185256956,3.7779455184936523,4.241037178039551,4.719810581207276,2.135754561424256,6.965133094787597,9.188990116119385,11.443533420562744,15.442822933197021,513.0385864257812,519.107470703125,522.0776977539062,525.423095703125,531.6522094726563
2027-04,2027-04-01,global_mlp,2026-03,564.550424,3.500596046447754,518.4293212890625,False,9.233956336975098,9233956.336975098,reported_conditioned_mlp,TROLL,,False,2.231377625465393,3.048259401321411,3.500596046447754,3.957582592964172,4.758003520965576,3.7315729141235363,6.723546934127808,9.233956336975098,12.18366012573242,16.971788406372074,508.5071655273438,515.2390014648438,518.4293212890625,522.2134094238281,528.8931457519532
2027-05,2027-05-01,global_mlp,2026-03,564.550424,3.4230246543884277,515.046630859375,False,8.734889030456543,8734889.030456543,reported_conditioned_mlp,TROLL,,False,2.1533607959747316,2.9012000799179076,3.4230246543884277,3.9815992355346674,4.670027542114258,3.60422055721283,6.360504388809203,8.734889030456543,10.916834831237793,16.825710678100588,504.3850494384766,511.60052185058595,515.046630859375,519.3224548339844,526.2985107421875
2027-06,2027-06-01,global_mlp,2026-03,564.550424,3.3346316814422607,511.80836486816406,False,8.369691371917725,8369691.371917725,reported_conditioned_mlp,TROLL,,False,2.1410454511642456,2.770845055580139,3.3346316814422607,3.804628443717956,4.549568414688111,2.8368998527526856,5.983490324020385,8.369691371917725,10.664935779571532,16.167000579833985,500.42621154785155,507.80596923828125,511.80836486816406,516.1778015136719,524.0198791503906
2027-07,2027-07-01,global_mlp,2026-03,564.550424,3.3433772325515747,508.34466552734375,False,8.14089822769165,8140898.22769165,reported_conditioned_mlp,TROLL,,False,2.2322674989700317,2.886872434616089,3.3433772325515747,3.853279972076416,4.553501319885254,3.184463953971863,6.266226148605346,8.14089822769165,10.529383850097654,15.412848377227785,496.8357727050781,503.76270751953126,508.34466552734375,512.9252624511719,521.2409240722657
2027-08,2027-08-01,global_mlp,2026-03,564.550424,3.379097819328308,505.09478759765625,False,8.219671249389648,8219671.249389648,reported_conditioned_mlp,TROLL,,False,2.0869213581085204,2.8383622884750364,3.379097819328308,3.8281689167022703,4.641462230682373,2.506501030921936,5.916094350814819,8.219671249389648,11.028468418121333,16.398918914794923,492.35374755859374,500.1292022705078,505.09478759765625,509.70794982910155,518.9598083496094
2027-09,2027-09-01,global_mlp,2026-03,564.550424,3.508048176765442,501.53651428222656,False,7.234291315078735,7234291.315078735,reported_conditioned_mlp,TROLL,,False,1.9954424858093263,2.9714258909225464,3.508048176765442,4.041417407989502,4.881516742706299,2.3048941850662232,5.1991174697875975,7.234291315078735,9.59891376495361,15.137653732299805,487.51201171875,496.03394470214846,501.53651428222656,506.6603576660156,516.6053527832031
2027-10,2027-10-01,global_mlp,2026-03,564.550424,3.301236152648926,498.0987091064453,False,8.155041217803955,8155041.217803955,reported_conditioned_mlp,TROLL,,False,1.8906738162040713,2.7993148088455198,3.301236152648926,3.8723351478576657,4.631734037399292,2.7013628721237186,5.919796562194824,8.155041217803955,10.310899162292479,14.567785549163819,483.0190460205078,492.1810577392578,498.0987091064453,503.54380187988284,514.2147521972656
2027-11,2027-11-01,global_mlp,2026-03,564.550424,3.436344861984253,494.8516387939453,False,9.109532833099365,9109532.833099365,reported_conditioned_mlp,TROLL,,False,2.1190759897232057,2.8974602222442627,3.436344861984253,4.040651559829712,4.771248865127563,2.776493501663208,6.763756418228149,9.109532833099365,11.281806182861327,16.30108108520508,479.46372680664064,488.4701416015625,494.8516387939453,500.4379516601563,511.8359832763672
2027-12,2027-12-01,global_mlp,2026-03,564.550424,3.4584801197052,491.52069091796875,False,8.148237228393555,8148237.228393555,reported_conditioned_mlp,TROLL,,False,2.1391621828079224,2.9442094564437866,3.4584801197052,4.013930320739746,4.902379655838013,2.385223388671875,6.044236803054809,8.148237228393555,10.408502674102783,15.949426269531255,474.9883514404297,484.4381988525391,491.52069091796875,497.3735290527344,509.4615173339844
2028-01,2028-01-01,global_mlp,2026-03,564.550424,3.520348906517029,488.02674865722656,False,7.889368295669556,7889368.295669556,reported_conditioned_mlp,TROLL,,False,2.189951825141907,3.018237590789795,3.520348906517029,4.164778089523315,4.925862741470337,2.014534330368042,6.06335105895996,7.889368295669556,10.299988746643066,14.855105686187748,470.9501678466797,480.37803649902344,488.02674865722656,494.3909912109375,506.1915771484375
2028-02,2028-02-01,global_mlp,2026-03,564.550424,3.619896173477173,484.0034942626953,False,8.302539825439453,8302539.825439453,reported_conditioned_mlp,TROLL,,False,2.2718830823898317,3.1287128210067747,3.619896173477173,4.233871173858642,5.188937568664551,2.7978262662887587,6.306918907165527,8.302539825439453,11.10366563796997,16.77786922454834,465.36183471679686,476.5349151611328,484.0034942626953,491.2373901367188,503.7939483642578
2028-03,2028-03-01,global_mlp,2026-03,564.550424,3.6236584186553955,480.72203063964844,False,7.431657552719116,7431657.552719116,reported_conditioned_mlp,TROLL,,False,1.9635386228561402,2.977135992050171,3.6236584186553955,4.126464223861693,4.948197317123413,2.0170042276382456,5.284005832672118,7.431657552719116,9.602577018737792,14.769427776336677,460.82880249023435,472.4586212158203,480.72203063964844,488.1704925537109,500.85492553710935
2028-04,2028-04-01,global_mlp,2026-03,564.550424,3.4722765684127808,477.5382843017578,False,8.64357328414917,8643573.28414917,reported_conditioned_mlp,TROLL,,False,1.9333299398422241,2.7749236345291135,3.4722765684127808,3.9897002220153808,4.713218545913696,3.7779704093933106,6.392722702026367,8.64357328414917,11.15242185592651,16.357041931152345,456.53980407714846,468.7091552734375,477.5382843017578,485.2938659667969,498.44750061035154
2028-05,2028-05-01,global_mlp,2026-03,564.550424,3.374757170677185,473.8397674560547,False,8.13178014755249,8131780.14755249,reported_conditioned_mlp,TROLL,,False,1.817980408668518,2.6872909307479853,3.374757170677185,3.878503990173339,4.618894863128663,3.514730072021485,6.247741603851318,8.13178014755249,10.575864124298095,15.867464256286622,452.7296569824219,465.1029418945312,473.8397674560547,482.6006103515625,496.33362731933596
2028-06,2028-06-01,global_mlp,2026-03,564.550424,3.279421329498291,470.75364685058594,False,7.666589736938477,7666589.736938477,reported_conditioned_mlp,TROLL,,False,1.7373690485954285,2.664722967147827,3.279421329498291,3.8511039495468133,4.594159650802613,3.573549294471741,5.774994039535523,7.666589736938477,9.607642459869384,14.479126644134524,448.55576782226564,461.4139007568359,470.75364685058594,479.92603759765626,493.774984741211
2028-07,2028-07-01,global_mlp,2026-03,564.550424,3.214268207550049,467.2380065917969,False,8.01247787475586,8012477.874755859,reported_conditioned_mlp,TROLL,,False,1.711256754398346,2.6143327713012696,3.214268207550049,3.7740572929382323,4.639367341995239,3.1336246728897095,5.8173391819000235,8.01247787475586,10.16506586074829,14.855937194824222,444.5355194091797,457.9985809326172,467.2380065917969,476.69398193359376,491.51690673828125
2028-08,2028-08-01,global_mlp,2026-03,564.550424,3.328158736228943,463.868408203125,False,8.064741134643555,8064741.134643555,reported_conditioned_mlp,TROLL,,False,1.6893871307373047,2.6278226137161256,3.328158736228943,3.8241801261901855,4.544257307052613,2.616898941993715,5.859093952178955,8.064741134643555,10.738092136383054,16.417072105407716,441.2496063232422,454.61681213378904,463.868408203125,473.3264984130859,488.876953125
2028-09,2028-09-01,global_mlp,2026-03,564.550424,3.4013065099716187,460.8016357421875,False,6.849822282791138,6849822.282791138,reported_conditioned_mlp,TROLL,,False,1.8017128586769107,2.7829180002212524,3.4013065099716187,3.989904022216797,4.899627256393433,1.7913973093032844,4.70392541885376,6.849822282791138,9.080098533630363,13.451451683044434,436.3503479003906,450.54554443359376,460.8016357421875,470.2732940673828,486.76011657714844
2028-10,2028-10-01,global_mlp,2026-03,564.550424,3.3386101722717285,457.5643005371094,False,7.258903503417969,7258903.503417969,reported_conditioned_mlp,TROLL,,False,1.7214322328567508,2.6816861629486084,3.3386101722717285,3.8553971529006956,4.74667239189148,1.70864714384079,5.338146066665649,7.258903503417969,9.430026245117183,14.217567729949954,431.2269317626953,446.5195678710937,457.5643005371094,467.2526916503906,483.60292053222656
2028-11,2028-11-01,global_mlp,2026-03,564.550424,3.407613515853882,454.1611328125,False,8.31056547164917,8310565.47164917,reported_conditioned_mlp,TROLL,,False,1.9246678471565246,2.8445844411849976,3.407613515853882,3.9341692209243773,4.813254356384277,1.9059288263320924,6.199345684051513,8.31056547164917,10.371015071868895,16.087333297729494,427.31427307128905,443.1479827880859,454.1611328125,464.0431243896484,481.55674438476564
2028-12,2028-12-01,global_mlp,2026-03,564.550424,3.4154027700424194,450.2602233886719,False,7.8147008419036865,7814700.8419036865,reported_conditioned_mlp,TROLL,,False,1.866707181930542,2.7753957509994507,3.4154027700424194,4.027543783187866,4.918679475784302,2.4139930725097662,5.439634656906127,7.8147008419036865,9.732850170135498,15.135727214813233,423.2545166015625,439.52259521484376,450.2602233886719,461.1796173095703,479.07391052246095
2029-01,2029-01-01,global_mlp,2026-03,564.550424,3.5433101654052734,447.04164123535156,False,6.905107259750366,6905107.259750366,reported_conditioned_mlp,TROLL,,False,1.9550932288169862,2.941694808006287,3.5433101654052734,4.061324644088745,5.1511197090148935,1.6595944881439215,5.261367273330688,6.905107259750366,9.457787704467773,14.44755964279175,418.44703063964846,435.51633911132814,447.04164123535156,457.4927520751953,476.3438201904297
2029-02,2029-02-01,global_mlp,2026-03,564.550424,3.501464366912842,443.4934539794922,False,7.63214635848999,7632146.35848999,reported_conditioned_mlp,TROLL,,False,1.9153526902198792,2.885532760620117,3.501464366912842,4.164583444595337,5.186177492141724,1.580332636833191,5.5182347774505605,7.63214635848999,10.387399196624752,16.15394630432129,413.2788116455078,431.5406005859375,443.4934539794922,454.6967315673828,473.48219299316406
2029-03,2029-03-01,global_mlp,2026-03,564.550424,3.452544927597046,439.79075622558594,False,6.961798429489136,6961798.429489136,reported_conditioned_mlp,TROLL,,False,1.7915568351745605,2.6858646392822263,3.452544927597046,4.047367906570434,5.004209518432618,1.0687074124813087,4.490054559707641,6.961798429489136,9.246629714965819,13.783100318908694,409.13377075195314,427.5627746582031,439.79075622558594,451.52558288574215,471.02004089355466
2029-04,2029-04-01,global_mlp,2026-03,564.550424,3.203854560852051,436.9469757080078,False,8.397549629211426,8397549.629211426,reported_conditioned_mlp,TROLL,,False,1.8248139381408692,2.597880983352661,3.203854560852051,3.841416120529174,4.839811086654663,3.634866237640381,6.539849424362183,8.397549629211426,10.986905097961426,16.270029830932618,405.2017364501953,424.00635681152346,436.9469757080078,448.9772583007812,468.2857238769531
2029-05,2029-05-01,global_mlp,2026-03,564.550424,3.1277995109558105,433.62420654296875,False,7.620310068130493,7620310.068130493,reported_conditioned_mlp,TROLL,,False,1.6981764078140258,2.5370873928070066,3.1277995109558105,3.8043354749679565,4.662322616577149,3.2446737527847294,6.206588315963745,7.620310068130493,9.641153049468993,14.474379825592042,401.73943481445315,420.9892974853516,433.62420654296875,446.4081176757812,466.15552978515626
2029-06,2029-06-01,global_mlp,2026-03,564.550424,2.9689539670944214,430.7786407470703,False,7.324423313140869,7324423.313140869,reported_conditioned_mlp,TROLL,,False,1.6256931900978089,2.3966094732284544,2.9689539670944214,3.519330954551696,4.55949764251709,2.788666009902954,5.506490612030029,7.324423313140869,9.302817726135254,13.734650039672852,397.96636352539065,417.8669738769531,430.7786407470703,443.6996765136719,464.18884887695316
2029-07,2029-07-01,global_mlp,2026-03,564.550424,2.984918236732483,427.5257568359375,False,7.657917499542236,7657917.499542236,reported_conditioned_mlp,TROLL,,False,1.5866414070129395,2.3961589097976685,2.984918236732483,3.6684573411941512,4.584338712692261,2.6626444816589365,5.730618953704833,7.657917499542236,9.558162307739254,14.215586090087893,393.5439208984375,414.1584777832031,427.5257568359375,440.84716796875,462.24286193847655
2029-08,2029-08-01,global_mlp,2026-03,564.550424,3.0270979404449463,424.03236389160156,False,7.589679718017578,7589679.718017578,reported_conditioned_mlp,TROLL,,False,1.7042242527008056,2.425139379501343,3.0270979404449463,3.7407023191452025,4.5530873298645025,2.546151709556582,5.871291923522949,7.589679718017578,9.351581192016601,13.80105724334717,389.02435607910155,409.8617004394531,424.03236389160156,437.9000427246093,460.28923950195315
2029-09,2029-09-01,global_mlp,2026-03,564.550424,3.1069772243499756,420.18060302734375,False,6.760759592056274,6760759.592056274,reported_conditioned_mlp,TROLL,,False,1.626434350013733,2.484613227844238,3.1069772243499756,3.7871381044387817,4.989580726623536,2.274967169761658,4.824609231948853,6.760759592056274,8.506155872344971,12.673663043975836,385.0262817382813,406.7423522949219,420.18060302734375,435.2203765869141,458.8395263671875
2029-10,2029-10-01,global_mlp,2026-03,564.550424,3.047785520553589,417.4381408691406,False,7.372434139251709,7372434.139251709,reported_conditioned_mlp,TROLL,,False,1.7075732827186585,2.40054018497467,3.047785520553589,3.7314244031906116,4.710546970367432,2.7919810056686405,5.763017272949218,7.372434139251709,8.882249736785887,13.312931060791023,380.8388214111328,402.6256378173828,417.4381408691406,432.04120178222655,457.0856018066406
2029-11,2029-11-01,global_mlp,2026-03,564.550424,3.168776273727417,413.9034729003906,False,8.063482284545898,8063482.284545898,reported_conditioned_mlp,TROLL,,False,1.6789912462234498,2.515879464149475,3.168776273727417,3.8608852863311767,4.987367248535157,2.96334342956543,6.297972011566162,8.063482284545898,10.429995727539056,14.809496307373047,376.50108337402344,398.63267822265624,413.9034729003906,428.7250305175781,455.3666564941406
2029-12,2029-12-01,global_mlp,2026-03,564.550424,3.1702940464019775,410.9578094482422,False,7.548590898513794,7548590.898513794,reported_conditioned_mlp,TROLL,,False,1.7045476078987123,2.4346907138824463,3.1702940464019775,3.9752881526947017,4.93270287513733,1.8136429667472842,5.640951538085937,7.548590898513794,9.518786239624022,13.906877613067627,372.92078247070316,395.2434143066406,410.9578094482422,425.9416320800781,453.8085632324219
2030-01,2030-01-01,global_mlp,2026-03,564.550424,3.297749161720276,407.9319305419922,False,7.060215711593628,7060215.711593628,reported_conditioned_mlp,TROLL,,False,1.7436448693275453,2.527929186820984,3.297749161720276,4.173868083953857,5.082510375976563,2.0607261300086983,5.041750144958496,7.060215711593628,8.85149869918823,12.638371753692628,366.9696868896484,391.08742675781247,407.9319305419922,423.44122619628905,451.84140930175784
2030-02,2030-02-01,global_mlp,2026-03,564.550424,3.33919358253479,404.93577575683594,False,7.393049478530884,7393049.478530884,reported_conditioned_mlp,TROLL,,False,1.6927926540374756,2.5636829376220702,3.33919358253479,4.055077838897704,5.1554601192474365,1.688279688358307,5.138844442367554,7.393049478530884,9.81964168548584,14.352265548706056,363.04436645507815,387.18719787597655,404.93577575683594,420.418618774414,449.92291259765625
2030-03,2030-03-01,global_mlp,2026-03,564.550424,3.2209807634353638,402.23951721191406,False,6.455146312713623,6455146.312713623,reported_conditioned_mlp,TROLL,,False,1.6619622230529787,2.460873603820801,3.2209807634353638,4.041648387908935,4.997843647003174,0.5949975728988652,4.263163900375366,6.455146312713623,8.815566158294676,13.472192573547368,358.2714904785156,383.2297119140625,402.23951721191406,418.61810302734375,448.4335144042969
2030-04,2030-04-01,global_mlp,2026-03,564.550424,2.9657336473464966,399.3154602050781,False,8.326598167419434,8326598.167419434,reported_conditioned_mlp,TROLL,,False,1.6682961702346804,2.2798009157180785,2.9657336473464966,3.776139187812805,4.825787353515626,3.63807954788208,6.424048709869385,8.326598167419434,10.567604160308834,14.634047412872318,353.3219299316406,379.9367218017578,399.3154602050781,416.4359130859375,446.42658081054685
2030-05,2030-05-01,global_mlp,2026-03,564.550424,2.8592512607574463,396.77740478515625,False,7.782471656799316,7782471.656799316,reported_conditioned_mlp,TROLL,,False,1.566838073730469,2.177194857597351,2.8592512607574463,3.5524499654769897,4.564830493927002,3.3832928657531744,5.805908441543579,7.782471656799316,9.840480804443358,13.519392967224125,348.36659240722656,376.68276062011716,396.77740478515625,414.22813415527344,443.97706909179686
2030-06,2030-06-01,global_mlp,2026-03,564.550424,2.863356351852417,394.13397216796875,False,7.385937929153442,7385937.929153442,reported_conditioned_mlp,TROLL,,False,1.5312637925148012,2.2746993780136107,2.863356351852417,3.4371707677841186,4.3999031543731695,3.130971145629883,5.6555823802948,7.385937929153442,9.25440092086792,12.947678565979004,344.27654418945315,373.48516845703125,394.13397216796875,411.5177337646484,441.7261657714844
2030-07,2030-07-01,global_mlp,2026-03,564.550424,2.80491304397583,391.0721740722656,False,7.607657194137573,7607657.194137573,reported_conditioned_mlp,TROLL,,False,1.5773968696594238,2.214079737663269,2.80491304397583,3.475593400001525,4.382940053939819,3.0516899585723882,5.81435227394104,7.607657194137573,9.565822601318356,13.27338104248047,339.62096252441404,369.9947509765625,391.0721740722656,409.0203033447265,439.8469146728516
2030-08,2030-08-01,global_mlp,2026-03,564.550424,2.8367674350738525,388.1362609863281,False,7.3862624168396,7386262.4168396,reported_conditioned_mlp,TROLL,,False,1.603687870502472,2.2371009111404416,2.8367674350738525,3.515573501586913,4.483892393112183,2.536031198501587,5.2342854022979735,7.3862624168396,9.475887489318845,14.490398597717286,335.0322021484375,366.2088348388672,388.1362609863281,406.7451599121094,438.6465637207031
2030-09,2030-09-01,global_mlp,2026-03,564.550424,2.9337631464004517,384.9480285644531,False,6.460050582885742,6460050.582885742,reported_conditioned_mlp,TROLL,,False,1.520008456707001,2.167291593551636,2.9337631464004517,3.6952976226806635,4.742193984985351,2.326616787910462,4.722072601318359,6.460050582885742,8.38374195098877,12.888872241973884,330.82371520996094,363.0553771972656,384.9480285644531,404.8443176269531,437.0239562988281
2030-10,2030-10-01,global_mlp,2026-03,564.550424,3.0199252367019653,381.3916015625,False,7.082011938095093,7082011.938095093,reported_conditioned_mlp,TROLL,,False,1.6882249236106874,2.254396915435791,3.0199252367019653,3.6284246206283566,4.6118915557861335,2.955926537513733,5.449624156951904,7.082011938095093,9.07937126159668,13.672946453094484,326.9990234375,359.5326446533203,381.3916015625,402.73585510253906,435.09509887695316
2030-11,2030-11-01,global_mlp,2026-03,564.550424,3.1135400533676147,378.5103302001953,False,7.986392974853516,7986392.974853516,reported_conditioned_mlp,TROLL,,False,1.6836757779121398,2.3310865640640257,3.1135400533676147,3.8093513965606687,4.817660617828369,2.7093073606491096,6.305467128753662,7.986392974853516,9.859286880493164,15.099902153015154,323.4175079345703,355.4156127929688,378.5103302001953,400.5972930908203,433.1070831298828
2030-12,2030-12-01,global_mlp,2026-03,564.550424,3.062147617340088,374.8516082763672,False,7.642674446105957,7642674.446105957,reported_conditioned_mlp,TROLL,,False,1.6681335210800172,2.321413779258728,3.062147617340088,3.731069421768188,4.936114072799683,2.5358830451965333,5.7680913448333735,7.642674446105957,9.780754470825196,14.440425109863282,319.29261169433596,351.6031524658203,374.8516082763672,397.67809448242184,431.33399963378906
2031-01,2031-01-01,global_mlp,2026-03,564.550424,3.101296901702881,372.0330505371094,False,7.024482011795044,7024482.011795044,reported_conditioned_mlp,TROLL,,False,1.5794575095176697,2.2410725593566894,3.101296901702881,3.7702182531356803,5.0604575157165534,2.2638094425201425,5.3130457401275635,7.024482011795044,9.30112066268921,13.224989891052248,315.0518524169922,347.51024475097654,372.0330505371094,394.9838500976562,429.026318359375
2031-02,2031-02-01,global_mlp,2026-03,564.550424,3.1587523221969604,368.69850158691406,False,7.429108142852783,7429108.142852783,reported_conditioned_mlp,TROLL,,False,1.5031333565711975,2.338316440582275,3.1587523221969604,3.834181237220764,5.057573461532593,2.834215831756592,5.361784029006958,7.429108142852783,9.525149917602539,14.583172416687015,309.49261169433595,343.61749267578125,368.69850158691406,392.4947265625,427.0538604736328
2031-03,2031-03-01,global_mlp,2026-03,564.550424,3.0214459896087646,364.9826354980469,False,7.137759447097778,7137759.447097778,reported_conditioned_mlp,TROLL,,False,1.5497496366500854,2.2278369665145874,3.0214459896087646,3.8532375574111937,5.021636199951173,1.679420602321625,4.698007822036743,7.137759447097778,9.179475498199457,13.140875816345217,305.06141052246096,339.9707458496094,364.9826354980469,390.08091430664064,425.3740234375
2031-04,2031-04-01,global_mlp,2026-03,564.550424,2.878605008125305,362.5629119873047,False,8.397465705871582,8397465.705871582,reported_conditioned_mlp,TROLL,,False,1.502605950832367,2.1593878507614135,2.878605008125305,3.541445755958557,4.896199560165406,3.5727659225463873,6.470975303649902,8.397465705871582,10.451692581176756,14.122477912902834,300.83587036132815,336.37244567871096,362.5629119873047,387.4122589111328,423.53760375976566
2031-05,2031-05-01,global_mlp,2026-03,564.550424,2.722832679748535,359.9706268310547,False,7.926545143127441,7926545.143127441,reported_conditioned_mlp,TROLL,,False,1.4930782437324523,2.0218354225158692,2.722832679748535,3.447585844993591,4.636411714553833,3.1712965965270996,6.060412836074828,7.926545143127441,9.826576900482172,13.614129543304445,298.0084167480469,333.1859954833984,359.9706268310547,385.0187561035156,421.659619140625
2031-06,2031-06-01,global_mlp,2026-03,564.550424,2.63983952999115,357.61793518066406,False,7.504857540130615,7504857.540130615,reported_conditioned_mlp,TROLL,,False,1.3939314365386963,2.1059987783432006,2.63983952999115,3.328938388824463,4.459163618087769,3.010552787780762,5.839042377471923,7.504857540130615,9.09046516418457,13.060723209381107,295.02660217285154,329.5990783691406,357.61793518066406,382.8418395996094,419.6227722167969
2031-07,2031-07-01,global_mlp,2026-03,564.550424,2.6571128368377686,354.4974670410156,False,7.423581838607788,7423581.838607788,reported_conditioned_mlp,TROLL,,False,1.4144412755966187,2.0915976047515867,2.6571128368377686,3.476924800872802,4.446631002426149,3.2208400249481204,5.79721212387085,7.423581838607788,9.40401458740234,13.607969760894775,289.3709289550781,326.9859344482422,354.4974670410156,380.2603790283203,417.5644866943359
2031-08,2031-08-01,global_mlp,2026-03,564.550424,2.670728921890259,351.4151306152344,False,7.419880628585815,7419880.628585815,reported_conditioned_mlp,TROLL,,False,1.3480064868927004,2.0189400911331177,2.670728921890259,3.3636713743209836,4.450747632980347,2.4378225326538088,5.173449993133545,7.419880628585815,9.188426399230956,13.934439849853524,284.70726013183594,324.1951507568359,351.4151306152344,379.13505859375,415.41919860839846
2031-09,2031-09-01,global_mlp,2026-03,564.550424,2.74526047706604,348.61265563964844,False,6.7568933963775635,6756893.3963775635,reported_conditioned_mlp,TROLL,,False,1.3709866166114808,2.092196226119995,2.74526047706604,3.5255225181579584,4.749598264694215,2.2340728759765627,4.772737979888916,6.7568933963775635,8.32693109512329,11.797000122070314,281.7006500244141,320.6531005859375,348.61265563964844,377.2511016845703,413.3392395019531
2031-10,2031-10-01,global_mlp,2026-03,564.550424,2.7308837175369263,344.7572021484375,False,7.316622257232666,7316622.257232666,reported_conditioned_mlp,TROLL,,False,1.2631631374359131,2.0601030826568603,2.7308837175369263,3.5627197742462156,4.688387298583985,2.591140103340149,5.425855016708374,7.316622257232666,9.090435886383055,12.82789821624756,277.3910278320313,317.0888641357422,344.7572021484375,375.3676849365234,411.81524047851565
2031-11,2031-11-01,global_mlp,2026-03,564.550424,2.8830701112747192,341.67176818847656,False,7.848158359527588,7848158.359527588,reported_conditioned_mlp,TROLL,,False,1.4233094334602356,2.1989471912384033,2.8830701112747192,3.6617138862609853,4.712631702423097,2.052958607673646,6.060715913772583,7.848158359527588,9.888738346099853,15.618751811981202,273.7024871826172,313.39873046875,341.67176818847656,372.63244018554684,410.17835693359376
2031-12,2031-12-01,global_mlp,2026-03,564.550424,2.8565593957901,338.2893371582031,False,7.30353856086731,7303538.56086731,reported_conditioned_mlp,TROLL,,False,1.4405294418334962,2.1727944850921626,2.8565593957901,3.6137725591659544,4.723925209045411,2.2842001199722293,5.578364562988281,7.30353856086731,9.45179214477539,13.6159068107605,268.47243347167966,309.3686187744141,338.2893371582031,369.56427612304685,408.2098358154297
2032-01,2032-01-01,global_mlp,2026-03,564.550424,2.969702363014221,334.3446044921875,False,7.375257968902588,7375257.968902588,reported_conditioned_mlp,TROLL,,False,1.4175234317779544,2.27215838432312,2.969702363014221,3.7621830701827985,4.865539360046388,2.19816370010376,5.464828538894653,7.375257968902588,9.311606311798094,13.491732406616217,263.03876342773435,305.9677307128906,334.3446044921875,366.56031494140626,405.8301940917969
2032-02,2032-02-01,global_mlp,2026-03,564.550424,2.9203697443008423,330.5818176269531,False,7.211216926574707,7211216.926574707,reported_conditioned_mlp,TROLL,,False,1.3688743472099305,2.1383405447006227,2.9203697443008423,3.885214829444885,4.852619647979736,1.7075626015663152,5.254023838043213,7.211216926574707,9.220704269409179,14.551842594146734,259.86619873046874,302.6359100341797,330.5818176269531,365.0259155273437,403.8814575195313
2032-03,2032-03-01,global_mlp,2026-03,564.550424,2.8650171756744385,327.6001281738281,False,6.627672910690308,6627672.910690308,reported_conditioned_mlp,TROLL,,False,1.293265950679779,2.084893584251404,2.8650171756744385,3.749075889587402,4.872316503524781,1.2257053256034853,4.867361736297608,6.627672910690308,8.922588157653808,13.30812931060791,253.6919143676758,299.1744079589844,327.6001281738281,363.8241851806641,401.9044494628906
2032-04,2032-04-01,global_mlp,2026-03,564.550424,2.619287610054016,324.8448486328125,False,8.228688716888428,8228688.716888428,reported_conditioned_mlp,TROLL,,False,1.3190571546554566,2.0251268863677976,2.619287610054016,3.3934962987899775,4.436053609848023,3.595175576210022,6.250945615768432,8.228688716888428,10.256301307678218,16.87554111480713,249.16309814453126,296.3265106201172,324.8448486328125,361.41904907226564,400.3995697021484
2032-05,2032-05-01,global_mlp,2026-03,564.550424,2.582260489463806,322.75721740722656,False,7.160210847854614,7160210.847854614,reported_conditioned_mlp,TROLL,,False,1.2666581273078918,1.9412469506263732,2.582260489463806,3.3364229679107664,4.369099426269532,3.021910905838013,5.558957862854003,7.160210847854614,9.345911979675293,13.749036407470708,244.3141326904297,292.92197875976564,322.75721740722656,359.7943634033203,398.62852783203124
2032-06,2032-06-01,global_mlp,2026-03,564.550424,2.532899498939514,320.2868194580078,False,7.15410041809082,7154100.41809082,reported_conditioned_mlp,TROLL,,False,1.3611603736877445,1.9772109627723693,2.532899498939514,3.222192358970642,4.191740655899048,3.016536545753479,5.311359930038452,7.15410041809082,9.02628993988037,13.09543371200562,240.37994995117188,290.11416015625,320.2868194580078,358.6335845947266,396.9070098876953
2032-07,2032-07-01,global_mlp,2026-03,564.550424,2.4827574491500854,317.75262451171875,False,7.254049777984619,7254049.777984619,reported_conditioned_mlp,TROLL,,False,1.3367064476013184,1.9909887552261352,2.4827574491500854,3.1504170417785646,4.322044372558595,2.9447318077087403,5.57594289779663,7.254049777984619,9.095148944854733,12.709498691558839,237.55543212890626,287.5016632080078,317.75262451171875,356.59759521484375,395.0367797851563
2032-08,2032-08-01,global_mlp,2026-03,564.550424,2.433133840560913,314.2581024169922,False,6.834430694580078,6834430.694580078,reported_conditioned_mlp,TROLL,,False,1.2554666876792908,1.8861668467521668,2.433133840560913,3.1092404365539528,4.2804298400878915,2.332930445671082,5.333409452438354,6.834430694580078,8.919515609741211,13.257844829559327,232.1500457763672,284.50682067871094,314.2581024169922,354.10386657714844,393.5692932128906
2032-09,2032-09-01,global_mlp,2026-03,564.550424,2.5220056772232056,311.11488342285156,False,6.375189781188965,6375189.781188965,reported_conditioned_mlp,TROLL,,False,1.327116024494171,1.9354624509811402,2.5220056772232056,3.2726634740829463,4.504565286636353,1.8696746110916154,4.664750862121582,6.375189781188965,8.288034152984618,12.057737064361573,229.03967742919923,280.4890991210938,311.11488342285156,351.1608673095703,391.62849731445317
2032-10,2032-10-01,global_mlp,2026-03,564.550424,2.6068358421325684,308.64649963378906,False,7.146147966384888,7146147.966384888,reported_conditioned_mlp,TROLL,,False,1.2631819605827332,1.9566478371620177,2.6068358421325684,3.2577553033828734,4.304719877243042,2.293454098701477,5.212127256393432,7.146147966384888,9.158003711700438,12.423878574371338,225.233805847168,277.60659179687497,308.64649963378906,348.72923278808594,389.5852325439453
2032-11,2032-11-01,global_mlp,2026-03,564.550424,2.6900687217712402,305.62684631347656,False,7.939607381820679,7939607.381820679,reported_conditioned_mlp,TROLL,,False,1.349387836456299,2.053542375564575,2.6900687217712402,3.345202040672302,4.551485252380371,1.4535600543022156,5.831706142425537,7.939607381820679,9.925809574127197,13.828435039520265,221.38921356201172,273.7917907714844,305.62684631347656,346.68511657714845,387.5023559570312
2032-12,2032-12-01,global_mlp,2026-03,564.550424,2.670118570327759,303.2653503417969,False,6.901972055435181,6901972.055435181,reported_conditioned_mlp,TROLL,,False,1.3130051851272584,2.044430565834045,2.670118570327759,3.4301804780960063,4.572252082824708,0.8470892608165745,4.59082727432251,6.901972055435181,9.009928703308104,13.186800575256347,217.91907196044923,270.1239807128906,303.2653503417969,344.9802490234375,385.3704742431641
2033-01,2033-01-01,global_mlp,2026-03,564.550424,2.669807553291321,300.31211853027344,False,6.8060150146484375,6806015.0146484375,reported_conditioned_mlp,TROLL,,False,1.3208073019981383,2.0747546434402464,2.669807553291321,3.5161734819412223,4.8481758594512945,0.7392776072025301,4.834312963485718,6.8060150146484375,8.755284214019774,12.286959648132328,213.73467559814455,267.60112915039065,300.31211853027344,342.7339569091797,383.8473175048828
2033-02,2033-02-01,global_mlp,2026-03,564.550424,2.7940313816070557,297.3817901611328,False,6.3585779666900635,6358577.9666900635,reported_conditioned_mlp,TROLL,,False,1.4319674372673037,2.087149691581726,2.7940313816070557,3.5966035127639757,4.873058080673218,0.5530617177486427,4.7276767730712885,6.3585779666900635,8.788700103759764,13.754869270324711,210.76350708007814,265.0691772460938,297.3817901611328,340.3893829345703,381.9994598388672
2033-03,2033-03-01,global_mlp,2026-03,564.550424,2.7099441289901733,294.7802429199219,False,6.297114849090576,6297114.849090576,reported_conditioned_mlp,TROLL,,False,1.3206398844718934,2.010397124290466,2.7099441289901733,3.4920495748519893,4.778208875656128,0.36086926460266133,4.273298645019531,6.297114849090576,8.707820320129391,13.500855255126954,207.5387130737305,261.52479248046876,294.7802429199219,339.0523712158203,380.08380432128905
2033-04,2033-04-01,global_mlp,2026-03,564.550424,2.5460578203201294,292.1204833984375,False,8.34227991104126,8342279.91104126,reported_conditioned_mlp,TROLL,,False,1.2747480034828187,1.9024993538856507,2.5460578203201294,3.268870306015014,4.268739032745362,4.208414220809937,6.698249673843383,8.34227991104126,10.645876884460446,15.19119291305542,201.8656433105469,259.56141357421876,292.1204833984375,336.33054504394534,377.889404296875
2033-05,2033-05-01,global_mlp,2026-03,564.550424,2.4480985403060913,289.8531799316406,False,7.8072590827941895,7807259.082794189,reported_conditioned_mlp,TROLL,,False,1.2394116163253783,1.8932028889656067,2.4480985403060913,3.1344206333160396,4.392508983612061,3.5290434598922733,6.059524393081665,7.8072590827941895,9.434432792663575,13.337082099914552,198.98282318115238,257.40199890136716,289.8531799316406,333.8331420898437,375.4983215332032
2033-06,2033-06-01,global_mlp,2026-03,564.550424,2.3513951301574707,286.6729736328125,False,7.328787088394165,7328787.088394165,reported_conditioned_mlp,TROLL,,False,1.2372536301612853,1.7776432156562805,2.3513951301574707,3.0422968864440914,4.096409034729004,3.4692123889923097,5.823018360137939,7.328787088394165,9.230056571960448,12.705652618408203,196.08122558593752,254.42286834716796,286.6729736328125,331.7774200439453,373.9090698242188
2033-07,2033-07-01,global_mlp,2026-03,564.550424,2.3769830465316772,283.3507995605469,False,7.541975021362305,7541975.021362305,reported_conditioned_mlp,TROLL,,False,1.2805317163467407,1.8110167741775511,2.3769830465316772,3.0783390045166006,4.141512489318848,3.5000043869018556,5.757428121566772,7.541975021362305,9.47435245513916,13.030914497375491,192.89337005615235,249.95578308105468,283.3507995605469,329.41697387695314,372.5614227294922
2033-08,2033-08-01,global_mlp,2026-03,564.550424,2.3656020164489746,281.5795440673828,False,7.0863258838653564,7086325.883865356,reported_conditioned_mlp,TROLL,,False,1.2563427686691284,1.8310704350471496,2.3656020164489746,3.049174761772156,4.214770030975343,2.736231350898743,5.315400695800781,7.0863258838653564,8.723317527770995,13.133233356475836,188.98181610107423,247.19025268554685,281.5795440673828,327.1567108154297,371.1670623779297
2033-09,2033-09-01,global_mlp,2026-03,564.550424,2.4252020120620728,279.2832794189453,False,6.62366795539856,6623667.95539856,reported_conditioned_mlp,TROLL,,False,1.2096827268600465,1.8240308880805967,2.4252020120620728,3.0869951009750363,4.350189685821535,2.644871759414673,5.11105842590332,6.62366795539856,8.293001651763914,11.723044013977063,184.8031005859375,243.82103118896484,279.2832794189453,324.5277191162109,369.4120574951172
2033-10,2033-10-01,global_mlp,2026-03,564.550424,2.3523930311203003,277.5757751464844,False,7.341099739074707,7341099.739074707,reported_conditioned_mlp,TROLL,,False,1.168982982635498,1.686752438545227,2.3523930311203003,3.0646642923355087,4.246198272705079,3.2315024852752687,5.618416357040405,7.341099739074707,9.201600551605225,13.088571643829345,181.31287384033206,240.92931518554687,277.5757751464844,322.4554046630859,366.27496032714845
2033-11,2033-11-01,global_mlp,2026-03,564.550424,2.4435067176818848,275.1805419921875,False,7.832354784011841,7832354.784011841,reported_conditioned_mlp,TROLL,,False,1.3045595407485961,1.8720218658447265,2.4435067176818848,3.1328213691711415,4.484635543823242,3.1148185729980473,6.049933767318725,7.832354784011841,9.744494247436524,13.147865009307864,177.3579772949219,238.11689300537108,275.1805419921875,320.57697753906245,364.15833435058596
2033-12,2033-12-01,global_mlp,2026-03,564.550424,2.4775564670562744,272.5605010986328,False,7.309037446975708,7309037.446975708,reported_conditioned_mlp,TROLL,,False,1.3166855931282044,1.900815188884735,2.4775564670562744,3.103139352798461,4.4831677913665775,2.3140715122222906,5.451665306091308,7.309037446975708,9.055786323547363,12.873005867004396,171.1859130859375,235.45733642578125,272.5605010986328,319.20982666015624,361.8552490234375
2034-01,2034-01-01,global_mlp,2026-03,564.550424,2.4640549421310425,269.86383056640625,False,7.280755519866943,7280755.519866943,reported_conditioned_mlp,TROLL,,False,1.218256986141205,1.857311749458313,2.4640549421310425,3.24050440788269,4.456478786468509,2.4640475749969486,5.5506934165954585,7.280755519866943,8.895470619201658,11.940879249572756,168.54089355468753,232.16425476074218,269.86383056640625,317.4704376220703,359.6732025146485
2034-02,2034-02-01,global_mlp,2026-03,564.550424,2.48335063457489,267.11993408203125,False,7.144124984741211,7144124.984741211,reported_conditioned_mlp,TROLL,,False,1.1743347883224486,1.898284220695495,2.48335063457489,3.317906498908996,4.71366448402405,2.4513769388198856,5.388297033309936,7.144124984741211,9.073925399780274,14.182125663757326,164.2028060913086,228.6752960205078,267.11993408203125,314.3713104248047,358.6321990966797
2034-03,2034-03-01,global_mlp,2026-03,564.550424,2.414512515068054,264.07676696777344,False,6.739072322845459,6739072.322845459,reported_conditioned_mlp,TROLL,,False,1.1601593494415283,1.8676333189010619,2.414512515068054,3.292600584030151,4.637421083450318,0.9908207237720494,4.787161350250244,6.739072322845459,8.752268981933593,12.752824211120608,162.24378967285156,225.2191177368164,264.07676696777344,311.67142944335933,357.0898162841797
2034-04,2034-04-01,global_mlp,2026-03,564.550424,2.2519336938858032,262.58343505859375,False,8.452812671661377,8452812.671661377,reported_conditioned_mlp,TROLL,,False,1.2012190222740173,1.73752760887146,2.2519336938858032,2.922597646713257,4.096682500839234,4.213462924957276,6.827495241165161,8.452812671661377,10.155210018157957,14.883558750152604,158.0369857788086,222.44508209228516,262.58343505859375,309.30144042968743,355.0581726074219
2034-05,2034-05-01,global_mlp,2026-03,564.550424,2.169630765914917,260.336181640625,False,7.463550329208374,7463550.329208374,reported_conditioned_mlp,TROLL,,False,1.1023396849632263,1.6989470124244688,2.169630765914917,2.830354857444763,3.829160189628601,3.5734562873840336,6.0656932353973385,7.463550329208374,9.615116214752197,13.2853554725647,154.9261688232422,219.3993133544922,260.336181640625,307.67451782226556,353.8174224853516
2034-06,2034-06-01,global_mlp,2026-03,564.550424,2.074489712715149,257.2640380859375,False,7.435423135757446,7435423.135757446,reported_conditioned_mlp,TROLL,,False,1.1014249324798584,1.6626161932945251,2.074489712715149,2.7220575332641603,3.699390983581545,3.572750329971314,6.034342098236084,7.435423135757446,9.189461708068848,13.056026458740236,151.3020034790039,216.9271041870117,257.2640380859375,306.3025512695312,352.9794860839844
2034-07,2034-07-01,global_mlp,2026-03,564.550424,2.1327098608016968,255.15552520751953,False,7.694379091262817,7694379.091262817,reported_conditioned_mlp,TROLL,,False,1.1182364106178284,1.724157416820526,2.1327098608016968,2.7267026424407956,3.630135130882264,3.528109931945801,6.1838349342346195,7.694379091262817,9.576239585876461,13.172295665740968,148.28940124511718,214.39084014892578,255.15552520751953,304.3262756347656,351.49990234375
2034-08,2034-08-01,global_mlp,2026-03,564.550424,2.0830070972442627,252.93575286865234,False,7.516326189041138,7516326.189041138,reported_conditioned_mlp,TROLL,,False,1.1172710895538331,1.7032731771469116,2.0830070972442627,2.795233654975891,3.719345927238465,3.0411739826202395,5.710581827163696,7.516326189041138,9.28575839996338,12.980123710632327,145.4537796020508,211.38009338378907,252.93575286865234,301.49410095214836,350.1963317871094
2034-09,2034-09-01,global_mlp,2026-03,564.550424,2.1529582738876343,250.39559173583984,False,7.002041339874268,7002041.339874268,reported_conditioned_mlp,TROLL,,False,1.0872809767723084,1.687262487411499,2.1529582738876343,2.81669487953186,3.9010181903839114,2.4681493520736697,5.605049514770507,7.002041339874268,8.67019634246826,12.218826580047608,142.35750122070314,208.20069580078126,250.39559173583984,299.1410980224609,349.06883850097654
2034-10,2034-10-01,global_mlp,2026-03,564.550424,2.0846294164657593,248.34632110595703,False,7.296786069869995,7296786.069869995,reported_conditioned_mlp,TROLL,,False,0.9402689039707184,1.5665326118469236,2.0846294164657593,2.938173174858093,3.900809216499329,2.826028203964234,5.818846988677978,7.296786069869995,9.310948657989503,12.422439575195312,139.5069534301758,205.28858032226563,248.34632110595703,297.46960449218744,347.84592895507814
2034-11,2034-11-01,global_mlp,2026-03,564.550424,2.1709909439086914,246.3760986328125,False,7.853441953659058,7853441.953659058,reported_conditioned_mlp,TROLL,,False,1.0505656242370607,1.6477733135223387,2.1709909439086914,2.980607533454895,4.109945106506348,2.75535786151886,6.103763675689697,7.853441953659058,10.23288335800171,13.382260036468507,135.05327453613282,201.0177459716797,246.3760986328125,295.65082092285155,346.5431304931641
2034-12,2034-12-01,global_mlp,2026-03,564.550424,2.2539573907852173,244.0942840576172,False,7.642207145690918,7642207.145690918,reported_conditioned_mlp,TROLL,,False,1.13073422908783,1.693128740787506,2.2539573907852173,2.949218273162842,4.07239990234375,2.6266302585601826,5.729239130020141,7.642207145690918,9.318711757659912,12.825790882110597,130.50319061279296,198.06409454345703,244.0942840576172,293.2151885986328,345.0706787109375
2035-01,2035-01-01,global_mlp,2026-03,564.550424,2.2407851219177246,241.70713806152344,False,7.26408839225769,7264088.39225769,reported_conditioned_mlp,TROLL,,False,1.0548065662384034,1.7715513229370117,2.2407851219177246,2.9560291051864622,4.171737623214722,2.3510475158691406,5.833619880676269,7.26408839225769,9.117401790618896,12.338234615325929,125.88843841552735,194.7963409423828,241.70713806152344,290.5134368896484,343.2274139404297
2035-02,2035-02-01,global_mlp,2026-03,564.550424,2.229145884513855,238.9662322998047,False,7.49098539352417,7490985.39352417,reported_conditioned_mlp,TROLL,,False,1.1826061367988587,1.745756947994232,2.229145884513855,3.0097068548202506,4.374498987197876,2.0085561990737917,5.398975944519043,7.49098539352417,9.339546871185302,12.983311462402344,121.81256866455078,190.51776580810548,238.9662322998047,288.59804992675777,340.7272521972656
2035-03,2035-03-01,global_mlp,2026-03,564.550424,2.2241913080215454,236.64837646484375,False,6.90804648399353,6908046.48399353,reported_conditioned_mlp,TROLL,,False,1.0310585141181945,1.7457266330718995,2.2241913080215454,3.079632449150085,4.180375766754151,1.2267243266105665,4.889250135421753,6.90804648399353,9.008826160430903,12.320194149017334,119.47168350219727,187.23422241210938,236.64837646484375,287.2615600585937,338.6738739013672
2035-04,2035-04-01,global_mlp,2026-03,564.550424,2.056892156600952,234.36117553710938,False,8.782219409942627,8782219.409942627,reported_conditioned_mlp,TROLL,,False,1.1642264604568482,1.6273473858833314,2.056892156600952,2.5802791833877565,3.8760653495788575,4.483973455429077,7.164485788345337,8.782219409942627,10.79639492034912,14.520786380767822,117.05845794677735,184.9945816040039,234.36117553710938,285.0464385986328,337.15105895996095
2035-05,2035-05-01,global_mlp,2026-03,564.550424,2.012235999107361,233.0592498779297,False,8.17298698425293,8172986.98425293,reported_conditioned_mlp,TROLL,,False,1.1062355995178224,1.6200477361679078,2.012235999107361,2.5518527269363402,3.7075565576553347,3.2049529552459726,6.307240295410155,8.17298698425293,9.731278991699218,12.960599327087403,114.73039855957033,182.9250076293945,233.0592498779297,281.68398742675777,335.8040161132813
2035-06,2035-06-01,global_mlp,2026-03,564.550424,1.9520761966705322,230.8145523071289,False,7.825623035430908,7825623.035430908,reported_conditioned_mlp,TROLL,,False,0.9891443848609924,1.500502610206604,1.9520761966705322,2.460862565040588,3.5312695264816285,2.6163294792175296,5.746546363830566,7.825623035430908,9.198876476287841,12.505729198455814,112.66846466064456,180.98043060302734,230.8145523071289,279.2676330566406,334.74578247070315
2035-07,2035-07-01,global_mlp,2026-03,564.550424,1.9946851134300232,228.44488525390625,False,7.866372346878052,7866372.346878052,reported_conditioned_mlp,TROLL,,False,1.0796282052993775,1.5475226998329163,1.9946851134300232,2.4970633029937743,3.5101574897766112,3.085852766036987,6.035306453704834,7.866372346878052,9.582148456573487,12.246113109588626,110.66000595092775,178.73981781005858,228.44488525390625,278.07759704589836,333.6101318359375
2035-08,2035-08-01,global_mlp,2026-03,564.550424,1.956377923488617,225.7352294921875,False,7.3635029792785645,7363502.979278564,reported_conditioned_mlp,TROLL,,False,0.9815994679927827,1.5200934529304504,1.956377923488617,2.428772354125976,3.4445461511611946,2.2721797943115236,5.303269100189208,7.3635029792785645,8.761750221252441,11.540661239624026,105.99017791748048,176.3026565551758,225.7352294921875,276.1850036621093,332.8038726806641
2035-09,2035-09-01,global_mlp,2026-03,564.550424,1.975743293762207,223.4663848876953,False,6.6096272468566895,6609627.246856689,reported_conditioned_mlp,TROLL,,False,1.0393725156784057,1.5374260187149047,1.975743293762207,2.3805553197860716,3.6565609216690067,2.531584024429322,5.0386253833770756,6.6096272468566895,8.399075984954834,11.2224440574646,102.64139862060547,173.92975463867185,223.4663848876953,273.0819580078124,331.4660614013672
2035-10,2035-10-01,global_mlp,2026-03,564.550424,1.9551547169685364,222.05368041992188,False,7.687699556350708,7687699.556350708,reported_conditioned_mlp,TROLL,,False,0.8902133882045747,1.4545249581336974,1.9551547169685364,2.53093626499176,3.6177797317504887,2.4457200050354007,6.041765165328979,7.687699556350708,9.275099754333496,12.165327548980715,99.10036010742189,171.25289764404297,222.05368041992188,271.3254669189452,330.19166564941406
2035-11,2035-11-01,global_mlp,2026-03,564.550424,1.9750640988349915,220.41463470458984,False,7.9872355461120605,7987235.546112061,reported_conditioned_mlp,TROLL,,False,1.078356146812439,1.5847418308258057,1.9750640988349915,2.6030988454818726,3.671353769302369,1.7289585113525396,6.242470455169678,7.9872355461120605,9.838529777526855,12.678470039367678,95.51519241333011,168.89147186279297,220.41463470458984,270.0904724121093,328.7724884033203
2035-12,2035-12-01,global_mlp,2026-03,564.550424,2.0702239274978638,218.32972717285156,False,7.185922145843506,7185922.145843506,reported_conditioned_mlp,TROLL,,False,1.012011879682541,1.5852845549583432,2.0702239274978638,2.597455191612243,3.8909669399261486,2.0874179124832155,5.521386098861694,7.185922145843506,8.781066703796386,12.405478096008308,91.62664184570316,166.54491271972657,218.32972717285156,268.7622161865234,327.61326904296874
2036-01,2036-01-01,global_mlp,2026-03,564.550424,2.102201819419861,215.9589080810547,False,7.194831609725952,7194831.609725952,reported_conditioned_mlp,TROLL,,False,0.9715702533721925,1.6146042943000793,2.102201819419861,2.6789203882217403,3.826336717605591,1.2420414566993723,5.393863105773926,7.194831609725952,8.899589920043946,12.497816562652593,88.78283691406253,164.61188659667968,215.9589080810547,266.49110107421876,325.92698364257814
2036-02,2036-02-01,global_mlp,2026-03,564.550424,2.0935041904449463,213.17967224121094,False,7.172801494598389,7172801.494598389,reported_conditioned_mlp,TROLL,,False,0.9369552969932556,1.6459572434425354,2.0935041904449463,2.6598625183105464,3.9057552814483674,0.8232002139091494,5.057906818389892,7.172801494598389,9.059915161132812,12.872546577453614,85.64835281372073,161.8629119873047,213.17967224121094,264.9137939453125,323.83824157714844
2036-03,2036-03-01,global_mlp,2026-03,564.550424,2.030049681663513,210.8244171142578,False,6.8518126010894775,6851812.601089478,reported_conditioned_mlp,TROLL,,False,0.9584398746490479,1.619235587120056,2.030049681663513,2.6647981166839596,3.845663142204285,0.44271332323551216,4.703050756454467,6.8518126010894775,8.580139923095704,12.10534601211548,80.75402145385743,158.94705505371093,210.8244171142578,262.5527038574219,321.46074523925785
2036-04,2036-04-01,global_mlp,2026-03,564.550424,1.9548705220222473,208.4764633178711,False,8.57532787322998,8575327.87322998,reported_conditioned_mlp,TROLL,,False,0.9084869503974916,1.5625601172447203,1.9548705220222473,2.3920757532119743,3.45624840259552,3.7634823560714725,6.75887517929077,8.57532787322998,10.027515506744384,13.512277507781983,77.50302429199219,156.04827117919922,208.4764633178711,259.8565673828125,319.4009490966797
2036-05,2036-05-01,global_mlp,2026-03,564.550424,1.865492343902588,206.85399627685547,False,7.603106737136841,7603106.737136841,reported_conditioned_mlp,TROLL,,False,0.9399459123611451,1.4315314412117004,1.865492343902588,2.334622383117675,3.3647904872894294,3.3721420049667357,5.839510011672973,7.603106737136841,9.351443862915039,12.451030826568603,75.81447677612304,153.81527099609374,206.85399627685547,257.73700866699215,317.4475524902344
2036-06,2036-06-01,global_mlp,2026-03,564.550424,1.8106619715690613,204.82920837402344,False,7.4211461544036865,7421146.1544036865,reported_conditioned_mlp,TROLL,,False,0.7622164905071259,1.3748347282409665,1.8106619715690613,2.2936186313629148,3.2319288492202762,3.1949893474578857,5.671330976486206,7.4211461544036865,9.187788105010986,11.288293552398683,74.8722023010254,151.7036926269531,204.82920837402344,256.3412628173828,315.5829345703125
2036-07,2036-07-01,global_mlp,2026-03,564.550424,1.853078305721283,202.99138641357422,False,7.767538547515869,7767538.547515869,reported_conditioned_mlp,TROLL,,False,0.8927525639533996,1.4545670866966247,1.853078305721283,2.3507715463638306,3.2156053543090826,2.9265410184860228,5.930210208892822,7.767538547515869,9.393937015533444,12.565387916564942,72.38492813110352,149.79806976318358,202.99138641357422,255.6311508178711,314.5344573974609
2036-08,2036-08-01,global_mlp,2026-03,564.550424,1.8613056540489197,200.8082733154297,False,7.329774379730225,7329774.379730225,reported_conditioned_mlp,TROLL,,False,0.8848489940166473,1.475967526435852,1.8613056540489197,2.3044491052627563,3.295651388168335,2.527526473999025,5.337704801559449,7.329774379730225,8.782395076751708,11.82413787841797,69.70520324707032,147.3980712890625,200.8082733154297,254.56320648193358,312.88416137695316
2036-09,2036-09-01,global_mlp,2026-03,564.550424,1.8555448055267334,198.55343627929688,False,6.790520668029785,6790520.668029785,reported_conditioned_mlp,TROLL,,False,0.7474366247653962,1.458412528038025,1.8555448055267334,2.3550685644149776,3.387365293502808,1.6550507545471194,4.953282976150512,6.790520668029785,8.670765399932861,11.210124969482422,66.96962585449221,144.98212890624998,198.55343627929688,253.3266372680664,311.0264556884766
2036-10,2036-10-01,global_mlp,2026-03,564.550424,1.8278540968894958,196.44036865234375,False,7.589702844619751,7589702.844619751,reported_conditioned_mlp,TROLL,,False,0.7914632678031923,1.4131297588348386,1.8278540968894958,2.386793756484985,3.2592775106430056,2.1901218414306642,5.646445035934448,7.589702844619751,8.77215824127197,11.956076431274415,64.3418872833252,143.51431732177733,196.44036865234375,251.80727386474607,309.1382537841797
2036-11,2036-11-01,global_mlp,2026-03,564.550424,1.8519313335418701,193.9864730834961,False,7.513512372970581,7513512.372970581,reported_conditioned_mlp,TROLL,,False,0.8990094244480135,1.4712465405464172,1.8519313335418701,2.401803755760193,3.4959434270858774,1.4324138462543519,5.855341672897339,7.513512372970581,9.432538604736326,12.201974296569828,61.684186935424805,141.43863830566406,193.9864730834961,250.1437026977539,307.3295837402344
2036-12,2036-12-01,global_mlp,2026-03,564.550424,1.8705142140388489,191.63153839111328,False,7.052802562713623,7052802.562713623,reported_conditioned_mlp,TROLL,,False,0.8857166230678559,1.4777458071708678,1.8705142140388489,2.43650643825531,3.386959004402161,0.8687941253185277,5.249600744247436,7.052802562713623,8.850964736938472,11.469416427612309,58.31653251647949,139.58648223876952,191.63153839111328,247.88108215332028,305.010986328125
2037-01,2037-01-01,global_mlp,2026-03,564.550424,1.8920941948890686,189.37257385253906,False,7.134521484375,7134521.484375,reported_conditioned_mlp,TROLL,,False,0.670180630683899,1.4742008805274962,1.8920941948890686,2.3818267822265624,3.575547432899476,0.7001716494560253,5.280566835403443,7.134521484375,8.782791233062744,12.027915382385254,55.19732971191407,136.55078735351563,189.37257385253906,245.69228057861324,303.38535766601564
2037-02,2037-02-01,global_mlp,2026-03,564.550424,1.896117627620697,187.4313507080078,False,7.356261968612671,7356261.968612671,reported_conditioned_mlp,TROLL,,False,0.7714477479457855,1.4991202473640441,1.896117627620697,2.458737540245056,3.6208004713058477,0.273020949959755,5.3120812416076655,7.356261968612671,9.219599533081055,13.110700893402104,52.87314262390137,133.60928802490236,187.4313507080078,243.75177612304688,301.96070861816406
2037-03,2037-03-01,global_mlp,2026-03,564.550424,1.9177145957946777,185.61839294433594,False,6.77206015586853,6772060.15586853,reported_conditioned_mlp,TROLL,,False,0.704070419073105,1.4466852068901062,1.9177145957946777,2.4752823352813715,3.5672136545181274,0.19563059806823782,4.583154678344726,6.77206015586853,9.049744415283202,12.542158126831056,50.735513305664064,130.5138732910156,185.61839294433594,241.90804138183594,300.02744140625
2037-04,2037-04-01,global_mlp,2026-03,564.550424,1.8741350769996643,184.34451293945312,False,8.793642044067383,8793642.044067383,reported_conditioned_mlp,TROLL,,False,0.8530012726783753,1.4485423564910889,1.8741350769996643,2.27882170677185,3.102234053611756,3.5242915868759157,7.106742095947266,8.793642044067383,10.559621047973632,14.242433452606203,47.68722419738769,127.97642974853515,184.34451293945312,239.7075012207031,298.03522033691405
2037-05,2037-05-01,global_mlp,2026-03,564.550424,1.7742266058921814,182.20330047607422,False,7.828557252883911,7828557.252883911,reported_conditioned_mlp,TROLL,,False,0.8811062037944795,1.4493181824684143,1.7742266058921814,2.240346336364746,3.1732621431350716,2.71399896144867,6.175854206085204,7.828557252883911,9.7486834526062,12.909228515625001,44.864038848876966,126.4881622314453,182.20330047607422,237.81440582275388,296.4340789794922
2037-06,2037-06-01,global_mlp,2026-03,564.550424,1.6709023714065552,180.38495635986328,False,7.587973594665527,7587973.594665527,reported_conditioned_mlp,TROLL,,False,0.8487822234630585,1.355782651901245,1.6709023714065552,2.118135619163513,3.0418767213821414,2.3638682603836063,5.97634482383728,7.587973594665527,9.190529060363767,11.830290699005129,42.45430450439455,124.9565414428711,180.38495635986328,236.00113220214843,295.3662994384766
2037-07,2037-07-01,global_mlp,2026-03,564.550424,1.7628069519996643,178.2955551147461,False,7.704654932022095,7704654.932022095,reported_conditioned_mlp,TROLL,,False,0.747028124332428,1.3656052589416503,1.7628069519996643,2.1849268913269038,3.021251606941224,2.3674046039581302,5.884007549285888,7.704654932022095,9.514705371856687,12.747105598449709,38.98100585937503,123.20062026977537,178.2955551147461,234.36225128173828,293.8110290527344
2037-08,2037-08-01,global_mlp,2026-03,564.550424,1.7587240934371948,176.33090209960938,False,7.079571723937988,7079571.723937988,reported_conditioned_mlp,TROLL,,False,0.696397000551224,1.351586067676544,1.7587240934371948,2.172644305229187,3.05520715713501,1.9556227803230288,5.190161275863647,7.079571723937988,8.919837570190428,12.996923828125002,35.507789230346695,121.10700912475585,176.33090209960938,232.15552825927733,292.2209777832031
2037-09,2037-09-01,global_mlp,2026-03,564.550424,1.7370110750198364,174.36722564697266,False,7.011035680770874,7011035.680770874,reported_conditioned_mlp,TROLL,,False,0.6707101345062256,1.3728391766548156,1.7370110750198364,2.16515793800354,3.03679473400116,1.1477794408798219,5.051004076004028,7.011035680770874,8.99854049682617,12.032780361175542,31.498418235778814,119.41144790649413,174.36722564697266,230.5849197387695,289.8983093261719
2037-10,2037-10-01,global_mlp,2026-03,564.550424,1.7287057638168335,173.11632537841797,False,7.332181930541992,7332181.930541992,reported_conditioned_mlp,TROLL,,False,0.7277494907379152,1.345674431324005,1.7287057638168335,2.1607611894607546,2.933743572235108,1.2185690164566045,5.523712348937988,7.332181930541992,9.426693820953368,13.016086483001711,30.186913490295428,117.86801147460935,173.11632537841797,228.9608764648437,288.20610961914065
2037-11,2037-11-01,global_mlp,2026-03,564.550424,1.716625988483429,172.17945098876953,False,7.967984199523926,7967984.199523926,reported_conditioned_mlp,TROLL,,False,0.6762121379375458,1.3201048135757447,1.716625988483429,2.208047223091125,3.064151287078858,0.6563490211963658,5.817620944976806,7.967984199523926,9.638850116729735,12.99528274536133,26.871481704711922,116.02916183471677,172.17945098876953,227.71427154541013,286.4972198486328
2037-12,2037-12-01,global_mlp,2026-03,564.550424,1.803126871585846,170.08255004882812,False,7.367746114730835,7367746.114730835,reported_conditioned_mlp,TROLL,,False,0.7538466989994049,1.377768337726593,1.803126871585846,2.2399257183074948,3.1156434535980226,0.9638348579406741,5.1610087871551515,7.367746114730835,9.20993957519531,12.260586547851563,23.929191398620613,113.7690933227539,170.08255004882812,225.80182800292965,285.0470458984375
2038-01,2038-01-01,global_mlp,2026-03,564.550424,1.8001423478126526,168.30438995361328,False,6.856181383132935,6856181.383132935,reported_conditioned_mlp,TROLL,,False,0.8117493867874146,1.4053190350532532,1.8001423478126526,2.2579442977905266,3.120501708984375,0.3555894881486894,5.291412210464477,6.856181383132935,9.331851005554197,12.083303546905519,21.796386909484895,111.1266403198242,168.30438995361328,223.828271484375,283.6277770996094
2038-02,2038-02-01,global_mlp,2026-03,564.550424,1.7922073006629944,166.33148193359375,False,7.091812610626221,7091812.610626221,reported_conditioned_mlp,TROLL,,False,0.6688061416149139,1.339514172077179,1.7922073006629944,2.2429001092910763,3.250913214683533,0.4800696939229968,4.647792434692382,7.091812610626221,9.07979393005371,12.19737691879273,19.7256567001343,109.17597885131835,166.33148193359375,221.5974411010742,281.6658905029297
2038-03,2038-03-01,global_mlp,2026-03,564.550424,1.712152123451233,164.68399047851562,False,7.035838603973389,7035838.603973389,reported_conditioned_mlp,TROLL,,False,0.45163412988185897,1.277225375175476,1.712152123451233,2.195736265182495,3.1494351387023936,0.29338126480579424,4.686171722412109,7.035838603973389,9.570640659332275,13.18539276123047,17.189722919464128,107.58783187866209,164.68399047851562,219.20703277587887,280.2826141357422
2038-04,2038-04-01,global_mlp,2026-03,564.550424,1.6916764378547668,162.44091796875,False,8.832768440246582,8832768.440246582,reported_conditioned_mlp,TROLL,,False,0.4572060793638231,1.3494701266288756,1.6916764378547668,2.0503605604171744,2.8929273366928103,3.6648970365524294,6.920922994613647,8.832768440246582,10.655691242218015,14.322010040283205,14.499232006073008,105.42053451538085,162.44091796875,217.50169372558594,279.2406005859375
2038-05,2038-05-01,global_mlp,2026-03,564.550424,1.6391486525535583,160.30413055419922,False,8.321396827697754,8321396.827697754,reported_conditioned_mlp,TROLL,,False,0.5145728290081024,1.2928465366363526,1.6391486525535583,2.0884883165359494,2.7946846485137944,3.2241282224655166,6.505916023254394,8.321396827697754,10.24261121749878,13.377444839477539,11.06627149581911,103.4288719177246,160.30413055419922,215.56509857177733,277.38043212890625
2038-06,2038-06-01,global_mlp,2026-03,564.550424,1.61078941822052,159.02056121826172,False,7.864728212356567,7864728.212356567,reported_conditioned_mlp,TROLL,,False,0.39529707133770076,1.2742300271987914,1.61078941822052,1.9218562841415405,2.677316117286682,2.6491899967193606,6.237406158447265,7.864728212356567,9.67822494506836,13.287514400482179,9.084828090667749,101.1210578918457,159.02056121826172,213.3779205322265,275.45809936523443
2038-07,2038-07-01,global_mlp,2026-03,564.550424,1.6264355778694153,157.70026397705078,False,8.187236309051514,8187236.309051514,reported_conditioned_mlp,TROLL,,False,0.4312129348516465,1.2772596240043639,1.6264355778694153,1.988223075866699,2.6046226978302003,2.715761470794678,6.176172161102294,8.187236309051514,9.942770767211913,13.07497434616089,7.41546359062197,99.02105712890625,157.70026397705078,211.37426147460928,273.98238830566413
2038-08,2038-08-01,global_mlp,2026-03,564.550424,1.6102060079574585,156.12905883789062,False,7.521590948104858,7521590.948104858,reported_conditioned_mlp,TROLL,,False,0.33895241916179697,1.249673855304718,1.6102060079574585,2.0205874204635617,2.6313380718231203,2.114245140552522,5.51554741859436,7.521590948104858,9.21481761932373,12.707110595703126,5.819438052177449,96.56409072875977,156.12905883789062,209.71911773681626,272.397445678711
2038-09,2038-09-01,global_mlp,2026-03,564.550424,1.6320789456367493,154.69558715820312,False,6.911498069763184,6911498.069763184,reported_conditioned_mlp,TROLL,,False,0.4166340827941902,1.257854413986206,1.6320789456367493,2.07409131526947,2.8082653284072876,0.9802645921707159,5.361205339431763,6.911498069763184,8.910585880279541,12.752216720581055,3.544405055046094,94.39666748046874,154.69558715820312,207.5765655517577,271.20051574707037
2038-10,2038-10-01,global_mlp,2026-03,564.550424,1.6450290083885193,153.53756713867188,False,7.435518264770508,7435518.264770508,reported_conditioned_mlp,TROLL,,False,0.040615272894501946,1.2303539395332337,1.6450290083885193,2.0422508955001826,2.879138779640198,1.6315130949020396,5.290160465240478,7.435518264770508,9.59829502105713,12.735605430603028,0.0,91.91210632324218,153.53756713867188,205.3358978271484,269.9944274902344
2038-11,2038-11-01,global_mlp,2026-03,564.550424,1.7209203839302063,151.31097412109375,False,7.568172454833984,7568172.454833984,reported_conditioned_mlp,TROLL,,False,0.0,1.3017882704734802,1.7209203839302063,2.107144498825073,2.79905526638031,0.8322021722793586,5.710275173187255,7.568172454833984,9.593867015838622,13.486164379119874,0.0,89.2291633605957,151.31097412109375,203.32903594970702,268.3113433837891
2038-12,2038-12-01,global_mlp,2026-03,564.550424,1.707891583442688,148.80902099609375,False,7.219221830368042,7219221.830368042,reported_conditioned_mlp,TROLL,,False,0.0,1.3243263483047485,1.707891583442688,2.0768106937408444,2.7853142976760865,0.9667367339134217,5.548699188232421,7.219221830368042,8.943000793457031,12.504569816589362,0.0,86.85287857055663,148.80902099609375,201.37811737060545,266.8470733642578
2039-01,2039-01-01,global_mlp,2026-03,564.550424,1.707806408405304,146.4206771850586,False,7.294322729110718,7294322.729110718,reported_conditioned_mlp,TROLL,,False,0.0,1.2234259486198422,1.707806408405304,2.0801135778427122,2.8473012685775756,0.4826218962669379,5.367757129669189,7.294322729110718,9.127908611297606,12.322786617279053,0.0,83.7370979309082,146.4206771850586,197.04971466064447,265.10712890625
2039-02,2039-02-01,global_mlp,2026-03,564.550424,1.7534291744232178,143.06078338623047,False,6.817294597625732,6817294.597625732,reported_conditioned_mlp,TROLL,,False,0.0,1.2964330792427061,1.7534291744232178,2.0771354436874385,2.865240240097047,0.0,4.4010159969329825,6.817294597625732,8.85776948928833,12.461753845214846,0.0,81.7209373474121,143.06078338623047,194.77447509765622,262.9121063232422
2039-03,2039-03-01,global_mlp,2026-03,564.550424,1.6663172245025635,140.67214965820312,False,6.674103260040283,6674103.260040283,reported_conditioned_mlp,TROLL,,False,0.0,1.2756795406341552,1.6663172245025635,2.0523719549179074,2.938412117958069,0.0,4.450317907333374,6.674103260040283,9.259472942352291,12.651038455963135,0.0,78.69789581298828,140.67214965820312,192.94486083984373,260.8407470703125
2039-04,2039-04-01,global_mlp,2026-03,564.550424,1.5778310894966125,138.59818267822266,False,8.760852336883545,8760852.336883545,reported_conditioned_mlp,TROLL,,False,0.0,1.2475771307945251,1.5778310894966125,1.9287824392318715,2.732916164398194,2.4321156501770034,6.79219799041748,8.760852336883545,10.411716175079345,13.66482248306275,0.0,77.28143005371093,138.59818267822266,191.94764556884766,258.67271423339844
2039-05,2039-05-01,global_mlp,2026-03,564.550424,1.5930168628692627,136.76504516601562,False,8.087421894073486,8087421.894073486,reported_conditioned_mlp,TROLL,,False,0.0,1.2245085477828979,1.5930168628692627,1.9611451029777525,2.659130430221558,1.8671384453773514,6.157368946075439,8.087421894073486,9.84540033340454,12.734845066070562,0.0,75.75553665161132,136.76504516601562,190.20515136718748,257.35483398437503
2039-06,2039-06-01,global_mlp,2026-03,564.550424,1.5271414518356323,135.31094360351562,False,7.771733999252319,7771733.999252319,reported_conditioned_mlp,TROLL,,False,0.0,1.1776510715484618,1.5271414518356323,1.8796027421951287,2.4966526985168462,2.1269836187362676,6.16436424255371,7.771733999252319,9.563908767700195,12.217220115661624,0.0,74.81864166259764,135.31094360351562,188.3863815307617,255.56387176513675
2039-07,2039-07-01,global_mlp,2026-03,564.550424,1.536537230014801,134.15379333496094,False,7.651407957077026,7651407.957077026,reported_conditioned_mlp,TROLL,,False,0.0,1.2198377609252928,1.536537230014801,1.8877382755279541,2.498686718940735,1.1699590325355533,5.76434154510498,7.651407957077026,9.273930835723876,12.012227821350098,0.0,73.09326171874999,134.15379333496094,186.86256103515623,253.8923522949219
2039-08,2039-08-01,global_mlp,2026-03,564.550424,1.543225347995758,131.8190460205078,False,7.172811508178711,7172811.508178711,reported_conditioned_mlp,TROLL,,False,0.0,1.1571701765060425,1.543225347995758,1.853829038143158,2.5308437347412114,0.0,4.780184173583985,7.172811508178711,8.809867668151854,12.476256275177002,0.0,71.66299438476562,131.8190460205078,185.03937530517575,252.36896057128905
2039-09,2039-09-01,global_mlp,2026-03,564.550424,1.5722501873970032,129.2664794921875,False,7.248642444610596,7248642.444610596,reported_conditioned_mlp,TROLL,,False,0.0,1.1380530953407286,1.5722501873970032,1.9205206513404847,2.6138040304183963,0.0,4.945342016220093,7.248642444610596,8.966749572753907,12.283558464050294,0.0,71.09640197753905,129.2664794921875,183.56673889160155,250.78143920898438
2039-10,2039-10-01,global_mlp,2026-03,564.550424,1.5464642643928528,127.03897094726562,False,7.497024297714233,7497024.297714233,reported_conditioned_mlp,TROLL,,False,0.0,1.1566424846649168,1.5464642643928528,1.9273744583129873,2.6648747205734256,0.0,5.488940286636352,7.497024297714233,9.16910171508789,12.176949596405032,0.0,69.4854797363281,127.03897094726562,182.28176269531247,249.496826171875
2039-11,2039-11-01,global_mlp,2026-03,564.550424,1.6341193318367004,125.12018585205078,False,7.363596200942993,7363596.200942993,reported_conditioned_mlp,TROLL,,False,0.0,1.1954095005989074,1.6341193318367004,2.0185456991195676,2.6869228839874273,0.0,5.439183807373046,7.363596200942993,9.26605281829834,12.718474483489992,0.0,67.30416259765624,125.12018585205078,180.99229736328124,247.83729553222656
2039-12,2039-12-01,global_mlp,2026-03,564.550424,1.6212199926376343,123.60491943359375,False,7.074075222015381,7074075.222015381,reported_conditioned_mlp,TROLL,,False,0.0,1.1801570773124694,1.6212199926376343,2.0135296583175655,2.670082521438599,0.0,5.209468603134155,7.074075222015381,9.080991458892822,12.740511131286622,0.0,65.22839126586913,123.60491943359375,179.54227752685546,245.77468719482422
2040-01,2040-01-01,global_mlp,2026-03,564.550424,1.608584463596344,121.88101959228516,False,7.013354539871216,7013354.539871216,reported_conditioned_mlp,TROLL,,False,0.0,1.1472294211387633,1.608584463596344,2.0233550071716304,2.7490156888961796,0.0,4.833216810226439,7.013354539871216,8.860940742492675,11.89093713760376,0.0,62.60666580200195,121.88101959228516,177.4732971191406,244.41964416503907
2040-02,2040-02-01,global_mlp,2026-03,564.550424,1.6124843955039978,120.48129272460938,False,6.52336049079895,6523360.49079895,reported_conditioned_mlp,TROLL,,False,0.0,1.2629467129707337,1.6124843955039978,2.012397527694702,2.7919600248336796,0.0,4.532132005691528,6.52336049079895,8.724727821350097,12.572803115844726,0.0,60.288120269775376,120.48129272460938,175.70192108154293,242.55691986083986
2040-03,2040-03-01,global_mlp,2026-03,564.550424,1.5793344974517822,119.30406188964844,False,7.034615755081177,7034615.755081177,reported_conditioned_mlp,TROLL,,False,0.0,1.1207902550697326,1.5793344974517822,1.9757274866104126,2.6792461395263674,0.0,4.519695329666137,7.034615755081177,8.9550274848938,12.987183856964112,0.0,58.00506248474119,119.30406188964844,174.07880096435545,240.70437622070312
2040-04,2040-04-01,global_mlp,2026-03,564.550424,1.5213750004768372,118.25246810913086,False,8.560437679290771,8560437.679290771,reported_conditioned_mlp,TROLL,,False,0.0,1.1069349884986877,1.5213750004768372,1.937107253074646,2.5064370870590214,0.15546206086874065,6.568485736846923,8.560437679290771,10.417059993743896,14.314258575439453,0.0,56.13438758850096,118.25246810913086,170.24345245361323,239.4574401855469
2040-05,2040-05-01,global_mlp,2026-03,564.550424,1.545005440711975,116.59703826904297,False,8.070993900299072,8070993.900299072,reported_conditioned_mlp,TROLL,,False,0.0,1.0835986733436582,1.545005440711975,1.8879255175590512,2.4793076515197754,0.05130675584077868,5.981011915206909,8.070993900299072,10.140325736999511,13.171281051635743,0.0,54.68579177856444,116.59703826904297,168.64368286132807,238.1513885498047
2040-06,2040-06-01,global_mlp,2026-03,564.550424,1.4787819385528564,114.71268463134766,False,7.7755560874938965,7775556.0874938965,reported_conditioned_mlp,TROLL,,False,0.0,1.0786695241928101,1.4787819385528564,1.8001370668411254,2.3583587169647227,0.05360353142023121,5.813814926147461,7.7755560874938965,9.609840583801269,12.398730087280274,0.0,53.1758731842041,114.71268463134766,166.86721496582027,236.5841491699219
2040-07,2040-07-01,global_mlp,2026-03,564.550424,1.4863783717155457,112.72811889648438,False,7.772296667098999,7772296.667098999,reported_conditioned_mlp,TROLL,,False,0.0,1.0637171745300293,1.4863783717155457,1.828668403625488,2.4163161516189575,0.0,5.3613403797149655,7.772296667098999,9.435552597045897,12.242173194885256,0.0,50.99648818969725,112.72811889648438,164.98312683105465,235.251953125
2040-08,2040-08-01,global_mlp,2026-03,564.550424,1.5093310475349426,111.18188095092773,False,6.802220106124878,6802220.106124878,reported_conditioned_mlp,TROLL,,False,0.0,1.077621054649353,1.5093310475349426,1.8528418660163877,2.356045126914978,0.0,4.891333770751953,6.802220106124878,8.893012905120848,12.079571342468265,0.0,49.32707710266113,111.18188095092773,163.09248199462886,233.8736740112305
2040-09,2040-09-01,global_mlp,2026-03,564.550424,1.5311868786811829,109.4892578125,False,6.907709360122681,6907709.360122681,reported_conditioned_mlp,TROLL,,False,0.0,1.0869397401809693,1.5311868786811829,1.8559045076370237,2.464590311050415,0.0,4.623476648330688,6.907709360122681,9.10170202255249,12.059220695495608,0.0,47.737559127807614,109.4892578125,161.40175476074216,232.56786346435547
2040-10,2040-10-01,global_mlp,2026-03,564.550424,1.459324598312378,107.64793395996094,False,7.181768178939819,7181768.178939819,reported_conditioned_mlp,TROLL,,False,0.0,1.0194498896598814,1.459324598312378,1.8130084156990052,2.3585221529006968,0.0,4.879405164718627,7.181768178939819,9.1407769203186,12.26532440185547,0.0,46.367169952392565,107.64793395996094,159.95086822509765,230.51986389160157
2040-11,2040-11-01,global_mlp,2026-03,564.550424,1.4662114977836609,105.86260223388672,False,7.65778112411499,7657781.12411499,reported_conditioned_mlp,TROLL,,False,0.0,0.9479270815849304,1.4662114977836609,1.8404879450798033,2.5297077417373663,0.0,4.762283134460447,7.65778112411499,9.50501651763916,12.915887355804445,0.0,44.955849838256825,105.86260223388672,157.95809173583984,228.6653030395508
2040-12,2040-12-01,global_mlp,2026-03,564.550424,1.4873380661010742,104.0096549987793,False,6.978205680847168,6978205.680847168,reported_conditioned_mlp,TROLL,,False,0.0,0.9747733533382416,1.4873380661010742,1.893031442165374,2.462617015838623,0.0,4.5694219112396235,6.978205680847168,8.930369472503658,11.801384639739991,0.0,43.5623508453369,104.0096549987793,156.0378479003906,227.4237518310547
2041-01,2041-01-01,global_mlp,2026-03,564.550424,1.4653760194778442,101.94363021850586,False,6.962625741958618,6962625.741958618,reported_conditioned_mlp,TROLL,,False,0.0,0.9625973641872405,1.4653760194778442,1.933630299568176,2.473267149925232,0.0,4.589588356018067,6.962625741958618,8.98677282333374,11.894480800628664,0.0,42.13096961975097,101.94363021850586,154.11881408691406,225.99091491699218
2041-02,2041-02-01,global_mlp,2026-03,564.550424,1.4900925159454346,100.0379409790039,False,6.6808130741119385,6680813.0741119385,reported_conditioned_mlp,TROLL,,False,0.0,0.9710688292980194,1.4900925159454346,1.932787275314331,2.528043007850647,0.0,3.535372185707092,6.6808130741119385,8.819204998016357,12.538096523284914,0.0,40.537521743774406,100.0379409790039,152.44505615234374,224.98785095214845
2041-03,2041-03-01,global_mlp,2026-03,564.550424,1.4652099013328552,97.26240158081055,False,6.475436687469482,6475436.687469482,reported_conditioned_mlp,TROLL,,False,0.0,0.7992230057716369,1.4652099013328552,1.8690038919448848,2.4333853960037235,0.0,3.5355331420898435,6.475436687469482,8.688385295867919,11.657877731323246,0.0,38.27994117736816,97.26240158081055,150.51458892822262,223.42972717285159
2041-04,2041-04-01,global_mlp,2026-03,564.550424,1.4395028948783875,95.1106071472168,False,8.426809787750244,8426809.787750244,reported_conditioned_mlp,TROLL,,False,0.0,0.9786422312259674,1.4395028948783875,1.857256007194519,2.410927772521973,0.0,6.141285324096679,8.426809787750244,10.415041065216062,13.374942302703861,0.0,36.80403518676758,95.1106071472168,148.86652374267578,222.06951446533205
2041-05,2041-05-01,global_mlp,2026-03,564.550424,1.3210548758506775,93.45291900634766,False,7.5379979610443115,7537997.9610443115,reported_conditioned_mlp,TROLL,,False,0.0,0.8905635118484497,1.3210548758506775,1.8002317547798155,2.3748656988143924,0.0,4.813518333435058,7.5379979610443115,9.723342800140381,12.875939083099368,0.0,35.97109870910644,93.45291900634766,146.80573577880858,220.65337219238285
2041-06,2041-06-01,global_mlp,2026-03,564.550424,1.3315577507019043,91.806396484375,False,7.574981451034546,7574981.451034546,reported_conditioned_mlp,TROLL,,False,0.0,0.8797691106796262,1.3315577507019043,1.7436352729797364,2.242456150054932,0.0,5.386032009124755,7.574981451034546,9.49265365600586,12.022235679626466,0.0,34.49238624572753,91.806396484375,145.27963714599608,219.5976272583008
2041-07,2041-07-01,global_mlp,2026-03,564.550424,1.382826805114746,90.47513580322266,False,7.702665090560913,7702665.090560913,reported_conditioned_mlp,TROLL,,False,0.0,0.9527147531509399,1.382826805114746,1.7792617082595825,2.291138362884523,0.0,5.258651924133301,7.702665090560913,9.425520706176757,12.009186363220214,0.0,33.26494445800779,90.47513580322266,143.80795135498047,218.61262817382814
2041-08,2041-08-01,global_mlp,2026-03,564.550424,1.3688013553619385,88.5015869140625,False,6.946357488632202,6946357.488632202,reported_conditioned_mlp,TROLL,,False,0.0,0.8929549574851986,1.3688013553619385,1.7269388437271116,2.2769329071044924,0.0,4.557347917556762,6.946357488632202,8.882496643066405,12.053248500823978,0.0,30.789367485046377,88.5015869140625,142.4042251586914,217.27835083007812
2041-09,2041-09-01,global_mlp,2026-03,564.550424,1.3615682125091553,87.03083038330078,False,7.082137107849121,7082137.107849121,reported_conditioned_mlp,TROLL,,False,0.0,0.8024280846118926,1.3615682125091553,1.7925862550735472,2.356439757347107,0.0,4.530371570587158,7.082137107849121,8.867708778381346,12.271303367614747,0.0,28.820781898498527,87.03083038330078,141.17850189208986,215.65648345947267
2041-10,2041-10-01,global_mlp,2026-03,564.550424,1.2881678342819214,85.20155715942383,False,7.155758857727051,7155758.857727051,reported_conditioned_mlp,TROLL,,False,0.0,0.7892901837825775,1.2881678342819214,1.7417032837867734,2.3220192432403564,0.0,4.392082023620605,7.155758857727051,9.072143268585204,12.423967552185063,0.0,28.588147735595697,85.20155715942383,139.63431701660156,213.84698333740235
2041-11,2041-11-01,global_mlp,2026-03,564.550424,1.3541302680969238,83.1347770690918,False,7.67463231086731,7674632.31086731,reported_conditioned_mlp,TROLL,,False,0.0,0.8878617286682129,1.3541302680969238,1.809467017650604,2.312580490112305,0.0,4.3409100532531735,7.67463231086731,9.825765037536621,12.669853973388673,0.0,27.168543052673336,83.1347770690918,138.16412048339845,212.11605224609374
2041-12,2041-12-01,global_mlp,2026-03,564.550424,1.3945276141166687,80.4919204711914,False,7.0254433155059814,7025443.315505981,reported_conditioned_mlp,TROLL,,False,0.0,0.885922622680664,1.3945276141166687,1.792948043346405,2.4142952442169197,0.0,3.824822521209716,7.0254433155059814,9.074565601348876,12.40733795166016,0.0,25.343034934997558,80.4919204711914,136.73141479492188,209.8671447753906
2042-01,2042-01-01,global_mlp,2026-03,564.550424,1.3832200765609741,79.11075592041016,False,6.378769636154175,6378769.636154175,reported_conditioned_mlp,TROLL,,False,0.0,0.8544007301330563,1.3832200765609741,1.8184233903884888,2.4099398374557497,0.0,2.8664416313171386,6.378769636154175,9.07917823791504,11.68322982788086,0.0,23.44362106323242,79.11075592041016,134.65236816406247,207.93128051757813
2042-02,2042-02-01,global_mlp,2026-03,564.550424,1.3681337237358093,77.84840774536133,False,6.830214262008667,6830214.262008667,reported_conditioned_mlp,TROLL,,False,0.0,0.8337328433990477,1.3681337237358093,1.8907926321029658,2.4642875194549565,0.0,3.1171090126037586,6.830214262008667,9.004683113098144,12.183993816375738,0.0,21.48483009338379,77.84840774536133,133.1639404296875,205.43025665283204
2042-03,2042-03-01,global_mlp,2026-03,564.550424,1.40396386384964,76.09774017333984,False,6.405671119689941,6405671.119689941,reported_conditioned_mlp,TROLL,,False,0.0,0.7561646759510039,1.40396386384964,1.8235141992568964,2.4149398803710938,0.0,2.445747375488281,6.405671119689941,8.682321166992185,12.184345626831055,0.0,19.539833068847653,76.09774017333984,131.6502685546875,204.0015884399414
2042-04,2042-04-01,global_mlp,2026-03,564.550424,1.365037202835083,74.43574142456055,False,8.32534122467041,8325341.22467041,reported_conditioned_mlp,TROLL,,False,0.0,0.8305432140827177,1.365037202835083,1.7035543680191039,2.407475066184998,0.0,5.834152507781982,8.32534122467041,10.72707061767578,13.555528450012208,0.0,17.211160469055173,74.43574142456055,129.665412902832,201.7779052734375
2042-05,2042-05-01,global_mlp,2026-03,564.550424,1.2966729998588562,72.36955642700195,False,7.69297194480896,7692971.94480896,reported_conditioned_mlp,TROLL,,False,0.0,0.7704671382904053,1.2966729998588562,1.7510411024093628,2.327915453910828,0.0,4.625517702102661,7.69297194480896,9.508697986602783,12.578456497192391,0.0,16.086533546447754,72.36955642700195,127.61758422851557,199.7676208496094
2042-06,2042-06-01,global_mlp,2026-03,564.550424,1.260196328163147,71.08087539672852,False,7.349691867828369,7349691.867828369,reported_conditioned_mlp,TROLL,,False,0.0,0.6906622290611265,1.260196328163147,1.6479554891586303,2.3435561895370483,0.0,4.694903516769409,7.349691867828369,9.328081703186035,11.954271221160889,0.0,14.588013839721672,71.08087539672852,124.92011260986322,197.76318817138676
2042-07,2042-07-01,global_mlp,2026-03,564.550424,1.3009700775146484,69.91213607788086,False,7.529980659484863,7529980.659484863,reported_conditioned_mlp,TROLL,,False,0.0,0.6233983516693113,1.3009700775146484,1.687237644195556,2.3296581268310548,0.0,4.50000066757202,7.529980659484863,9.650445556640623,12.398548221588138,0.0,13.65189666748045,69.91213607788086,123.71315994262693,195.80166320800785
2042-08,2042-08-01,global_mlp,2026-03,564.550424,1.2533140778541565,68.43081283569336,False,6.412901401519775,6412901.401519775,reported_conditioned_mlp,TROLL,,False,0.0,0.5555580139160154,1.2533140778541565,1.6713182210922242,2.3443113327026373,0.0,3.653006005287169,6.412901401519775,8.851668262481688,12.438158416748054,0.0,11.546029090881339,68.43081283569336,121.84714279174804,193.79352722167974
2042-09,2042-09-01,global_mlp,2026-03,564.550424,1.2465821504592896,67.5688362121582,False,6.308084011077881,6308084.011077881,reported_conditioned_mlp,TROLL,,False,0.0,0.6143202841281886,1.2465821504592896,1.687514805793762,2.338959574699402,0.0,3.0631655454635616,6.308084011077881,8.63490591049194,12.098570537567142,0.0,9.450834369659415,67.5688362121582,120.04488067626953,192.36784820556647
2042-10,2042-10-01,global_mlp,2026-03,564.550424,1.28680020570755,66.21819305419922,False,6.902950763702393,6902950.763702393,reported_conditioned_mlp,TROLL,,False,0.0,0.6685048997402183,1.28680020570755,1.6978627562522888,2.3045942306518556,0.0,3.497202754020691,6.902950763702393,9.16487693786621,12.78391695022583,0.0,8.210985279083248,66.21819305419922,118.46417236328124,190.88733367919926
2042-11,2042-11-01,global_mlp,2026-03,564.550424,1.2625162601470947,65.03627014160156,False,7.216177940368652,7216177.940368652,reported_conditioned_mlp,TROLL,,False,0.0,0.64017070531845,1.2625162601470947,1.6717849612236018,2.4336985826492312,0.0,3.8501421213150024,7.216177940368652,9.673160457611083,12.527574920654297,0.0,6.393585252761841,65.03627014160156,117.14477005004882,189.4545913696289
2042-12,2042-12-01,global_mlp,2026-03,564.550424,1.2858553528785706,63.16946601867676,False,6.6859025955200195,6685902.5955200195,reported_conditioned_mlp,TROLL,,False,0.0,0.7324957966804504,1.2858553528785706,1.697746443748474,2.4617533922195434,0.0,2.618879890441894,6.6859025955200195,9.285439968109129,12.542385768890387,0.0,5.172585582733151,63.16946601867676,115.8107925415039,187.2245727539063
2043-01,2043-01-01,global_mlp,2026-03,564.550424,1.2743773460388184,61.86370849609375,False,6.2358574867248535,6235857.4867248535,reported_conditioned_mlp,TROLL,,False,0.0,0.4628678113222122,1.2743773460388184,1.6739018559455867,2.4226063966751106,0.0,3.0040981769561763,6.2358574867248535,9.038144207000732,11.642156219482423,0.0,2.830307579040524,61.86370849609375,114.49181518554684,185.19346008300786
2043-02,2043-02-01,global_mlp,2026-03,564.550424,1.3400920033454895,60.603925704956055,False,6.3113908767700195,6311390.8767700195,reported_conditioned_mlp,TROLL,,False,0.0,0.4497167944908137,1.3400920033454895,1.7129112362861634,2.4497949361801155,0.0,0.8965801596641539,6.3113908767700195,8.698049545288086,11.906937789916993,0.0,1.1337289452552712,60.603925704956055,112.80664443969725,183.99762115478518
2043-03,2043-03-01,global_mlp,2026-03,564.550424,1.222573459148407,58.79298973083496,False,5.6440019607543945,5644001.9607543945,reported_conditioned_mlp,TROLL,,False,0.0,0.13585931956767924,1.222573459148407,1.7093976974487302,2.3288053274154668,0.0,0.6534121692180631,5.6440019607543945,8.6864595413208,11.979245376586915,0.0,0.0,58.79298973083496,111.09179458618162,182.63723754882812
2043-04,2043-04-01,global_mlp,2026-03,564.550424,1.2382498383522034,56.491085052490234,False,8.043738842010498,8043738.842010498,reported_conditioned_mlp,TROLL,,False,0.0,0.0,1.2382498383522034,1.6521030783653252,2.2296184062957765,0.0,5.10550627708435,8.043738842010498,10.309580421447754,13.490211200714116,0.0,0.0,56.491085052490234,109.57715530395508,181.66195678710938
2043-05,2043-05-01,global_mlp,2026-03,564.550424,1.1816441416740417,54.912254333496094,False,7.127911567687988,7127911.567687988,reported_conditioned_mlp,TROLL,,False,0.0,0.0,1.1816441416740417,1.630861377716064,2.193038749694825,0.0,4.1065366744995115,7.127911567687988,9.458361625671385,12.500801849365235,0.0,0.0,54.912254333496094,108.0889221191406,179.56564025878907
2043-06,2043-06-01,global_mlp,2026-03,564.550424,1.1338639855384827,52.978200912475586,False,6.85827374458313,6858273.74458313,reported_conditioned_mlp,TROLL,,False,0.0,0.0,1.1338639855384827,1.589198076725006,2.152212691307068,0.0,3.4789225816726677,6.85827374458313,8.985275363922115,12.503669452667236,0.0,0.0,52.978200912475586,106.57731094360346,177.25720825195316
2043-07,2043-07-01,global_mlp,2026-03,564.550424,1.1716132164001465,51.59946250915527,False,6.862550258636475,6862550.258636475,reported_conditioned_mlp,TROLL,,False,0.0,0.0,1.1716132164001465,1.5862208485603329,2.2359017372131347,0.0,3.2302228689193724,6.862550258636475,9.22043867111206,12.548762798309333,0.0,0.0,51.59946250915527,105.04072189331046,175.83197174072268
2043-08,2043-08-01,global_mlp,2026-03,564.550424,1.0883366465568542,50.251869201660156,False,6.465412378311157,6465412.378311157,reported_conditioned_mlp,TROLL,,False,0.0,0.0,1.0883366465568542,1.5774474501609799,2.2150017261505126,0.0,3.0013139724731444,6.465412378311157,8.877304649353027,12.438051509857178,0.0,0.0,50.251869201660156,103.40749130249013,174.5270767211914
2043-09,2043-09-01,global_mlp,2026-03,564.550424,1.1352987885475159,48.83780288696289,False,6.118550777435303,6118550.777435303,reported_conditioned_mlp,TROLL,,False,0.0,0.0,1.1352987885475159,1.5492599129676818,2.237271571159363,0.0,2.0995781898498533,6.118550777435303,8.550344848632813,11.837046909332276,0.0,0.0,48.83780288696289,101.99852600097645,172.97243804931642
2043-10,2043-10-01,global_mlp,2026-03,564.550424,1.1124611496925354,47.039615631103516,False,6.494255065917969,6494255.065917969,reported_conditioned_mlp,TROLL,,False,0.0,0.0,1.1124611496925354,1.5458789825439452,2.210694241523743,0.0,1.8384767532348625,6.494255065917969,8.939129638671874,12.24526176452637,0.0,0.0,47.039615631103516,100.81060256958001,171.0055862426758
2043-11,2043-11-01,global_mlp,2026-03,564.550424,1.1442344784736633,44.94894790649414,False,6.611562252044678,6611562.252044678,reported_conditioned_mlp,TROLL,,False,0.0,0.0,1.1442344784736633,1.5859125971794126,2.2005616664886483,0.0,2.355233263969416,6.611562252044678,9.465964221954344,12.595758152008061,0.0,0.0,44.94894790649414,98.93935852050777,168.8940567016602
2043-12,2043-12-01,global_mlp,2026-03,564.550424,1.160462200641632,43.23429489135742,False,6.26548957824707,6265489.57824707,reported_conditioned_mlp,TROLL,,False,0.0,0.0,1.160462200641632,1.5747426629066466,2.2411135911941527,0.0,1.0538104414939877,6.26548957824707,8.400053977966307,12.220952224731446,0.0,0.0,43.23429489135742,97.33061065673824,167.41362457275395
2044-01,2044-01-01,global_mlp,2026-03,564.550424,1.1223806142807007,41.531246185302734,False,6.007800579071045,6007800.579071045,reported_conditioned_mlp,TROLL,,False,0.0,0.0,1.1223806142807007,1.598776888847351,2.1837631702423104,0.0,0.46694574952125223,6.007800579071045,8.37940626144409,12.092570304870605,0.0,0.0,41.531246185302734,95.78900451660154,166.7769546508789
2044-02,2044-02-01,global_mlp,2026-03,564.550424,1.1063228845596313,39.81984329223633,False,5.553454160690308,5553454.160690308,reported_conditioned_mlp,TROLL,,False,0.0,0.0,1.1063228845596313,1.6629022002220148,2.278373861312866,0.0,0.0,5.553454160690308,8.24333801269531,12.669545936584473,0.0,0.0,39.81984329223633,93.83963699340819,164.10892944335944
2044-03,2044-03-01,global_mlp,2026-03,564.550424,1.051622748374939,38.59475326538086,False,5.417274236679077,5417274.236679077,reported_conditioned_mlp,TROLL,,False,0.0,0.0,1.051622748374939,1.6028583645820615,2.2677694082260134,0.0,0.0,5.417274236679077,8.184161376953123,12.051181221008301,0.0,0.0,38.59475326538086,92.34294281005859,163.12879943847662
2044-04,2044-04-01,global_mlp,2026-03,564.550424,1.0572229027748108,36.567304611206055,False,7.7833685874938965,7783368.5874938965,reported_conditioned_mlp,TROLL,,False,0.0,0.0,1.0572229027748108,1.5834642171859736,2.1344512939453124,0.0,3.1747599363327024,7.7833685874938965,10.327179527282714,13.938002777099612,0.0,0.0,36.567304611206055,91.23303146362304,162.37216796875006
2044-05,2044-05-01,global_mlp,2026-03,564.550424,1.0331286191940308,34.70209312438965,False,7.155523061752319,7155523.061752319,reported_conditioned_mlp,TROLL,,False,0.0,0.0,1.0331286191940308,1.5888634085655213,2.159793329238892,0.0,1.8622806429862975,7.155523061752319,9.59753904342651,12.646485805511475,0.0,0.0,34.70209312438965,89.78849716186521,161.5213272094727
2044-06,2044-06-01,global_mlp,2026-03,564.550424,1.0593278408050537,32.963409423828125,False,7.18674111366272,7186741.11366272,reported_conditioned_mlp,TROLL,,False,0.0,0.0,1.0593278408050537,1.5170284032821653,2.122221279144287,0.0,0.9639681339263864,7.18674111366272,9.351746654510498,12.129512023925782,0.0,0.0,32.963409423828125,88.58619689941405,160.65244598388674
2044-07,2044-07-01,global_mlp,2026-03,564.550424,1.080492079257965,31.833187103271484,False,7.07123589515686,7071235.89515686,reported_conditioned_mlp,TROLL,,False,0.0,0.0,1.080492079257965,1.590547513961792,2.1584407806396486,0.0,0.579748320579525,7.07123589515686,9.350956535339355,12.261128807067877,0.0,0.0,31.833187103271484,86.84350585937499,159.6836929321289
2044-08,2044-08-01,global_mlp,2026-03,564.550424,1.0062198042869568,30.81474018096924,False,6.257782697677612,6257782.697677612,reported_conditioned_mlp,TROLL,,False,0.0,0.0,1.0062198042869568,1.54176824092865,2.0724290370941163,0.0,0.0,6.257782697677612,8.554277801513672,11.468281555175782,0.0,0.0,30.81474018096924,85.234268951416,158.06199645996097
2044-09,2044-09-01,global_mlp,2026-03,564.550424,0.9874725341796875,28.900856018066406,False,6.563951015472412,6563951.015472412,reported_conditioned_mlp,TROLL,,False,0.0,0.0,0.9874725341796875,1.5062455058097837,2.224574780464173,0.0,0.0,6.563951015472412,8.69556255340576,11.709291934967041,0.0,0.0,28.900856018066406,84.16627502441406,156.43531341552733
2044-10,2044-10-01,global_mlp,2026-03,564.550424,0.8936219811439514,27.070359230041504,False,6.80225133895874,6802251.33895874,reported_conditioned_mlp,TROLL,,False,0.0,0.0,0.8936219811439514,1.4855885505676267,2.207610654830933,0.0,0.0,6.80225133895874,8.765837001800536,12.312806510925299,0.0,0.0,27.070359230041504,82.55352020263669,155.07711486816407
2044-11,2044-11-01,global_mlp,2026-03,564.550424,0.998526394367218,25.796517372131348,False,6.36061954498291,6360619.54498291,reported_conditioned_mlp,TROLL,,False,0.0,0.0,0.998526394367218,1.5676340341567991,2.229647469520569,0.0,0.0,6.36061954498291,9.078568649291991,12.062481498718265,0.0,0.0,25.796517372131348,80.01024093627927,153.67952575683594
2044-12,2044-12-01,global_mlp,2026-03,564.550424,0.9308508038520813,24.03422260284424,False,6.3567423820495605,6356742.382049561,reported_conditioned_mlp,TROLL,,False,0.0,0.0,0.9308508038520813,1.5269130825996395,2.1390893220901495,0.0,0.0,6.3567423820495605,8.649759674072264,11.86900224685669,0.0,0.0,24.03422260284424,79.46107025146483,151.66882934570313
2045-01,2045-01-01,global_mlp,2026-03,564.550424,0.95152348279953,22.3278865814209,False,5.71251106262207,5712511.06262207,reported_conditioned_mlp,TROLL,,False,0.0,0.0,0.95152348279953,1.5563959717750548,2.204292964935303,0.0,0.0,5.71251106262207,8.101259326934812,11.458869266510012,0.0,0.0,22.3278865814209,77.57665786743159,149.7915939331055
2045-02,2045-02-01,global_mlp,2026-03,564.550424,0.8386356830596924,20.162436485290527,False,5.178279638290405,5178279.638290405,reported_conditioned_mlp,TROLL,,False,0.0,0.0,0.8386356830596924,1.602396523952484,2.325482225418092,0.0,0.0,5.178279638290405,8.387745761871333,12.167714500427246,0.0,0.0,20.162436485290527,74.96312179565427,146.91611938476564
2045-03,2045-03-01,global_mlp,2026-03,564.550424,0.8484652042388916,18.770606994628906,False,4.48496413230896,4484964.13230896,reported_conditioned_mlp,TROLL,,False,0.0,0.0,0.8484652042388916,1.5034101247787472,2.2526522636413575,0.0,0.0,4.48496413230896,8.286653614044189,11.771386051177979,0.0,0.0,18.770606994628906,73.12924423217768,144.49441223144532
2045-04,2045-04-01,global_mlp,2026-03,564.550424,0.8248254954814911,17.142199516296387,False,7.533638954162598,7533638.954162598,reported_conditioned_mlp,TROLL,,False,0.0,0.0,0.8248254954814911,1.4185361266136167,2.1302048683166506,0.0,0.0,7.533638954162598,10.178883171081543,13.679432106018067,0.0,0.0,17.142199516296387,71.00966262817379,141.64876556396487
2045-05,2045-05-01,global_mlp,2026-03,564.550424,0.8306598961353302,15.584703922271729,False,6.524813652038574,6524813.652038574,reported_conditioned_mlp,TROLL,,False,0.0,0.0,0.8306598961353302,1.438020014762878,2.1580837726593023,0.0,0.0,6.524813652038574,9.700772762298584,12.834403896331793,0.0,0.0,15.584703922271729,69.45883407592773,139.962158203125
2045-06,2045-06-01,global_mlp,2026-03,564.550424,0.7567910850048065,14.099229335784912,False,5.652318000793457,5652318.000793457,reported_conditioned_mlp,TROLL,,False,0.0,0.0,0.7567910850048065,1.3870584726333617,1.9992459535598754,0.0,0.0,5.652318000793457,9.139829635620115,11.970915794372559,0.0,0.0,14.099229335784912,67.64068832397454,137.86377410888673
2045-07,2045-07-01,global_mlp,2026-03,564.550424,0.7675496339797974,12.797203063964844,False,5.74273419380188,5742734.19380188,reported_conditioned_mlp,TROLL,,False,0.0,0.0,0.7675496339797974,1.4108920574188233,2.021607494354248,0.0,0.0,5.74273419380188,8.931314945220947,12.364822483062744,0.0,0.0,12.797203063964844,66.41532440185537,135.8236831665039
2045-08,2045-08-01,global_mlp,2026-03,564.550424,0.8247427642345428,11.435205936431885,False,4.740467071533203,4740467.071533203,reported_conditioned_mlp,TROLL,,False,0.0,0.0,0.8247427642345428,1.4371718168258667,2.157108998298645,0.0,0.0,4.740467071533203,8.190945434570311,11.456082439422607,0.0,0.0,11.435205936431885,64.89773941040035,133.40414276123047
2045-09,2045-09-01,global_mlp,2026-03,564.550424,0.7535668611526489,9.980679512023926,False,4.975404739379883,4975404.739379883,reported_conditioned_mlp,TROLL,,False,0.0,0.0,0.7535668611526489,1.445007526874542,2.125952601432801,0.0,0.0,4.975404739379883,8.145157909393308,11.775876045227053,0.0,0.0,9.980679512023926,63.28288917541502,132.2155563354492
2045-10,2045-10-01,global_mlp,2026-03,564.550424,0.6913347244262695,8.19129467010498,False,4.884145021438599,4884145.021438599,reported_conditioned_mlp,TROLL,,False,0.0,0.0,0.6913347244262695,1.3426857352256774,2.063433313369751,0.0,0.0,4.884145021438599,8.535241508483884,11.32754182815552,0.0,0.0,8.19129467010498,61.53659744262694,130.5904510498047
2045-11,2045-11-01,global_mlp,2026-03,564.550424,0.6693719625473022,6.693823337554932,False,4.642384052276611,4642384.052276611,reported_conditioned_mlp,TROLL,,False,0.0,0.0,0.6693719625473022,1.3383100152015683,2.0325903415679933,0.0,0.0,4.642384052276611,8.665273857116699,12.1427152633667,0.0,0.0,6.693823337554932,60.56004371643064,129.2347366333008
2045-12,2045-12-01,global_mlp,2026-03,564.550424,0.6132137775421143,4.876489162445068,False,4.835016250610352,4835016.250610352,reported_conditioned_mlp,TROLL,,False,0.0,0.0,0.6132137775421143,1.3469684481620787,2.1591864585876466,0.0,0.0,4.835016250610352,8.194931411743164,12.183044910430908,0.0,0.0,4.876489162445068,59.373698043823204,128.0713851928711
2046-01,2046-01-01,global_mlp,2026-03,564.550424,0.48877252638339996,3.6855735778808594,False,4.9916369915008545,4991636.9915008545,reported_conditioned_mlp,TROLL,,False,0.0,0.0,0.48877252638339996,1.4456905484199525,2.1842034578323366,0.0,0.0,4.9916369915008545,8.039447116851804,11.404861927032472,0.0,0.0,3.6855735778808594,57.92906265258789,126.45516967773439
2046-02,2046-02-01,global_mlp,2026-03,564.550424,0.5218244791030884,2.5645021200180054,False,4.046216726303101,4046216.7263031006,reported_conditioned_mlp,TROLL,,False,0.0,0.0,0.5218244791030884,1.4253783822059627,2.1594418525695804,0.0,0.0,4.046216726303101,7.532361316680907,11.900040149688722,0.0,0.0,2.5645021200180054,56.25115127563475,124.78160705566407
2046-03,2046-03-01,global_mlp,2026-03,564.550424,0.2915375232696533,1.0750284492969513,False,2.8749860525131226,2874986.0525131226,reported_conditioned_mlp,TROLL,,False,0.0,0.0,0.2915375232696533,1.355500257015228,2.096881985664369,0.0,0.0,2.8749860525131226,7.496796941757202,11.771384620666506,0.0,0.0,1.0750284492969513,54.56277275085446,123.4218734741211
2046-04,2046-04-01,global_mlp,2026-03,564.550424,0.33913247287273407,0.0,False,6.5693817138671875,6569381.7138671875,reported_conditioned_mlp,TROLL,,False,0.0,0.0,0.33913247287273407,1.3530209898948664,1.9734881401062012,0.0,0.0,6.5693817138671875,9.658511638641357,13.11285381317139,0.0,0.0,0.0,52.596100234985315,122.08464126586915
2046-05,2046-05-01,global_mlp,2026-03,564.550424,0.0,0.0,False,5.746709585189819,5746709.585189819,reported_conditioned_mlp,TROLL,,False,0.0,0.0,0.0,1.3198157429695125,2.0785590410232544,0.0,0.0,5.746709585189819,8.568416595458983,11.982503890991213,0.0,0.0,0.0,50.90516738891596,121.13188781738282
2046-06,2046-06-01,global_mlp,2026-03,564.550424,0.0,0.0,False,4.910296678543091,4910296.678543091,reported_conditioned_mlp,TROLL,,False,0.0,0.0,0.0,1.2077536582946755,1.9456002712249756,0.0,0.0,4.910296678543091,8.369159889221189,11.989985752105714,0.0,0.0,0.0,49.14347610473621,120.02378311157227
2046-07,2046-07-01,global_mlp,2026-03,564.550424,0.0,0.0,False,4.035106539726257,4035106.5397262573,reported_conditioned_mlp,TROLL,,False,0.0,0.0,0.0,1.2123737454414358,1.9052803993225107,0.0,0.0,4.035106539726257,8.310285949707028,12.025730419158936,0.0,0.0,0.0,47.449182128906045,118.53632125854493
2046-08,2046-08-01,global_mlp,2026-03,564.550424,0.0,0.0,False,2.759472131729126,2759472.131729126,reported_conditioned_mlp,TROLL,,False,0.0,0.0,0.0,1.2339458465576167,1.9344812512397769,0.0,0.0,2.759472131729126,7.5743021965026855,11.473131465911868,0.0,0.0,0.0,46.0098007202146,116.9913841247559
2046-09,2046-09-01,global_mlp,2026-03,564.550424,0.0,0.0,False,2.7481682300567627,2748168.2300567627,reported_conditioned_mlp,TROLL,,False,0.0,0.0,0.0,1.2404229640960693,2.001946926116944,0.0,0.0,2.7481682300567627,7.589381837844844,11.379298400878907,0.0,0.0,0.0,44.78477210998509,115.66326446533206
2046-10,2046-10-01,global_mlp,2026-03,564.550424,0.0,0.0,False,2.7276394367218018,2727639.4367218018,reported_conditioned_mlp,TROLL,,False,0.0,0.0,0.0,1.154654288291931,2.0078317642211916,0.0,0.0,2.7276394367218018,7.357395362854004,11.140336036682132,0.0,0.0,0.0,43.45091438293434,114.35622940063479
2046-11,2046-11-01,global_mlp,2026-03,564.550424,0.0,0.0,False,3.7117444276809692,3711744.4276809692,reported_conditioned_mlp,TROLL,,False,0.0,0.0,0.0,1.1845758795738217,1.944485354423523,0.0,0.0,3.7117444276809692,8.083726787567139,12.264880371093751,0.0,0.0,0.0,42.05330619811994,113.09061813354494
2046-12,2046-12-01,global_mlp,2026-03,564.550424,0.0,0.0,False,2.360582947731018,2360582.947731018,reported_conditioned_mlp,TROLL,,False,0.0,0.0,0.0,1.225310778617858,1.937796485424042,0.0,0.0,2.360582947731018,7.293677997589108,11.422866821289062,0.0,0.0,0.0,40.23676376342765,111.2916229248047
2047-01,2047-01-01,global_mlp,2026-03,564.550424,0.0,0.0,False,0.5879971981048584,587997.1981048584,reported_conditioned_mlp,TROLL,,False,0.0,0.0,0.0,1.17390022277832,1.884727799892426,0.0,0.0,0.5879971981048584,7.566447305679319,11.442418193817142,0.0,0.0,0.0,38.09748001098629,109.91014328002932
2047-02,2047-02-01,global_mlp,2026-03,564.550424,0.0,0.0,False,0.5975488722324371,597548.8722324371,reported_conditioned_mlp,TROLL,,False,0.0,0.0,0.0,1.1763473153114303,1.9269591093063354,0.0,0.0,0.5975488722324371,6.978938817977903,11.577868652343751,0.0,0.0,0.0,36.59953994750971,109.19894180297852
2047-03,2047-03-01,global_mlp,2026-03,564.550424,0.0,0.0,False,0.0,0.0,reported_conditioned_mlp,TROLL,,False,0.0,0.0,0.0,1.165235686302185,1.942313146591187,0.0,0.0,0.0,7.003797483444213,11.184638500213628,0.0,0.0,0.0,34.58909072875973,108.44129028320313
2047-04,2047-04-01,global_mlp,2026-03,564.550424,0.0,0.0,False,3.538842558860779,3538842.558860779,reported_conditioned_mlp,TROLL,,False,0.0,0.0,0.0,1.1351885199546812,1.954907333850861,0.0,0.0,3.538842558860779,8.843900680541989,12.481646060943604,0.0,0.0,0.0,31.826193809509178,107.46612396240236
2047-05,2047-05-01,global_mlp,2026-03,564.550424,0.0,0.0,False,2.811150550842285,2811150.550842285,reported_conditioned_mlp,TROLL,,False,0.0,0.0,0.0,1.1815368413925167,1.9324431300163278,0.0,0.0,2.811150550842285,7.8558761596679645,12.05104722976685,0.0,0.0,0.0,30.44683437347405,106.8785011291504
2047-06,2047-06-01,global_mlp,2026-03,564.550424,0.0,0.0,False,2.243973731994629,2243973.731994629,reported_conditioned_mlp,TROLL,,False,0.0,0.0,0.0,1.1830520272254943,1.852796041965485,0.0,0.0,2.243973731994629,7.557207822799683,11.501643562316897,0.0,0.0,0.0,28.76671924591063,105.35808334350587
2047-07,2047-07-01,global_mlp,2026-03,564.550424,0.0,0.0,False,1.354132056236267,1354132.056236267,reported_conditioned_mlp,TROLL,,False,0.0,0.0,0.0,1.2104222059249876,1.874719059467316,0.0,0.0,1.354132056236267,7.962301683425903,11.114407444000252,0.0,0.0,0.0,26.30787048339844,103.43264770507814
2047-08,2047-08-01,global_mlp,2026-03,564.550424,0.0,0.0,False,0.4017329216003418,401732.9216003418,reported_conditioned_mlp,TROLL,,False,0.0,0.0,0.0,1.110090267658232,1.891206181049347,0.0,0.0,0.4017329216003418,6.974208736419674,11.507760524749756,0.0,0.0,0.0,24.509002113342245,101.4838691711426
2047-09,2047-09-01,global_mlp,2026-03,564.550424,0.0,0.0,False,0.06656420230865479,66564.20230865479,reported_conditioned_mlp,TROLL,,False,0.0,0.0,0.0,1.0044050574302659,1.9468210339546206,0.0,0.0,0.06656420230865479,7.115250062942503,11.38063488006592,0.0,0.0,0.0,23.20868778228756,99.99806060791018
2047-10,2047-10-01,global_mlp,2026-03,564.550424,0.0,0.0,False,0.0,0.0,reported_conditioned_mlp,TROLL,,False,0.0,0.0,0.0,0.9903896272182464,1.9885776281356813,0.0,0.0,0.0,7.0761163711547805,11.4904034614563,0.0,0.0,0.0,22.042140769958458,98.5902931213379
2047-11,2047-11-01,global_mlp,2026-03,564.550424,0.0,0.0,False,0.0,0.0,reported_conditioned_mlp,TROLL,,False,0.0,0.0,0.0,1.0160737991333006,1.8499211788177492,0.0,0.0,0.0,7.608508396148681,11.319185924530034,0.0,0.0,0.0,20.762420845031734,96.82326583862306
2047-12,2047-12-01,global_mlp,2026-03,564.550424,0.0,0.0,False,0.0,0.0,reported_conditioned_mlp,TROLL,,False,0.0,0.0,0.0,1.0976058959960926,1.8087123513221746,0.0,0.0,0.0,6.895213985443115,10.786469459533693,0.0,0.0,0.0,18.85832614898676,95.82061309814453
2048-01,2048-01-01,global_mlp,2026-03,564.550424,0.0,0.0,False,0.0,0.0,reported_conditioned_mlp,TROLL,,False,0.0,0.0,0.0,1.084238314628601,1.9081125974655153,0.0,0.0,0.0,6.7251181125640835,10.590167903900154,0.0,0.0,0.0,17.57388076782222,94.40291748046877
2048-02,2048-02-01,global_mlp,2026-03,564.550424,0.0,0.0,False,0.0,0.0,reported_conditioned_mlp,TROLL,,False,0.0,0.0,0.0,1.0508779287338246,1.967569017410279,0.0,0.0,0.0,6.2356995105743325,11.394595146179203,0.0,0.0,0.0,16.368910217285105,93.11881561279303
2048-03,2048-03-01,global_mlp,2026-03,564.550424,0.0,0.0,False,0.0,0.0,reported_conditioned_mlp,TROLL,,False,0.0,0.0,0.0,0.9184082865715004,1.8768816471099856,0.0,0.0,0.0,5.766352081298828,11.662330913543702,0.0,0.0,0.0,14.872395801544174,91.80575790405283
2048-04,2048-04-01,global_mlp,2026-03,564.550424,0.0,0.0,False,0.0,0.0,reported_conditioned_mlp,TROLL,,False,0.0,0.0,0.0,1.0661136627197263,1.7906811475753786,0.0,0.0,0.0,8.332311820983886,12.381553649902346,0.0,0.0,0.0,13.397017860412591,90.89584503173836
2048-05,2048-05-01,global_mlp,2026-03,564.550424,0.0,0.0,False,0.0,0.0,reported_conditioned_mlp,TROLL,,False,0.0,0.0,0.0,1.0011323690414426,1.897283029556275,0.0,0.0,0.0,7.99781455993652,11.368119716644287,0.0,0.0,0.0,12.073883533477764,89.31240997314455
2048-06,2048-06-01,global_mlp,2026-03,564.550424,0.0,0.0,False,0.0,0.0,reported_conditioned_mlp,TROLL,,False,0.0,0.0,0.0,0.8891657650470731,1.7836174488067629,0.0,0.0,0.0,7.672380113601684,10.710429859161376,0.0,0.0,0.0,11.064004898071277,87.42983169555666
2048-07,2048-07-01,global_mlp,2026-03,564.550424,0.0,0.0,False,0.0,0.0,reported_conditioned_mlp,TROLL,,False,0.0,0.0,0.0,0.779438209533691,1.7988989949226382,0.0,0.0,0.0,7.264283418655394,11.431748485565185,0.0,0.0,0.0,9.817855739593488,86.09783477783203
2048-08,2048-08-01,global_mlp,2026-03,564.550424,0.0,0.0,False,0.0,0.0,reported_conditioned_mlp,TROLL,,False,0.0,0.0,0.0,0.7711035907268513,1.8025947213172913,0.0,0.0,0.0,6.402058982849121,11.326225471496583,0.0,0.0,0.0,8.94244213104247,84.68646469116212
2048-09,2048-09-01,global_mlp,2026-03,564.550424,0.0,0.0,False,0.0,0.0,reported_conditioned_mlp,TROLL,,False,0.0,0.0,0.0,0.7252036869525906,1.7733683466911316,0.0,0.0,0.0,6.1216268539428675,10.397265625000003,0.0,0.0,0.0,7.359223413467385,82.93031997680664
2048-10,2048-10-01,global_mlp,2026-03,564.550424,0.0,0.0,False,0.0,0.0,reported_conditioned_mlp,TROLL,,False,0.0,0.0,0.0,0.5826782464981061,1.7572915554046638,0.0,0.0,0.0,7.145677089691162,10.77833414077759,0.0,0.0,0.0,4.8048185348510595,81.39989852905275
2048-11,2048-11-01,global_mlp,2026-03,564.550424,0.0,0.0,False,0.0,0.0,reported_conditioned_mlp,TROLL,,False,0.0,0.0,0.0,0.675973337888717,1.7091521501541138,0.0,0.0,0.0,6.02171096801757,11.393187236785892,0.0,0.0,0.0,3.033918571472163,80.12463378906251
2048-12,2048-12-01,global_mlp,2026-03,564.550424,0.0,0.0,False,0.0,0.0,reported_conditioned_mlp,TROLL,,False,0.0,0.0,0.0,0.5884186744689928,1.6979933977127077,0.0,0.0,0.0,5.777157497406005,10.27397899627686,0.0,0.0,0.0,1.9429789066314538,78.97312393188479
2049-01,2049-01-01,global_mlp,2026-03,564.550424,0.0,0.0,False,0.0,0.0,reported_conditioned_mlp,TROLL,,False,0.0,0.0,0.0,0.4525408923625929,1.7720364332199097,0.0,0.0,0.0,5.717809438705436,10.104054641723632,0.0,0.0,0.0,0.34735186100000837,77.44409408569338
2049-02,2049-02-01,global_mlp,2026-03,564.550424,0.0,0.0,False,0.0,0.0,reported_conditioned_mlp,TROLL,,False,0.0,0.0,0.0,0.030851887911553473,1.6569380402565004,0.0,0.0,0.0,5.134673976898177,10.550434207916265,0.0,0.0,0.0,0.0,75.95320663452151
2049-03,2049-03-01,global_mlp,2026-03,564.550424,0.0,0.0,False,0.0,0.0,reported_conditioned_mlp,TROLL,,False,0.0,0.0,0.0,0.0,1.6605358600616456,0.0,0.0,0.0,5.1339009284973125,10.228817081451417,0.0,0.0,0.0,0.0,74.98686752319337
2049-04,2049-04-01,global_mlp,2026-03,564.550424,0.0,0.0,False,0.0,0.0,reported_conditioned_mlp,TROLL,,False,0.0,0.0,0.0,0.0,1.6490174651145946,0.0,0.0,0.0,7.630383396148681,12.335119247436525,0.0,0.0,0.0,0.0,73.7605682373047
2049-05,2049-05-01,global_mlp,2026-03,564.550424,0.0,0.0,False,0.0,0.0,reported_conditioned_mlp,TROLL,,False,0.0,0.0,0.0,0.0,1.7160386800765992,0.0,0.0,0.0,6.339813089370722,11.20734567642212,0.0,0.0,0.0,0.0,72.4899856567383
2049-06,2049-06-01,global_mlp,2026-03,564.550424,0.0,0.0,False,0.0,0.0,reported_conditioned_mlp,TROLL,,False,0.0,0.0,0.0,0.0,1.642147994041443,0.0,0.0,0.0,6.616305494308464,11.114179420471196,0.0,0.0,0.0,0.0,71.10654602050782
2049-07,2049-07-01,global_mlp,2026-03,564.550424,0.0,0.0,False,0.0,0.0,reported_conditioned_mlp,TROLL,,False,0.0,0.0,0.0,0.0,1.6898137927055368,0.0,0.0,0.0,6.072043752670279,11.24318561553955,0.0,0.0,0.0,0.0,69.68131484985354
2049-08,2049-08-01,global_mlp,2026-03,564.550424,0.0,0.0,False,0.0,0.0,reported_conditioned_mlp,TROLL,,False,0.0,0.0,0.0,0.0,1.7414553642272954,0.0,0.0,0.0,5.477793788909911,10.720551681518556,0.0,0.0,0.0,0.0,68.48412780761721
2049-09,2049-09-01,global_mlp,2026-03,564.550424,0.0,0.0,False,0.0,0.0,reported_conditioned_mlp,TROLL,,False,0.0,0.0,0.0,0.0,1.7589479804039,0.0,0.0,0.0,4.306615495681759,10.337259006500245,0.0,0.0,0.0,0.0,67.08924102783209
2049-10,2049-10-01,global_mlp,2026-03,564.550424,0.0,0.0,False,0.0,0.0,reported_conditioned_mlp,TROLL,,False,0.0,0.0,0.0,0.0,1.6828020691871652,0.0,0.0,0.0,4.692347097396848,10.226390743255617,0.0,0.0,0.0,0.0,65.48678894042972
2049-11,2049-11-01,global_mlp,2026-03,564.550424,0.0,0.0,False,0.0,0.0,reported_conditioned_mlp,TROLL,,False,0.0,0.0,0.0,0.0,1.6458057403564457,0.0,0.0,0.0,5.123321628570556,10.832594394683838,0.0,0.0,0.0,0.0,64.0174427032471
2049-12,2049-12-01,global_mlp,2026-03,564.550424,0.0,0.0,False,0.0,0.0,reported_conditioned_mlp,TROLL,,False,0.0,0.0,0.0,0.0,1.5572318911552432,0.0,0.0,0.0,4.512948369979858,9.82103605270386,0.0,0.0,0.0,0.0,62.64440994262696
2050-01,2050-01-01,global_mlp,2026-03,564.550424,0.0,0.0,False,0.0,0.0,reported_conditioned_mlp,TROLL,,False,0.0,0.0,0.0,0.0,1.609388613700867,0.0,0.0,0.0,3.656607913970939,9.989416980743409,0.0,0.0,0.0,0.0,60.49458808898928
2050-02,2050-02-01,global_mlp,2026-03,564.550424,0.0,0.0,False,0.0,0.0,reported_conditioned_mlp,TROLL,,False,0.0,0.0,0.0,0.0,1.6081192970275884,0.0,0.0,0.0,1.8262114048004054,10.098033046722414,0.0,0.0,0.0,0.0,58.154283905029345
2050-03,2050-03-01,global_mlp,2026-03,564.550424,0.0,0.0,False,0.0,0.0,reported_conditioned_mlp,TROLL,,False,0.0,0.0,0.0,0.0,1.5730624556541448,0.0,0.0,0.0,2.975545525550826,9.118781566619877,0.0,0.0,0.0,0.0,56.784894180297904
2050-04,2050-04-01,global_mlp,2026-03,564.550424,0.0,0.0,False,0.0,0.0,reported_conditioned_mlp,TROLL,,False,0.0,0.0,0.0,0.0,1.5380785822868352,0.0,0.0,0.0,5.799401903152465,11.137763500213623,0.0,0.0,0.0,0.0,55.509056854248094
2050-05,2050-05-01,global_mlp,2026-03,564.550424,0.0,0.0,False,0.0,0.0,reported_conditioned_mlp,TROLL,,False,0.0,0.0,0.0,0.0,1.6037276983261113,0.0,0.0,0.0,5.344587802886954,10.045277214050294,0.0,0.0,0.0,0.0,54.13681526184086
2050-06,2050-06-01,global_mlp,2026-03,564.550424,0.0,0.0,False,0.0,0.0,reported_conditioned_mlp,TROLL,,False,0.0,0.0,0.0,0.0,1.5678263187408448,0.0,0.0,0.0,4.501900434494004,10.36989974975586,0.0,0.0,0.0,0.0,52.87981948852542
2050-07,2050-07-01,global_mlp,2026-03,564.550424,0.0,0.0,False,0.0,0.0,reported_conditioned_mlp,TROLL,,False,0.0,0.0,0.0,0.0,1.5266747713088995,0.0,0.0,0.0,4.61906003952026,10.266887378692628,0.0,0.0,0.0,0.0,51.39381484985354
2050-08,2050-08-01,global_mlp,2026-03,564.550424,0.0,0.0,False,0.0,0.0,reported_conditioned_mlp,TROLL,,False,0.0,0.0,0.0,0.0,1.5303518056869507,0.0,0.0,0.0,2.393638372421239,9.288982963562013,0.0,0.0,0.0,0.0,49.766550827026386
2050-09,2050-09-01,global_mlp,2026-03,564.550424,0.0,0.0,False,0.0,0.0,reported_conditioned_mlp,TROLL,,False,0.0,0.0,0.0,0.0,1.6232933044433597,0.0,0.0,0.0,1.9433837056159948,10.17624416351319,0.0,0.0,0.0,0.0,48.11171760559084
2050-10,2050-10-01,global_mlp,2026-03,564.550424,0.0,0.0,False,0.0,0.0,reported_conditioned_mlp,TROLL,,False,0.0,0.0,0.0,0.0,1.6079546570777894,0.0,0.0,0.0,2.3265186309814356,10.054115581512454,0.0,0.0,0.0,0.0,46.541933822631854
2050-11,2050-11-01,global_mlp,2026-03,564.550424,0.0,0.0,False,0.0,0.0,reported_conditioned_mlp,TROLL,,False,0.0,0.0,0.0,0.0,1.531338453292847,0.0,0.0,0.0,2.574941420555078,10.03576650619507,0.0,0.0,0.0,0.0,44.97819175720216
2050-12,2050-12-01,global_mlp,2026-03,564.550424,0.0,0.0,False,0.0,0.0,reported_conditioned_mlp,TROLL,,False,0.0,0.0,0.0,0.0,1.4759310483932497,0.0,0.0,0.0,0.0,9.309915161132812,0.0,0.0,0.0,0.0,43.02385711669924
2051-01,2051-01-01,global_mlp,2026-03,564.550424,0.0,0.0,False,0.0,0.0,reported_conditioned_mlp,TROLL,,False,0.0,0.0,0.0,0.0,1.5277073979377747,0.0,0.0,0.0,0.0,9.348416709899903,0.0,0.0,0.0,0.0,41.00876007080081
2051-02,2051-02-01,global_mlp,2026-03,564.550424,0.0,0.0,False,0.0,0.0,reported_conditioned_mlp,TROLL,,False,0.0,0.0,0.0,0.0,1.4818605542182932,0.0,0.0,0.0,0.0,8.881789684295658,0.0,0.0,0.0,0.0,38.589247131347705
2051-03,2051-03-01,global_mlp,2026-03,564.550424,0.0,0.0,False,0.0,0.0,reported_conditioned_mlp,TROLL,,False,0.0,0.0,0.0,0.0,1.3941535711288457,0.0,0.0,0.0,0.0,9.068332290649415,0.0,0.0,0.0,0.0,36.38932571411139
